tier,quality_score,metro,title,best_email,all_emails,email_sources,phone,website,address,google_maps_link,socials_facebook,socials_instagram,socials_linkedin,socials_yelp,socials_tiktok,socials_youtube,owner_name,owner_title,owner_linkedin,additional_team,pocs,primary_contact,primary_contact_channel,top_pain_category,pain_breadth_count,pain_quote_1,pain_quote_2,pain_quote_1_original,pain_quote_2_original,pain_quote_1_rating,pain_quote_2_rating,recommended_service,recommended_service_url,all_pain_categories,all_recommended_services,crawl_status,research_note,review_count,rating,negative_reviews_1_3_star,reviews_analyzed,website_raw,google_maps_link_raw,website_redirect_target_raw,is_chain_or_dso,chain_reason,website_redirect_mismatch,website_redirect_target,emails_invalid_count,crawled_emails_suspect,phone_invalid,phone_invalid_reason
B,43.66,san francisco,Oakland Auto Parts,info@oaklandautoparts.com,info@oaklandautoparts.com,agent_browser_crawl,+1 510-451-2800,https://oaklandbodyparts.com,"1911 Union St, Oakland, CA 94607, United States",https://www.google.com/maps/place/Oakland+Auto+Parts/data=!4m7!3m6!1s0x80857e1f895dd495:0x5219040ad3ee7ef3!8m2!3d37.814055!4d-122.287171!16s%2Fg%2F1tpbc60f!19sChIJldRdiR9-hYAR837u0woEGVI,,,,,,,,,,,,,,frontline_communication,3,"Received two different delivery dates, parts never arrived. Tried to call to get update, call and text was ignored. Now my car is sitting in a shop for longer, because of their lack of follow through and communication.","Rudest front office cashier. Literally took my phone away from me when I showed him the discount offered online and walked away with it to another room. Found out they gave me the wrong part an hour later and when I came back took my receipt away and the part, and refused to give anything back. Combative and extremely unorganized.",,,,,Voice AI + Agentic CRM Outreach,silverthreadlabs.com/services/voice-agents,calls_unanswered;frontline_communication;service_quality_in_session,,ok,,264,4.3,72,80,https://oaklandbodyparts.com/,https://www.google.com/maps/place/Oakland+Auto+Parts/data=!4m7!3m6!1s0x80857e1f895dd495:0x5219040ad3ee7ef3!8m2!3d37.814055!4d-122.287171!16s%2Fg%2F1tpbc60f!19sChIJldRdiR9-hYAR837u0woEGVI?authuser=0&hl=en&rclk=1,,FALSE,,FALSE,,0,FALSE,FALSE,
C,26.21,san francisco,City Rent-A-Car,,,,+1 415-359-1331,https://www.cityrentacar.com,"321 Mason St, San Francisco, CA 94102, United States",https://www.google.com/maps/place/City+Rent-A-Car/data=!4m7!3m6!1s0x80858094fecb318f:0x3788ccf605a65dd!8m2!3d37.7863343!4d-122.4098896!16s%2Fg%2F1tdpgf39!19sChIJjzHL_pSAhYAR3WVaYM-MeAM,https://www.facebook.com/cityrentacar/,http://instagram.com/Cityrentacar,,https://www.yelp.com/biz/city-rent-a-car-san-francisco-2?adjust_creative=FajdZKtNyYkzzyYiZEV1Jw&utm_campaign=yelp_api_v3&utm_medium=api_v3_business_lookup&utm_source=FajdZKtNyYkzzyYiZEV1Jw,,,,,,,,,,frontline_communication,3,"We went to San Francisco for a 9 days trip. During that time we rented a car from the City Rent a Car on Mason Str.
We were told by the employee that if we won't fill in after the trip we will be charged for the difference .
Unfortunately during the conversation employee forgot  to articulate that if we return the car without full tank we will be charged $9.95 per gallon.
Because we don't know San Francisco we couldn't find the gas station . Cosequently we returned car with an empty tank.
The next day we sent email to the company informing them about issue but we got only short regretful message that we should read our contract.
Yes, that is true. We should read the contract but customer service representative should verbalize it in front of us as well!.
Also, ppl from different countries, who don't know S F. should be given information where the closest gas station is located.
Unpleasant experience.
Do not recommend","We had an 8am reservation but no one showed up to open the desk until 8:10, drop off person was rude, car was pretty dinged up",,,1,,Voice AI + Agentic CRM Outreach,silverthreadlabs.com/services/voice-agents,billing_or_intake_errors;frontline_communication;service_quality_in_session,,no_email_found,,254,4.4,55,60,https://www.cityrentacar.com/,https://www.google.com/maps/place/City+Rent-A-Car/data=!4m7!3m6!1s0x80858094fecb318f:0x3788ccf605a65dd!8m2!3d37.7863343!4d-122.4098896!16s%2Fg%2F1tdpgf39!19sChIJjzHL_pSAhYAR3WVaYM-MeAM?authuser=0&hl=en&rclk=1,,FALSE,,FALSE,,0,FALSE,FALSE,
C,23.64,san francisco,San Francisco Toyota Parts Department,aaron_ngoun@sftoyota.com,aaron_ngoun@sftoyota.com;alanna_castro@sftoyota.com;alex_kwong@sftoyota.com;allan_lam@sftoyota.com;anthony_gungab@sftoyota.com;anthony_hom@sftoyota.com;arseniy_german@sftoyota.com;christopher_stone@sftoyota.com;claire_liu@sftoyota.com;damien_fukushima@sftoyota.com;dan_vong@sftoyota.com;daniel_elvena@sftoyota.com;david_gonzalez@sftoyota.com;david_schlocker@sftoyota.com;davidc@sftoyota.com;dongn@sftoyota.com;dora_poon@sftoyota.com;dougd@sftoyota.com;edwint@sftoyota.com;eldos_orozobekov@sftoyota.com;erick_fernandez@sftoyota.com;erik_martinez@sftoyota.com;eugenioc@sftoyota.com;francisn@sftoyota.com;gabrielb@sftoyota.com;garlande@sftoyota.com;gary_cheung@sftoyota.com;guilherme_gomez@sftoyota.com;gzurab@sftoyota.com;jacky_ma@sftoyota.com;james_eagan@sftoyota.com;jasonp@sftoyota.com;jaysonc@sftoyota.com;jesus_a_navarro@sftoyota.com;johnny_lieng@sftoyota.com;jonathon_ferrari@sftoyota.com;joshs@sftoyota.com;karsten_siu@sftoyota.com;kevin_duong@sftoyota.com;lac@sftoyota.com;larry_lim@sftoyota.com;leo_kwong@sftoyota.com;luis_alonzo@sftoyota.com;mario_cruz@sftoyota.com;martha_lara@sftoyota.com;mason_garrett@sftoyota.com;mduncan@sftoyota.com;michaelm@sftoyota.com;moe_shurafa@sftoyota.com;patrick_kuang@sftoyota.com;philipy@sftoyota.com;russm@sftoyota.com;ryan_dong@sftoyota.com;sabrinas@sftoyota.com;sammyl@sftoyota.com;samson_li@sftoyota.com;shawn_chi@sftoyota.com;steven_huang@sftoyota.com;steven_liu@sftoyota.com;stevenk@sftoyota.com;thomas_duncan@sftoyota.com;tim_li@sftoyota.com;tommy_yu@sftoyota.com;tyroner@sftoyota.com;victor_kim@sftoyota.com;victoriao@sftoyota.com;wesley_huang@sftoyota.com;william_duran@sftoyota.com;williaml@sftoyota.com,agent_browser_crawl;agent_browser_crawl;agent_browser_crawl;agent_browser_crawl;agent_browser_crawl;agent_browser_crawl;agent_browser_crawl;agent_browser_crawl;agent_browser_crawl;agent_browser_crawl;agent_browser_crawl;agent_browser_crawl;agent_browser_crawl;agent_browser_crawl;agent_browser_crawl;agent_browser_crawl;agent_browser_crawl;agent_browser_crawl;agent_browser_crawl;agent_browser_crawl;agent_browser_crawl;agent_browser_crawl;agent_browser_crawl;agent_browser_crawl;agent_browser_crawl;agent_browser_crawl;agent_browser_crawl;agent_browser_crawl;agent_browser_crawl;agent_browser_crawl;agent_browser_crawl;agent_browser_crawl;agent_browser_crawl;agent_browser_crawl;agent_browser_crawl;agent_browser_crawl;agent_browser_crawl;agent_browser_crawl;agent_browser_crawl;agent_browser_crawl;agent_browser_crawl;agent_browser_crawl;agent_browser_crawl;agent_browser_crawl;agent_browser_crawl;agent_browser_crawl;agent_browser_crawl;agent_browser_crawl;agent_browser_crawl;agent_browser_crawl;agent_browser_crawl;agent_browser_crawl;agent_browser_crawl;agent_browser_crawl;agent_browser_crawl;agent_browser_crawl;agent_browser_crawl;agent_browser_crawl;agent_browser_crawl;agent_browser_crawl;agent_browser_crawl;agent_browser_crawl;agent_browser_crawl;agent_browser_crawl;agent_browser_crawl;agent_browser_crawl;agent_browser_crawl;agent_browser_crawl;agent_browser_crawl,+1 415-592-0886,https://www.sftoyota.com/car-service-san-francisco-ca,"4099 Geary Blvd, San Francisco, CA 94118, United States",https://www.google.com/maps/place/San+Francisco+Toyota+Parts+Department/data=!4m7!3m6!1s0x80858739a56e7249:0x4009d6400afdfcb7!8m2!3d37.7808902!4d-122.4625802!16s%2Fg%2F11f03lkccd!19sChIJSXJupTmHhYARt_z9CkDWCUA,https://www.facebook.com/SanFranciscoToyota,https://www.instagram.com/mrd_sft/;https://www.instagram.com/sanfranciscotoyota/,,,,https://www.youtube.com/@sanfranciscotoyota,Edwin Tan,Vice President & General Manager,,,Edwin Tan;Doug Donnellan;Thomas Duncan,Edwin Tan,edwint@sftoyota.com,frontline_communication,2,"Very inept employees at the parts department counter. I was picking up a part and they had no idea what was going on. A black man and an older white man on duty. Looked at each other like I was stupid. But the part I was picking up was right behind them with my name on it.  Cmon guys, hire some people that are some what competent and know at least to be nice and courteous. It’s not that difficult. Please don’t waste your time or money supporting this behavior","They had my parts.
I don't know if the staff were bored, sleepy or something else, but they acted and appeared ENTIRELY unmotivated and disinterested. …",,,1,,Voice AI + Agentic CRM Outreach,silverthreadlabs.com/services/voice-agents,followup_dropped;frontline_communication,,ok,,140,4.6,83,90,,https://www.google.com/maps/place/San+Francisco+Toyota+Parts+Department/data=!4m7!3m6!1s0x80858739a56e7249:0x4009d6400afdfcb7!8m2!3d37.7808902!4d-122.4625802!16s%2Fg%2F11f03lkccd!19sChIJSXJupTmHhYARt_z9CkDWCUA?authuser=0&hl=en&rclk=1,,FALSE,,FALSE,,1,FALSE,FALSE,
C,22.35,san francisco,All Tire,,,,+1 415-626-1557,https://www.alltiresfc.com,"359 Potrero Ave, San Francisco, CA 94103, United States",https://www.google.com/maps/place/All+Tire/data=!4m7!3m6!1s0x808f7e31f4b7426d:0x59369b9a6db9215d!8m2!3d37.7651585!4d-122.4071726!16s%2Fg%2F1td5xd33!19sChIJbUK39DF-j4ARXSG5bZqbNlk,,,,,,,Ben Sanchez,Owner,,,Ben Sanchez,Ben Sanchez,https://www.instagram.com/alltiresfc/,frontline_communication,2,"Contacted them to inquire about tire availability. The person was not at all knowledgeable and further was rude and snapped at me when I was asking for clarification, raising his voice with, ""what do you mean what do I mean? I answered your …","Couldn’t even look at the tire, very dismissive and unhelpful.",,,,,Voice AI + Agentic CRM Outreach,silverthreadlabs.com/services/voice-agents,frontline_communication;service_quality_in_session,,cloudflare_blocked,,112,4.1,74,81,https://www.alltiresfc.com/,https://www.google.com/maps/place/All+Tire/data=!4m7!3m6!1s0x808f7e31f4b7426d:0x59369b9a6db9215d!8m2!3d37.7651585!4d-122.4071726!16s%2Fg%2F1td5xd33!19sChIJbUK39DF-j4ARXSG5bZqbNlk?authuser=0&hl=en&rclk=1,,FALSE,,FALSE,,0,FALSE,FALSE,
C,21.48,san francisco,Metric Motors,,,,+1 415-626-6234,,"1480 Howard St, San Francisco, CA 94103, United States",https://www.google.com/maps/place/Metric+Motors/data=!4m7!3m6!1s0x8085809d7e48ec23:0x229d40178fff1655!8m2!3d37.7734831!4d-122.4154684!16s%2Fg%2F1v2pqfp6!19sChIJI-xIfp2AhYARVRb_jxdAnSI,,,,,,,,,,,,,,frontline_communication,2,"Rude jerks always parked illegally and driving customer cars dangerously. Would avoid.
Cute dog though.
Edited to add details at owner's request. You can look at their response and decide for yourself if this is the sort of person you want to entrust your safety to.","Rude jerks always parked illegally and driving customer cars dangerously. Would avoid.
Cute dog though. …",,,1,,Voice AI + Agentic CRM Outreach,silverthreadlabs.com/services/voice-agents,calls_unanswered;frontline_communication,,,,78,4.7,35,41,,https://www.google.com/maps/place/Metric+Motors/data=!4m7!3m6!1s0x8085809d7e48ec23:0x229d40178fff1655!8m2!3d37.7734831!4d-122.4154684!16s%2Fg%2F1v2pqfp6!19sChIJI-xIfp2AhYARVRb_jxdAnSI?authuser=0&hl=en&rclk=1,,FALSE,,FALSE,,0,FALSE,FALSE,
C,20.85,san francisco,Toscalito Tire & Service,customercare@sun.auto,customercare@sun.auto,agent_browser_crawl,+1 415-903-2846,https://www.toscalito.com/locations/ca/sanfrancisco/auto-repair-2342-lombard-street,"2342 Lombard St, San Francisco, CA 94123, United States",https://www.google.com/maps/place/Toscalito+Tire+%26+Service/data=!4m7!3m6!1s0x808580d6b1121ca1:0x3cb1a356f701a9fb!8m2!3d37.7994936!4d-122.4400712!16s%2Fg%2F1td5ly31!19sChIJoRwSsdaAhYAR-6kB91ajsTw,https://www.facebook.com/Toscalitotire,,,,,,,,,,,,,booking_friction,2,"I start ratings with 5 stars. Toscalito lost 1 star for the 3 separate times I made appointments and showed up to be told they do not have my appointment on record. They lost another star when they made absolutely no effort to remedy that issue with the appointments. All I got was “sorry there is nothing we can do.” They lost another star when I finally was able to get in. They determined that my air filter needed to be replaced. Instead of calling to see if I wanted to get it done same day, they emailed me about it then called directly after saying my car was ready with no mention of the air filter. It seems Toscalito has no interest in providing any customer service as they know they’ll have plenty of other customers come through based on their location. Fine for them, but it leads to poor service on the actual vehicles when they have no price in actually ensuring that your vehicle is leaving there in the best shape it needs to be… as is proven by the air filter on my vehicle. It’s a minor detail but one that demonstrates the quality of care they take on your vehicle.",It seems some staff here have truly mastered the art of customer service — answering questions without even looking at the customer. Quite an unusual talent. Perhaps learning a little more about how to treat customers would be just as useful as knowing about tires,,,2,1,Voice AI Booking + Agentic Self-Service,silverthreadlabs.com/services/voice-agents,booking_friction;frontline_communication,,ok,,482,4.7,4,10,https://www.toscalito.com/locations/ca/sanfrancisco/auto-repair-2342-lombard-street?utm_source=local_listing&utm_medium=organic&utm_campaign=store_3441,https://www.google.com/maps/place/Toscalito+Tire+%26+Service/data=!4m7!3m6!1s0x808580d6b1121ca1:0x3cb1a356f701a9fb!8m2!3d37.7994936!4d-122.4400712!16s%2Fg%2F1td5ly31!19sChIJoRwSsdaAhYAR-6kB91ajsTw?authuser=0&hl=en&rclk=1,,FALSE,,FALSE,,0,FALSE,FALSE,
C,20.72,san francisco,My Mechanic,,,,+1 415-864-0113,,"358 10th St, San Francisco, CA 94103, United States",https://www.google.com/maps/place/My+Mechanic/data=!4m7!3m6!1s0x8085807f6c7d1df1:0x792322a1eda74062!8m2!3d37.7718784!4d-122.4123407!16s%2Fg%2F1tdr3jvg!19sChIJ8R19bH-AhYARYkCn7aEiI3k,,,,,,,,,,,,,,billing_or_intake_errors,2,Car took three months to finish. The estimate was $500. But after all work was finished the total ended up at over $3500.  The vehical is broken again after less then 100miles traveled.  I have returned it and am anxious to see how the manager responds to this list of repeat issues.,Took my car here to fix my brakes and they changed my oil without my permission and tried to charge me 100 bucks for a simple oil change. Don't go here they'll try to steal your money.,,,,,Workflow Automation + Systems Integration,silverthreadlabs.com/services/workflow-automation,billing_or_intake_errors;frontline_communication,,,,51,4.5,27,35,,https://www.google.com/maps/place/My+Mechanic/data=!4m7!3m6!1s0x8085807f6c7d1df1:0x792322a1eda74062!8m2!3d37.7718784!4d-122.4123407!16s%2Fg%2F1tdr3jvg!19sChIJ8R19bH-AhYARYkCn7aEiI3k?authuser=0&hl=en&rclk=1,,FALSE,,FALSE,,0,FALSE,FALSE,
C,20.0,san francisco,Rex Auto Services,,,,+1 415-664-4223,,"2120 Taraval St Unit 5, San Francisco, CA 94116, United States",https://www.google.com/maps/place/Rex+Auto+Services/data=!4m7!3m6!1s0x808f7d831c10ea03:0xb4b9059cc8f0250a!8m2!3d37.7427272!4d-122.4889074!16s%2Fg%2F1vb9d8w8!19sChIJA-oQHIN9j4ARCiXwyJwFubQ,,,,,,,,,,,,,,calls_unanswered,2,"If I could rate this experience any less I would.  Step into Rex Auto Service being forewarned! Prepare for the worst. The most unprofessional shop I have ever encountered in my 50 years! Simply walk in and look at the disorganization and sad conditions of the place. I truly feel sorry for the sole overworked mechanic that works there (look at the low lighting conditions).
I dropped off my car early hoping to hear a diagnosis by end of day; heard nothing. Phone calls go unanswered. I visit the shop on day 2 and hear what they are planning to do. Unable to contact them once again, I visited the shop again on day 4 and was told that they need more time after changing 2 spark plugs and 2 coils (a one hour job). Day 7! Phone calls were useless. I visited Rex Auto Repair once again only to be told the EXACT same thing I was told 3 days prior. Evidently no work was done on it for the past 3 days with no reason and no apologies other than “we’ve been busy”. I decided to just give up on Rex Auto and would suggest anyone reading this would do themselves a favor by doing the same. There is no way they can stay in business like this for much longer. Good luck!!",,,,1,,Voice AI Agents (Inbound Coverage),silverthreadlabs.com/services/voice-agents,calls_unanswered;followup_dropped,,,,86,4.6,50,56,,https://www.google.com/maps/place/Rex+Auto+Services/data=!4m7!3m6!1s0x808f7d831c10ea03:0xb4b9059cc8f0250a!8m2!3d37.7427272!4d-122.4889074!16s%2Fg%2F1vb9d8w8!19sChIJA-oQHIN9j4ARCiXwyJwFubQ?authuser=0&hl=en&rclk=1,,FALSE,,FALSE,,0,FALSE,FALSE,
C,19.6,san francisco,Liam Donald Original parts store supply,,,,,,"197 Duboce Ave, San Francisco, CA 94103, United States",https://www.google.com/maps/place/Liam+Donald+Original+parts+store+supply/data=!4m7!3m6!1s0x808f7f00190151d9:0xe3193bdf42782342!8m2!3d37.7696118!4d-122.4243769!16s%2Fg%2F11y5vhqrff!19sChIJ2VEBGQB_j4ARQiN4Qt87GeM,,,,,,,,,,,,,,,0,,,,,,,,,,,,,0,0.0,0,0,,https://www.google.com/maps/place/Liam+Donald+Original+parts+store+supply/data=!4m7!3m6!1s0x808f7f00190151d9:0xe3193bdf42782342!8m2!3d37.7696118!4d-122.4243769!16s%2Fg%2F11y5vhqrff!19sChIJ2VEBGQB_j4ARQiN4Qt87GeM?authuser=0&hl=en&rclk=1,,FALSE,,FALSE,,0,FALSE,TRUE,malformed
C,17.59,san francisco,Autobody Detail Specialist - ADS,mario@ads-sf.com,mario@ads-sf.com;mario@ads-booking.com,gosom_scraper;gosom_scraper,+1 415-610-8922,http://autobodydetailspecialist.com,"2230 3rd St, San Francisco, CA 94107, United States",https://www.google.com/maps/place/Autobody+Detail+Specialist+-+ADS/data=!4m7!3m6!1s0x808f7efeffffffff:0xf91c17121ad9c254!8m2!3d37.7611985!4d-122.3889314!16s%2Fg%2F11hczycgfq!19sChIJ______5-j4ARVMLZGhIXHPk,,https://www.instagram.com/tmt_ads/,,http://yelp.com/biz/autobody-detail-specialist-ads-mobile-san-francisco,https://www.tiktok.com/@tmt_ads,,Mario,Owner,,,Mario,Mario,mario@ads-sf.com,billing_or_intake_errors,2,Be extremely cautious with this shop owner— little person size 4 shoe feeling ironman 🤣classic BAIT AND SWITCH tactics at play. …,"Almost three times the price of most shops in the Bay, plus the rude attitude from a little guy who I think was the business owner. I went with Lux Tint who is also a XPEL dealer in Livermore and paid almost $3k less for the same full PPF service. My vehicle looks flawless.",,,,1,Workflow Automation + Systems Integration,silverthreadlabs.com/services/workflow-automation,billing_or_intake_errors;frontline_communication,,ok,,29,4.1,17,23,http://autobodydetailspecialist.com/,https://www.google.com/maps/place/Autobody+Detail+Specialist+-+ADS/data=!4m7!3m6!1s0x808f7efeffffffff:0xf91c17121ad9c254!8m2!3d37.7611985!4d-122.3889314!16s%2Fg%2F11hczycgfq!19sChIJ______5-j4ARVMLZGhIXHPk?authuser=0&hl=en&rclk=1,,FALSE,,FALSE,,1,FALSE,FALSE,
C,16.9,san francisco,Pacific Heights Chevron Auto Repair,pacific-heights-logo-header@2x-300x68.png,pacific-heights-logo-header@2x-300x68.png;icon-repairs@2x-150x150.png;icon-testing@2x-150x150.png;logo-ase@2x-300x139.png;ph-gallery-1@2x-300x225.png;ph-gallery-2@2x-300x225.png;ph-gallery-3@2x-300x225.png;ph-gallery-4@2x-300x225.png;Website-By-SMP@2x-300x63.png;website-by-smp@2x-300x63.png,gosom_scraper;gosom_scraper;gosom_scraper;gosom_scraper;gosom_scraper;gosom_scraper;gosom_scraper;gosom_scraper;gosom_scraper,+1 415-567-1136,http://www.pacificheightschevron.com,"2500 California St, San Francisco, CA 94115, United States",https://www.google.com/maps/place/Pacific+Heights+Chevron+Auto+Repair/data=!4m7!3m6!1s0x808580c883809357:0xfb6ae47286697c22!8m2!3d37.7889007!4d-122.4358275!16s%2Fg%2F1tgj912z!19sChIJV5OAg8iAhYARInxphnLkavs,https://www.facebook.com/pacificheightschevron,,,,,,Janet Sahagun,Managing Partner / Owner,,,Janet Sahagun;Pat Sahagun,Janet Sahagun,https://www.facebook.com/pacificheightschevron/,frontline_communication,1,"Dropped off car at appointed time, was told to pick up “a little over twelve”. Called at 12:30, was told to “pick up at 3pm”. Upon confirmation, the person responded “2pm” and “I didn’t tell you to pick up at 12, I wasn’t at the front desk, there are cars that came before you that needed xxx” - rude, condescending, unapologetic. I had to rearrange my day accordingly. For paying $300 for basic smog check & oil change, I expected more, and at a minimum not to be yelled at for clarifying pick up time.","Do not come here for smog test. Owner is very rude and said retest cost FULL amount so I have to pay $90 dollar twice. Refuse to provide any discount initially, only after a heated argument he said oh we can do maybe 10% discount. i have never seen anything like this in the business. Owen keep insistent “I did not ask about retest rules before signing paper” Come on we are not dealing with law firm here this is a smog test. How about you treat your customer nicely and I will happy do the retest at a fair price.

I am giving this place 2 star because they did do the test quickly and was able to book appointment same day.

- thanks for the reply but you can check security camera if you want, the attendant insisted charging FULL PRICE for retest. i’m not sure what policy you are referring to.",,,1,2,Voice AI + Agentic CRM Outreach,silverthreadlabs.com/services/voice-agents,frontline_communication,,ok,,501,4.7,5,10,http://www.pacificheightschevron.com/,https://www.google.com/maps/place/Pacific+Heights+Chevron+Auto+Repair/data=!4m7!3m6!1s0x808580c883809357:0xfb6ae47286697c22!8m2!3d37.7889007!4d-122.4358275!16s%2Fg%2F1tgj912z!19sChIJV5OAg8iAhYARInxphnLkavs?authuser=0&hl=en&rclk=1,,FALSE,,FALSE,,12,FALSE,FALSE,
C,16.88,san francisco,KSH Automotive,kshautomotive@gmail.com,kshautomotive@gmail.com,gosom_scraper,+1 415-409-0663,http://www.kshautomotive.com,"545 Eddy St, San Francisco, CA 94109, United States",https://www.google.com/maps/place/KSH+Automotive/data=!4m7!3m6!1s0x808580972aaf9bfd:0x97c5f4be6c150bf0!8m2!3d37.7832819!4d-122.4166525!16s%2Fg%2F1tf31mfj!19sChIJ_ZuvKpeAhYAR8AsVbL70xZc,,,,,,,Kirill Shabelsky,Owner,https://www.linkedin.com/in/kirill-shabelsky-9ba3533a/,,Kirill Shabelsky,Kirill Shabelsky,https://www.linkedin.com/in/kirill-shabelsky-9ba3533a/,billing_or_intake_errors,2,"After my car was fixed, I thought I would never ever go there. If a customer comes to you for a puncture, and insists that he doesn't want a new tire, you should not install a new tire and ask him to pay, especially if it was not covered by …",,,,,,Workflow Automation + Systems Integration,silverthreadlabs.com/services/workflow-automation,billing_or_intake_errors;frontline_communication,,ok,,144,4.8,22,30,http://www.kshautomotive.com/,https://www.google.com/maps/place/KSH+Automotive/data=!4m7!3m6!1s0x808580972aaf9bfd:0x97c5f4be6c150bf0!8m2!3d37.7832819!4d-122.4166525!16s%2Fg%2F1tf31mfj!19sChIJ_ZuvKpeAhYAR8AsVbL70xZc?authuser=0&hl=en&rclk=1,,FALSE,,FALSE,,1,FALSE,FALSE,
C,16.5,san francisco,Paul's Battery and Tire Company,,,,+1 415-221-9100,http://tiressanfrancisco.com,"4620 Geary Blvd, San Francisco, CA 94118, United States",https://www.google.com/maps/place/Paul%27s+Battery+and+Tire+Company/data=!4m7!3m6!1s0x8085873dfc3e818d:0xe9ad21b51a1431fc!8m2!3d37.7810557!4d-122.4690314!16s%2Fg%2F1tdd5h8h!19sChIJjYE-_D2HhYAR_DEUGrUhrek,,,,,,,John Rinaldi,Owner,https://www.linkedin.com/in/john-rinaldi-5ba18941/,,John Rinaldi,John Rinaldi,https://www.linkedin.com/in/john-rinaldi-5ba18941/,frontline_communication,2,"Rude, dirty, and I just found out that this place sold me 5 year old tires less than a year ago and that they were most likely used--for about double the price I'm paying to replace them less than 3 miles away.

Do not go here.",I went there today because my tire light popped on. The first man I saw outside was pretty rude and short with me. He was working on another car but I explained to him that had a baby in the car and I just want to make sure the car was …,,,1,,Voice AI + Agentic CRM Outreach,silverthreadlabs.com/services/voice-agents,frontline_communication;service_quality_in_session,,no_email_found,,171,4.7,64,71,http://tiressanfrancisco.com/,https://www.google.com/maps/place/Paul%27s+Battery+and+Tire+Company/data=!4m7!3m6!1s0x8085873dfc3e818d:0xe9ad21b51a1431fc!8m2!3d37.7810557!4d-122.4690314!16s%2Fg%2F1tdd5h8h!19sChIJjYE-_D2HhYAR_DEUGrUhrek?authuser=0&hl=en&rclk=1,,FALSE,,FALSE,,0,FALSE,FALSE,
C,16.08,san francisco,Tower Car Wash,info@towercarwash.com,info@towercarwash.com,gosom_scraper,+1 415-558-9274,http://www.towercarwash.com,"1601 Mission St, San Francisco, CA 94103, United States",https://www.google.com/maps/place/Tower+Car+Wash/data=!4m7!3m6!1s0x8085809e02150177:0x65c2956655f07451!8m2!3d37.7721328!4d-122.4189465!16s%2Fm%2F04fhvgq!19sChIJdwEVAp6AhYARUXTwVWaVwmU,https://www.facebook.com/towercarwashSF,https://www.instagram.com/towercarwash/,,,,https://www.youtube.com/@towercarwash7284,Igor Paskhover,Owner / CEO,,,Igor Paskhover,Igor Paskhover,https://www.instagram.com/towercarwash/,service_quality_in_session,1,"This WAS a great car wash… ownership has reduced workforce and the service has diminished.  You will wait for over an hour to get the basic $40 service and the job is not well done. Today they had a 4 member crew working; way understaffed.  Keep driving down to South Van Ness and 16th, there is another car wash there.",,,,1,,Automation Audit,silverthreadlabs.com/audit,service_quality_in_session,,ok,,783,3.8,8,10,http://www.towercarwash.com/,https://www.google.com/maps/place/Tower+Car+Wash/data=!4m7!3m6!1s0x8085809e02150177:0x65c2956655f07451!8m2!3d37.7721328!4d-122.4189465!16s%2Fm%2F04fhvgq!19sChIJdwEVAp6AhYARUXTwVWaVwmU?authuser=0&hl=en&rclk=1,,FALSE,,FALSE,,0,FALSE,FALSE,
D,14.88,san francisco,AmayaS' Auto Repair,amayastowing@gmail.com,amayastowing@gmail.com,gosom_scraper,+1 415-747-8541,https://amayasautorepair.com/san-rafael-auto-repair,"44 Hoag St, San Rafael, CA 94901, United States",https://www.google.com/maps/place/AmayaS%27+Auto+Repair/data=!4m7!3m6!1s0x80859a2303a1f62f:0x1980de1e632c83b3!8m2!3d37.964589!4d-122.511425!16s%2Fg%2F1260stjyh!19sChIJL_ahAyOahYARs4MsYx7egBk,https://facebook.com/amayasautorepair,https://instagram.com/amayasautorepair,,,,,Victor Amaya,Co-Owner / Founder (head mechanic & manager),,,Victor Amaya;Carlos Amaya;Carlos (JuanCarlos) Amaya,Victor Amaya,https://www.instagram.com/amayasautorepair/,billing_or_intake_errors,1,These guys are dishonest and dud work that I did not agree to and tried to force me to pay. the owner Victor is dishonest and not to be trusted. I will never take my car there again.,,,,1,,Workflow Automation + Systems Integration,silverthreadlabs.com/services/workflow-automation,billing_or_intake_errors,,ok,,106,4.2,5,10,,https://www.google.com/maps/place/AmayaS%27+Auto+Repair/data=!4m7!3m6!1s0x80859a2303a1f62f:0x1980de1e632c83b3!8m2!3d37.964589!4d-122.511425!16s%2Fg%2F1260stjyh!19sChIJL_ahAyOahYARs4MsYx7egBk?authuser=0&hl=en&rclk=1,,FALSE,,FALSE,,0,FALSE,FALSE,
D,14.7,san francisco,Automotive Specialty Products,,,,+1 650-758-6500,http://www.aspperformance.com,"7338 Mission St B, Daly City, CA 94014, United States",https://www.google.com/maps/place/Automotive+Specialty+Products/data=!4m7!3m6!1s0x808f7c0d860aa287:0xe1acc11d7fbed466!8m2!3d37.6908451!4d-122.465936!16s%2Fg%2F1tjrq66c!19sChIJh6IKhg18j4ARZtS-fx3BrOE,,,,,,,,,,,,,,followup_dropped,1,"I went to their office in July and spoke to Andrew and another staff member and they said they would get back to me with a quote. In person they seemed helpful and ready to help me fix my car stereo and camera.

I sent many several follow up emails to get the job going and they kept saying they would send me a quote but they never did. It’s been 3 months and still nothing from them. If they didn’t want to do the job they could’ve just said no, instead they’ve just wasted my time with no apology or explanation.",,,,1,,Agentic AI Systems (Autonomous Follow-up),silverthreadlabs.com/services/agentic-ai,followup_dropped,,no_email_found,,50,4,4,10,http://www.aspperformance.com/,https://www.google.com/maps/place/Automotive+Specialty+Products/data=!4m7!3m6!1s0x808f7c0d860aa287:0xe1acc11d7fbed466!8m2!3d37.6908451!4d-122.465936!16s%2Fg%2F1tjrq66c!19sChIJh6IKhg18j4ARZtS-fx3BrOE?authuser=0&hl=en&rclk=1,,FALSE,,FALSE,,0,FALSE,FALSE,
D,14.34,san francisco,City Auto Supply,,,,+1 650-616-4968,http://www.cityautosupply.com,"449 Littlefield Ave, South San Francisco, CA 94080, United States",https://www.google.com/maps/place/City+Auto+Supply/data=!4m7!3m6!1s0x808f784eacb8e03f:0x9cca0b20dc4d62d!8m2!3d37.6508642!4d-122.3951353!16s%2Fg%2F1tdrflk_!19sChIJP-C4rE54j4ARLdbEDbKgzAk,,,,,,,,,,,,,,followup_dropped,1,"Not a very reliable spot to get auto parts. I called in for a battery but the person who picked up the phone didn’t know how to search up a similar battery and couldn’t find help. He told me to call back the next day and was still unable to assist me so he called me back. After calling back, he said the item was not available and I requested for him to pre order for me. Never heard back since..also they only take online/phone orders and no walk-ins.",,,,1,,Agentic AI Systems (Autonomous Follow-up),silverthreadlabs.com/services/agentic-ai,followup_dropped,,no_email_found,,130,4.4,64,69,http://www.cityautosupply.com/,https://www.google.com/maps/place/City+Auto+Supply/data=!4m7!3m6!1s0x808f784eacb8e03f:0x9cca0b20dc4d62d!8m2!3d37.6508642!4d-122.3951353!16s%2Fg%2F1tdrflk_!19sChIJP-C4rE54j4ARLdbEDbKgzAk?authuser=0&hl=en&rclk=1,,FALSE,,FALSE,,0,FALSE,FALSE,
D,13.98,san francisco,The Garage,,,,+1 415-864-0111,https://www.thegaragesf.com,"340 10th St, San Francisco, CA 94103, United States",https://www.google.com/maps/place/The+Garage/data=!4m7!3m6!1s0x808f7e287bf2f403:0xd6f46e313ebf9e38!8m2!3d37.7720271!4d-122.4125445!16s%2Fg%2F1hc18yxv4!19sChIJA_Tyeyh-j4AROJ6_PjFu9NY,https://facebook.com/thegarageburlingame;https://www.facebook.com/TheGarageSF?fref=ts,,,https://www.yelp.com/biz/the-garage-san-francisco-10;https://yelp.com/biz/the-garage-burlingame-burlingame-5,,,Danny Chan,Owner,,,Danny Chan,Danny Chan,https://www.facebook.com/TheGarageSF,billing_or_intake_errors,1,"I’ve been going to The Garage for years and generally trusted their work, but my most recent experience left me disappointed.

I brought in my 2019 Acura TLX because two warning lights came on: “Emissions System Problem” and “Electric Parking Brake Problem.” They charged me over $230 for a diagnostic check, and I was surprised to learn that this fee isn’t applied toward the repair if you choose to move forward.

Their recommendation was to replace the part connecting the gas tank to the cap. The quoted price for the part alone was about $450, whereas I found the same part online for around $225 (plus labor). The overall estimate for repair was close to $1,000.

Before agreeing, I got a second opinion from another mechanic, who simply suggested resetting the warning lights first. That’s what I did, and it cost about $225 total. Two weeks later, I’m still driving with no issues and the lights never returned.

When I asked The Garage why both lights would appear at once, they said it’s common for multiple warnings to come on to prevent driving—but several mechanics I spoke with afterward told me they had never heard of that explanation.

It left me feeling like The Garage was recommending a costly repair without fully confirming the root cause. This is disappointing, especially since I’ve trusted them for years. I hope this was just an isolated experience, but it’s worth noting for anyone considering service here.",,,,2,,Workflow Automation + Systems Integration,silverthreadlabs.com/services/workflow-automation,billing_or_intake_errors,,no_email_found,,335,4.8,54,61,https://www.thegaragesf.com/,https://www.google.com/maps/place/The+Garage/data=!4m7!3m6!1s0x808f7e287bf2f403:0xd6f46e313ebf9e38!8m2!3d37.7720271!4d-122.4125445!16s%2Fg%2F1hc18yxv4!19sChIJA_Tyeyh-j4AROJ6_PjFu9NY?authuser=0&hl=en&rclk=1,,FALSE,,FALSE,,0,FALSE,FALSE,
D,13.59,san francisco,"Pete's, Inc.",,,,+1 415-441-5896,https://www.petesinc.com,"1745 Clay St, San Francisco, CA 94109, United States","https://www.google.com/maps/place/Pete%27s,+Inc./data=!4m7!3m6!1s0x808580eae4a5004b:0xe1e14ed082285cc5!8m2!3d37.7920749!4d-122.4216406!16s%2Fg%2F1tjdrkcl!19sChIJSwCl5OqAhYARxVwogtBO4eE",https://www.facebook.com/Petes.Mercedes.BMW.Service/,,,https://www.yelp.com/biz/petes-inc-mercedes-benz-and-bmw-service-center-san-francisco-2,,,Greg Arkus,President / Owner,https://www.linkedin.com/in/greg-arkus-0924182,,Greg Arkus,Greg Arkus,https://www.linkedin.com/in/greg-arkus-0924182,frontline_communication,1,"The technicians are good. The older gentleman who worked on my Mercedes really knows his stuff so that's a major benefit . The shop is clean .

The manager Greg is a sometimes nice guy that seems to be moody at times and he can come across almost rude. In fact he's rude so often that I started laughing to myself recently at how tone deaf he seems.  I called him the morning after the evening he sent me notice that my car was done.  He gruffly said that I had had my car there too long. It was less than 12 hours after his evening notice of completion!

I told him I would come in on Monday (the next business day) to pick it up then texted Monday saying I had a medical issue and needed to come in the next day. When I picked up the car as stated, he said gruffly he was going to start charging me storage cost and everything about him seemed annoyed by my presence and that I was his customer. I have been nothing but nice to this guy and spent over 12k on some fairly basic stuff for this classic car.  He said he didn't get my text but that's on him. When I told him that he is sounding rude when I am a paying customer that is spending good money on his services he said we can end our relationship. I didn't know that we had a ""relationship""!  Lol!  He softened up after that cuz I think he felt bad but again it's all kind of laughable, his moodiness.

He is personally knowledgeable about these classic cars as he seems to have owned quite a few of them himself. He also seems to rely on AI a lot for his information about cars and it's not always correct so look it up yourself. For example, I wanted to remove the heater covers to get them re-chromed and he said they'll break because they're ""pot metal"". AI does say that but *not for this car* and if you delve further they are nice forged brass on a 190 SL. They also charged me for removing the chrome parts but they didn't remove the chrome parts entirely that I asked them to despite specific instructions. Also the car was filthy dirty when I came to pick it up, and the rear view mirror was all twisted the wrong Direction and coming out of its seating.  Online it's touted that they wash your vehicle.

Anyway Gregs run a pretty tight ship but I think Greg could learn the old business adage a little better: ""the customer is always right.""

Especially given the premium prices they charge their customers! (granted they have a premium location in the heart of Russian Hill Polk Street area)

There are alternatives in the City with nicer attitudes and not as expensive.  I may go back to Pete's when needed but I may try some other spots like Sal's in SF.",Was recommended this place for Mercedes specialist. Called and asked for help putting in new part for my car to pass a smog test. Man who answered was very dismissive and upset at the fact I was trying to save money because I bought the part myself. Not my intention to offend or waste anyone's time but he seemed to perceive it as a personal offense. I see similar reviews like this and the way he responds to them in the reviews is an accurate representation of his unprofessional. I've never been serviced by them so cannot speak on their quality just the man who answered the phone. Seems like they do a great job.,,,2,2,Voice AI + Agentic CRM Outreach,silverthreadlabs.com/services/voice-agents,frontline_communication,,no_email_found,,183,4.7,5,10,https://www.petesinc.com/,"https://www.google.com/maps/place/Pete%27s,+Inc./data=!4m7!3m6!1s0x808580eae4a5004b:0xe1e14ed082285cc5!8m2!3d37.7920749!4d-122.4216406!16s%2Fg%2F1tjdrkcl!19sChIJSwCl5OqAhYARxVwogtBO4eE?authuser=0&hl=en&rclk=1",,FALSE,,FALSE,,0,FALSE,FALSE,
D,12.94,san francisco,San Francisco Auto Works,sfautoworks1@gmail.com,sfautoworks1@gmail.com,agent_browser_crawl,+1 415-282-4300,https://sfautoworks.com/hours-and-location,"1021 Valencia St, San Francisco, CA 94110, United States",https://www.google.com/maps/place/San+Francisco+Auto+Works/data=!4m7!3m6!1s0x808f7e3e8e90d9f3:0xe80269bae6afd1b6!8m2!3d37.7565398!4d-122.4207748!16s%2Fg%2F1tj2j3tq!19sChIJ89mQjj5-j4ARttGv5rppAug,,,,,,,Kimberly Sawyers,Owner,,,Kimberly Sawyers,Kimberly Sawyers,https://www.instagram.com/sf_autoworks_/,frontline_communication,2,"Terrible management, rude workers & shady people. Don’t do it.","Kept my work truck for 37 days.
Most of that time it was sitting, torn down, with nothing happening. Original estimate was 2-3 weeks. …",,,,,Voice AI + Agentic CRM Outreach,silverthreadlabs.com/services/voice-agents,deadline_missed;frontline_communication,,ok,,70,4.8,42,50,https://sfautoworks.com/hours-and-location/,https://www.google.com/maps/place/San+Francisco+Auto+Works/data=!4m7!3m6!1s0x808f7e3e8e90d9f3:0xe80269bae6afd1b6!8m2!3d37.7565398!4d-122.4207748!16s%2Fg%2F1tj2j3tq!19sChIJ89mQjj5-j4ARttGv5rppAug?authuser=0&hl=en&rclk=1,,FALSE,,FALSE,,0,FALSE,FALSE,
D,12.7,san francisco,Earthling Hybrid & EV Repair,greetings@earthlingauto.com,greetings@earthlingauto.com,agent_browser_crawl,+1 415-875-9030,https://earthlingauto.com,"615 Bayshore Blvd, San Francisco, CA 94124, United States",https://www.google.com/maps/place/Earthling+Hybrid+%26+EV+Repair/data=!4m7!3m6!1s0x8085808110410259:0x32fc92dfc89370c9!8m2!3d37.737581!4d-122.406481!16s%2Fg%2F1tdxl2qt!19sChIJWQJBEIGAhYARyXCTyN-S_DI,https://www.facebook.com/EarthlingAutomotive/,https://www.instagram.com/earthlingautomotive/,https://www.linkedin.com/company/earthlingauto,,,https://www.youtube.com/@earthlingauto,Carolyn Coquillette,Owner / Co-Founder,https://www.linkedin.com/in/carolyn-coquillette/,,Carolyn Coquillette,Carolyn Coquillette,https://www.linkedin.com/in/carolyn-coquillette/,frontline_communication,1,"Decided to give it a shot on account of the reviews, generally reasonable experiences from people I've met and long lead times for Tesla Service but thus far my personal experience has been quite abject to say the least.

To start, brought a Model Y in for general maintenance on Tuesday morning for rountine maintenance and 4 specfic items listed in the service request submitted the friday prior. During drop off I was informed that a quote would be ready in about 2 hours, but did not hear back until over 6 hours later, 40 min before closing informing me that they were not able to finish a quote that day but next day would be possible. The following day, I was informed around noon that a  quote would not be ready until the day after, and upon requesting an estimate of when the repairs could be completed was not provided a reasonable estimate. This so far is not a great experience but for what occured next.

Upon not reciving a reasonabe estimate as to the timeline of repairs requested or a complete quote, I called in 1.5h ahead and requested my tires be rotated and to make sure there was no miscommunication, submitted the same via text which was confirmed recived when they called back 10 minutes subsequent.

Needless to say, the tires were not rotated.

But wait there's more! My driver's seat also started loudly creaking at the slightest bumps where it had not prior. I suppose, generously, this was because the seat needed to be moved to access the sterring column and the mechanic that did not re-assemble it with due care because they supposed that it would be accessed again before it was picked up but it's  but I'm not sure how much I care.

Overall communcaiton left much to be desired, partial quote provided was >50% over Tesla's and service was neither prompt nor convenient as much as I am sympathetic to staffing gaps the overall value proposition makes no sense as-is even with 1st party wait times. Not being able to provide a tire quote after 2 full days is all pretty crazy for an auto shop.",,,,1,,Voice AI + Agentic CRM Outreach,silverthreadlabs.com/services/voice-agents,frontline_communication,,ok,,792,4.9,13,20,https://earthlingauto.com/,https://www.google.com/maps/place/Earthling+Hybrid+%26+EV+Repair/data=!4m7!3m6!1s0x8085808110410259:0x32fc92dfc89370c9!8m2!3d37.737581!4d-122.406481!16s%2Fg%2F1tdxl2qt!19sChIJWQJBEIGAhYARyXCTyN-S_DI?authuser=0&hl=en&rclk=1,,FALSE,,FALSE,,0,FALSE,FALSE,
D,12.68,san francisco,JR Automotive - San Francisco Auto Repair Services,,,,+1 415-658-7626,http://jrautocare.com,"155 14th St, San Francisco, CA 94103, United States",https://www.google.com/maps/place/JR+Automotive+-+San+Francisco+Auto+Repair+Services/data=!4m7!3m6!1s0x808f7e269f09b969:0xcb53ee26e8149a89!8m2!3d37.768272!4d-122.416877!16s%2Fg%2F11gfgy29z9!19sChIJabkJnyZ-j4ARiZoU6CbuU8s,,,,,,,Jesus Rojas,Owner,,,Jesus Rojas,Jesus Rojas,https://www.facebook.com/autorepaire/,billing_or_intake_errors,1,"Never going here again! $1200 to replace a pressure sensor that ended up not fixing the problem. The next mechanic I went to said wasn't even a new part. They gave me a used part and charged me full price.
My new guy also said it was an easy to reach area and shouldn't have taken more than 10 min to unplug and swap out. Not sure why the labor on that was $200?!? I feel like I got royally scammed here, and want to warn others. I know there are a lot of good reviews on this place, so maybe mine was an anomaly?. Live and learn. Anyway, my new mechanic Sam at ABC Motors is awesome, so I've moved on, fortunately!",,,,1,,Workflow Automation + Systems Integration,silverthreadlabs.com/services/workflow-automation,billing_or_intake_errors,,cloudflare_blocked,,124,4.8,3,10,http://jrautocare.com/,https://www.google.com/maps/place/JR+Automotive+-+San+Francisco+Auto+Repair+Services/data=!4m7!3m6!1s0x808f7e269f09b969:0xcb53ee26e8149a89!8m2!3d37.768272!4d-122.416877!16s%2Fg%2F11gfgy29z9!19sChIJabkJnyZ-j4ARiZoU6CbuU8s?authuser=0&hl=en&rclk=1,,FALSE,,FALSE,,0,FALSE,FALSE,
D,12.53,san francisco,Valley Automotive Distributors,don@valleyautomotive.net,don@valleyautomotive.net,agent_browser_crawl,+1 650-583-9525,http://valleyautomotive.net,"131 S Maple Ave # 2, South San Francisco, CA 94080, United States",https://www.google.com/maps/place/Valley+Automotive+Distributors/data=!4m7!3m6!1s0x808f79b7c546ef8b:0xbd764092a5411e6e!8m2!3d37.6484338!4d-122.4141025!16s%2Fg%2F1tczw538!19sChIJi-9Gxbd5j4ARbh5BpZJAdr0,https://www.facebook.com/HaywardCalifornia,,,https://www.yelp.com/biz/valley-auto-parts-hayward,,,,,,,,,,frontline_communication,1,"Thanks for wasting hours of my day..... Ordered a part...they said we will have it shipped from our other store, you can pick it up at 2pm.... I showed up and they wer all duh duh.....idk,,, we forgot...it's not here ... Do you want it for tomorrow ?     Not professional at all.",,,,1,,Voice AI + Agentic CRM Outreach,silverthreadlabs.com/services/voice-agents,frontline_communication,,ok,,44,4,8,15,http://valleyautomotive.net/,https://www.google.com/maps/place/Valley+Automotive+Distributors/data=!4m7!3m6!1s0x808f79b7c546ef8b:0xbd764092a5411e6e!8m2!3d37.6484338!4d-122.4141025!16s%2Fg%2F1tczw538!19sChIJi-9Gxbd5j4ARbh5BpZJAdr0?authuser=0&hl=en&rclk=1,,FALSE,,FALSE,,0,FALSE,FALSE,
D,12.47,san francisco,Too Good Auto Body Repair,schin1198@yahoo.com,schin1198@yahoo.com;toogoodautobody@yahoo.com,agent_browser_crawl;agent_browser_crawl,+1 415-441-1312,https://www.toogoodautobody.com,"1359 Harrison St, San Francisco, CA 94103, United States",https://www.google.com/maps/place/Too+Good+Auto+Body+Repair/data=!4m7!3m6!1s0x80858095578e3361:0xe8437936f90744c5!8m2!3d37.7718889!4d-122.4107206!16s%2Fg%2F1tdj4fl_!19sChIJYTOOV5WAhYARxUQH-TZ5Q-g,,,,https://www.yelp.com/biz/too-good-auto-body-repair-san-francisco,,,,,,,,,,billing_or_intake_errors,1,"My car got broken into on 8/2. I was out of town so my mom helped to arranged for it to be towed to the shop. She already paid for the towing service which was $217, and Steven claimed $497 and got the check from my insurance.

There was no other damages besides the broken windows. Weeks later, Steven told me that there are some scratches (which were not there when I dropped off the car key). I think these were caused by someone pressing the broken glass to smear them on the car body. He filed for a total $6k+ claim including products and services he quietly added to the estimation for repairing/replacing the body and parts that he vandalized.

I’ve reported this to the national and state bureaus for insurance fraud, and the CA bureau of auto repair along with my insurance’s SIU.

I hope he’s not going to secretly damage my car further because I will have to take legal actions before any bureaus did.",,,,1,,Workflow Automation + Systems Integration,silverthreadlabs.com/services/workflow-automation,billing_or_intake_errors,,ok,,31,4.4,5,12,https://www.toogoodautobody.com/,https://www.google.com/maps/place/Too+Good+Auto+Body+Repair/data=!4m7!3m6!1s0x80858095578e3361:0xe8437936f90744c5!8m2!3d37.7718889!4d-122.4107206!16s%2Fg%2F1tdj4fl_!19sChIJYTOOV5WAhYARxUQH-TZ5Q-g?authuser=0&hl=en&rclk=1,,FALSE,,FALSE,,0,FALSE,FALSE,
D,12.04,san francisco,Schwerin Automotive,,,,+1 415-673-9333,https://schwerinautomotive.com,"1430 Bush St, San Francisco, CA 94109, United States",https://www.google.com/maps/place/Schwerin+Automotive/data=!4m7!3m6!1s0x80858094fc66291b:0x24a615f118921b86!8m2!3d37.788875!4d-122.420988!16s%2Fg%2F1vj5_fhn!19sChIJGylm_JSAhYARhhuSGPEVpiQ,,,,,,,,,,,,,,booking_friction,1,"Used groupon for oil change. It was difficult to get appointment, but they provided good service for excellent price.",,,,,,Voice AI Booking + Agentic Self-Service,silverthreadlabs.com/services/voice-agents,booking_friction,,no_email_found,,76,4.8,53,61,https://schwerinautomotive.com/,https://www.google.com/maps/place/Schwerin+Automotive/data=!4m7!3m6!1s0x80858094fc66291b:0x24a615f118921b86!8m2!3d37.788875!4d-122.420988!16s%2Fg%2F1vj5_fhn!19sChIJGylm_JSAhYARhhuSGPEVpiQ?authuser=0&hl=en&rclk=1,,FALSE,,FALSE,,0,FALSE,FALSE,
D,11.99,san francisco,Mobile Bay Area Auto Detailing,,,,+1 415-913-9488,https://mobilebaautodetailing.com,"Broderick St, San Francisco, CA 94115, United States",https://www.google.com/maps/place/Mobile+Bay+Area+Auto+Detailing/data=!4m7!3m6!1s0x80858166c4985af9:0x975c015944ffd21c!8m2!3d37.7871208!4d-122.440277!16s%2Fg%2F11h1zw9r_3!19sChIJ-VqYxGaBhYARHNL_RFkBXJc,https://www.facebook.com/Bay-%C3%81rea-Auto-Detailing-670858636418063,https://www.instagram.com/mobilebayareaautodetailing/,,https://www.yelp.com/biz/bay-area-auto-detailing-san-francisco-2,,,,,,,,,,calls_unanswered,1,"Never showed up, didn’t call to cancel and not answering calls. Total waste of my time!!",,,,,,Voice AI Agents (Inbound Coverage),silverthreadlabs.com/services/voice-agents,calls_unanswered,,no_email_found,,46,4.9,36,44,https://mobilebaautodetailing.com/,https://www.google.com/maps/place/Mobile+Bay+Area+Auto+Detailing/data=!4m7!3m6!1s0x80858166c4985af9:0x975c015944ffd21c!8m2!3d37.7871208!4d-122.440277!16s%2Fg%2F11h1zw9r_3!19sChIJ-VqYxGaBhYARHNL_RFkBXJc?authuser=0&hl=en&rclk=1,,FALSE,,FALSE,,0,FALSE,FALSE,
D,11.83,san francisco,Aldo's Performance Motors,,,,+1 415-543-2536,,"770 Post St, San Francisco, CA 94109, United States",https://www.google.com/maps/place/Aldo%27s+Performance+Motors/data=!4m7!3m6!1s0x808580940b4b061d:0x22662cd7bc8b8c6d!8m2!3d37.7877627!4d-122.414512!16s%2Fg%2F1tk234ql!19sChIJHQZLC5SAhYARbYyLvNcsZiI,,,,,,,,,,,,,,followup_dropped,1,The guy doesn’t bother following up.  Unprofessional.  Would not recommend.,,,,,,Agentic AI Systems (Autonomous Follow-up),silverthreadlabs.com/services/agentic-ai,followup_dropped,,,,35,4.6,21,29,,https://www.google.com/maps/place/Aldo%27s+Performance+Motors/data=!4m7!3m6!1s0x808580940b4b061d:0x22662cd7bc8b8c6d!8m2!3d37.7877627!4d-122.414512!16s%2Fg%2F1tk234ql!19sChIJHQZLC5SAhYARbYyLvNcsZiI?authuser=0&hl=en&rclk=1,,FALSE,,FALSE,,0,FALSE,FALSE,
D,11.77,san francisco,Horizon Auto Repair,2062d0a4929b45348643784b5cb39c36@sentry.wixpress.com,2062d0a4929b45348643784b5cb39c36@sentry.wixpress.com;5d1795a2db124a268f1e1bd88f503500@sentry.wixpress.com;8eb368c655b84e029ed79ad7a5c1718e@sentry.wixpress.com,agent_browser_crawl;agent_browser_crawl;agent_browser_crawl,+1 415-979-9328,https://www.horizonautocenter.com,"660 Bryant St, San Francisco, CA 94107, United States",https://www.google.com/maps/place/Horizon+Auto+Repair/data=!4m7!3m6!1s0x8085807f8f9c842b:0x208a631a1bfaf841!8m2!3d37.7787949!4d-122.3995284!16s%2Fg%2F1tf_hmzz!19sChIJK4Scj3-AhYARQfj6GxpjiiA,https://www.facebook.com/HorizonAutoCenter,https://www.instagram.com/horizonautocenter/?hl=en;https://www.instagram.com/tx.truck.accessories/,,,,,,,,,,,,billing_or_intake_errors,1,...sure wish that eddy didn't lie to me about prices ..... got a hundred fifty dollar radiator ..... for four hundred and thirty dollars ..... even though i knew this at the time ..... i was over a barrow ..... broke down in that part of SF …,,,,,,Workflow Automation + Systems Integration,silverthreadlabs.com/services/workflow-automation,billing_or_intake_errors,,ok,,84,4.9,54,60,https://www.horizonautocenter.com/,https://www.google.com/maps/place/Horizon+Auto+Repair/data=!4m7!3m6!1s0x8085807f8f9c842b:0x208a631a1bfaf841!8m2!3d37.7787949!4d-122.3995284!16s%2Fg%2F1tf_hmzz!19sChIJK4Scj3-AhYARQfj6GxpjiiA?authuser=0&hl=en&rclk=1,,FALSE,,FALSE,,0,FALSE,FALSE,
D,11.7,san francisco,Parkside Paint & Body,,,,+1 415-661-1135,,"1830 Taraval St, San Francisco, CA 94116, United States",https://www.google.com/maps/place/Parkside+Paint+%26+Body/data=!4m7!3m6!1s0x808f7d84a58c4319:0x7e15f92f01bb2e42!8m2!3d37.7427542!4d-122.4860237!16s%2Fg%2F1td2mqnt!19sChIJGUOMpYR9j4ARQi67AS_5FX4,,,,,,,,,,,,,,followup_dropped,1,"Kevin promised to fix my car a few months ago, but never call me back. I just waste my time. Don't  trust him.",,,,,,Agentic AI Systems (Autonomous Follow-up),silverthreadlabs.com/services/agentic-ai,followup_dropped,,,,43,4.7,28,36,,https://www.google.com/maps/place/Parkside+Paint+%26+Body/data=!4m7!3m6!1s0x808f7d84a58c4319:0x7e15f92f01bb2e42!8m2!3d37.7427542!4d-122.4860237!16s%2Fg%2F1td2mqnt!19sChIJGUOMpYR9j4ARQi67AS_5FX4?authuser=0&hl=en&rclk=1,,FALSE,,FALSE,,0,FALSE,FALSE,
D,11.23,san francisco,Advanced Autowerks,mission@advancedautowerks.com,mission@advancedautowerks.com;shane@advancedautowerks.com;zach@advancedautowerks.com,agent_browser_crawl;agent_browser_crawl;agent_browser_crawl,+1 415-648-1611,http://www.advancedautowerks.com,"1358 Valencia St, San Francisco, CA 94110, United States",https://www.google.com/maps/place/Advanced+Autowerks/data=!4m7!3m6!1s0x808f7e40f3f75309:0x7ef8730090360890!8m2!3d37.7511681!4d-122.4207717!16s%2Fg%2F1tmg6sth!19sChIJCVP380B-j4ARkAg2kABz-H4,,,,,,,,,,,,,,frontline_communication,1,"Well Zach is probably a rather rude individual, who probably treats his own American kind much better than us foreign… shame on unwelcoming people like this. Also fells untrustworthy. My fix involved much less operations on my engine that he described, as performed by official dealership. Total garbage. Totally sketchy place.",,,,,,Voice AI + Agentic CRM Outreach,silverthreadlabs.com/services/voice-agents,frontline_communication,,ok,,75,4.5,52,57,http://www.advancedautowerks.com/,https://www.google.com/maps/place/Advanced+Autowerks/data=!4m7!3m6!1s0x808f7e40f3f75309:0x7ef8730090360890!8m2!3d37.7511681!4d-122.4207717!16s%2Fg%2F1tmg6sth!19sChIJCVP380B-j4ARkAg2kABz-H4?authuser=0&hl=en&rclk=1,,FALSE,,FALSE,,0,FALSE,FALSE,
D,10.77,san francisco,Pak Auto Service,pakautoservice@gmail.com,pakautoservice@gmail.com,gosom_scraper,+1 415-822-7859,https://pakautoservice.net,"1748 Folsom St, San Francisco, CA 94103, United States",https://www.google.com/maps/place/Pak+Auto+Service/data=!4m7!3m6!1s0x808f7e26887f440b:0xbdad0231b2c94cec!8m2!3d37.7690703!4d-122.4158364!16s%2Fg%2F1v94093w!19sChIJC0R_iCZ-j4AR7EzJsjECrb0,,,,,,,,,,,,,,service_quality_in_session,1,"This place offers a relatively low diagnosis fee, but I'd be cautious about taking your car here for diagnoses (there's a reason why it's cheaper than other places). I had an intermittent no-start issue. Took my car here for a diagnosis, and they spent only a few minutes to run a battery test and came back telling me that it's a battery issue and it needs charging. I knew the battery is fine because I had it tested the day before. So I asked them to look further, and instead of doing a thorough diagnosis, Sam pressed the start button a few times and immediately made the conclusion that it's a starter issue and it needs to be replaced. I was surprised by how hasty he was so I asked how he knew, and he said that ""well I'm a mechanic"". Later he gave me an estimate of $1000 to replace the starter. Luckily I decided to take my car to the dealership instead, and turned out the issue was neither the battery nor the starter.",,,,2,,Automation Audit,silverthreadlabs.com/audit,service_quality_in_session,,ok,,114,4.5,3,10,https://pakautoservice.net/,https://www.google.com/maps/place/Pak+Auto+Service/data=!4m7!3m6!1s0x808f7e26887f440b:0xbdad0231b2c94cec!8m2!3d37.7690703!4d-122.4158364!16s%2Fg%2F1v94093w!19sChIJC0R_iCZ-j4AR7EzJsjECrb0?authuser=0&hl=en&rclk=1,,FALSE,,FALSE,,0,FALSE,FALSE,
D,10.71,san francisco,Precision Auto Repair,,,,+1 415-921-3317,https://www.precisionautorepairsf.net,"717 Divisadero St, San Francisco, CA 94117, United States",https://www.google.com/maps/place/Precision+Auto+Repair/data=!4m7!3m6!1s0x808580b1d2b20acb:0xa3d8bd4dd95c9fea!8m2!3d37.7762589!4d-122.4384519!16s%2Fg%2F1tp8_866!19sChIJywqy0rGAhYAR6p9c2U292KM,https://www.facebook.com/profile.php?id=100063465703386,,,,,,,,,,,,,frontline_communication,1,"Manager of the shop very prejudice, Definitely do not recommend, bad business wont be doing business with them ever again",,,,,,Voice AI + Agentic CRM Outreach,silverthreadlabs.com/services/voice-agents,frontline_communication,,no_email_found,,93,4.7,12,20,https://www.precisionautorepairsf.net/,https://www.google.com/maps/place/Precision+Auto+Repair/data=!4m7!3m6!1s0x808580b1d2b20acb:0xa3d8bd4dd95c9fea!8m2!3d37.7762589!4d-122.4384519!16s%2Fg%2F1tp8_866!19sChIJywqy0rGAhYAR6p9c2U292KM?authuser=0&hl=en&rclk=1,,FALSE,,FALSE,,0,FALSE,FALSE,
D,10.19,san francisco,Rolling Stock,,,,+1 650-822-0005,https://www.rollingstocksf.com,"601 Bayshore Blvd, San Francisco, CA 94124, United States",https://www.google.com/maps/place/Rolling+Stock/data=!4m7!3m6!1s0x808f7e24f3b56137:0xd26f7769634f0bce!8m2!3d37.737912!4d-122.406163!16s%2Fg%2F1tg8jzdk!19sChIJN2G18yR-j4ARzgtPY2l3b9I,,,,,,,,,,,,,,,0,,,,,,,,,,,cloudflare_blocked,,1349,4.7,2,10,https://www.rollingstocksf.com/,https://www.google.com/maps/place/Rolling+Stock/data=!4m7!3m6!1s0x808f7e24f3b56137:0xd26f7769634f0bce!8m2!3d37.737912!4d-122.406163!16s%2Fg%2F1tg8jzdk!19sChIJN2G18yR-j4ARzgtPY2l3b9I?authuser=0&hl=en&rclk=1,,FALSE,,FALSE,,0,FALSE,FALSE,
D,10.06,san francisco,Cycle Gear,cs@cyclegear.com,cs@cyclegear.com,gosom_scraper,+1 415-487-2710,https://www.cyclegear.com/stores/cycle-gear-san-francisco-california-store-40,"1500 Harrison St, San Francisco, CA 94103, United States",https://www.google.com/maps/place/Cycle+Gear/data=!4m7!3m6!1s0x808f7e26200525e3:0x7e84b090af27a414!8m2!3d37.7705976!4d-122.4128541!16s%2Fg%2F1tfq9g97!19sChIJ4yUFICZ-j4ARFKQnr5CwhH4,,,,,,,,,,,,,,,0,,,,,,,,,,,cloudflare_blocked,,1217,4.7,2,10,,https://www.google.com/maps/place/Cycle+Gear/data=!4m7!3m6!1s0x808f7e26200525e3:0x7e84b090af27a414!8m2!3d37.7705976!4d-122.4128541!16s%2Fg%2F1tfq9g97!19sChIJ4yUFICZ-j4ARFKQnr5CwhH4?authuser=0&hl=en&rclk=1,,FALSE,,FALSE,,0,FALSE,FALSE,
D,9.61,san francisco,"Auto Dynamik, Inc.",contact@sansoxygen.com,contact@sansoxygen.com;infous@autodynamiksf.com,agent_browser_crawl;agent_browser_crawl,+1 415-861-8668,http://www.autodynamiksf.com,"265 Eddy St, San Francisco, CA 94102, United States","https://www.google.com/maps/place/Auto+Dynamik,+Inc./data=!4m7!3m6!1s0x8085808164926ed5:0x1f9d89df7ec8c19f!8m2!3d37.7839171!4d-122.4119995!16s%2Fg%2F1tgpyf44!19sChIJ1W6SZIGAhYARn8HIft-JnR8",https://www.facebook.com/AutoDynamik/,,,,,,,,,,,,,frontline_communication,1,This place ended up costing me couple thousand dollars just because the people inside did not communicate properly. Looks like really nice people but totally ruined 3 months and 4 flights for me just because they didn't check their second floor height.,,,,1,,Voice AI + Agentic CRM Outreach,silverthreadlabs.com/services/voice-agents,frontline_communication,,ok,,16,4.4,2,8,http://www.autodynamiksf.com/,"https://www.google.com/maps/place/Auto+Dynamik,+Inc./data=!4m7!3m6!1s0x8085808164926ed5:0x1f9d89df7ec8c19f!8m2!3d37.7839171!4d-122.4119995!16s%2Fg%2F1tgpyf44!19sChIJ1W6SZIGAhYARn8HIft-JnR8?authuser=0&hl=en&rclk=1",,FALSE,,FALSE,,0,FALSE,FALSE,
D,9.51,san francisco,Mikes Union Auto Repair,,,,+1 415-665-6370,,"1311 7th Ave, San Francisco, CA 94122, United States",https://www.google.com/maps/place/Mikes+Union+Auto+Repair/data=!4m7!3m6!1s0x8085875c0e40c553:0xa521f050c9d1f535!8m2!3d37.7638527!4d-122.4643472!16s%2Fg%2F1tdyfw4h!19sChIJU8VADlyHhYARNfXRyVDwIaU,,,,,,,,,,,,,,service_quality_in_session,1,Great work from the mechanics here. Only complaint is that no one speaks English that well. Usually not an issue but I had a list of things I wanted addressed with my truck and only a few of them made it across the language barrier lol. …,,,,,,Automation Audit,silverthreadlabs.com/audit,service_quality_in_session,,,,80,4.7,55,63,,https://www.google.com/maps/place/Mikes+Union+Auto+Repair/data=!4m7!3m6!1s0x8085875c0e40c553:0xa521f050c9d1f535!8m2!3d37.7638527!4d-122.4643472!16s%2Fg%2F1tdyfw4h!19sChIJU8VADlyHhYARNfXRyVDwIaU?authuser=0&hl=en&rclk=1,,FALSE,,FALSE,,0,FALSE,FALSE,
D,9.26,san francisco,Larkins Brothers Tire & Auto,,,,+1 415-863-5730,,"370 S Van Ness Ave, San Francisco, CA 94103, United States",https://www.google.com/maps/place/Larkins+Brothers+Tire+%26+Auto/data=!4m7!3m6!1s0x808f7e240fbd2573:0x5771a8bf3fa7944c!8m2!3d37.7672372!4d-122.4180483!16s%2Fg%2F1tc_8xdg!19sChIJcyW9DyR-j4ARTJSnP7-ocVc,,,,,,,,,,,,,,,0,,,,,,,,,,,,,486,4.6,6,12,,https://www.google.com/maps/place/Larkins+Brothers+Tire+%26+Auto/data=!4m7!3m6!1s0x808f7e240fbd2573:0x5771a8bf3fa7944c!8m2!3d37.7672372!4d-122.4180483!16s%2Fg%2F1tc_8xdg!19sChIJcyW9DyR-j4ARTJSnP7-ocVc?authuser=0&hl=en&rclk=1,,FALSE,,FALSE,,0,FALSE,FALSE,
D,9.11,san francisco,Paul's Mobile Detailing,paul.detail415@gmail.com,paul.detail415@gmail.com,gosom_scraper,+1 415-678-7270,https://paulsmobiledetailing.com,"55 Elmira St, San Francisco, CA 94124, United States",https://www.google.com/maps/place/Paul%27s+Mobile+Detailing/data=!4m7!3m6!1s0x8085809ee9622a03:0x933ec48ff28f01c8!8m2!3d37.7374432!4d-122.4036982!16s%2Fg%2F11b6q02kwk!19sChIJAypi6Z6AhYARyAGP8o_EPpM,,,,https://www.yelp.com/biz/pauls-mobile-detailing-san-francisco-9,,,,,,,,,,,0,,,,,,,,,,,ok,,172,4.3,2,10,https://paulsmobiledetailing.com/,https://www.google.com/maps/place/Paul%27s+Mobile+Detailing/data=!4m7!3m6!1s0x8085809ee9622a03:0x933ec48ff28f01c8!8m2!3d37.7374432!4d-122.4036982!16s%2Fg%2F11b6q02kwk!19sChIJAypi6Z6AhYARyAGP8o_EPpM?authuser=0&hl=en&rclk=1,,FALSE,,FALSE,,1,FALSE,FALSE,
D,9.07,san francisco,Moe's Tire - Tire Shop in San Francisco,moestires887@gmail.com,moestires887@gmail.com;quotes@moestireservice.com,agent_browser_crawl;agent_browser_crawl,+1 415-704-6679,https://moestireservice.com,"3160 Mission St, San Francisco, CA 94110, United States",https://www.google.com/maps/place/Moe%27s+Tire+-+Tire+Shop+in+San+Francisco/data=!4m7!3m6!1s0x808f7fc5c13a54c5:0x8216ff314356038e!8m2!3d37.7466411!4d-122.4195169!16s%2Fg%2F11vymmsmrj!19sChIJxVQ6wcV_j4ARjgNWQzH_FoI,https://www.facebook.com/moestire,https://www.instagram.com/moestires/,http://www.linkedin.com/in/moestires,https://www.yelp.com/biz/moes-tires-san-bruno-3,https://www.tiktok.com/@moestires?,,,,,,,,,,0,,,,,,,,,,,ok,,1055,4.9,2,10,https://moestireservice.com/,https://www.google.com/maps/place/Moe%27s+Tire+-+Tire+Shop+in+San+Francisco/data=!4m7!3m6!1s0x808f7fc5c13a54c5:0x8216ff314356038e!8m2!3d37.7466411!4d-122.4195169!16s%2Fg%2F11vymmsmrj!19sChIJxVQ6wcV_j4ARjgNWQzH_FoI?authuser=0&hl=en&rclk=1,,FALSE,,FALSE,,0,FALSE,FALSE,
D,8.75,san francisco,Automotive Clinic,,,,+1 415-563-2915,https://www.autoclinicsf.com/AAA-Approved-Auto-Repair-Service.html,"2035 Divisadero St, San Francisco, CA 94115, United States",https://www.google.com/maps/place/Automotive+Clinic/data=!4m7!3m6!1s0x808580c9597d9d89:0xc8ce7fdd041db3f0!8m2!3d37.788593!4d-122.4407645!16s%2Fg%2F1vfp8ffp!19sChIJiZ19WcmAhYAR8LMdBN1_zsg,,,,,,,,,,,,,,,0,,,,,,,,,,,no_email_found,,445,4.7,2,10,,https://www.google.com/maps/place/Automotive+Clinic/data=!4m7!3m6!1s0x808580c9597d9d89:0xc8ce7fdd041db3f0!8m2!3d37.788593!4d-122.4407645!16s%2Fg%2F1vfp8ffp!19sChIJiZ19WcmAhYAR8LMdBN1_zsg?authuser=0&hl=en&rclk=1,,FALSE,,FALSE,,0,FALSE,FALSE,
D,8.48,san francisco,International Sport Motors,,,,+1 415-551-9930,https://ismotors.com,"440 9th St, San Francisco, CA 94103, United States",https://www.google.com/maps/place/International+Sport+Motors/data=!4m7!3m6!1s0x808f7e29195229bf:0x3b05278f70fa373b!8m2!3d37.7719079!4d-122.4094581!16s%2Fg%2F1tn4yd86!19sChIJvylSGSl-j4AROzf6cI8nBTs,,,,,,,,,,,,,,,0,,,,,,,,,,,cloudflare_blocked,,267,4.6,2,10,https://ismotors.com/,https://www.google.com/maps/place/International+Sport+Motors/data=!4m7!3m6!1s0x808f7e29195229bf:0x3b05278f70fa373b!8m2!3d37.7719079!4d-122.4094581!16s%2Fg%2F1tn4yd86!19sChIJvylSGSl-j4AROzf6cI8nBTs?authuser=0&hl=en&rclk=1,,FALSE,,FALSE,,0,FALSE,FALSE,
D,8.47,san francisco,Willy's Auto Repair Shop,willysautorepair@yahoo.com,willysautorepair@yahoo.com,gosom_scraper,+1 415-771-8805,http://www.willysautorepairsf.com,"943 Harrison St, San Francisco, CA 94107, United States",https://www.google.com/maps/place/Willy%27s+Auto+Repair+Shop/data=!4m7!3m6!1s0x808580803c7ad5b9:0xc540ef4174185b41!8m2!3d37.778123!4d-122.4026141!16s%2Fg%2F1tdsj_yy!19sChIJudV6PICAhYARQVsYdEHvQMU,https://www.facebook.com/WillysAutoRepairSF/?ref=hl,,,http://www.yelp.com/biz/willys-auto-repair-san-francisco,,,,,,,,,,delivery_quality,1,Everytime I drive past this guys shop I get annoyed but it was a lesson learned. Over $18k spent on my old school and 2 years of him having my car and not 1 receipt to show for the work he claimed to have done. I have a “rebuilt motor & …,,,,,,,,delivery_quality,,ok,,36,4.7,16,23,http://www.willysautorepairsf.com/,https://www.google.com/maps/place/Willy%27s+Auto+Repair+Shop/data=!4m7!3m6!1s0x808580803c7ad5b9:0xc540ef4174185b41!8m2!3d37.778123!4d-122.4026141!16s%2Fg%2F1tdsj_yy!19sChIJudV6PICAhYARQVsYdEHvQMU?authuser=0&hl=en&rclk=1,,FALSE,,FALSE,,1,FALSE,FALSE,
D,8.09,san francisco,"UFODRIVE: 24/7 Car Rental - San Francisco, Sutter & Stockton",contact@ufodrive.com,contact@ufodrive.com,gosom_scraper,,https://www.ufodrive.com/locations/san-francisco-sutter-stocketon-car-rental,"Sutter-Stockton Garage, 444 Stockton St, San Francisco, CA 94108, United States","https://www.google.com/maps/place/UFODRIVE:+24%2F7+Car+Rental+-+San+Francisco,+Sutter+%26+Stockton/data=!4m7!3m6!1s0x8085810e1d13a815:0xbfc5e48ba66a3187!8m2!3d37.7900691!4d-122.4064769!16s%2Fg%2F11jsh6jyh5!19sChIJFagTHQ6BhYARhzFqpovkxb8",https://www.facebook.com/UFODriveSocial,https://www.instagram.com/ufodrive/,https://www.linkedin.com/company/ufodrive/,,,,,,,,,,,frontline_communication,1,"2/March Update - The staff finally asked the right person and they have excepted my Australian licence . It is unclear how they have got around their insurance rules and it does make me nervous that I will go to get my car and they will cancel my booking. I will update my review after the hire.

1/ March Long story short, they didn't except my licence because I renewed it less than 2 years ago. Even though I have a full licence 40 years their insurance company requires proof of this. So if you can't prove it i.e an old licence, give them a miss. P.S it also took 5 days for someone to tell me this after about 20 messages back and forth to them. Completely useless.",,,,3,,Voice AI + Agentic CRM Outreach,silverthreadlabs.com/services/voice-agents,frontline_communication,,ok,,17,4.8,9,16,,"https://www.google.com/maps/place/UFODRIVE:+24%2F7+Car+Rental+-+San+Francisco,+Sutter+%26+Stockton/data=!4m7!3m6!1s0x8085810e1d13a815:0xbfc5e48ba66a3187!8m2!3d37.7900691!4d-122.4064769!16s%2Fg%2F11jsh6jyh5!19sChIJFagTHQ6BhYARhzFqpovkxb8?authuser=0&hl=en&rclk=1",,FALSE,,FALSE,,0,FALSE,TRUE,malformed
D,8.04,san francisco,Juarez Tires and Brakes,,,,+1 415-374-6581,http://www.juareztiressf.com,"2831 Cesar Chavez St, San Francisco, CA 94110, United States",https://www.google.com/maps/place/Juarez+Tires+and+Brakes/data=!4m7!3m6!1s0x808f7d775f37fd3f:0xe6f106684760f938!8m2!3d37.7486438!4d-122.4063975!16s%2Fg%2F11rdznd3vm!19sChIJP_03X3d9j4AROPlgR2gG8eY,,,,,,,,,,,,,,,0,,,,,,,,,,,open_error,,259,4.7,13,21,http://www.juareztiressf.com/,https://www.google.com/maps/place/Juarez+Tires+and+Brakes/data=!4m7!3m6!1s0x808f7d775f37fd3f:0xe6f106684760f938!8m2!3d37.7486438!4d-122.4063975!16s%2Fg%2F11rdznd3vm!19sChIJP_03X3d9j4AROPlgR2gG8eY?authuser=0&hl=en&rclk=1,,FALSE,,FALSE,,0,FALSE,FALSE,
D,7.77,san francisco,SF Auto Detail,,,,+1 415-776-1844,https://sites.google.com/view/san-francisco-auto-detail/home?fce_id=6767ffe2-71e5-4fb1-ae69-37e2218f1a78+https%3A%2F%2Fsites.google.com%2Fview%2Fsan-francisco-auto-detail%2Fhome%3Ffce_id%3D6767ffe2-71e5-4fb1-ae69-37e2218f1a78,"611 S Van Ness Ave, San Francisco, CA 94110, United States",https://www.google.com/maps/place/SF+Auto+Detail/data=!4m7!3m6!1s0x808581f807b8ad4f:0x5f05aed5e22cad09!8m2!3d37.7633394!4d-122.4170392!16s%2Fg%2F11sp7nxdsw!19sChIJT624B_iBhYARCa0s4tWuBV8,,,,,,,,,,,,,,,0,,,,,,,,,,,no_email_found,,389,4.9,3,11,https://sites.google.com/view/san-francisco-auto-detail/home?fce_id=6767ffe2-71e5-4fb1-ae69-37e2218f1a78%20https://sites.google.com/view/san-francisco-auto-detail/home?fce_id=6767ffe2-71e5-4fb1-ae69-37e2218f1a78,https://www.google.com/maps/place/SF+Auto+Detail/data=!4m7!3m6!1s0x808581f807b8ad4f:0x5f05aed5e22cad09!8m2!3d37.7633394!4d-122.4170392!16s%2Fg%2F11sp7nxdsw!19sChIJT624B_iBhYARCa0s4tWuBV8?authuser=0&hl=en&rclk=1,,FALSE,,FALSE,,0,FALSE,FALSE,
D,7.65,san francisco,San Francisco Automotive Solutions,,,,+1 415-957-1170,https://www.mysfcarguys.com,"846 Harrison St, San Francisco, CA 94107, United States",https://www.google.com/maps/place/San+Francisco+Automotive+Solutions/data=!4m7!3m6!1s0x8085807fd3695555:0xfb287e13764fcc56!8m2!3d37.7800362!4d-122.4008927!16s%2Fg%2F11d_7np_cq!19sChIJVVVp03-AhYARVsxPdhN-KPs,https://www.facebook.com/mysfcarguys/,https://www.instagram.com/mysfcarguys/,http://www.linkedin.com/company/17995420/,https://www.yelp.com/biz/san-francisco-automotive-solutions-san-francisco,,,,,,,,,,,0,,,,,,,,,,,no_email_found,,354,5,52,60,https://www.mysfcarguys.com/,https://www.google.com/maps/place/San+Francisco+Automotive+Solutions/data=!4m7!3m6!1s0x8085807fd3695555:0xfb287e13764fcc56!8m2!3d37.7800362!4d-122.4008927!16s%2Fg%2F11d_7np_cq!19sChIJVVVp03-AhYARVsxPdhN-KPs?authuser=0&hl=en&rclk=1,,FALSE,,FALSE,,0,FALSE,FALSE,
D,7.56,san francisco,Robert's Tires & Wheels,,,,+1 415-243-9282,https://www.robertstires.com,"986 Harrison St, San Francisco, CA 94107, United States",https://www.google.com/maps/place/Robert%27s+Tires+%26+Wheels/data=!4m7!3m6!1s0x8085808033e46f79:0x67e4208f94057440!8m2!3d37.7777277!4d-122.4039305!16s%2Fg%2F1tkc6xlj!19sChIJeW_kM4CAhYARQHQFlI8g5Gc,,,,,,,,,,,,,,,0,,,,,,,,,,,cloudflare_blocked,,132,4.6,6,10,https://www.robertstires.com/,https://www.google.com/maps/place/Robert%27s+Tires+%26+Wheels/data=!4m7!3m6!1s0x8085808033e46f79:0x67e4208f94057440!8m2!3d37.7777277!4d-122.4039305!16s%2Fg%2F1tkc6xlj!19sChIJeW_kM4CAhYARQHQFlI8g5Gc?authuser=0&hl=en&rclk=1,,FALSE,,FALSE,,0,FALSE,FALSE,
D,7.46,san francisco,SF Mobile Tire Repair Service,,,,+1 415-980-9058,,"1780 Folsom St, San Francisco, CA 94103, United States",https://www.google.com/maps/place/SF+Mobile+Tire+Repair+Service/data=!4m7!3m6!1s0x80858150c49247ad:0xaeef96a924d0be0c!8m2!3d37.7686499!4d-122.4161008!16s%2Fg%2F11xdvyqpzq!19sChIJrUeSxFCBhYARDL7QJKmW764,,,,,,,,,,,,,,,0,,,,,,,,,,,,,306,5,2,10,,https://www.google.com/maps/place/SF+Mobile+Tire+Repair+Service/data=!4m7!3m6!1s0x80858150c49247ad:0xaeef96a924d0be0c!8m2!3d37.7686499!4d-122.4161008!16s%2Fg%2F11xdvyqpzq!19sChIJrUeSxFCBhYARDL7QJKmW764?authuser=0&hl=en&rclk=1,,FALSE,,FALSE,,0,FALSE,FALSE,
D,7.44,san francisco,Cars Dawydiak,,,,+1 415-928-2277,https://www.carsauto.com,"1540 Bush St, San Francisco, CA 94109, United States",https://www.google.com/maps/place/Cars+Dawydiak/data=!4m7!3m6!1s0x80858094df5903ab:0xeaa6804b2ca81ea6!8m2!3d37.7886422!4d-122.4228794!16s%2Fg%2F11c6rksl_5!19sChIJqwNZ35SAhYARph6oLEuApuo,https://www.facebook.com/carsdawydiakinc,https://scontent-iad3-1.cdninstagram.com/v/t39.30808-6/457177433_18452549818013984_3418258734808781406_n.jpg?_nc_cat=110&ccb=1-7&_nc_sid=18de74&_nc_ohc=Fa3yYLHwAEsQ7kNvgGWUKu0&_nc_zt=23&_nc_ht=scontent-iad3-1.cdninstagram.com&edm=ANo9K5cEAAAA&_nc_gid=APSo6XUn_TUJPGTTgFCNpNY&oh=00_AYAuytAcoVAp32youxctRMTw7GG3I86e9T5LatEOB6xIeQ&oe=67563F40;https://scontent-iad3-1.cdninstagram.com/v/t39.30808-6/457612160_18453100447013984_5981996506233149952_n.jpg?_nc_cat=104&ccb=1-7&_nc_sid=18de74&_nc_ohc=YwGs4QGzgZ0Q7kNvgEtrCMf&_nc_zt=23&_nc_ht=scontent-iad3-1.cdninstagram.com&edm=ANo9K5cEAAAA&_nc_gid=APSo6XUn_TUJPGTTgFCNpNY&oh=00_AYD5UM_j_1WihmV9akAWhISFJbJJYCyDso0-ASS-EaSWUQ&oe=67562AFA;https://scontent-iad3-1.cdninstagram.com/v/t39.30808-6/459093043_18455186197013984_8239732721321575153_n.jpg?_nc_cat=101&ccb=1-7&_nc_sid=18de74&_nc_ohc=A0XmzUwAiC0Q7kNvgHeJ7mH&_nc_zt=23&_nc_ht=scontent-iad3-1.cdninstagram.com&edm=ANo9K5cEAAAA&_nc_gid=APSo6XUn_TUJPGTTgFCNpNY&oh=00_AYBC1JHsbdFRndldFrW8hbt0p2BzSZ2lGI6Yo6fus4Bslw&oe=67560EA7;https://scontent-iad3-1.cdninstagram.com/v/t51.29350-15/455364313_523334510369230_8547342453011525020_n.jpg?_nc_cat=102&ccb=1-7&_nc_sid=18de74&_nc_ohc=3pNeft2-ohcQ7kNvgHFWXm5&_nc_zt=23&_nc_ht=scontent-iad3-1.cdninstagram.com&edm=ANo9K5cEAAAA&_nc_gid=APSo6XUn_TUJPGTTgFCNpNY&oh=00_AYAsXs9o0myvLnfivg4qihw-_a_Cq52cLt-JAK1wIjMFrA&oe=67564214;https://scontent-iad3-1.cdninstagram.com/v/t51.29350-15/467043188_869827632020188_5655960953776154919_n.jpg?_nc_cat=108&ccb=1-7&_nc_sid=18de74&_nc_ohc=0TvBbx-Na7MQ7kNvgEz6lNc&_nc_zt=23&_nc_ht=scontent-iad3-1.cdninstagram.com&edm=ANo9K5cEAAAA&_nc_gid=APSo6XUn_TUJPGTTgFCNpNY&oh=00_AYDB7jB-IiS2V-K9hYjRiRZqxtYOdQcje40a-z20d2L0YQ&oe=67563208;https://scontent-iad3-1.cdninstagram.com/v/t51.75761-15/464269480_18463858819013984_4527446879431248264_n.jpg?_nc_cat=108&ccb=1-7&_nc_sid=18de74&_nc_ohc=HIAApJ45FPgQ7kNvgE7Vh0o&_nc_zt=23&_nc_ht=scontent-iad3-1.cdninstagram.com&edm=ANo9K5cEAAAA&_nc_gid=APSo6XUn_TUJPGTTgFCNpNY&oh=00_AYA-n0QQ87R_PRsxv24lEBWE0EhzrcoX7H30__DmlbxQwg&oe=67563F38;https://scontent-iad3-1.cdninstagram.com/v/t51.75761-15/465805823_18466469023013984_7409735763490939471_n.jpg?_nc_cat=104&ccb=1-7&_nc_sid=18de74&_nc_ohc=wzM--_ptnysQ7kNvgEpSnWY&_nc_zt=23&_nc_ht=scontent-iad3-1.cdninstagram.com&edm=ANo9K5cEAAAA&_nc_gid=APSo6XUn_TUJPGTTgFCNpNY&oh=00_AYBVR3cA6CD1U1KrmFaSNK7HNKvbu_dY-zyeHlHUaiIJCQ&oe=67563140;https://scontent-iad3-2.cdninstagram.com/v/t39.30808-6/456275342_18451559299013984_1202987066478456494_n.jpg?_nc_cat=100&ccb=1-7&_nc_sid=18de74&_nc_ohc=uIWJA1yi-IQQ7kNvgEEvEcd&_nc_zt=23&_nc_ht=scontent-iad3-2.cdninstagram.com&edm=ANo9K5cEAAAA&_nc_gid=APSo6XUn_TUJPGTTgFCNpNY&oh=00_AYA0oDt3rkfIXlQ8CNRiOFwNepadWA3OA6jjuRj7huqmGQ&oe=67562CF7;https://scontent-iad3-2.cdninstagram.com/v/t39.30808-6/459009415_18455168638013984_8189943332693385185_n.jpg?_nc_cat=109&ccb=1-7&_nc_sid=18de74&_nc_ohc=KMBsT1RaV3AQ7kNvgGBakQJ&_nc_zt=23&_nc_ht=scontent-iad3-2.cdninstagram.com&edm=ANo9K5cEAAAA&_nc_gid=APSo6XUn_TUJPGTTgFCNpNY&oh=00_AYDJTJXj6rpPYcZDD7UTKwT-BhTcTw4KZz0CanDZkysLZQ&oe=67563D07;https://scontent-iad3-2.cdninstagram.com/v/t39.30808-6/460671725_18457301059013984_6207931312993112835_n.jpg?_nc_cat=105&ccb=1-7&_nc_sid=18de74&_nc_ohc=b_owtHiDueMQ7kNvgFlkAU3&_nc_zt=23&_nc_ht=scontent-iad3-2.cdninstagram.com&edm=ANo9K5cEAAAA&_nc_gid=APSo6XUn_TUJPGTTgFCNpNY&oh=00_AYBdG1Xqj0JGIi1Z-DlTfsqNAaGzdfrMOe83ej7_sVd_DA&oe=6756272B;https://scontent-iad3-2.cdninstagram.com/v/t51.29350-15/452521804_1235943097580092_1697021439610983680_n.jpg?_nc_cat=100&ccb=1-7&_nc_sid=18de74&_nc_ohc=rD4HZUNyM78Q7kNvgFZ4cT7&_nc_zt=23&_nc_ht=scontent-iad3-2.cdninstagram.com&edm=ANo9K5cEAAAA&_nc_gid=APSo6XUn_TUJPGTTgFCNpNY&oh=00_AYDoOkmi6w2__lOTruxeCml1xVpb3DxQA0-UayFyAyQTqw&oe=67562432;https://scontent-iad3-2.cdninstagram.com/v/t51.29350-15/454726019_862285601984940_5019369895418259655_n.jpg?_nc_cat=106&ccb=1-7&_nc_sid=18de74&_nc_ohc=KCvjIQdHZd0Q7kNvgGdgb5M&_nc_zt=23&_nc_ht=scontent-iad3-2.cdninstagram.com&edm=ANo9K5cEAAAA&_nc_gid=APSo6XUn_TUJPGTTgFCNpNY&oh=00_AYAW0n0urcu9gCiGbmFMCWpH6ABgZd4zJB6UiGyFTvij6g&oe=675612D8;https://www.instagram.com/;https://www.instagram.com/carsdawydiak/;https://www.instagram.com/p/C-5QqmLJ7b2/;https://www.instagram.com/p/C-qbW0wSdLC/;https://www.instagram.com/p/C_HAAW2SEoE/;https://www.instagram.com/p/C_OlZXpSNOb/;https://www.instagram.com/p/C_qQ-kcvTks/;https://www.instagram.com/p/C_qb9PBvM-W/;https://www.instagram.com/p/DAHEk6eyho4/;https://www.instagram.com/p/DB9A5vSPyar/;https://www.instagram.com/p/DBcNSrYJl5-/;https://www.instagram.com/reel/C-bi_guvZej/;https://www.instagram.com/reel/C90Uz9jy6et/;https://www.instagram.com/reel/DCZlBK-p_tw/,,,,,,,,,,,,,0,,,,,,,,,,,no_email_found,,65,4.4,2,10,https://www.carsauto.com/,https://www.google.com/maps/place/Cars+Dawydiak/data=!4m7!3m6!1s0x80858094df5903ab:0xeaa6804b2ca81ea6!8m2!3d37.7886422!4d-122.4228794!16s%2Fg%2F11c6rksl_5!19sChIJqwNZ35SAhYARph6oLEuApuo?authuser=0&hl=en&rclk=1,,FALSE,,FALSE,,0,FALSE,FALSE,
D,7.24,san francisco,Selecta Auto Body,customerservice@selectaautobody.com,customerservice@selectaautobody.com;pw@paulwaters.org,gosom_scraper;agent_browser_crawl,+1 415-282-2665,https://www.selectaautobody.com,"3730 Mission St, San Francisco, CA 94110, United States",https://www.google.com/maps/place/Selecta+Auto+Body/data=!4m7!3m6!1s0x808f7e1256c29c65:0xbbf3f560efc4ecdb!8m2!3d37.736902!4d-122.42446!16s%2Fg%2F12hs49q_l!19sChIJZZzCVhJ-j4AR2-zE72D187s,https://www.facebook.com/Selecta-Auto-Body-206558742744281/,https://www.instagram.com/selecta_auto_body/,,https://www.yelp.com/biz/selecta-auto-body-san-francisco,,,,,,,,,,,0,,,,,,,,,,,ok,,191,4.8,2,10,https://www.selectaautobody.com/?y_source=1_MTQ4OTE0MTEtNzE1LWxvY2F0aW9uLndlYnNpdGU%3D,https://www.google.com/maps/place/Selecta+Auto+Body/data=!4m7!3m6!1s0x808f7e1256c29c65:0xbbf3f560efc4ecdb!8m2!3d37.736902!4d-122.42446!16s%2Fg%2F12hs49q_l!19sChIJZZzCVhJ-j4AR2-zE72D187s?authuser=0&hl=en&rclk=1,,FALSE,,FALSE,,0,FALSE,FALSE,
D,7.21,san francisco,Bay Motor Works,,,,+1 415-357-9888,https://www.bmwautorepairsf.com,"611 S Van Ness Ave, San Francisco, CA 94110, United States",https://www.google.com/maps/place/Bay+Motor+Works/data=!4m7!3m6!1s0x8085807e0307ff11:0xaf4df13351134db3!8m2!3d37.7633394!4d-122.4170392!16s%2Fg%2F1yg4d0qwm!19sChIJEf8HA36AhYARs00TUTPxTa8,,,,,,,,,,,,,,,0,,,,,,,,,,,no_email_found,,254,4.9,22,30,https://www.bmwautorepairsf.com/,https://www.google.com/maps/place/Bay+Motor+Works/data=!4m7!3m6!1s0x8085807e0307ff11:0xaf4df13351134db3!8m2!3d37.7633394!4d-122.4170392!16s%2Fg%2F1yg4d0qwm!19sChIJEf8HA36AhYARs00TUTPxTa8?authuser=0&hl=en&rclk=1,,FALSE,,FALSE,,0,FALSE,FALSE,
D,7.14,san francisco,Avenue Body Shop,noeflores@avenuebodyshop.com,noeflores@avenuebodyshop.com;info@avenuebodyshop.com,gosom_scraper;agent_browser_crawl,+1 415-864-4417,http://www.avenuebodyshop.com,"333 S Van Ness Ave, San Francisco, CA 94103, United States",https://www.google.com/maps/place/Avenue+Body+Shop/data=!4m7!3m6!1s0x808f7e26a7eee5d9:0xad39189236a6e085!8m2!3d37.7679138!4d-122.4176101!16s%2Fg%2F1tfpvhdp!19sChIJ2eXupyZ-j4ARheCmNpIYOa0,https://www.facebook.com/AvenueBodyShopSF/,https://www.instagram.com/avenue_body_shop/,,https://www.yelp.com/biz/avenue-body-shop-san-francisco,,,,,,,,,,,0,,,,,,,,,,,ok,,176,4.8,4,12,http://www.avenuebodyshop.com/,https://www.google.com/maps/place/Avenue+Body+Shop/data=!4m7!3m6!1s0x808f7e26a7eee5d9:0xad39189236a6e085!8m2!3d37.7679138!4d-122.4176101!16s%2Fg%2F1tfpvhdp!19sChIJ2eXupyZ-j4ARheCmNpIYOa0?authuser=0&hl=en&rclk=1,,FALSE,,FALSE,,0,FALSE,FALSE,
D,7.1,san francisco,SF Clean Car Detail,sfcardetail@gmail.com,sfcardetail@gmail.com;info@sfcleancar.com,gosom_scraper;agent_browser_crawl,+1 415-696-0074,https://sfcleancar.com,"Tower valet parking, Inc, 301 6th St, San Francisco, CA 94103, United States",https://www.google.com/maps/place/SF+Clean+Car+Detail/data=!4m7!3m6!1s0x8085808cfb26aed3:0x9c6b3de4a684d6cf!8m2!3d37.7785136!4d-122.4051585!16s%2Fg%2F1tfcnkw5!19sChIJ064m-4yAhYARz9aEpuQ9a5w,https://www.facebook.com/sfcleancar,https://www.instagram.com/chiuy49;https://www.instagram.com/chiuy49?utm_source=ig_web_button_share_sheet&igsh=ZDNlZDc0MzIxNw==,,,https://www.tiktok.com/@sfcleancar,,,,,,,,,,0,,,,,,,,,,,ok,,68,4.5,2,10,https://sfcleancar.com/,https://www.google.com/maps/place/SF+Clean+Car+Detail/data=!4m7!3m6!1s0x8085808cfb26aed3:0x9c6b3de4a684d6cf!8m2!3d37.7785136!4d-122.4051585!16s%2Fg%2F1tfcnkw5!19sChIJ064m-4yAhYARz9aEpuQ9a5w?authuser=0&hl=en&rclk=1,,FALSE,,FALSE,,0,FALSE,FALSE,
D,7.08,san francisco,VAS Motor Works Inc,,,,+1 415-818-1958,https://www.vwaudirepairsf.com,"3121 17th St, San Francisco, CA 94110, United States",https://www.google.com/maps/place/VAS+Motor+Works+Inc/data=!4m7!3m6!1s0x8085808369f5f485:0x47dd294537124cb0!8m2!3d37.7634422!4d-122.4158028!16s%2Fg%2F1ygbbg1yb!19sChIJhfT1aYOAhYARsEwSN0Up3Uc,,,,,,,,,,,,,,,0,,,,,,,,,,,no_email_found,,229,4.9,2,10,https://www.vwaudirepairsf.com/,https://www.google.com/maps/place/VAS+Motor+Works+Inc/data=!4m7!3m6!1s0x8085808369f5f485:0x47dd294537124cb0!8m2!3d37.7634422!4d-122.4158028!16s%2Fg%2F1ygbbg1yb!19sChIJhfT1aYOAhYARsEwSN0Up3Uc?authuser=0&hl=en&rclk=1,,FALSE,,FALSE,,0,FALSE,FALSE,
D,7.03,san francisco,Torx Motorsports Inc,8eb368c655b84e029ed79ad7a5c1718e@sentry.wixpress.com,8eb368c655b84e029ed79ad7a5c1718e@sentry.wixpress.com;c183baa23371454f99f417f6616b724d@sentry.wixpress.com;dd0a55ccb8124b9c9d938e3acf41f8aa@sentry.wixpress.com;info@torxmotorsports.com,agent_browser_crawl;agent_browser_crawl;agent_browser_crawl;agent_browser_crawl,+1 415-597-9911,http://www.torxmotorsports.com,"135 Clara St, San Francisco, CA 94107, United States",https://www.google.com/maps/place/Torx+Motorsports+Inc/data=!4m7!3m6!1s0x8085817bd012661b:0xbcbd357e79e14956!8m2!3d37.7804012!4d-122.4009546!16s%2Fg%2F1tp2_m2d!19sChIJG2YS0HuBhYARVknheX41vbw,http://www.facebook.com/torxmotorsports;https://www.facebook.com/Torx-Motorsports-109643230540874,https://instagram.com/torxmotorsports;https://www.instagram.com/torxmotorsports/,,,,,,,,,,,,,0,,,,,,,,,,,ok,,221,5,2,10,http://www.torxmotorsports.com/,https://www.google.com/maps/place/Torx+Motorsports+Inc/data=!4m7!3m6!1s0x8085817bd012661b:0xbcbd357e79e14956!8m2!3d37.7804012!4d-122.4009546!16s%2Fg%2F1tp2_m2d!19sChIJG2YS0HuBhYARVknheX41vbw?authuser=0&hl=en&rclk=1,,FALSE,,FALSE,,0,FALSE,FALSE,
D,6.83,san francisco,Mobile Tire Repair Service San Francisco,,,,+1 510-833-4911,,"2020 Ocean Ave, San Francisco, CA 94127, United States",https://www.google.com/maps/place/Mobile+Tire+Repair+Service+San+Francisco/data=!4m7!3m6!1s0x45fa13526c1821eb:0xdc9110bc90f2b73a!8m2!3d37.7264279!4d-122.4648241!16s%2Fg%2F11ww6q_km2!19sChIJ6yEYbFIT-kUROrfykLwQkdw,,,,,,,,,,,,,,,0,,,,,,,,,,,,,189,5,72,80,,https://www.google.com/maps/place/Mobile+Tire+Repair+Service+San+Francisco/data=!4m7!3m6!1s0x45fa13526c1821eb:0xdc9110bc90f2b73a!8m2!3d37.7264279!4d-122.4648241!16s%2Fg%2F11ww6q_km2!19sChIJ6yEYbFIT-kUROrfykLwQkdw?authuser=0&hl=en&rclk=1,,FALSE,,FALSE,,0,FALSE,FALSE,
D,6.76,san francisco,Danny's Auto Detailing,1eeb89147c984dc6bc3ffafd9e6cd089@sentry.wixpress.com,1eeb89147c984dc6bc3ffafd9e6cd089@sentry.wixpress.com;2062d0a4929b45348643784b5cb39c36@sentry.wixpress.com;271e9fa3230b4eec94b02bf95780f5f2@sentry.wixpress.com;460ff4620fa44cba8df530afde949785@sentry.wixpress.com;5d1795a2db124a268f1e1bd88f503500@sentry.wixpress.com;8eb368c655b84e029ed79ad7a5c1718e@sentry.wixpress.com;9a65e97ebe8141fca0c4fd686f70996b@sentry.wixpress.com;c183baa23371454f99f417f6616b724d@sentry.wixpress.com;danny@dannys-auto-detailing.com;dd0a55ccb8124b9c9d938e3acf41f8aa@sentry.wixpress.com;ed436f5053144538958ad06a5005e99a@sentry.wixpress.com,agent_browser_crawl;agent_browser_crawl;agent_browser_crawl;agent_browser_crawl;agent_browser_crawl;agent_browser_crawl;agent_browser_crawl;agent_browser_crawl;agent_browser_crawl;agent_browser_crawl;agent_browser_crawl,+1 415-726-4030,http://www.dannys-auto-detailing.com,"288 8th Ave, San Francisco, CA 94118, United States",https://www.google.com/maps/place/Danny%27s+Auto+Detailing/data=!4m7!3m6!1s0x808587d3bcaafd71:0x7bfe9811bfa20299!8m2!3d37.7833339!4d-122.4662952!16s%2Fg%2F11hflnqz4y!19sChIJcf2qvNOHhYARmQKivxGY_ns,https://www.facebook.com/dannys.auto.detailing.sf,https://www.instagram.com/dannys.auto.detailing_/,,,,https://www.youtube.com/channel/UCiwHX20ZKsJKGOp9SKJg4UQ,,,,,,,,,0,,,,,,,,,,,ok,,179,5,2,10,http://www.dannys-auto-detailing.com/,https://www.google.com/maps/place/Danny%27s+Auto+Detailing/data=!4m7!3m6!1s0x808587d3bcaafd71:0x7bfe9811bfa20299!8m2!3d37.7833339!4d-122.4662952!16s%2Fg%2F11hflnqz4y!19sChIJcf2qvNOHhYARmQKivxGY_ns?authuser=0&hl=en&rclk=1,,FALSE,,FALSE,,0,FALSE,FALSE,
D,6.74,san francisco,Veloce Collision - Body shop - Auto Repair - PPG Certified Paint,admin@velocecollision.com,admin@velocecollision.com,agent_browser_crawl,+1 415-231-0002,https://velocecollision.com,"1465 Donner Ave, San Francisco, CA 94124, United States",https://www.google.com/maps/place/Veloce+Collision+-+Body+shop+-+Auto+Repair+-+PPG+Certified+Paint/data=!4m7!3m6!1s0x808f7fd851dd5ccd:0x21a7ddb75bae9f39!8m2!3d37.7228643!4d-122.3915556!16s%2Fg%2F11vzdkh_qy!19sChIJzVzdUdh_j4AROZ-uW7fdpyE,,,,,,,,,,,,,,,0,,,,,,,,,,,ok,,177,5,2,10,https://velocecollision.com/?utm_medium=organic&utm_source=google&utm_campaign=gbp&utm_term=%7Bkeyword%7D&utm_content=gbp,https://www.google.com/maps/place/Veloce+Collision+-+Body+shop+-+Auto+Repair+-+PPG+Certified+Paint/data=!4m7!3m6!1s0x808f7fd851dd5ccd:0x21a7ddb75bae9f39!8m2!3d37.7228643!4d-122.3915556!16s%2Fg%2F11vzdkh_qy!19sChIJzVzdUdh_j4AROZ-uW7fdpyE?authuser=0&hl=en&rclk=1,,FALSE,,FALSE,,0,FALSE,FALSE,
D,6.72,san francisco,Noe Valley Auto Works,,,,+1 415-641-9200,https://www.noevalleyautoworks.com,"4050 24th St, San Francisco, CA 94114, United States",https://www.google.com/maps/place/Noe+Valley+Auto+Works/data=!4m7!3m6!1s0x808f7e1256c29c65:0x2636cb44ae9926b7!8m2!3d37.7514732!4d-122.4330168!16s%2Fg%2F1v1slg5g!19sChIJZZzCVhJ-j4ARtyaZrkTLNiY,,,,,,,,,,,,,,,0,,,,,,,,,,,cloudflare_blocked,,128,4.8,3,11,https://www.noevalleyautoworks.com/,https://www.google.com/maps/place/Noe+Valley+Auto+Works/data=!4m7!3m6!1s0x808f7e1256c29c65:0x2636cb44ae9926b7!8m2!3d37.7514732!4d-122.4330168!16s%2Fg%2F1v1slg5g!19sChIJZZzCVhJ-j4ARtyaZrkTLNiY?authuser=0&hl=en&rclk=1,,FALSE,,FALSE,,0,FALSE,FALSE,
D,6.7,san francisco,Golden Gate Auto Body,,,,+1 415-875-9660,https://goldengateautobody.com,"625 Mariposa St, San Francisco, CA 94107, United States",https://www.google.com/maps/place/Golden+Gate+Auto+Body/data=!4m7!3m6!1s0x808f7fc878b902db:0x84bea73693c123f5!8m2!3d37.764064!4d-122.390167!16s%2Fg%2F11c1ntgqtj!19sChIJ2wK5eMh_j4AR9SPBkzanvoQ,,,,,,,,,,,,,,,0,,,,,,,,,,,no_email_found,,171,5,2,10,https://goldengateautobody.com/,https://www.google.com/maps/place/Golden+Gate+Auto+Body/data=!4m7!3m6!1s0x808f7fc878b902db:0x84bea73693c123f5!8m2!3d37.764064!4d-122.390167!16s%2Fg%2F11c1ntgqtj!19sChIJ2wK5eMh_j4AR9SPBkzanvoQ?authuser=0&hl=en&rclk=1,,FALSE,,FALSE,,0,FALSE,FALSE,
D,6.63,san francisco,San Fran Mobile Tire Guys,admin@sanfranmobiletireguys.com,admin@sanfranmobiletireguys.com,agent_browser_crawl,+1 415-301-3419,https://sanfranmobiletireguys.com#b,"668 Guerrero St, San Francisco, CA 94110, United States",https://www.google.com/maps/place/San+Fran+Mobile+Tire+Guys/data=!4m7!3m6!1s0x808f7f96a976c8ff:0xf15b3c7a35b352!8m2!3d37.7604479!4d-122.424004!16s%2Fg%2F11ptv6mhjm!19sChIJ_8h2qZZ_j4ARUrM1ejxb8QA,,,,,,,,,,,,,,,0,,,,,,,,,,,ok,,162,5,2,10,https://sanfranmobiletireguys.com/#b,https://www.google.com/maps/place/San+Fran+Mobile+Tire+Guys/data=!4m7!3m6!1s0x808f7f96a976c8ff:0xf15b3c7a35b352!8m2!3d37.7604479!4d-122.424004!16s%2Fg%2F11ptv6mhjm!19sChIJ_8h2qZZ_j4ARUrM1ejxb8QA?authuser=0&hl=en&rclk=1,,FALSE,,FALSE,,0,FALSE,FALSE,
D,6.63,san francisco,Action Auto Care,,,,+1 415-487-1210,,"2040 17th St, San Francisco, CA 94103, United States",https://www.google.com/maps/place/Action+Auto+Care/data=!4m7!3m6!1s0x808f7e330067db97:0x2c66d126f8cf088c!8m2!3d37.7648424!4d-122.4041481!16s%2Fg%2F1tk8cbq9!19sChIJl9tnADN-j4ARjAjP-CbRZiw,,,,,,,,,,,,,,,0,,,,,,,,,,,,,162,5,62,70,,https://www.google.com/maps/place/Action+Auto+Care/data=!4m7!3m6!1s0x808f7e330067db97:0x2c66d126f8cf088c!8m2!3d37.7648424!4d-122.4041481!16s%2Fg%2F1tk8cbq9!19sChIJl9tnADN-j4ARjAjP-CbRZiw?authuser=0&hl=en&rclk=1,,FALSE,,FALSE,,0,FALSE,FALSE,
D,6.61,san francisco,Wow Auto Detailers,,,,,,"50 12th St, San Francisco, CA 94103, United States",https://www.google.com/maps/place/Wow+Auto+Detailers/data=!4m7!3m6!1s0x6e6c928bb6f124e3:0x290ff31b937a9d2d!8m2!3d37.7734886!4d-122.419533!16s%2Fg%2F11txgnkfkj!19sChIJ4yTxtouSbG4RLZ16kxvzDyk,,,,,,,,,,,,,,,0,,,,,,,,,,,,,160,5,2,10,,https://www.google.com/maps/place/Wow+Auto+Detailers/data=!4m7!3m6!1s0x6e6c928bb6f124e3:0x290ff31b937a9d2d!8m2!3d37.7734886!4d-122.419533!16s%2Fg%2F11txgnkfkj!19sChIJ4yTxtouSbG4RLZ16kxvzDyk?authuser=0&hl=en&rclk=1,,FALSE,,FALSE,,0,FALSE,TRUE,malformed
D,6.55,san francisco,Cole's Auto Detailing,colesautodetailingsf@gmail.com,colesautodetailingsf@gmail.com,agent_browser_crawl,+1 415-980-8933,https://colesautodetailing.co,"268 Pixley St, San Francisco, CA 94123, United States",https://www.google.com/maps/place/Cole%27s+Auto+Detailing/data=!4m7!3m6!1s0x258b511336c7c803:0x760be529ad53efeb!8m2!3d37.798477!4d-122.4368443!16s%2Fg%2F11w274njvs!19sChIJA8jHNhNRiyUR6-9TrSnlC3Y,,https://www.instagram.com/colesautodetailingsf/;https://www.instagram.com/motor.growth,,,https://www.tiktok.com/@colesdetailing,,,,,,,,,,0,,,,,,,,,,,ok,,152,5,2,10,https://colesautodetailing.co/,https://www.google.com/maps/place/Cole%27s+Auto+Detailing/data=!4m7!3m6!1s0x258b511336c7c803:0x760be529ad53efeb!8m2!3d37.798477!4d-122.4368443!16s%2Fg%2F11w274njvs!19sChIJA8jHNhNRiyUR6-9TrSnlC3Y?authuser=0&hl=en&rclk=1,,FALSE,,FALSE,,0,FALSE,FALSE,
D,6.45,san francisco,California Detailing,sales@californiadetailing.com,sales@californiadetailing.com;info@californiadetailing.com,gosom_scraper;agent_browser_crawl,+1 415-622-8237,http://www.californiadetailing.com,"1825 Folsom St, San Francisco, CA 94103, United States",https://www.google.com/maps/place/California+Detailing/data=!4m7!3m6!1s0x80858098ae666a91:0x2f0ea5edc05f7f1b!8m2!3d37.7681395!4d-122.4152366!16s%2Fg%2F1vv2sggn!19sChIJkWpmrpiAhYARG39fwO2lDi8,https://www.facebook.com/CaliforniaDetailing,https://www.instagram.com/californiadetailing/?hl=en,,https://www.yelp.com/biz/california-detailing-san-francisco,,,,,,,,,,,0,,,,,,,,,,,ok,,141,5,2,10,http://www.californiadetailing.com/,https://www.google.com/maps/place/California+Detailing/data=!4m7!3m6!1s0x80858098ae666a91:0x2f0ea5edc05f7f1b!8m2!3d37.7681395!4d-122.4152366!16s%2Fg%2F1vv2sggn!19sChIJkWpmrpiAhYARG39fwO2lDi8?authuser=0&hl=en&rclk=1,,FALSE,,FALSE,,0,FALSE,FALSE,
D,6.41,san francisco,Bright Mobile Auto Detailing,brightmobile.autodetailing23@gmail.com,brightmobile.autodetailing23@gmail.com,gosom_scraper,+1 415-524-3660,https://www.brightmobileautodetailing.com,"3090 Vicente St, San Francisco, CA 94116, United States",https://www.google.com/maps/place/Bright+Mobile+Auto+Detailing/data=!4m7!3m6!1s0x808587f34aab6951:0xee48309f20389393!8m2!3d37.7384698!4d-122.499746!16s%2Fg%2F11v09jywzb!19sChIJUWmrSvOHhYARk5M4IJ8wSO4,https://www.facebook.com/people/Bright-Mobile-Auto-Detailing/100063633802955/,https://www.instagram.com/bright_mobile_auto_detailing/,,https://www.yelp.com/biz/bright-mobile-auto-detailing-daly-city,,,,,,,,,,,0,,,,,,,,,,,ok,,137,5,2,10,https://www.brightmobileautodetailing.com/,https://www.google.com/maps/place/Bright+Mobile+Auto+Detailing/data=!4m7!3m6!1s0x808587f34aab6951:0xee48309f20389393!8m2!3d37.7384698!4d-122.499746!16s%2Fg%2F11v09jywzb!19sChIJUWmrSvOHhYARk5M4IJ8wSO4?authuser=0&hl=en&rclk=1,,FALSE,,FALSE,,0,FALSE,FALSE,
D,6.4,san francisco,Karry's Collision Center,KarrysCollisionCenter@yahoo.com,KarrysCollisionCenter@yahoo.com;karryscollisioncenter@yahoo.com,gosom_scraper,+1 415-538-8688,https://www.karryscollisioncenter.com,"610 Bryant St, San Francisco, CA 94107, United States",https://www.google.com/maps/place/Karry%27s+Collision+Center/data=!4m7!3m6!1s0x8085807f9b489525:0xed9f9eea485d87b9!8m2!3d37.7791246!4d-122.3990517!16s%2Fg%2F1tdbwzxp!19sChIJJZVIm3-AhYARuYddSOqen-0,https://www.facebook.com/Karrys-Auto-Body-1246719258775807/,https://www.instagram.com/karrysautobody/,,https://www.yelp.com/biz/karrys-collision-center-san-francisco,,,,,,,,,,,0,,,,,,,,,,,ok,,136,4.9,43,51,https://www.karryscollisioncenter.com/,https://www.google.com/maps/place/Karry%27s+Collision+Center/data=!4m7!3m6!1s0x8085807f9b489525:0xed9f9eea485d87b9!8m2!3d37.7791246!4d-122.3990517!16s%2Fg%2F1tdbwzxp!19sChIJJZVIm3-AhYARuYddSOqen-0?authuser=0&hl=en&rclk=1,,FALSE,,FALSE,,0,FALSE,FALSE,
D,6.33,san francisco,Call Car Collision - Auto Body Shop,info@callcarcollision.com,info@callcarcollision.com,gosom_scraper,+1 415-861-8440,http://www.callcarcollision.com,"1774 Mission St, San Francisco, CA 94103, United States",https://www.google.com/maps/place/Call+Car+Collision+-+Auto+Body+Shop/data=!4m7!3m6!1s0x808f7e2110ae0363:0xc8c30fbc96f8593b!8m2!3d37.768822!4d-122.420245!16s%2Fg%2F1wz52ys5!19sChIJYwOuECF-j4ARO1n4lrwPw8g,,,,https://www.yelp.com/biz/call-car-collision-san-francisco?override_cta=Get+pricing#reviews,,,,,,,,,,,0,,,,,,,,,,,ok,,129,5,2,10,http://www.callcarcollision.com/,https://www.google.com/maps/place/Call+Car+Collision+-+Auto+Body+Shop/data=!4m7!3m6!1s0x808f7e2110ae0363:0xc8c30fbc96f8593b!8m2!3d37.768822!4d-122.420245!16s%2Fg%2F1wz52ys5!19sChIJYwOuECF-j4ARO1n4lrwPw8g?authuser=0&hl=en&rclk=1,,FALSE,,FALSE,,0,FALSE,FALSE,
D,6.26,san francisco,Specialty Mobile Detailing,specialtymobiledetailing@gmail.com,specialtymobiledetailing@gmail.com,gosom_scraper,+1 415-302-7046,https://specialtymobiledetailing.com,"759 Capp St, San Francisco, CA 94110, United States",https://www.google.com/maps/place/Specialty+Mobile+Detailing/data=!4m7!3m6!1s0x808f7d0d91bffa3d:0x6dc8805bcc5b64e8!8m2!3d37.7542271!4d-122.4172016!16s%2Fg%2F11lgmc755y!19sChIJPfq_kQ19j4AR6GRbzFuAyG0,,,,,,,,,,,Gabriel Alcerro;Judy Liu;Skyler Huang,Gabriel Alcerro,,,0,,,,,,,,,,,ok,,122,5,2,10,https://specialtymobiledetailing.com/,https://www.google.com/maps/place/Specialty+Mobile+Detailing/data=!4m7!3m6!1s0x808f7d0d91bffa3d:0x6dc8805bcc5b64e8!8m2!3d37.7542271!4d-122.4172016!16s%2Fg%2F11lgmc755y!19sChIJPfq_kQ19j4AR6GRbzFuAyG0?authuser=0&hl=en&rclk=1,,FALSE,,FALSE,,0,FALSE,FALSE,
D,6.16,san francisco,San Francisco Body & Paint,sanfranbodyandpaint@yahoo.com,sanfranbodyandpaint@yahoo.com,gosom_scraper,+1 415-648-4257,http://sanfranciscoautobodypaint.com,"1630 Evans Ave, San Francisco, CA 94124, United States",https://www.google.com/maps/place/San+Francisco+Body+%26+Paint/data=!4m7!3m6!1s0x808f7fa78ad095f3:0x9508544688289ff3!8m2!3d37.7433957!4d-122.3887299!16s%2Fg%2F1tdlbz28!19sChIJ85XQiqd_j4AR858oiEZUCJU,,,,,,,,,,,,,,,0,,,,,,,,,,,open_error,,33,4.5,22,30,http://sanfranciscoautobodypaint.com/,https://www.google.com/maps/place/San+Francisco+Body+%26+Paint/data=!4m7!3m6!1s0x808f7fa78ad095f3:0x9508544688289ff3!8m2!3d37.7433957!4d-122.3887299!16s%2Fg%2F1tdlbz28!19sChIJ85XQiqd_j4AR858oiEZUCJU?authuser=0&hl=en&rclk=1,,FALSE,,FALSE,,0,FALSE,FALSE,
D,6.09,san francisco,Will's Auto Body Shop,contact@willsautobodyshop.com,contact@willsautobodyshop.com;hello@rfuenzalida.com;impallari@gmail.com,agent_browser_crawl;agent_browser_crawl;agent_browser_crawl,+1 415-563-8777,http://willsautobodyshop.com,"2715 Geary Blvd, San Francisco, CA 94118, United States",https://www.google.com/maps/place/Will%27s+Auto+Body+Shop/data=!4m7!3m6!1s0x8085874a9faa0bdd:0xf13669cb773cc928!8m2!3d37.7819338!4d-122.4482067!16s%2Fg%2F1tvtbkz8!19sChIJ3Quqn0qHhYARKMk8d8tpNvE,,https://www.instagram.com/wills_autobodyshop,,https://www.yelp.com/biz/wills-auto-body-shop-san-francisco-3?osq=wills+autobody+shop,,,,,,,,,,,0,,,,,,,,,,,ok,,107,4.9,2,10,http://willsautobodyshop.com/,https://www.google.com/maps/place/Will%27s+Auto+Body+Shop/data=!4m7!3m6!1s0x8085874a9faa0bdd:0xf13669cb773cc928!8m2!3d37.7819338!4d-122.4482067!16s%2Fg%2F1tvtbkz8!19sChIJ3Quqn0qHhYARKMk8d8tpNvE?authuser=0&hl=en&rclk=1,,FALSE,,FALSE,,0,FALSE,FALSE,
D,6.05,san francisco,Hayes Auto Repair,,,,+1 415-346-7061,,"2401 Bush St, San Francisco, CA 94115, United States",https://www.google.com/maps/place/Hayes+Auto+Repair/data=!4m7!3m6!1s0x808580c83c5c77b3:0xd66798ca2020ff54!8m2!3d37.7862902!4d-122.4371296!16s%2Fg%2F1tdr3jwb!19sChIJs3dcPMiAhYARVP8gIMqYZ9Y,,,,,,,,,,,,,,,0,,,,,,,,,,,,,104,4.9,2,10,,https://www.google.com/maps/place/Hayes+Auto+Repair/data=!4m7!3m6!1s0x808580c83c5c77b3:0xd66798ca2020ff54!8m2!3d37.7862902!4d-122.4371296!16s%2Fg%2F1tdr3jwb!19sChIJs3dcPMiAhYARVP8gIMqYZ9Y?authuser=0&hl=en&rclk=1,,FALSE,,FALSE,,0,FALSE,FALSE,
D,5.99,san francisco,Art Car Detailing Services,artcardetailingcom@gmail.com,artcardetailingcom@gmail.com,gosom_scraper,+1 415-707-9737,https://artcardetailing.com,"1231 21st Ave, San Francisco, CA 94122, United States",https://www.google.com/maps/place/Art+Car+Detailing+Services/data=!4m7!3m6!1s0x808587d1c0cd5759:0x26239caa64c864bd!8m2!3d37.7647066!4d-122.4796502!16s%2Fg%2F11y4tw3t81!19sChIJWVfNwNGHhYARvWTIZKqcIyY,,,,https://www.yelp.com/biz/art-car-detailing-san-francisco,,,,,,,,,,,0,,,,,,,,,,,ok,,99,5,2,10,https://artcardetailing.com/,https://www.google.com/maps/place/Art+Car+Detailing+Services/data=!4m7!3m6!1s0x808587d1c0cd5759:0x26239caa64c864bd!8m2!3d37.7647066!4d-122.4796502!16s%2Fg%2F11y4tw3t81!19sChIJWVfNwNGHhYARvWTIZKqcIyY?authuser=0&hl=en&rclk=1,,FALSE,,FALSE,,0,FALSE,FALSE,
D,5.97,san francisco,Domport Auto Body,,,,+1 415-861-2355,http://domportauto.com,"145 Capp St, San Francisco, CA 94110, United States",https://www.google.com/maps/place/Domport+Auto+Body/data=!4m7!3m6!1s0x80858098a9030a4d:0xfe3c8031b1bc9041!8m2!3d37.7643937!4d-122.4184978!16s%2Fg%2F1tk8ntw2!19sChIJTQoDqZiAhYARQZC8sTGAPP4,,,,,,,,,,,,,,,0,,,,,,,,,,,no_email_found,,72,4.8,4,11,http://domportauto.com/,https://www.google.com/maps/place/Domport+Auto+Body/data=!4m7!3m6!1s0x80858098a9030a4d:0xfe3c8031b1bc9041!8m2!3d37.7643937!4d-122.4184978!16s%2Fg%2F1tk8ntw2!19sChIJTQoDqZiAhYARQZC8sTGAPP4?authuser=0&hl=en&rclk=1,,FALSE,,FALSE,,0,FALSE,FALSE,
D,5.94,san francisco,Consumer Auto Body Inc,,,,+1 415-285-1547,http://www.consumerautobody.com,"923 Valencia St, San Francisco, CA 94110, United States",https://www.google.com/maps/place/Consumer+Auto+Body+Inc/data=!4m7!3m6!1s0x808f7e3c3313ea85:0x358d59699a3a300f!8m2!3d37.7581213!4d-122.4209327!16s%2Fg%2F1tcz8k6j!19sChIJheoTMzx-j4ARDzA6mmlZjTU,,,,https://www.yelp.com/biz/consumer-auto-body-repair-san-francisco-3,,,,,,,,,,,0,,,,,,,,,,,no_email_found,,28,4.5,15,22,http://www.consumerautobody.com/,https://www.google.com/maps/place/Consumer+Auto+Body+Inc/data=!4m7!3m6!1s0x808f7e3c3313ea85:0x358d59699a3a300f!8m2!3d37.7581213!4d-122.4209327!16s%2Fg%2F1tcz8k6j!19sChIJheoTMzx-j4ARDzA6mmlZjTU?authuser=0&hl=en&rclk=1,,FALSE,,FALSE,,0,FALSE,FALSE,
D,5.92,san francisco,"Bryant-Bay Area Auto Body, Inc.",webmaster@bryantautobody.com,webmaster@bryantautobody.com,agent_browser_crawl,+1 415-357-9828,http://www.bryantautobody.com,"950 Folsom St, San Francisco, CA 94107, United States","https://www.google.com/maps/place/Bryant-Bay+Area+Auto+Body,+Inc./data=!4m7!3m6!1s0x8085808108f247ab:0x39b1dd249331965f!8m2!3d37.7795295!4d-122.4047603!16s%2Fg%2F1tcxvgl6!19sChIJq0fyCIGAhYARX5YxkyTdsTk",,,,,,,,,,,,,,,0,,,,,,,,,,,ok,,94,5,2,10,http://www.bryantautobody.com/,"https://www.google.com/maps/place/Bryant-Bay+Area+Auto+Body,+Inc./data=!4m7!3m6!1s0x8085808108f247ab:0x39b1dd249331965f!8m2!3d37.7795295!4d-122.4047603!16s%2Fg%2F1tcxvgl6!19sChIJq0fyCIGAhYARX5YxkyTdsTk?authuser=0&hl=en&rclk=1",,FALSE,,FALSE,,0,FALSE,FALSE,
D,5.88,san francisco,"Golden Bay Detailing - Mobile Detailing, Ceramic Coating, Paint Correction",hello@goldenbaydetailing.com,hello@goldenbaydetailing.com,gosom_scraper,+1 415-483-5686,https://goldenbaydetailing.com,"4232 Judah St, San Francisco, CA 94122, United States","https://www.google.com/maps/place/Golden+Bay+Detailing+-+Mobile+Detailing,+Ceramic+Coating,+Paint+Correction/data=!4m7!3m6!1s0x8085872aea600393:0x14010fc889f71b29!8m2!3d37.760565!4d-122.5077012!16s%2Fg%2F11xl5q1_w3!19sChIJkwNg6iqHhYARKRv3icgPARQ",,https://www.instagram.com/golden_bay_detailing;https://www.instagram.com/p/DY0wkUiBEXs;https://www.instagram.com/p/DYI6vJohhky;https://www.instagram.com/p/DYI7rrUhnYg;https://www.instagram.com/p/DYaUVTBjxgB;https://www.instagram.com/p/DYqSNjWBjKU;https://www.instagram.com/p/DZUDhy7hG-r;https://www.instagram.com/p/DZYPqZnS0Kp;https://www.instagram.com/p/DZisuYAyK5_,,,,,,,,,,,,,0,,,,,,,,,,,ok,,91,5,2,10,https://goldenbaydetailing.com/,"https://www.google.com/maps/place/Golden+Bay+Detailing+-+Mobile+Detailing,+Ceramic+Coating,+Paint+Correction/data=!4m7!3m6!1s0x8085872aea600393:0x14010fc889f71b29!8m2!3d37.760565!4d-122.5077012!16s%2Fg%2F11xl5q1_w3!19sChIJkwNg6iqHhYARKRv3icgPARQ?authuser=0&hl=en&rclk=1",,FALSE,,FALSE,,0,FALSE,FALSE,
D,5.83,san francisco,Fog City Detail,impallari@gmail.com,impallari@gmail.com;team@latofonts.com,agent_browser_crawl;agent_browser_crawl,+1 650-898-7022,http://fogcitydetail.com,"639 Kirkham St, San Francisco, CA 94122, United States",https://www.google.com/maps/place/Fog+City+Detail/data=!4m7!3m6!1s0x2652e6cd988f7527:0x716e955c4bb4f636!8m2!3d37.7600325!4d-122.4678541!16s%2Fg%2F11rtsfqm0f!19sChIJJ3WPmM3mUiYRNva0S1yVbnE,,,,,,,,,,,,,,,0,,,,,,,,,,,ok,,88,5,2,10,http://fogcitydetail.com/,https://www.google.com/maps/place/Fog+City+Detail/data=!4m7!3m6!1s0x2652e6cd988f7527:0x716e955c4bb4f636!8m2!3d37.7600325!4d-122.4678541!16s%2Fg%2F11rtsfqm0f!19sChIJJ3WPmM3mUiYRNva0S1yVbnE?authuser=0&hl=en&rclk=1,,FALSE,,FALSE,,0,FALSE,FALSE,
D,5.79,san francisco,Big Brand Tire & Service,,,,+1 510-291-4562,https://www.bigbrandtire.com/locations/165-s-van-ness-ave-san-francisco-ca-94103,"165 S Van Ness Ave, San Francisco, CA 94103, United States",https://www.google.com/maps/place/Big+Brand+Tire+%26+Service/data=!4m7!3m6!1s0x808f7e273a7a7df5:0x761c782c417cac04!8m2!3d37.7710366!4d-122.4176697!16s%2Fg%2F11y0tkj_br!19sChIJ9X16Oid-j4ARBKx8QSx4HHY,https://www.facebook.com/bigbrandtireandservice;https://www.facebook.com/bigbrandtireandservice/1076,https://www.instagram.com/bigbrandtire,https://www.linkedin.com/company/big-brand-tire-&-service,https://www.yelp.com/writeareview/biz/GwbHn_mPeBoq0l1DYUE-XQ,,https://www.youtube.com/bigbrandtire,,,,,,,,,0,,,,,,,,,,,no_email_found,,85,4.9,2,10,,https://www.google.com/maps/place/Big+Brand+Tire+%26+Service/data=!4m7!3m6!1s0x808f7e273a7a7df5:0x761c782c417cac04!8m2!3d37.7710366!4d-122.4176697!16s%2Fg%2F11y0tkj_br!19sChIJ9X16Oid-j4ARBKx8QSx4HHY?authuser=0&hl=en&rclk=1,,FALSE,,FALSE,,0,FALSE,FALSE,
D,5.73,san francisco,"USA Auto Body & Painting, Inc.",,,,+1 415-626-6333,http://www.usaautobodyinc.com,"1655 Jerrold Ave, San Francisco, CA 94124, United States","https://www.google.com/maps/place/USA+Auto+Body+%26+Painting,+Inc./data=!4m7!3m6!1s0x808f7e2fdd8ad1cf:0xb8cc807c0c682174!8m2!3d37.7392045!4d-122.3906936!16s%2Fg%2F1tj52v5w!19sChIJz9GK3S9-j4ARdCFoDHyAzLg",,,,,,,,,,,,,,,0,,,,,,,,,,,open_error,,44,4.7,21,29,http://www.usaautobodyinc.com/,"https://www.google.com/maps/place/USA+Auto+Body+%26+Painting,+Inc./data=!4m7!3m6!1s0x808f7e2fdd8ad1cf:0xb8cc807c0c682174!8m2!3d37.7392045!4d-122.3906936!16s%2Fg%2F1tj52v5w!19sChIJz9GK3S9-j4ARdCFoDHyAzLg?authuser=0&hl=en&rclk=1",,FALSE,,FALSE,,1,FALSE,FALSE,
D,5.66,san francisco,Auto Body Garage,autobodygarage@gmail.com,autobodygarage@gmail.com,gosom_scraper,+1 415-371-8822,http://autobodygarage.com,"749 Bryant St, San Francisco, CA 94107, United States",https://www.google.com/maps/place/Auto+Body+Garage/data=!4m7!3m6!1s0x8085807f6adb4431:0x5ad5353f14541756!8m2!3d37.776773!4d-122.4011316!16s%2Fg%2F1thqgzwj!19sChIJMUTban-AhYARVhdUFD811Vo,https://www.facebook.com/Auto-Body-Garage-182386335134581,https://www.instagram.com/explore/locations/4303402/auto-body-garage,,https://www.yelp.com/biz/auto-body-garage-san-francisco?osq=autobody+garage,,,,,,,,,,,0,,,,,,,,,,,ok,,77,4.9,2,10,http://autobodygarage.com/,https://www.google.com/maps/place/Auto+Body+Garage/data=!4m7!3m6!1s0x8085807f6adb4431:0x5ad5353f14541756!8m2!3d37.776773!4d-122.4011316!16s%2Fg%2F1thqgzwj!19sChIJMUTban-AhYARVhdUFD811Vo?authuser=0&hl=en&rclk=1,,FALSE,,FALSE,,0,FALSE,FALSE,
D,5.64,san francisco,K & C Auto Service,,,,+1 415-882-1608,,"400 5th St, San Francisco, CA 94107, United States",https://www.google.com/maps/place/K+%26+C+Auto+Service/data=!4m7!3m6!1s0x808580800c912ec5:0xfde526aff4cd33be!8m2!3d37.7786043!4d-122.4018302!16s%2Fg%2F11c329shvr!19sChIJxS6RDICAhYARvjPN9K8m5f0,,,,,,,,,,,,,,,0,,,,,,,,,,,,,76,4.9,47,55,,https://www.google.com/maps/place/K+%26+C+Auto+Service/data=!4m7!3m6!1s0x808580800c912ec5:0xfde526aff4cd33be!8m2!3d37.7786043!4d-122.4018302!16s%2Fg%2F11c329shvr!19sChIJxS6RDICAhYARvjPN9K8m5f0?authuser=0&hl=en&rclk=1,,FALSE,,FALSE,,0,FALSE,FALSE,
D,5.63,san francisco,"Bismark Auto Body & Paint, INC",,,,+1 415-613-4343,https://autocollisionrepairsanfrancisco.com,"1670 15th St, San Francisco, CA 94103, United States","https://www.google.com/maps/place/Bismark+Auto+Body+%26+Paint,+INC/data=!4m7!3m6!1s0x808f7f0263db4e75:0x33199dfb69480989!8m2!3d37.7667986!4d-122.4214042!16s%2Fg%2F11mtrhl3pm!19sChIJdU7bYwJ_j4ARiQlIafudGTM",,,,,,,,,,,,,,,0,,,,,,,,,,,no_email_found,,75,5,54,62,https://autocollisionrepairsanfrancisco.com/,"https://www.google.com/maps/place/Bismark+Auto+Body+%26+Paint,+INC/data=!4m7!3m6!1s0x808f7f0263db4e75:0x33199dfb69480989!8m2!3d37.7667986!4d-122.4214042!16s%2Fg%2F11mtrhl3pm!19sChIJdU7bYwJ_j4ARiQlIafudGTM?authuser=0&hl=en&rclk=1",,FALSE,,FALSE,,0,FALSE,FALSE,
D,5.48,san francisco,Performance Imports,,,,+1 650-589-6247,,"945 Airport Blvd, South San Francisco, CA 94080, United States",https://www.google.com/maps/place/Performance+Imports/data=!4m7!3m6!1s0x808f77764f5db573:0x9549a64119d52917!8m2!3d37.6622202!4d-122.4029681!16s%2Fg%2F1tf435rx!19sChIJc7VdT3Z3j4ARFynVGUGmSZU,,,,,,,,,,,,,,,0,,,,,,,,,,,,,67,4.9,2,10,,https://www.google.com/maps/place/Performance+Imports/data=!4m7!3m6!1s0x808f77764f5db573:0x9549a64119d52917!8m2!3d37.6622202!4d-122.4029681!16s%2Fg%2F1tf435rx!19sChIJc7VdT3Z3j4ARFynVGUGmSZU?authuser=0&hl=en&rclk=1,,FALSE,,FALSE,,0,FALSE,FALSE,
D,5.42,san francisco,JT Mobile Auto Detailing,,,,+1 415-510-9513,,"475 Moscow St, San Francisco, CA 94112, United States",https://www.google.com/maps/place/JT+Mobile+Auto+Detailing/data=!4m7!3m6!1s0x8eb56681e6920af1:0x7ad015da228e773c!8m2!3d37.7200114!4d-122.4283254!16s%2Fg%2F11kk10skx7!19sChIJ8QqS5oFmtY4RPHeOItoV0Ho,,,,,,,,,,,,,,,0,,,,,,,,,,,,,64,5,2,10,,https://www.google.com/maps/place/JT+Mobile+Auto+Detailing/data=!4m7!3m6!1s0x8eb56681e6920af1:0x7ad015da228e773c!8m2!3d37.7200114!4d-122.4283254!16s%2Fg%2F11kk10skx7!19sChIJ8QqS5oFmtY4RPHeOItoV0Ho?authuser=0&hl=en&rclk=1,,FALSE,,FALSE,,0,FALSE,FALSE,
D,5.2,san francisco,Jeff’s Auto Detailing,,,,+1 415-818-3909,http://sfsupremeshine.com,"150 Monticello St, San Francisco, CA 94132, United States",https://www.google.com/maps/place/Jeff%E2%80%99s+Auto+Detailing/data=!4m7!3m6!1s0x808f7d162f2faabf:0x2a121592aa74034!8m2!3d37.7170328!4d-122.4705407!16s%2Fg%2F11wc4bq0bt!19sChIJv6ovLxZ9j4ARNECnKlkhoQI,,,,,,,,,,,,,,,0,,,,,,,,,,,no_email_found,,54,5,2,10,http://sfsupremeshine.com/,https://www.google.com/maps/place/Jeff%E2%80%99s+Auto+Detailing/data=!4m7!3m6!1s0x808f7d162f2faabf:0x2a121592aa74034!8m2!3d37.7170328!4d-122.4705407!16s%2Fg%2F11wc4bq0bt!19sChIJv6ovLxZ9j4ARNECnKlkhoQI?authuser=0&hl=en&rclk=1,,FALSE,,FALSE,,1,FALSE,FALSE,
D,5.17,san francisco,ImportTrix,,,,+1 415-577-1597,,"1233 Folsom St, San Francisco, CA 94103, United States",https://www.google.com/maps/place/ImportTrix/data=!4m7!3m6!1s0x15325ed51b73e3c3:0x394a152adb80d9d2!8m2!3d37.7743363!4d-122.410379!16s%2Fg%2F11b707htvk!19sChIJw-NzG9VeMhUR0tmA2yoVSjk,,,,,,,,,,,,,,,0,,,,,,,,,,,,,53,4.9,21,29,,https://www.google.com/maps/place/ImportTrix/data=!4m7!3m6!1s0x15325ed51b73e3c3:0x394a152adb80d9d2!8m2!3d37.7743363!4d-122.410379!16s%2Fg%2F11b707htvk!19sChIJw-NzG9VeMhUR0tmA2yoVSjk?authuser=0&hl=en&rclk=1,,FALSE,,FALSE,,0,FALSE,FALSE,
D,5.17,san francisco,Autobody Spa,autobodyspa@gmail.com,autobodyspa@gmail.com,gosom_scraper,+1 415-252-7790,http://autobodyspa.com,"375 Vermont St, San Francisco, CA 94103, United States",https://www.google.com/maps/place/Autobody+Spa/data=!4m7!3m6!1s0x808f7e33aabe0d33:0xed89a4748456633f!8m2!3d37.7647976!4d-122.4043406!16s%2Fg%2F1tgdcn46!19sChIJMw2-qjN-j4ARP2NWhHSkie0,https://www.facebook.com/autobody.spa,,,https://www.yelp.com/biz/autobody-spa-san-francisco,,,,,,,,,,,0,,,,,,,,,,,ok,,39,4.8,2,10,http://autobodyspa.com/,https://www.google.com/maps/place/Autobody+Spa/data=!4m7!3m6!1s0x808f7e33aabe0d33:0xed89a4748456633f!8m2!3d37.7647976!4d-122.4043406!16s%2Fg%2F1tgdcn46!19sChIJMw2-qjN-j4ARP2NWhHSkie0?authuser=0&hl=en&rclk=1,,FALSE,,FALSE,,0,FALSE,FALSE,
D,5.04,san francisco,Pearce Autotech,pearceautotech@gmail.com,pearceautotech@gmail.com,gosom_scraper,+1 415-546-5153,http://www.pearceautotech.com,"751 Ellis St, San Francisco, CA 94109, United States",https://www.google.com/maps/place/Pearce+Autotech/data=!4m7!3m6!1s0x808f7fd5eb4ecb57:0x3eebbc5f6c7fb51d!8m2!3d37.783883!4d-122.418611!16s%2Fg%2F1tf6s0mf!19sChIJV8tO69V_j4ARHbV_bF-86z4,https://www.facebook.com/Mini.Repair,http://instagram.com/pearceautotech,,https://www.yelp.com/biz/pearce-autotech-san-francisco-2;https://www.yelp.com/biz/pearce-autotech-san-francisco-2?utm_medium=biz_embedded_content&utm_source=biz_badge,,,,,,,,,,,0,,,,,,,,,,,ok,,48,5,2,10,http://www.pearceautotech.com/,https://www.google.com/maps/place/Pearce+Autotech/data=!4m7!3m6!1s0x808f7fd5eb4ecb57:0x3eebbc5f6c7fb51d!8m2!3d37.783883!4d-122.418611!16s%2Fg%2F1tf6s0mf!19sChIJV8tO69V_j4ARHbV_bF-86z4?authuser=0&hl=en&rclk=1,,FALSE,,FALSE,,0,FALSE,FALSE,
D,5.03,san francisco,Automotive Specialists,,,,+1 415-881-1845,,"718 Bryant St, San Francisco, CA 94107, United States",https://www.google.com/maps/place/Automotive+Specialists/data=!4m7!3m6!1s0x808f7fd556cb488b:0xe18c681446855ae1!8m2!3d37.7775046!4d-122.4009425!16s%2Fg%2F1tfl0fpl!19sChIJi0jLVtV_j4AR4VqFRhRojOE,,,,,,,,,,,,,,,0,,,,,,,,,,,,,35,4.8,10,18,,https://www.google.com/maps/place/Automotive+Specialists/data=!4m7!3m6!1s0x808f7fd556cb488b:0xe18c681446855ae1!8m2!3d37.7775046!4d-122.4009425!16s%2Fg%2F1tfl0fpl!19sChIJi0jLVtV_j4AR4VqFRhRojOE?authuser=0&hl=en&rclk=1,,FALSE,,FALSE,,0,FALSE,FALSE,
D,4.99,san francisco,SF European,,,,+1 415-265-9434,,"1634 Howard St, San Francisco, CA 94103, United States",https://www.google.com/maps/place/SF+European/data=!4m7!3m6!1s0x80858122ea0bcc45:0x4d66cdc1c0e10a6!8m2!3d37.771184!4d-122.417513!16s%2Fg%2F11fk4g0clr!19sChIJRcwL6iKBhYARphAOHNxs1gQ,,,,,,,,,,,,,,,0,,,,,,,,,,,,,25,4.7,3,11,,https://www.google.com/maps/place/SF+European/data=!4m7!3m6!1s0x80858122ea0bcc45:0x4d66cdc1c0e10a6!8m2!3d37.771184!4d-122.417513!16s%2Fg%2F11fk4g0clr!19sChIJRcwL6iKBhYARphAOHNxs1gQ?authuser=0&hl=en&rclk=1,,FALSE,,FALSE,,0,FALSE,FALSE,
D,4.93,san francisco,Pro Speed Auto Body,info@prospeedautobody.com,info@prospeedautobody.com,gosom_scraper,+1 415-495-8999,https://prospeedautobody.com,"562 Bryant St, San Francisco, CA 94107, United States",https://www.google.com/maps/place/Pro+Speed+Auto+Body/data=!4m7!3m6!1s0x8085807f1380a90b:0xdb2a5081089f1085!8m2!3d37.7803823!4d-122.3975029!16s%2Fg%2F1wzt2lnf!19sChIJC6mAE3-AhYARhRCfCIFQKts,,,,,,,,,,,,,,,0,,,,,,,,,,,ok,,44,5,21,29,https://prospeedautobody.com/,https://www.google.com/maps/place/Pro+Speed+Auto+Body/data=!4m7!3m6!1s0x8085807f1380a90b:0xdb2a5081089f1085!8m2!3d37.7803823!4d-122.3975029!16s%2Fg%2F1wzt2lnf!19sChIJC6mAE3-AhYARhRCfCIFQKts?authuser=0&hl=en&rclk=1,,FALSE,,FALSE,,0,FALSE,FALSE,
D,4.63,san francisco,DetailedByPrecision,Support@DetailedByPrecision.com,Support@DetailedByPrecision.com;support@detailedbyprecision.com,gosom_scraper,+1 415-601-4291,https://detailedbyprecision.com,"318 Paris St, San Francisco, CA 94112, United States",https://www.google.com/maps/place/DetailedByPrecision/data=!4m7!3m6!1s0x808f7e8f158f9e75:0xf48204ea0c7fb1b7!8m2!3d37.7235194!4d-122.4337472!16s%2Fg%2F11bzsfnx54!19sChIJdZ6PFY9-j4ARt7F_DOoEgvQ,,,,https://www.yelp.com/biz/detailedbyprecision-san-francisco-3,,https://www.youtube.com/c/DetailedByPrecision,,,,,,,,,0,,,,,,,,,,,ok,,35,5,3,11,https://detailedbyprecision.com/,https://www.google.com/maps/place/DetailedByPrecision/data=!4m7!3m6!1s0x808f7e8f158f9e75:0xf48204ea0c7fb1b7!8m2!3d37.7235194!4d-122.4337472!16s%2Fg%2F11bzsfnx54!19sChIJdZ6PFY9-j4ARt7F_DOoEgvQ?authuser=0&hl=en&rclk=1,,FALSE,,FALSE,,0,FALSE,FALSE,
D,4.59,san francisco,One Stop Tires,moonnad@yahoo.com,moonnad@yahoo.com,gosom_scraper,+1 415-349-4065,https://one-stop-tires-llc.brandrepmarketing.com/landing-page#section-eZ5p511yJ7,"4249 Mission St, San Francisco, CA 94112, United States",https://www.google.com/maps/place/One+Stop+Tires/data=!4m7!3m6!1s0x808f7f0cf38854f3:0x733f5b3fbd350851!8m2!3d37.7293818!4d-122.4302899!16s%2Fg%2F11z12_4q5r!19sChIJ81SI8wx_j4ARUQg1vT9bP3M,,,,,,,,,,,,,,,0,,,,,,,,,,,ok,,34,4.9,24,32,,https://www.google.com/maps/place/One+Stop+Tires/data=!4m7!3m6!1s0x808f7f0cf38854f3:0x733f5b3fbd350851!8m2!3d37.7293818!4d-122.4302899!16s%2Fg%2F11z12_4q5r!19sChIJ81SI8wx_j4ARUQg1vT9bP3M?authuser=0&hl=en&rclk=1,,FALSE,,FALSE,,0,FALSE,FALSE,
D,4.24,san francisco,Enthusiast Auto Care,,,,+1 415-830-4008,http://www.infiniticare.com,,https://www.google.com/maps/place/Enthusiast+Auto+Care/data=!4m7!3m6!1s0x808f7e77b5adee55:0x8f76bc7ea56b0d1a!8m2!3d37.7396424!4d-122.4487406!16s%2Fg%2F1td9_xyl!19sChIJVe6ttXd-j4ARGg1rpX68do8,,,,,,,,,,,,,,,0,,,,,,,,,,,open_error,,19,4.8,2,10,http://www.infiniticare.com/,https://www.google.com/maps/place/Enthusiast+Auto+Care/data=!4m7!3m6!1s0x808f7e77b5adee55:0x8f76bc7ea56b0d1a!8m2!3d37.7396424!4d-122.4487406!16s%2Fg%2F1td9_xyl!19sChIJVe6ttXd-j4ARGg1rpX68do8?authuser=0&hl=en&rclk=1,,FALSE,,FALSE,,0,FALSE,FALSE,
D,3.69,san francisco,Bay sf detailing,detailingbaysf@gmail.com,detailingbaysf@gmail.com,agent_browser_crawl,+1 415-629-2122,https://baysfdetailing.lovable.app,"363 6th St, San Francisco, CA 94103, United States",https://www.google.com/maps/place/Bay+sf+detailing/data=!4m7!3m6!1s0xa1c6358ea29c497b:0x7b65e1c014383898!8m2!3d37.7779352!4d-122.4046117!16s%2Fg%2F11z23t3_95!19sChIJe0mcoo41xqERmDg4FMDhZXs,,,,,,,,,,,,,,,0,,,,,,,,,,,ok,,17,5,9,17,https://baysfdetailing.lovable.app/,https://www.google.com/maps/place/Bay+sf+detailing/data=!4m7!3m6!1s0xa1c6358ea29c497b:0x7b65e1c014383898!8m2!3d37.7779352!4d-122.4046117!16s%2Fg%2F11z23t3_95!19sChIJe0mcoo41xqERmDg4FMDhZXs?authuser=0&hl=en&rclk=1,,FALSE,,FALSE,,0,FALSE,FALSE,
D,3.0,san francisco,At2Detailing,info@at2detailing.com,info@at2detailing.com,gosom_scraper,+1 415-579-6809,http://www.at2detailing.com#!contact/cgbd,"1641 Jackson St, San Francisco, CA 94109, United States",https://www.google.com/maps/place/At2Detailing/data=!4m7!3m6!1s0x808580ea47a0df3d:0x68178f98d22d100b!8m2!3d37.7939655!4d-122.4220427!16s%2Fg%2F11c1vjxm19!19sChIJPd-gR-qAhYARCxAt0piPF2g,,,,,,,,,,,,,,,0,,,,,,,,,,,ok,,10,5,0,7,http://www.at2detailing.com/#!contact/cgbd,https://www.google.com/maps/place/At2Detailing/data=!4m7!3m6!1s0x808580ea47a0df3d:0x68178f98d22d100b!8m2!3d37.7939655!4d-122.4220427!16s%2Fg%2F11c1vjxm19!19sChIJPd-gR-qAhYARCxAt0piPF2g?authuser=0&hl=en&rclk=1,,FALSE,,FALSE,,0,FALSE,FALSE,
D,0.0,san francisco,Parts Warehouse Distribution,,,,+1 650-616-4990,,"449 Littlefield Ave, South San Francisco, CA 94080, United States",https://www.google.com/maps/place/Parts+Warehouse+Distribution/data=!4m7!3m6!1s0x808f784eacdaa571:0xc3069ef09d88b7ea!8m2!3d37.6508642!4d-122.3951353!16s%2Fg%2F1tfctf_l!19sChIJcaXarE54j4AR6reInfCeBsM,,,,,,,,,,,,,,,0,,,,,,,,,,,,,1,5,0,1,,https://www.google.com/maps/place/Parts+Warehouse+Distribution/data=!4m7!3m6!1s0x808f784eacdaa571:0xc3069ef09d88b7ea!8m2!3d37.6508642!4d-122.3951353!16s%2Fg%2F1tfctf_l!19sChIJcaXarE54j4AR6reInfCeBsM?authuser=0&hl=en&rclk=1,,FALSE,,FALSE,,0,FALSE,FALSE,
D,0.0,san francisco,Shkib,,,,,,"San Francisco, CA 94103, United States",https://www.google.com/maps/place/Shkib/data=!4m7!3m6!1s0x808581002434621d:0xaac2e95bedce2256!8m2!3d37.7749295!4d-122.4194155!16s%2Fg%2F11z48x7rqn!19sChIJHWI0JACBhYARViLO7Vvpwqo,,,,,,,,,,,,,,,0,,,,,,,,,,,,,1,5,0,0,,https://www.google.com/maps/place/Shkib/data=!4m7!3m6!1s0x808581002434621d:0xaac2e95bedce2256!8m2!3d37.7749295!4d-122.4194155!16s%2Fg%2F11z48x7rqn!19sChIJHWI0JACBhYARViLO7Vvpwqo?authuser=0&hl=en&rclk=1,,FALSE,,FALSE,,0,FALSE,TRUE,malformed
C,17.72,san francisco,Thrifty Car Rental - San Francisco - O'farrell Street Ca Tle,,,,+1 415-771-5332,https://www.thrifty.com/us/en/location/unitedstates/california/sanfrancisco/sfoc02,"364 O'Farrell St, San Francisco, CA 94102, United States",https://www.google.com/maps/place/Thrifty+Car+Rental+-+San+Francisco+-+O%27farrell+Street+Ca+Tle/data=!4m7!3m6!1s0x8085808fafe78a0d:0x847276249afc0b57!8m2!3d37.7862794!4d-122.4106612!16s%2Fg%2F1tdd5h7g!19sChIJDYrnr4-AhYARVwv8miR2coQ,,,,,,,,,,,,,,,0,,,,,,,,,,,no_email_found,,375,2.4,10,11,https://www.thrifty.com/us/en/location/unitedstates/california/sanfrancisco/sfoc02?utm_campaign=gmb-Thrifty-Car-Rental---San-Francisco---O-farrell-Street-Ca-Tle&utm_medium=gmb-websitelink&utm_source=Google,https://www.google.com/maps/place/Thrifty+Car+Rental+-+San+Francisco+-+O%27farrell+Street+Ca+Tle/data=!4m7!3m6!1s0x8085808fafe78a0d:0x847276249afc0b57!8m2!3d37.7862794!4d-122.4106612!16s%2Fg%2F1tdd5h7g!19sChIJDYrnr4-AhYARVwv8miR2coQ?authuser=0&hl=en&rclk=1,,TRUE,known_dso,FALSE,,0,FALSE,FALSE,
C,17.28,san francisco,Hertz Car Rental - San Francisco - Mason Street,,,,+1 415-771-2200,https://www.hertz.com/us/en/location/unitedstates/california/sanfrancisco/sfoc10,"325 Mason St, San Francisco, CA 94102, United States",https://www.google.com/maps/place/Hertz+Car+Rental+-+San+Francisco+-+Mason+Street/data=!4m7!3m6!1s0x8085808f07cdad4f:0x10e8dc76f681b8d1!8m2!3d37.7866263!4d-122.4099191!16s%2Fg%2F1tf3zlj8!19sChIJT63NB4-AhYAR0biB9nbc6BA,,,,,,,,,,,,,,,0,,,,,,,,,,,no_email_found,,912,2.8,5,10,https://www.hertz.com/us/en/location/unitedstates/california/sanfrancisco/sfoc10?utm_campaign=gmb-Hertz-Car-Rental---San-Francisco---Mason-Street&utm_medium=gmb-websitelink&utm_source=Google,https://www.google.com/maps/place/Hertz+Car+Rental+-+San+Francisco+-+Mason+Street/data=!4m7!3m6!1s0x8085808f07cdad4f:0x10e8dc76f681b8d1!8m2!3d37.7866263!4d-122.4099191!16s%2Fg%2F1tf3zlj8!19sChIJT63NB4-AhYAR0biB9nbc6BA?authuser=0&hl=en&rclk=1,,TRUE,known_dso,FALSE,,0,FALSE,FALSE,
C,16.66,san francisco,Hertz Car Rental - San Francisco - San Francisco International Airport (SFO),,,,+1 650-624-6600,https://www.hertz.com/us/en/location/unitedstates/california/sanfrancisco/sfot15,"780 N McDonnell Rd, San Francisco, CA 94128, United States",https://www.google.com/maps/place/Hertz+Car+Rental+-+San+Francisco+-+San+Francisco+International+Airport+%28SFO%29/data=!4m7!3m6!1s0x808f782b5d912d6f:0x3c746fb16976bc13!8m2!3d37.6283417!4d-122.4004112!16s%2Fg%2F11b6sx1n3y!19sChIJby2RXSt4j4ARE7x2abFvdDw,,,,,,,,,,,,,,,0,,,,,,,,,,,no_email_found,,3567,3.4,2,10,https://www.hertz.com/us/en/location/unitedstates/california/sanfrancisco/sfot15?utm_campaign=gmb-Hertz-Car-Rental---San-Francisco---San-Francisco-International-Airport--SFO-&utm_medium=gmb-websitelink&utm_source=Google,https://www.google.com/maps/place/Hertz+Car+Rental+-+San+Francisco+-+San+Francisco+International+Airport+%28SFO%29/data=!4m7!3m6!1s0x808f782b5d912d6f:0x3c746fb16976bc13!8m2!3d37.6283417!4d-122.4004112!16s%2Fg%2F11b6sx1n3y!19sChIJby2RXSt4j4ARE7x2abFvdDw?authuser=0&hl=en&rclk=1,,TRUE,known_dso,FALSE,,0,FALSE,FALSE,
C,15.5,san francisco,Avis Car Rental,custserv@avis.com,custserv@avis.com,gosom_scraper,+1 650-877-6780,https://www.avis.com/en/locations/nam/us/ca/san-francisco/sfo,"780 N McDonnell Rd, San Francisco, CA 94128, United States",https://www.google.com/maps/place/Avis+Car+Rental/data=!4m7!3m6!1s0x808580873ead7ce1:0x321cfe10df42c7a1!8m2!3d37.628173!4d-122.400379!16s%2Fg%2F1tfrg_7d!19sChIJ4XytPoeAhYARocdC3xD-HDI,,,,,,,,,,,,,,,0,,,,,,,,,,,ok,,6795,3.9,5,11,https://www.avis.com/en/locations/nam/us/ca/san-francisco/sfo?utm_source=google&utm_medium=gbp&utm_campaign=avis_gbp,https://www.google.com/maps/place/Avis+Car+Rental/data=!4m7!3m6!1s0x808580873ead7ce1:0x321cfe10df42c7a1!8m2!3d37.628173!4d-122.400379!16s%2Fg%2F1tfrg_7d!19sChIJ4XytPoeAhYARocdC3xD-HDI?authuser=0&hl=en&rclk=1,,TRUE,known_dso,FALSE,,0,FALSE,FALSE,
D,14.05,san francisco,Avis Car Rental,custserv@avis.com,custserv@avis.com,gosom_scraper,+1 415-441-4141,https://www.avis.com/en/locations/nam/us/ca/san-francisco/fmw,"500 Beach St, San Francisco, CA 94133, United States",https://www.google.com/maps/place/Avis+Car+Rental/data=!4m7!3m6!1s0x808580e3e7f1cb87:0xeb2812cdad81b9ee!8m2!3d37.8073168!4d-122.4178729!16s%2Fg%2F1td20h82!19sChIJh8vx5-OAhYAR7rmBrc0SKOs,,,,,,,,,,,,,,,0,,,,,,,,,,,ok,,261,3.2,8,10,https://www.avis.com/en/locations/nam/us/ca/san-francisco/fmw?utm_source=google&utm_medium=gbp&utm_campaign=avis_gbp,https://www.google.com/maps/place/Avis+Car+Rental/data=!4m7!3m6!1s0x808580e3e7f1cb87:0xeb2812cdad81b9ee!8m2!3d37.8073168!4d-122.4178729!16s%2Fg%2F1td20h82!19sChIJh8vx5-OAhYAR7rmBrc0SKOs?authuser=0&hl=en&rclk=1,,TRUE,known_dso,FALSE,,0,FALSE,FALSE,
D,13.98,san francisco,Hertz Car Rental - San Francisco - Ellis Street,,,,+1 415-923-1119,https://www.hertz.com/us/en/location/unitedstates/california/sanfrancisco/sfoc13,"840 Ellis St, San Francisco, CA 94109, United States",https://www.google.com/maps/place/Hertz+Car+Rental+-+San+Francisco+-+Ellis+Street/data=!4m7!3m6!1s0x80858096603c6129:0x691b5acd7a0db7e8!8m2!3d37.7840666!4d-122.4201558!16s%2Fg%2F1tcxpx7j!19sChIJKWE8YJaAhYAR6LcNes1aG2k,,,,,,,,,,,,,,,0,,,,,,,,,,,no_email_found,,335,3.3,6,10,https://www.hertz.com/us/en/location/unitedstates/california/sanfrancisco/sfoc13?utm_campaign=gmb-Hertz-Car-Rental---San-Francisco---Ellis-Street&utm_medium=gmb-websitelink&utm_source=Google,https://www.google.com/maps/place/Hertz+Car+Rental+-+San+Francisco+-+Ellis+Street/data=!4m7!3m6!1s0x80858096603c6129:0x691b5acd7a0db7e8!8m2!3d37.7840666!4d-122.4201558!16s%2Fg%2F1tcxpx7j!19sChIJKWE8YJaAhYAR6LcNes1aG2k?authuser=0&hl=en&rclk=1,,TRUE,known_dso,FALSE,,0,FALSE,FALSE,
D,13.98,san francisco,Budget Car Rental,custserv@budget.com,custserv@budget.com,gosom_scraper,+1 415-674-1917,https://www.budget.com/en/locations/us/ca/san-francisco/us2,"675 Post St, San Francisco, CA 94109, United States",https://www.google.com/maps/place/Budget+Car+Rental/data=!4m7!3m6!1s0x8085808e1d851015:0x7cb54e3d37f419a4!8m2!3d37.7874764!4d-122.4127321!16s%2Fg%2F11b63f670b!19sChIJFRCFHY6AhYARpBn0Nz1OtXw,https://www.facebook.com/Budget/,https://www.instagram.com/budget/,https://www.linkedin.com/company/avis-budget-group/careers,,,https://www.youtube.com/user/Budget,,,,,,,,,0,,,,,,,,,,,ok,,335,3.3,7,10,https://www.budget.com/en/locations/us/ca/san-francisco/us2?utm_source=google&utm_medium=gbp&utm_campaign=budget_gbp,https://www.google.com/maps/place/Budget+Car+Rental/data=!4m7!3m6!1s0x8085808e1d851015:0x7cb54e3d37f419a4!8m2!3d37.7874764!4d-122.4127321!16s%2Fg%2F11b63f670b!19sChIJFRCFHY6AhYARpBn0Nz1OtXw?authuser=0&hl=en&rclk=1,,TRUE,dso_email_domain:budget.com,FALSE,,3,FALSE,FALSE,
D,13.9,san francisco,SIXT Car Rental - San Francisco International Airport (SFO),,,,+1 888-749-8227,https://www.sixt.com/car-rental/usa/san-francisco/sfo-san-francisco-airport/?c1=US&c2=san-francisco&c3=sfo-san-francisco-airport,"Car Rental Center, 780 N McDonnell Rd, San Francisco, CA 94128, United States",https://www.google.com/maps/place/SIXT+Car+Rental+-+San+Francisco+International+Airport+%28SFO%29/data=!4m7!3m6!1s0x808f79cac41b2ff5:0x39d444add93638fa!8m2!3d37.6283586!4d-122.4004988!16s%2Fg%2F11c453_wxq!19sChIJ9S8bxMp5j4AR-jg22a1E1Dk,,,,,,,,,,,,,,,0,,,,,,,,,,,cloudflare_blocked,,4993,4.2,7,11,https://www.sixt.com/car-rental/usa/san-francisco/sfo-san-francisco-airport/?utm_source=google_business&utm_medium=organic&utm_campaign=Listings&c1=US&c2=san-francisco&c3=sfo-san-francisco-airport,https://www.google.com/maps/place/SIXT+Car+Rental+-+San+Francisco+International+Airport+%28SFO%29/data=!4m7!3m6!1s0x808f79cac41b2ff5:0x39d444add93638fa!8m2!3d37.6283586!4d-122.4004988!16s%2Fg%2F11c453_wxq!19sChIJ9S8bxMp5j4AR-jg22a1E1Dk?authuser=0&hl=en&rclk=1,,TRUE,known_dso,FALSE,,0,FALSE,TRUE,metro_mismatch
D,11.99,san francisco,AutoZone Auto Parts,,,,+1 415-550-8630,https://www.autozone.com/locations/ca/san-francisco/1575-s-van-ness-ave.html?cmpid=LOC%3AUS%3AEN%3AAD%3ANL%3A1000000%3AGEN%3A4084,"1575 S Van Ness Ave, San Francisco, CA 94110, United States",https://www.google.com/maps/place/AutoZone+Auto+Parts/data=!4m7!3m6!1s0x808f7e45cb35f491:0x6c380a8b1d5f076e!8m2!3d37.7485744!4d-122.4156178!16s%2Fg%2F1hdzw9x2s!19sChIJkfQ1y0V-j4ARbgdfHYsKOGw,,,,,,,,,,,,,,,0,,,,,,,,,,,no_email_found,,625,4,6,10,https://www.autozone.com/locations/ca/san-francisco/1575-s-van-ness-ave.html?cmpid=LOC:US:EN:AD:NL:1000000:GEN:4084,https://www.google.com/maps/place/AutoZone+Auto+Parts/data=!4m7!3m6!1s0x808f7e45cb35f491:0x6c380a8b1d5f076e!8m2!3d37.7485744!4d-122.4156178!16s%2Fg%2F1hdzw9x2s!19sChIJkfQ1y0V-j4ARbgdfHYsKOGw?authuser=0&hl=en&rclk=1,,TRUE,known_dso,FALSE,,0,FALSE,FALSE,
D,11.78,san francisco,Wheel Works,120383@bfrc.com,120383@bfrc.com;smshelp@paradox.ai,gosom_scraper;agent_browser_crawl,+1 415-906-3476,https://www.wheelworks.net/california/san-francisco/1499-franklin-st/?cmp=oloc_google_localmaps_maps,"1499 Franklin St, San Francisco, CA 94109, United States",https://www.google.com/maps/place/Wheel+Works/data=!4m7!3m6!1s0x808580956444b633:0x8bb9ffc22e974f47!8m2!3d37.7880824!4d-122.423741!16s%2Fg%2F1wt3nn33!19sChIJM7ZEZJWAhYARR0-XLsL_uYs,https://www.facebook.com/wheelworksauto,,,,,,,,,,,,,,0,,,,,,,,,,,ok,,534,4,4,10,https://www.wheelworks.net/california/san-francisco/1499-franklin-st/?utm_source=google&utm_medium=organic&utm_campaign=localmaps&cmp=oloc_google_localmaps_maps,https://www.google.com/maps/place/Wheel+Works/data=!4m7!3m6!1s0x808580956444b633:0x8bb9ffc22e974f47!8m2!3d37.7880824!4d-122.423741!16s%2Fg%2F1wt3nn33!19sChIJM7ZEZJWAhYARR0-XLsL_uYs?authuser=0&hl=en&rclk=1,,TRUE,known_dso,FALSE,,0,FALSE,FALSE,
D,11.7,san francisco,SIXT Rent a Car San Francisco Fishermans Wharf,,,,+1 888-749-8227,https://www.sixt.com/car-rental/usa/san-francisco/san-francisco-fishermans-wharf/?c1=US&c2=san-francisco&c3=san-francisco-fishermans-wharf,"1365 Columbus Ave, San Francisco, CA 94133, United States",https://www.google.com/maps/place/SIXT+Rent+a+Car+San+Francisco+Fishermans+Wharf/data=!4m7!3m6!1s0x808580e162e00d49:0x7d43517bd7573232!8m2!3d37.806671!4d-122.4196435!16s%2Fg%2F11bxjs1p_4!19sChIJSQ3gYuGAhYARMjJX13tRQ30,,,,,,,,,,,,,,,0,,,,,,,,,,,cloudflare_blocked,,929,4.2,3,10,https://www.sixt.com/car-rental/usa/san-francisco/san-francisco-fishermans-wharf/?utm_source=google_business&utm_medium=organic&utm_campaign=Listings&c1=US&c2=san-francisco&c3=san-francisco-fishermans-wharf,https://www.google.com/maps/place/SIXT+Rent+a+Car+San+Francisco+Fishermans+Wharf/data=!4m7!3m6!1s0x808580e162e00d49:0x7d43517bd7573232!8m2!3d37.806671!4d-122.4196435!16s%2Fg%2F11bxjs1p_4!19sChIJSQ3gYuGAhYARMjJX13tRQ30?authuser=0&hl=en&rclk=1,,TRUE,known_dso,FALSE,,0,FALSE,TRUE,metro_mismatch
D,11.7,san francisco,O'Reilly Auto Parts,,,,+1 415-431-3386,https://locations.oreillyauto.com/en-us/ca/sanfrancisco/autoparts-3032.html,"2300 16th St, San Francisco, CA 94103, United States",https://www.google.com/maps/place/O%27Reilly+Auto+Parts/data=!4m7!3m6!1s0x808f7e2fcae1adf5:0x3cc471b8fd6f22bc!8m2!3d37.7659835!4d-122.4078445!16s%2Fg%2F1tgzblb6!19sChIJ9a3hyi9-j4ARvCJv_bhxxDw,https://www.facebook.com/361679163851893/reviews/?ref=page_internal;https://www.facebook.com/OreillyAutoParts,https://instagram.com/oreillyautoparts,,,https://www.tiktok.com/@oreillyautopartesmx,https://www.youtube.com/user/OReillyAutoParts,,,,,,,,,0,,,,,,,,,,,no_email_found,,501,4,53,60,,https://www.google.com/maps/place/O%27Reilly+Auto+Parts/data=!4m7!3m6!1s0x808f7e2fcae1adf5:0x3cc471b8fd6f22bc!8m2!3d37.7659835!4d-122.4078445!16s%2Fg%2F1tgzblb6!19sChIJ9a3hyi9-j4ARvCJv_bhxxDw?authuser=0&hl=en&rclk=1,,TRUE,known_dso,FALSE,,0,FALSE,FALSE,
D,11.62,san francisco,Big O Tires,store005253@bigostores.com,store005253@bigostores.com,gosom_scraper,+1 415-689-6763,https://www.bigotires.com/location/ca/san-francisco/3040-geary-blvd-94118/005253,"3040 Geary Blvd, San Francisco, CA 94118, United States",https://www.google.com/maps/place/Big+O+Tires/data=!4m7!3m6!1s0x80858735e3ffeb9b:0x22860b98613015d9!8m2!3d37.7821935!4d-122.4520094!16s%2Fg%2F1tdp9vl8!19sChIJm-v_4zWHhYAR2RUwYZgLhiI,https://www.facebook.com/BigOTires,https://www.instagram.com/bigotiresofficial/,,,,,,,,,,,,,0,,,,,,,,,,,ok,,872,4.2,4,10,https://www.bigotires.com/location/ca/san-francisco/3040-geary-blvd-94118/005253?utm_source=google&utm_medium=maps&utm_campaign=google+maps&y_source=1_OTkyNzQyNi03MTUtbG9jYXRpb24ud2Vic2l0ZQ%3D%3D,https://www.google.com/maps/place/Big+O+Tires/data=!4m7!3m6!1s0x80858735e3ffeb9b:0x22860b98613015d9!8m2!3d37.7821935!4d-122.4520094!16s%2Fg%2F1tdp9vl8!19sChIJm-v_4zWHhYAR2RUwYZgLhiI?authuser=0&hl=en&rclk=1,,TRUE,known_dso,FALSE,,0,FALSE,FALSE,
D,11.56,san francisco,SIXT Rent a Car San Francisco Mission District,,,,+1 888-749-8227,https://www.sixt.com/car-rental/usa/san-francisco/san-francisco-mission-district/?c1=US&c2=san-francisco&c3=san-francisco-mission-district,"475 S Van Ness Ave, San Francisco, CA 94103, United States",https://www.google.com/maps/place/SIXT+Rent+a+Car+San+Francisco+Mission+District/data=!4m7!3m6!1s0x808f7f422f03ca43:0x64046973b3c2701b!8m2!3d37.7654171!4d-122.4173046!16s%2Fg%2F11h7b4l5s1!19sChIJQ8oDL0J_j4ARG3DCs3NpBGQ,,,,,,,,,,,,,,,0,,,,,,,,,,,cloudflare_blocked,,610,4.1,6,11,https://www.sixt.com/car-rental/usa/san-francisco/san-francisco-mission-district/?utm_source=google_business&utm_medium=organic&utm_campaign=Listings&c1=US&c2=san-francisco&c3=san-francisco-mission-district,https://www.google.com/maps/place/SIXT+Rent+a+Car+San+Francisco+Mission+District/data=!4m7!3m6!1s0x808f7f422f03ca43:0x64046973b3c2701b!8m2!3d37.7654171!4d-122.4173046!16s%2Fg%2F11h7b4l5s1!19sChIJQ8oDL0J_j4ARG3DCs3NpBGQ?authuser=0&hl=en&rclk=1,,TRUE,known_dso,FALSE,,0,FALSE,TRUE,metro_mismatch
D,11.39,san francisco,O'Reilly Auto Parts,,,,+1 415-695-0882,https://locations.oreillyauto.com/en-us/ca/sanfrancisco/autoparts-3760.html,"353 Bayshore Blvd, San Francisco, CA 94124, United States",https://www.google.com/maps/place/O%27Reilly+Auto+Parts/data=!4m7!3m6!1s0x808f7e541460befd:0x941ff0044fa54c7a!8m2!3d37.7418076!4d-122.405177!16s%2Fg%2F1tj9tkmg!19sChIJ_b5gFFR-j4ARekylTwTwH5Q,https://www.facebook.com/361679163851893/reviews/?ref=page_internal;https://www.facebook.com/OreillyAutoParts,https://instagram.com/oreillyautoparts,,,https://www.tiktok.com/@oreillyautopartesmx,https://www.youtube.com/user/OReillyAutoParts,,,,,,,,,0,,,,,,,,,,,no_email_found,,213,3.8,77,81,,https://www.google.com/maps/place/O%27Reilly+Auto+Parts/data=!4m7!3m6!1s0x808f7e541460befd:0x941ff0044fa54c7a!8m2!3d37.7418076!4d-122.405177!16s%2Fg%2F1tj9tkmg!19sChIJ_b5gFFR-j4ARekylTwTwH5Q?authuser=0&hl=en&rclk=1,,TRUE,known_dso,FALSE,,0,FALSE,FALSE,
D,11.24,san francisco,Firestone Complete Auto Care,012645@bfrc.com,012645@bfrc.com;smshelp@paradox.ai,gosom_scraper;agent_browser_crawl,+1 415-906-2561,https://www.firestonecompleteautocare.com/california/san-francisco/1501-mission-st/?cmp=oloc_google_localmaps_maps,"1501 Mission St, San Francisco, CA 94103, United States",https://www.google.com/maps/place/Firestone+Complete+Auto+Care/data=!4m7!3m6!1s0x8085809dc1c3544f:0x8de06346b77a1446!8m2!3d37.7738832!4d-122.417194!16s%2Fg%2F1tfzxqgq!19sChIJT1TDwZ2AhYARRhR6t0Zj4I0,https://www.facebook.com/FirestoneCompleteAuto,https://www.instagram.com/firestoneauto,,,https://www.tiktok.com/@firestoneauto,,,,,,,,,,0,,,,,,,,,,,ok,,650,4.2,4,10,https://www.firestonecompleteautocare.com/california/san-francisco/1501-mission-st/?utm_source=google&utm_medium=organic&utm_campaign=localmaps&cmp=oloc_google_localmaps_maps,https://www.google.com/maps/place/Firestone+Complete+Auto+Care/data=!4m7!3m6!1s0x8085809dc1c3544f:0x8de06346b77a1446!8m2!3d37.7738832!4d-122.417194!16s%2Fg%2F1tfzxqgq!19sChIJT1TDwZ2AhYARRhR6t0Zj4I0?authuser=0&hl=en&rclk=1,,TRUE,known_dso,FALSE,,0,FALSE,FALSE,
D,11.09,san francisco,NAPA Auto Parts,,,,+1 415-826-7400,https://www.napaonline.com/en/CA/San-Francisco/store/26167?cid=pl_gpc_google_dac_26167_ao,"1640 Evans Ave, San Francisco, CA 94124, United States",https://www.google.com/maps/place/NAPA+Auto+Parts/data=!4m7!3m6!1s0x808f7fa7f66bcf9f:0x8acd4294a06bb40d!8m2!3d37.743637!4d-122.388806!16s%2Fg%2F1tftx5n0!19sChIJn89r9qd_j4ARDbRroJRCzYo,,,,,,,,,,,,,,,0,,,,,,,,,,,cloudflare_blocked,,92,3.6,43,48,,https://www.google.com/maps/place/NAPA+Auto+Parts/data=!4m7!3m6!1s0x808f7fa7f66bcf9f:0x8acd4294a06bb40d!8m2!3d37.743637!4d-122.388806!16s%2Fg%2F1tftx5n0!19sChIJn89r9qd_j4ARDbRroJRCzYo?authuser=0&hl=en&rclk=1,,TRUE,known_dso,FALSE,,0,FALSE,FALSE,
D,11.02,san francisco,Enterprise Rent-A-Car,nosub_enerpriserentalcar@lexisnexis.com,nosub_enerpriserentalcar@lexisnexis.com,agent_browser_crawl,+1 415-522-5900,https://www.enterprise.com/en/car-rental-locations/us/ca/san-francisco-soma-mission-st-23gp.html?mcid=yext%3A245709,"1600 Mission St, San Francisco, CA 94103, United States",https://www.google.com/maps/place/Enterprise+Rent-A-Car/data=!4m7!3m6!1s0x8085809e1cd49ee7:0xcfe73209101768ae!8m2!3d37.7723261!4d-122.419387!16s%2Fg%2F1tkc6xm2!19sChIJ557UHJ6AhYARrmgXEAky588,https://www.facebook.com/enterprise,https://www.instagram.com/enterprise/,https://www.linkedin.com/company/enterprise-rent-a-car/,,,https://www.youtube.com/user/EnterpriseRAC,,,,,,,,,0,,,,,,,,,,,ok,,404,4.1,2,10,https://www.enterprise.com/en/car-rental-locations/us/ca/san-francisco-soma-mission-st-23gp.html?mcid=yext:245709,https://www.google.com/maps/place/Enterprise+Rent-A-Car/data=!4m7!3m6!1s0x8085809e1cd49ee7:0xcfe73209101768ae!8m2!3d37.7723261!4d-122.419387!16s%2Fg%2F1tkc6xm2!19sChIJ557UHJ6AhYARrmgXEAky588?authuser=0&hl=en&rclk=1,,TRUE,known_dso,FALSE,,0,FALSE,FALSE,
D,11.01,san francisco,Hertz Car Rental - San Francisco - Beach Street,,,,+1 415-674-8330,https://www.hertz.com/us/en/location/unitedstates/california/sanfrancisco/sfoc12,"500 Beach St Ste 121, San Francisco, CA 94133, United States",https://www.google.com/maps/place/Hertz+Car+Rental+-+San+Francisco+-+Beach+Street/data=!4m7!3m6!1s0x808580e3dc8aa8f1:0x44243293bd1e8e94!8m2!3d37.8071565!4d-122.4180191!16s%2Fg%2F1tvgvkrg!19sChIJ8aiK3OOAhYARlI4evZMyJEQ,,,,,,,,,,,,,,,0,,,,,,,,,,,no_email_found,,295,4,5,10,https://www.hertz.com/us/en/location/unitedstates/california/sanfrancisco/sfoc12?utm_campaign=gmb-Hertz-Car-Rental---San-Francisco---Beach-Street&utm_medium=gmb-websitelink&utm_source=Google,https://www.google.com/maps/place/Hertz+Car+Rental+-+San+Francisco+-+Beach+Street/data=!4m7!3m6!1s0x808580e3dc8aa8f1:0x44243293bd1e8e94!8m2!3d37.8071565!4d-122.4180191!16s%2Fg%2F1tvgvkrg!19sChIJ8aiK3OOAhYARlI4evZMyJEQ?authuser=0&hl=en&rclk=1,,TRUE,known_dso,FALSE,,0,FALSE,FALSE,
D,10.97,san francisco,Enterprise Rent-A-Car,nosub_enerpriserentalcar@lexisnexis.com,nosub_enerpriserentalcar@lexisnexis.com,agent_browser_crawl,+1 415-837-1700,https://www.enterprise.com/en/car-rental-locations/us/ca/san-francisco-union-square-233g.html?mcid=yext%3A245709,"233 Ellis St, San Francisco, CA 94102, United States",https://www.google.com/maps/place/Enterprise+Rent-A-Car/data=!4m7!3m6!1s0x8085808f73796d7f:0x19f20014768dc0a!8m2!3d37.7851136!4d-122.4101308!16s%2Fg%2F12hrymhlf!19sChIJf215c4-AhYARCtxoRwEgnwE,https://www.facebook.com/enterprise,https://www.instagram.com/enterprise/,https://www.linkedin.com/company/enterprise-rent-a-car/,,,https://www.youtube.com/user/EnterpriseRAC,,,,,,,,,0,,,,,,,,,,,ok,,388,4.1,4,10,https://www.enterprise.com/en/car-rental-locations/us/ca/san-francisco-union-square-233g.html?mcid=yext:245709,https://www.google.com/maps/place/Enterprise+Rent-A-Car/data=!4m7!3m6!1s0x8085808f73796d7f:0x19f20014768dc0a!8m2!3d37.7851136!4d-122.4101308!16s%2Fg%2F12hrymhlf!19sChIJf215c4-AhYARCtxoRwEgnwE?authuser=0&hl=en&rclk=1,,TRUE,known_dso,FALSE,,0,FALSE,FALSE,
D,10.96,san francisco,O'Reilly Auto Parts,,,,+1 415-668-5241,https://locations.oreillyauto.com/en-us/ca/sanfrancisco/autoparts-3526.html,"3855 Geary Blvd, San Francisco, CA 94118, United States",https://www.google.com/maps/place/O%27Reilly+Auto+Parts/data=!4m7!3m6!1s0x80858739aadb23b3:0x9c9b68c579bc07e1!8m2!3d37.7808825!4d-122.4607909!16s%2Fg%2F1tdkmg4_!19sChIJsyPbqjmHhYAR4Qe8ecVom5w,https://www.facebook.com/361679163851893/reviews/?ref=page_internal;https://www.facebook.com/OreillyAutoParts,https://instagram.com/oreillyautoparts,,,https://www.tiktok.com/@oreillyautopartesmx,https://www.youtube.com/user/OReillyAutoParts,,,,,,,,,0,,,,,,,,,,,no_email_found,,525,4.2,54,60,,https://www.google.com/maps/place/O%27Reilly+Auto+Parts/data=!4m7!3m6!1s0x80858739aadb23b3:0x9c9b68c579bc07e1!8m2!3d37.7808825!4d-122.4607909!16s%2Fg%2F1tdkmg4_!19sChIJsyPbqjmHhYAR4Qe8ecVom5w?authuser=0&hl=en&rclk=1,,TRUE,known_dso,FALSE,,0,FALSE,FALSE,
D,10.86,san francisco,SIXT Rent a Car San Francisco Fairmont Hotel,,,,+1 888-749-8227,https://www.sixt.com/car-rental/usa/san-francisco/union-square/?c1=US&c2=san-francisco&c3=union-square,"Fairmont Hotel, 801 Powell St, San Francisco, CA 94108, United States",https://www.google.com/maps/place/SIXT+Rent+a+Car+San+Francisco+Fairmont+Hotel/data=!4m7!3m6!1s0x808581cd5bafff5b:0xa88842007c4b17ba!8m2!3d37.7922228!4d-122.4094335!16s%2Fg%2F11g230bsmy!19sChIJW_-vW82BhYARuhdLfABCiKg,,,,,,,,,,,,,,,0,,,,,,,,,,,cloudflare_blocked,,486,4.2,3,10,https://www.sixt.com/car-rental/usa/san-francisco/union-square/?utm_source=google_business&utm_medium=organic&utm_campaign=Listings&c1=US&c2=san-francisco&c3=union-square,https://www.google.com/maps/place/SIXT+Rent+a+Car+San+Francisco+Fairmont+Hotel/data=!4m7!3m6!1s0x808581cd5bafff5b:0xa88842007c4b17ba!8m2!3d37.7922228!4d-122.4094335!16s%2Fg%2F11g230bsmy!19sChIJW_-vW82BhYARuhdLfABCiKg?authuser=0&hl=en&rclk=1,,TRUE,known_dso,FALSE,,0,FALSE,TRUE,metro_mismatch
D,10.7,san francisco,Enterprise Rent-A-Car,noSub_enerpriserentalcar@lexisnexis.com,noSub_enerpriserentalcar@lexisnexis.com;nosub_enerpriserentalcar@lexisnexis.com,gosom_scraper,+1 415-546-6777,https://www.enterprise.com/en/car-rental-locations/us/ca/san-francisco-moscone-center-2361.html?mcid=yext%3A245709,"687 Folsom St, San Francisco, CA 94107, United States",https://www.google.com/maps/place/Enterprise+Rent-A-Car/data=!4m7!3m6!1s0x8085807ddec0c92b:0x202baee9e42283c8!8m2!3d37.7840124!4d-122.3983291!16s%2Fg%2F1tf714n3!19sChIJK8nA3n2AhYARyIMi5OmuKyA,https://www.facebook.com/enterprise,https://www.instagram.com/enterprise/,https://www.linkedin.com/company/enterprise-rent-a-car/,,,https://www.youtube.com/user/EnterpriseRAC,,,,,,,,,0,,,,,,,,,,,ok,,126,3.8,56,60,https://www.enterprise.com/en/car-rental-locations/us/ca/san-francisco-moscone-center-2361.html?mcid=yext:245709,https://www.google.com/maps/place/Enterprise+Rent-A-Car/data=!4m7!3m6!1s0x8085807ddec0c92b:0x202baee9e42283c8!8m2!3d37.7840124!4d-122.3983291!16s%2Fg%2F1tf714n3!19sChIJK8nA3n2AhYARyIMi5OmuKyA?authuser=0&hl=en&rclk=1,,TRUE,known_dso,FALSE,,0,FALSE,FALSE,
D,10.45,san francisco,Enterprise Rent-A-Car,noSub_enerpriserentalcar@lexisnexis.com,noSub_enerpriserentalcar@lexisnexis.com;nosub_enerpriserentalcar@lexisnexis.com,gosom_scraper,+1 415-474-9600,https://www.enterprise.com/en/car-rental-locations/us/ca/san-francisco-fishermans-wharf-235g.html?mcid=yext%3A245709,"350 Beach St, San Francisco, CA 94133, United States",https://www.google.com/maps/place/Enterprise+Rent-A-Car/data=!4m7!3m6!1s0x808580e36f7eaa73:0x31ec0b1a89a4772e!8m2!3d37.8076882!4d-122.4148112!16s%2Fg%2F1vqmjlkv!19sChIJc6p-b-OAhYARLnekiRoL7DE,https://www.facebook.com/enterprise,https://www.instagram.com/enterprise/,https://www.linkedin.com/company/enterprise-rent-a-car/,,,https://www.youtube.com/user/EnterpriseRAC,,,,,,,,,0,,,,,,,,,,,ok,,261,4.1,9,11,https://www.enterprise.com/en/car-rental-locations/us/ca/san-francisco-fishermans-wharf-235g.html?mcid=yext:245709,https://www.google.com/maps/place/Enterprise+Rent-A-Car/data=!4m7!3m6!1s0x808580e36f7eaa73:0x31ec0b1a89a4772e!8m2!3d37.8076882!4d-122.4148112!16s%2Fg%2F1vqmjlkv!19sChIJc6p-b-OAhYARLnekiRoL7DE?authuser=0&hl=en&rclk=1,,TRUE,known_dso,FALSE,,0,FALSE,FALSE,
D,10.27,san francisco,Enterprise Rent-A-Car,noSub_enerpriserentalcar@lexisnexis.com,noSub_enerpriserentalcar@lexisnexis.com;nosub_enerpriserentalcar@lexisnexis.com,gosom_scraper,+1 415-750-2500,https://www.enterprise.com/en/car-rental-locations/us/ca/san-francisco-richmond-district-23gu.html?mcid=yext%3A245709,"4250 Geary Blvd, San Francisco, CA 94118, United States",https://www.google.com/maps/place/Enterprise+Rent-A-Car/data=!4m7!3m6!1s0x8085873e980f0b57:0x4df08f72803a8be0!8m2!3d37.7813991!4d-122.4651511!16s%2Fg%2F1tdb91gm!19sChIJVwsPmD6HhYAR4Is6gHKP8E0,https://www.facebook.com/enterprise,https://www.instagram.com/enterprise/,https://www.linkedin.com/company/enterprise-rent-a-car/,,,https://www.youtube.com/user/EnterpriseRAC,,,,,,,,,0,,,,,,,,,,,ok,,227,4.1,5,11,https://www.enterprise.com/en/car-rental-locations/us/ca/san-francisco-richmond-district-23gu.html?mcid=yext:245709,https://www.google.com/maps/place/Enterprise+Rent-A-Car/data=!4m7!3m6!1s0x8085873e980f0b57:0x4df08f72803a8be0!8m2!3d37.7813991!4d-122.4651511!16s%2Fg%2F1tdb91gm!19sChIJVwsPmD6HhYAR4Is6gHKP8E0?authuser=0&hl=en&rclk=1,,TRUE,known_dso,FALSE,,0,FALSE,FALSE,
D,10.15,san francisco,O'Reilly Auto Parts,,,,+1 650-755-8890,https://locations.oreillyauto.com/en-us/ca/dalycity/autoparts-2608.html,"7283 Mission St, Daly City, CA 94014, United States",https://www.google.com/maps/place/O%27Reilly+Auto+Parts/data=!4m7!3m6!1s0x808f7c120d780cbf:0x33cc83af4a6dc7!8m2!3d37.691986!4d-122.4649969!16s%2Fg%2F1tc_fhhy!19sChIJvwx4DRJ8j4ARx21Kr4PMMwA,https://www.facebook.com/361679163851893/reviews/?ref=page_internal;https://www.facebook.com/OreillyAutoParts,https://instagram.com/oreillyautoparts,,,https://www.tiktok.com/@oreillyautopartesmx,https://www.youtube.com/user/OReillyAutoParts,,,,,,,,,0,,,,,,,,,,,no_email_found,,383,4.3,73,80,,https://www.google.com/maps/place/O%27Reilly+Auto+Parts/data=!4m7!3m6!1s0x808f7c120d780cbf:0x33cc83af4a6dc7!8m2!3d37.691986!4d-122.4649969!16s%2Fg%2F1tc_fhhy!19sChIJvwx4DRJ8j4ARx21Kr4PMMwA?authuser=0&hl=en&rclk=1,,TRUE,known_dso,FALSE,,0,FALSE,FALSE,
D,10.1,san francisco,NAPA Auto Parts - Daly City,,,,+1 650-589-5944,https://www.napaonline.com/en/CA/Daly-City/store/39142?cid=pl_gpc_google_dac_39142_ao,"6731 Mission St, Daly City, CA 94014, United States",https://www.google.com/maps/place/NAPA+Auto+Parts+-+Daly+City/data=!4m7!3m6!1s0x808f79abda9268d3:0x445ad32e8f3c6fc1!8m2!3d37.7010426!4d-122.4631994!16s%2Fg%2F125_wy4xd!19sChIJ02iS2qt5j4ARwW88jy7TWkQ,,,,,,,,,,,,,,,0,,,,,,,,,,,cloudflare_blocked,,199,4.1,86,90,,https://www.google.com/maps/place/NAPA+Auto+Parts+-+Daly+City/data=!4m7!3m6!1s0x808f79abda9268d3:0x445ad32e8f3c6fc1!8m2!3d37.7010426!4d-122.4631994!16s%2Fg%2F125_wy4xd!19sChIJ02iS2qt5j4ARwW88jy7TWkQ?authuser=0&hl=en&rclk=1,,TRUE,known_dso,FALSE,,0,FALSE,FALSE,
D,10.06,san francisco,O'Reilly Auto Parts,,,,+1 415-656-0696,https://locations.oreillyauto.com/en-us/ca/sanfrancisco/autoparts-3139.html,"2500 San Bruno Ave, San Francisco, CA 94134, United States",https://www.google.com/maps/place/O%27Reilly+Auto+Parts/data=!4m7!3m6!1s0x808f7efcdc6fce31:0xe3e7f9055efe6320!8m2!3d37.7298515!4d-122.4048266!16s%2Fg%2F1v46_lbf!19sChIJMc5v3Px-j4ARIGP-XgX55-M,https://www.facebook.com/361679163851893/reviews/?ref=page_internal;https://www.facebook.com/OreillyAutoParts,https://instagram.com/oreillyautoparts,,,https://www.tiktok.com/@oreillyautopartesmx,https://www.youtube.com/user/OReillyAutoParts,,,,,,,,,0,,,,,,,,,,,no_email_found,,194,4.1,81,87,,https://www.google.com/maps/place/O%27Reilly+Auto+Parts/data=!4m7!3m6!1s0x808f7efcdc6fce31:0xe3e7f9055efe6320!8m2!3d37.7298515!4d-122.4048266!16s%2Fg%2F1v46_lbf!19sChIJMc5v3Px-j4ARIGP-XgX55-M?authuser=0&hl=en&rclk=1,,TRUE,known_dso,FALSE,,0,FALSE,FALSE,
D,10.02,san francisco,O'Reilly Auto Parts,,,,+1 650-994-2650,https://locations.oreillyauto.com/en-us/ca/dalycity/autoparts-3476.html,"5 Skyline Plaza, Daly City, CA 94015, United States",https://www.google.com/maps/place/O%27Reilly+Auto+Parts/data=!4m7!3m6!1s0x808f7c7ce8aa379f:0xf0546c30a251282a!8m2!3d37.6826485!4d-122.4885158!16s%2Fg%2F1wnby7fl!19sChIJnzeq6Hx8j4ARKihRojBsVPA,https://www.facebook.com/361679163851893/reviews/?ref=page_internal;https://www.facebook.com/OreillyAutoParts,https://instagram.com/oreillyautoparts,,,https://www.tiktok.com/@oreillyautopartesmx,https://www.youtube.com/user/OReillyAutoParts,,,,,,,,,0,,,,,,,,,,,no_email_found,,187,4.1,83,90,,https://www.google.com/maps/place/O%27Reilly+Auto+Parts/data=!4m7!3m6!1s0x808f7c7ce8aa379f:0xf0546c30a251282a!8m2!3d37.6826485!4d-122.4885158!16s%2Fg%2F1wnby7fl!19sChIJnzeq6Hx8j4ARKihRojBsVPA?authuser=0&hl=en&rclk=1,,TRUE,known_dso,FALSE,,0,FALSE,FALSE,
D,9.88,san francisco,O'Reilly Auto Parts,,,,+1 415-682-9177,https://locations.oreillyauto.com/en-us/ca/sanfrancisco/autoparts-3137.html,"2150 Taraval St, San Francisco, CA 94116, United States",https://www.google.com/maps/place/O%27Reilly+Auto+Parts/data=!4m7!3m6!1s0x808f7d82e224fe8b:0x2b209989f9a1d4b3!8m2!3d37.7426898!4d-122.489378!16s%2Fg%2F1tdn8xk_!19sChIJi_4k4oJ9j4ARs9Sh-YmZICs,https://www.facebook.com/361679163851893/reviews/?ref=page_internal;https://www.facebook.com/OreillyAutoParts,https://instagram.com/oreillyautoparts,,,https://www.tiktok.com/@oreillyautopartesmx,https://www.youtube.com/user/OReillyAutoParts,,,,,,,,,0,,,,,,,,,,,no_email_found,,312,4.3,63,70,,https://www.google.com/maps/place/O%27Reilly+Auto+Parts/data=!4m7!3m6!1s0x808f7d82e224fe8b:0x2b209989f9a1d4b3!8m2!3d37.7426898!4d-122.489378!16s%2Fg%2F1tdn8xk_!19sChIJi_4k4oJ9j4ARs9Sh-YmZICs?authuser=0&hl=en&rclk=1,,TRUE,known_dso,FALSE,,0,FALSE,FALSE,
D,9.48,san francisco,Budget Car Rental,custserv@budget.com,custserv@budget.com,gosom_scraper,+1 415-957-9998,https://www.budget.com/en/locations/us/ca/san-francisco/sf9,"821 Howard St, San Francisco, CA 94103, United States",https://www.google.com/maps/place/Budget+Car+Rental/data=!4m7!3m6!1s0x808580873e80c303:0xd367e2f8f7513a10!8m2!3d37.7826664!4d-122.4030455!16s%2Fg%2F1tyt5kyf!19sChIJA8OAPoeAhYAREDpR9_jiZ9M,https://www.facebook.com/Budget/,https://www.instagram.com/budget/,https://www.linkedin.com/company/avis-budget-group/careers,,,https://www.youtube.com/user/Budget,,,,,,,,,0,,,,,,,,,,,ok,,124,4.1,5,10,https://www.budget.com/en/locations/us/ca/san-francisco/sf9?utm_source=google&utm_medium=gbp&utm_campaign=budget_gbp,https://www.google.com/maps/place/Budget+Car+Rental/data=!4m7!3m6!1s0x808580873e80c303:0xd367e2f8f7513a10!8m2!3d37.7826664!4d-122.4030455!16s%2Fg%2F1tyt5kyf!19sChIJA8OAPoeAhYAREDpR9_jiZ9M?authuser=0&hl=en&rclk=1,,TRUE,dso_email_domain:budget.com,FALSE,,3,FALSE,FALSE,
D,9.24,san francisco,Stress-Free Auto Care,,,,+1 415-751-7860,https://www.stressfree.com/shops/san-francisco,"2941 Geary Blvd, San Francisco, CA 94118, United States",https://www.google.com/maps/place/Stress-Free+Auto+Care/data=!4m7!3m6!1s0x808587358c8e832d:0x5eb6d306b3ea6657!8m2!3d37.781847!4d-122.4507984!16s%2Fg%2F1tfk4np5!19sChIJLYOOjDWHhYARV2bqswbTtl4,,,,https://www.yelp.com/biz/stress-free-auto-care-san-francisco?adjust_creative=DZEMWVTOyU5tiDsKgVejoQ&hrid=zyEfW3ZB7mUM6VH7q9YnoA&utm_campaign=yelp_api_v3&utm_medium=api_v3_graphql&utm_source=DZEMWVTOyU5tiDsKgVejoQ,,,,,,,,,,,0,,,,,,,,,,,no_email_found,,480,4.6,2,10,,https://www.google.com/maps/place/Stress-Free+Auto+Care/data=!4m7!3m6!1s0x808587358c8e832d:0x5eb6d306b3ea6657!8m2!3d37.781847!4d-122.4507984!16s%2Fg%2F1tfk4np5!19sChIJLYOOjDWHhYARV2bqswbTtl4?authuser=0&hl=en&rclk=1,,TRUE,known_dso,FALSE,,1,FALSE,FALSE,
D,8.69,san francisco,O'Reilly Auto Parts,,,,+1 415-586-8262,https://locations.oreillyauto.com/en-us/ca/sanfrancisco/autoparts-2745.html,"4540 Mission St, San Francisco, CA 94112, United States",https://www.google.com/maps/place/O%27Reilly+Auto+Parts/data=!4m7!3m6!1s0x808f7e88bba494ab:0x353680753f19e54d!8m2!3d37.7254531!4d-122.4346475!16s%2Fg%2F1tdx4c4q!19sChIJq5Sku4h-j4ARTeUZP3WANjU,https://www.facebook.com/361679163851893/reviews/?ref=page_internal;https://www.facebook.com/OreillyAutoParts,https://instagram.com/oreillyautoparts,,,https://www.tiktok.com/@oreillyautopartesmx,https://www.youtube.com/user/OReillyAutoParts,,,,,,,,,0,,,,,,,,,,,no_email_found,,231,4.5,92,100,,https://www.google.com/maps/place/O%27Reilly+Auto+Parts/data=!4m7!3m6!1s0x808f7e88bba494ab:0x353680753f19e54d!8m2!3d37.7254531!4d-122.4346475!16s%2Fg%2F1tdx4c4q!19sChIJq5Sku4h-j4ARTeUZP3WANjU?authuser=0&hl=en&rclk=1,,TRUE,known_dso,FALSE,,0,FALSE,FALSE,
D,8.54,san francisco,Fix Auto Divisadero,esther@imagemakers-inc.com,esther@imagemakers-inc.com;Graeme.Eber@drivenbrands.com;Andrew.Neldeberg@drivenbrands.com;andrew.neldeberg@drivenbrands.com;graeme.eber@drivenbrands.com,gosom_scraper;gosom_scraper;gosom_scraper,+1 415-865-8450,https://fixautousa.com/locations/california/divisadero,"1745 Divisadero St, San Francisco, CA 94115, United States",https://www.google.com/maps/place/Fix+Auto+Divisadero/data=!4m7!3m6!1s0x8085819e7aa3768d:0x76746dd960b0c347!8m2!3d37.7858098!4d-122.4403098!16s%2Fg%2F1tfp_1ns!19sChIJjXajep6BhYARR8OwYNltdHY,,,,,,,,,,,,,,,0,,,,,,,,,,,ok,,518,4.8,13,20,https://fixautousa.com/locations/california/divisadero/,https://www.google.com/maps/place/Fix+Auto+Divisadero/data=!4m7!3m6!1s0x8085819e7aa3768d:0x76746dd960b0c347!8m2!3d37.7858098!4d-122.4403098!16s%2Fg%2F1tfp_1ns!19sChIJjXajep6BhYARR8OwYNltdHY?authuser=0&hl=en&rclk=1,,TRUE,known_dso,FALSE,,0,FALSE,FALSE,
D,7.81,san francisco,Stress-Free Auto Care,,,,+1 415-923-1446,https://www.stressfree.com/shops/san-francisco-2,"1970 McAllister St Ste b, San Francisco, CA 94115, United States",https://www.google.com/maps/place/Stress-Free+Auto+Care/data=!4m7!3m6!1s0x808580afd0b35403:0x53fb9af33f44047e!8m2!3d37.7771269!4d-122.4445379!16s%2Fg%2F1tfbhy_l!19sChIJA1Sz0K-AhYARfgREP_Oa-1M,,,,https://www.yelp.com/biz/stress-free-auto-care-san-francisco?adjust_creative=DZEMWVTOyU5tiDsKgVejoQ&hrid=zyEfW3ZB7mUM6VH7q9YnoA&utm_campaign=yelp_api_v3&utm_medium=api_v3_graphql&utm_source=DZEMWVTOyU5tiDsKgVejoQ,,,,,,,,,,,0,,,,,,,,,,,no_email_found,,296,4.8,2,10,,https://www.google.com/maps/place/Stress-Free+Auto+Care/data=!4m7!3m6!1s0x808580afd0b35403:0x53fb9af33f44047e!8m2!3d37.7771269!4d-122.4445379!16s%2Fg%2F1tfbhy_l!19sChIJA1Sz0K-AhYARfgREP_Oa-1M?authuser=0&hl=en&rclk=1,,TRUE,known_dso,FALSE,,1,FALSE,FALSE,
D,7.33,san francisco,Fix Auto,esther@imagemakers-inc.com,esther@imagemakers-inc.com;Graeme.Eber@drivenbrands.com;Andrew.Neldeberg@drivenbrands.com;andrew.neldeberg@drivenbrands.com;graeme.eber@drivenbrands.com,gosom_scraper;gosom_scraper;gosom_scraper,+1 415-861-2333,https://fixautousa.com/potrero-avenue,"450 Potrero Ave, San Francisco, CA 94110, United States",https://www.google.com/maps/place/Fix+Auto/data=!4m7!3m6!1s0x808f7e317896d01d:0x8233fedb9fef90dd!8m2!3d37.7637679!4d-122.4077355!16s%2Fg%2F1tfgpmny!19sChIJHdCWeDF-j4AR3ZDvn9v-M4I,,,,,,,,,,,,,,,0,,,,,,,,,,,ok,,277,4.9,12,20,https://fixautousa.com/potrero-avenue/,https://www.google.com/maps/place/Fix+Auto/data=!4m7!3m6!1s0x808f7e317896d01d:0x8233fedb9fef90dd!8m2!3d37.7637679!4d-122.4077355!16s%2Fg%2F1tfgpmny!19sChIJHdCWeDF-j4AR3ZDvn9v-M4I?authuser=0&hl=en&rclk=1,,TRUE,known_dso,FALSE,,0,FALSE,FALSE,
D,4.9,san francisco,AutoZone Auto Parts,,,,+1 628-267-6540,https://www.autozone.com/locations/ca/san-francisco/1375-howard-street.html?cmpid=LOC%3AUS%3AEN%3AAD%3ANL%3A1000000%3AGEN%3A10516,"1375 Howard St, San Francisco, CA 94103, United States",https://www.google.com/maps/place/AutoZone+Auto+Parts/data=!4m7!3m6!1s0x8085810048a3a4eb:0xd9b95f4dd1fdb638!8m2!3d37.774121!4d-122.413864!16s%2Fg%2F11z3kknjjr!19sChIJ66SjSACBhYAROLb90U1fudk,,,,,,,,,,,,,,,0,,,,,,,,,,,no_email_found,,5,4.2,1,4,https://www.autozone.com/locations/ca/san-francisco/1375-howard-street.html?cmpid=LOC:US:EN:AD:NL:1000000:GEN:10516,https://www.google.com/maps/place/AutoZone+Auto+Parts/data=!4m7!3m6!1s0x8085810048a3a4eb:0xd9b95f4dd1fdb638!8m2!3d37.774121!4d-122.413864!16s%2Fg%2F11z3kknjjr!19sChIJ66SjSACBhYAROLb90U1fudk?authuser=0&hl=en&rclk=1,,TRUE,known_dso,FALSE,,0,FALSE,FALSE,
D,4.59,san francisco,ABC Motor / Stress-Free Auto Care,,,,+1 415-621-8882,https://www.stressfree.com/shops/san-francisco-3,"351 S Van Ness Ave, San Francisco, CA 94103, United States",https://www.google.com/maps/place/ABC+Motor+%2F+Stress-Free+Auto+Care/data=!4m7!3m6!1s0x808f7e24034ccef3:0xe30da03b22f0e496!8m2!3d37.767593!4d-122.4173858!16s%2Fg%2F1tcw8dtq!19sChIJ885MAyR-j4ARluTwIjugDeM,,,,https://www.yelp.com/biz/stress-free-auto-care-san-francisco?adjust_creative=DZEMWVTOyU5tiDsKgVejoQ&hrid=zyEfW3ZB7mUM6VH7q9YnoA&utm_campaign=yelp_api_v3&utm_medium=api_v3_graphql&utm_source=DZEMWVTOyU5tiDsKgVejoQ,,,,,,,,,,,0,,,,,,,,,,,no_email_found,,34,4.9,16,24,,https://www.google.com/maps/place/ABC+Motor+%2F+Stress-Free+Auto+Care/data=!4m7!3m6!1s0x808f7e24034ccef3:0xe30da03b22f0e496!8m2!3d37.767593!4d-122.4173858!16s%2Fg%2F1tcw8dtq!19sChIJ885MAyR-j4ARluTwIjugDeM?authuser=0&hl=en&rclk=1,,TRUE,known_dso,FALSE,,1,FALSE,FALSE,
