tier,quality_score,metro,title,best_email,all_emails,email_sources,phone,website,address,google_maps_link,socials_facebook,socials_instagram,socials_linkedin,socials_yelp,socials_tiktok,socials_youtube,owner_name,owner_title,owner_linkedin,additional_team,pocs,primary_contact,primary_contact_channel,top_pain_category,pain_breadth_count,pain_quote_1,pain_quote_2,pain_quote_1_original,pain_quote_2_original,pain_quote_1_rating,pain_quote_2_rating,recommended_service,recommended_service_url,all_pain_categories,all_recommended_services,crawl_status,research_note,review_count,rating,negative_reviews_1_3_star,reviews_analyzed,website_raw,google_maps_link_raw,website_redirect_target_raw,is_chain_or_dso,chain_reason,website_redirect_mismatch,website_redirect_target,emails_invalid_count,crawled_emails_suspect,phone_invalid,phone_invalid_reason
A,333.83,dallas,Pick-n-Pull,bizdev@picknpull.com,bizdev@picknpull.com;marketing@picknpull.com;toolkit@picknpull.com,agent_browser_crawl;agent_browser_crawl;agent_browser_crawl,+1 214-421-9193,https://www.picknpull.com/locations/122/dallas-south-tx,"5301 S Second Ave, Dallas, TX 75210, United States",https://www.google.com/maps/place/Pick-n-Pull/data=!4m7!3m6!1s0x864ea285ce3435e3:0x841c411c892deb19!8m2!3d32.7564117!4d-96.7410739!16s%2Fg%2F1ttph99p!19sChIJ4zU0zoWiToYRGestiRxBHIQ,,,,,,,,,,,,,,calls_unanswered,5,"If you don't answer the phone, people will think you're not open, the phone just rings and rings then you get disconnected, find another place to deal with","Customer service is trash, weirdo didn't know what a Yukon Denali was, then the troll of a woman who picked up was rude as hell. Don't want to answer calls and answer simple questions on CARS go get a waiters job.",,,1,1,Voice AI Agents (Inbound Coverage),silverthreadlabs.com/services/voice-agents,billing_or_intake_errors;booking_friction;calls_unanswered;frontline_communication;service_quality_in_session,,ok,,1026,3.7,227,544,https://www.picknpull.com/locations/122/dallas-south-tx?utm_source=google&utm_medium=organic&utm_campaign=GMB-Dallas-South,https://www.google.com/maps/place/Pick-n-Pull/data=!4m7!3m6!1s0x864ea285ce3435e3:0x841c411c892deb19!8m2!3d32.7564117!4d-96.7410739!16s%2Fg%2F1ttph99p!19sChIJ4zU0zoWiToYRGestiRxBHIQ?authuser=0&hl=en&rclk=1,,FALSE,,FALSE,,0,FALSE,FALSE,
A,162.08,dallas,Hawn Freeway Auto Salvage,parts@hawnfreewayautosalvage.com,parts@hawnfreewayautosalvage.com,gosom_scraper,+1 972-286-9971,http://www.hawnfreewayautosalvage.com,"10505 C F Hawn Fwy, Dallas, TX 75217, United States",https://www.google.com/maps/place/Hawn+Freeway+Auto+Salvage/data=!4m7!3m6!1s0x864ebb6ae41392eb:0x3babb7717af37fc7!8m2!3d32.698272!4d-96.6437024!16s%2Fg%2F1xgrnbpt!19sChIJ65IT5Gq7ToYRx3_zenG3qzs,,,,,,,,,,,,,,billing_or_intake_errors,5,"Do not recommend.  Car-part has shown an engine in stock for a year that I had been watching while I pulled my old engine. Claims 90,000 miles. Went to look at it and they said it just came in a few days ago which was clearly a lie. They then said they had another one they just got a few days ago with 100,000 in it. I need a Ford 4.6 and both had 5.4 manufacturer tags. One had an 8 bolt flywheel when mine is a 6, but they continued to claim it was a 4.6. They said you cant go off of the MANUFACTURER'S tags and that they were certain it was a 4.6. They clearly didn't have the 90,000 mile 4.6 and were trying to pass off 5.4s to make a sale. This was after calling to verify they had it and driving over an hour to see it. Complete bait and switch scam and will not be back.","Called ahead about purchasing a transmission. Verified on the phone that they had it and the price before sending someone to pick it up. When trying to pick it up my guy had to sit there forever waiting on them just to be told that they don’t actually have the transmission and they can get one for even more money. Typical bait and switch, probably the same transmission just trying to get more money from us. Do not recommend. Wasted hours trying to buy from them.",,,1,1,Workflow Automation + Systems Integration,silverthreadlabs.com/services/workflow-automation,billing_or_intake_errors;calls_unanswered;followup_dropped;frontline_communication;service_quality_in_session,,open_error,,196,2.6,96,126,http://www.hawnfreewayautosalvage.com/,https://www.google.com/maps/place/Hawn+Freeway+Auto+Salvage/data=!4m7!3m6!1s0x864ebb6ae41392eb:0x3babb7717af37fc7!8m2!3d32.698272!4d-96.6437024!16s%2Fg%2F1xgrnbpt!19sChIJ65IT5Gq7ToYRx3_zenG3qzs?authuser=0&hl=en&rclk=1,,FALSE,,FALSE,,0,FALSE,FALSE,
A,156.83,dallas,Cowboy Auto Parts,parts@cowboyautotexas.com,parts@cowboyautotexas.com,gosom_scraper,+1 214-599-9998,https://cowboyautotexas.com,"2622 Myrtle Springs Ave, Dallas, TX 75220, United States",https://www.google.com/maps/place/Cowboy+Auto+Parts/data=!4m7!3m6!1s0x864e9d72a0ac8d2d:0x2703c3b0af41e432!8m2!3d32.8683594!4d-96.8886886!16s%2Fg%2F11c1ln1kby!19sChIJLY2soHKdToYRMuRBr7DDAyc,,,,,,,Mohammad,Parts specialist (role unconfirmed),,,Mohammad,Mohammad,,frontline_communication,6,Called Wednesday for a part that was available but had minor scratch damage the lady I spoke to said since there was damage it would be 50% off so I said ok that perfect. I called today spoke to a Hispanic guy I verified the information and said it was ok so. So I sent my brother over and they were rude and disrespectful not to mention there was way more damage than it was mentioned.,"Horrible customer service — avoid Cowboy Auto Parts at all costs. I called them with a serious inquiry, ready to do business, and they completely ignored me. No one picked up the first few times, and when they finally answered, the person on the phone was rude, unhelpful, and seemed like they couldn’t care less. They said they’d “get back to me” — but of course, they never did.

It’s clear this company has no interest in treating customers with respect or professionalism. If they can’t handle a simple phone call, I can’t imagine trusting them with anything as important as car parts. There are way better businesses out there that actually value customers.",,,1,1,Voice AI + Agentic CRM Outreach,silverthreadlabs.com/services/voice-agents,billing_or_intake_errors;calls_unanswered;delivery_quality;followup_dropped;frontline_communication;service_quality_in_session,,ok,,553,4.5,60,415,https://cowboyautotexas.com/,https://www.google.com/maps/place/Cowboy+Auto+Parts/data=!4m7!3m6!1s0x864e9d72a0ac8d2d:0x2703c3b0af41e432!8m2!3d32.8683594!4d-96.8886886!16s%2Fg%2F11c1ln1kby!19sChIJLY2soHKdToYRMuRBr7DDAyc?authuser=0&hl=en&rclk=1,,FALSE,,FALSE,,0,FALSE,FALSE,
A,150.49,dallas,All Discount Auto Salvage,skasrai@hotmail.com,skasrai@hotmail.com,gosom_scraper,+1 972-263-3388,http://www.alldiscountautosalvage.com,"3965 E Main St, Grand Prairie, TX 75050, United States",https://www.google.com/maps/place/All+Discount+Auto+Salvage/data=!4m7!3m6!1s0x864e851fa9eb3be7:0x5f8fa5434078a36f!8m2!3d32.748757!4d-96.9424589!16s%2Fg%2F1tfgk6rp!19sChIJ5zvrqR-FToYRb6N4QEOlj18,,,,,,,Shaw,Owner,,,Shaw,Shaw,,frontline_communication,3,"If I could leave a 0 star I would. Called about a PART and asked the guy politely for a discount on a 3,000 part they are selling and he rudely said no, at the end, I offered 2500 and he turned it down I will take my business and hard earned money elsewhere.","ABSOLUTELY ONE OF THE WORST, DISHONEST, RUDE CUSTOMER SERVICE JUNK YARD. AVOID BUYING FROM THIS PLACE AT ALL TIME.",,,1,1,Voice AI + Agentic CRM Outreach,silverthreadlabs.com/services/voice-agents,billing_or_intake_errors;followup_dropped;frontline_communication,,open_error,,922,4.5,96,739,http://www.alldiscountautosalvage.com/,https://www.google.com/maps/place/All+Discount+Auto+Salvage/data=!4m7!3m6!1s0x864e851fa9eb3be7:0x5f8fa5434078a36f!8m2!3d32.748757!4d-96.9424589!16s%2Fg%2F1tfgk6rp!19sChIJ5zvrqR-FToYRb6N4QEOlj18?authuser=0&hl=en&rclk=1,,FALSE,,FALSE,,0,FALSE,FALSE,
A,117.4,dallas,Twin Lakes Auto Salvage,,,,+1 972-225-4536,,"9915 S Central Expy, Dallas, TX 75241, United States",https://www.google.com/maps/place/Twin+Lakes+Auto+Salvage/data=!4m7!3m6!1s0x864ebd75106e423d:0x699dd69c8618c42e!8m2!3d32.6755556!4d-96.7297222!16s%2Fg%2F1tczwbxg!19sChIJPUJuEHW9ToYRLsQYhpzWnWk,,,,,,,,,,,,,,frontline_communication,5,"This place is extremely disorganized and poorly run. I sold them a vehicle near their location while I was out of state. They agreed to pick it up after receiving the title, which I mailed the same day. About 10 days later, I started following up—no response from the person who arranged the deal (an owner). Calls to the main office went nowhere; after 30 minutes they claimed they never received the title and told me to call back later. I did—same result. Days passed with no pickup, and the vehicle sat at the lot racking up storage fees. Now the title is lost, the vehicle was never picked up, and I can’t even sell it because I no longer have the title. Dealing with them has cost me time, money, and my ability to sell my own car. Every staff member I spoke to acted like they couldn’t care less—their attitude was dismissive and unprofessional. Completely unacceptable.","Rude
Called to confirm a dash panel - they weren't able to confirm if what they had was the right color or if it was cracked or not over the phone - weren't able to send any pics to avoid a wasted 1 hour drive to go see it in person - I DO NOT RECOMMEND this salvage yard",,,1,1,Voice AI + Agentic CRM Outreach,silverthreadlabs.com/services/voice-agents,billing_or_intake_errors;calls_unanswered;followup_dropped;frontline_communication;service_quality_in_session,,,,216,3.3,68,137,,https://www.google.com/maps/place/Twin+Lakes+Auto+Salvage/data=!4m7!3m6!1s0x864ebd75106e423d:0x699dd69c8618c42e!8m2!3d32.6755556!4d-96.7297222!16s%2Fg%2F1tczwbxg!19sChIJPUJuEHW9ToYRLsQYhpzWnWk?authuser=0&hl=en&rclk=1,,FALSE,,FALSE,,0,FALSE,FALSE,
A,112.07,dallas,Bonnie & Clyde Car Stereo & Window Tinting,,,,+1 972-241-1187,http://bncstereo.com,"11311 Harry Hines Blvd #104, Dallas, TX 75229, United States",https://www.google.com/maps/place/Bonnie+%26+Clyde+Car+Stereo+%26+Window+Tinting/data=!4m7!3m6!1s0x864c27891c68eebb:0x362008985984045a!8m2!3d32.8935241!4d-96.8912222!16s%2Fg%2F1tdg3mc1!19sChIJu-5oHIknTIYRWgSEWZgIIDY,,,,,,,Mazin Awad,Owner,,,Mazin Awad,Mazin Awad,,billing_or_intake_errors,4,"This place is way overpriced, and you’ll likely walk out feeling like you made a bad decision. I was quoted around $600, but by the time everything was done, the total was over $800. What I actually received was a $100 amp, one 10"" speaker, and one small box. Definitely not worth anywhere near what they charged.

Their tactic seems to be showing you a lower number up front, then hitting you with a much higher total “out the door.” Very misleading. If you value honesty, fair pricing, and transparency, I would avoid this place. Take your business somewhere else i promise u that u will get a way better deal. Oh and a side note u will spend at least 4 hours waiting on services.","This place is an absolute joke. I came here to get “ceramic” window tint after reading the reviews, 1000% misleading. They didn’t honor the quote I was given on the phone after giving them the exact vehicle information. The quality of work was complete garbage. I could’ve done a better job myself. Every single window had groups of bubbles and streaks where they folded the film. The edges were completely uneven. They scratched the window glass trying to cut the film. The film is already peeling off on one window. This is after only 1 week. If you have a car they deem interesting, they will without a doubt take it on a wishful joyride. Completely unprofessional and incapable of quality service. They have “warranty” but why go back if they lack the skills to ever do the job like a pro. Going to gladly pay 3x what these morons charged to get it done right. Save yourselves the hassle and go to a real business run by men not little boys.",,,1,1,Workflow Automation + Systems Integration,silverthreadlabs.com/services/workflow-automation,billing_or_intake_errors;followup_dropped;frontline_communication;service_quality_in_session,,no_email_found,,1678,4.8,54,1000,http://bncstereo.com/,https://www.google.com/maps/place/Bonnie+%26+Clyde+Car+Stereo+%26+Window+Tinting/data=!4m7!3m6!1s0x864c27891c68eebb:0x362008985984045a!8m2!3d32.8935241!4d-96.8912222!16s%2Fg%2F1tdg3mc1!19sChIJu-5oHIknTIYRWgSEWZgIIDY?authuser=0&hl=en&rclk=1,,FALSE,,FALSE,,0,FALSE,FALSE,
A,85.42,dallas,DFW Auto Parts,,,,+1 214-339-5224,https://dfwautoparts1.com,"6071 W Davis St, Dallas, TX 75211, United States",https://www.google.com/maps/place/DFW+Auto+Parts/data=!4m7!3m6!1s0x864e852a3647da25:0xe6352dda5295bce5!8m2!3d32.7499914!4d-96.924792!16s%2Fg%2F1tdcmchp!19sChIJJdpHNiqFToYR5byVUtotNeY,,,,,,,Dina Maldonado,Owner,,,Dina Maldonado;Angelo Minell,Dina Maldonado,,billing_or_intake_errors,2,"I was told this was the correct wheel, and the employee personally selected it for me. Now I’m being told I can only receive store credit, even though the mistake wasn’t mine. This situation feels unfair and unprofessional. Based on this experience, I would not recommend this business.",First the online price was $125 for a jeep ac compressor when arrived it became $150 for whatever bs reason. Then I had called and confirmed they had it and it was off the car they confirmed when we got there they had to look for it and didn't know what we are talking about. And then by a miracle they found it and it was broken.. they tried their best to rig it together to stick us with it but we had to walk away.  Horrible,,,1,1,Workflow Automation + Systems Integration,silverthreadlabs.com/services/workflow-automation,billing_or_intake_errors;frontline_communication,,no_email_found,,87,3,35,72,https://dfwautoparts1.com/,https://www.google.com/maps/place/DFW+Auto+Parts/data=!4m7!3m6!1s0x864e852a3647da25:0xe6352dda5295bce5!8m2!3d32.7499914!4d-96.924792!16s%2Fg%2F1tdcmchp!19sChIJJdpHNiqFToYR5byVUtotNeY?authuser=0&hl=en&rclk=1,,FALSE,,FALSE,,0,FALSE,FALSE,
A,85.26,dallas,TX Transmission Repair,1eeb89147c984dc6bc3ffafd9e6cd089@sentry.wixpress.com,1eeb89147c984dc6bc3ffafd9e6cd089@sentry.wixpress.com;txtransmissionrepair@gmail.com,agent_browser_crawl;agent_browser_crawl,+1 214-500-3618,http://www.txtransmissionrepair.com,"8723 FM 2728, Terrell, TX 75161, United States",https://www.google.com/maps/place/TX+Transmission+Repair/data=!4m7!3m6!1s0x864e9cf7397433a1:0x7b1cd4b49320cca0!8m2!3d32.6772373!4d-96.203065!16s%2Fg%2F11b8t7_mxj!19sChIJoTN0OfecToYRoMwgk7TUHHs,,https://www.instagram.com/txtransmission/,,,,,Raul Baray,"Founder, Owner & CEO",,,Raul Baray;Tony Baray,Raul Baray,,followup_dropped,4,Sent two emails they never responded. If they don't respond how can you trust and communicate about the work on your vehicle.,"I am still waiting on my car to be repaired,I have had problems with my transmission since December of last year. I have been taking my car back for them to resolve the issue and as of today my car is still not running properly. They don't keep you updated unless you call them. I have requested to speak the owner Raul as of  today I still have yet to receive a  call . This is very frustrating and an inconvenience.",,,1,1,Agentic AI Systems (Autonomous Follow-up),silverthreadlabs.com/services/agentic-ai,billing_or_intake_errors;calls_unanswered;followup_dropped;frontline_communication,,ok,,263,4.4,33,228,http://www.txtransmissionrepair.com/,https://www.google.com/maps/place/TX+Transmission+Repair/data=!4m7!3m6!1s0x864e9cf7397433a1:0x7b1cd4b49320cca0!8m2!3d32.6772373!4d-96.203065!16s%2Fg%2F11b8t7_mxj!19sChIJoTN0OfecToYRoMwgk7TUHHs?authuser=0&hl=en&rclk=1,,FALSE,,FALSE,,0,FALSE,FALSE,
A,79.95,dallas,Auto City Salvage,,,,+1 972-286-9999,,"13815 Skyfrost Dr, Dallas, TX 75253, United States",https://www.google.com/maps/place/Auto+City+Salvage/data=!4m7!3m6!1s0x864eb0781784704f:0xfe86bd9632a6e58a!8m2!3d32.6909898!4d-96.5783176!16s%2Fg%2F1thgbwb2!19sChIJT3CEF3iwToYRiuWmMpa9hv4,,,,,,,,,,,,,,frontline_communication,3,They are liars they will tell you they have a different quantity than what they really have then . Once you arrive give a different price then they love to play dumb or act as if it was miscommunication. Jose terrible customer service. The 2 unprofessional little girls they have answering the phone terrible customer service. They refused to tell their names then proceeds to hang up the phone in my face once they were called out on the BS. I was told the owner Ricardo was out of town for 2 weeks. Better believe I will be reaching out to him about who he have working for him. Had I read the reviews from the beginning would not have went to this place. Now I will post on every platform about how terrible this place is and to do business elsewhere!!,My boyfriend called this place to price a ac compressor for his vehicle and the woman hung up . He called back assuming it was a mistake and she answers  the phone in a rush very cocky attitude. Barely listens to him explaining the make and model of the vehicle before she says; were not gonna have that one and hangs up again. Rude !!,,,1,1,Voice AI + Agentic CRM Outreach,silverthreadlabs.com/services/voice-agents,billing_or_intake_errors;calls_unanswered;frontline_communication,,,,208,3.9,45,128,,https://www.google.com/maps/place/Auto+City+Salvage/data=!4m7!3m6!1s0x864eb0781784704f:0xfe86bd9632a6e58a!8m2!3d32.6909898!4d-96.5783176!16s%2Fg%2F1thgbwb2!19sChIJT3CEF3iwToYRiuWmMpa9hv4?authuser=0&hl=en&rclk=1,,FALSE,,FALSE,,0,FALSE,FALSE,
A,75.69,dallas,Buckner Car Audio,,,,+1 214-275-5711,,"2952 Buckner Blvd, Dallas, TX 75227, United States",https://www.google.com/maps/place/Buckner+Car+Audio/data=!4m7!3m6!1s0x864ea375aa642e07:0xd9cbfe2260c98482!8m2!3d32.7630393!4d-96.6823745!16s%2Fg%2F1td2h9x0!19sChIJBy5kqnWjToYRgoTJYCL-y9k,,,,,,,Ahmed Hamayel,President/Director,,,Ahmed Hamayel,Ahmed Hamayel,,billing_or_intake_errors,3,"NEVER GO TO BUCKNER for anything. Horrible workmanship. Quotes one price then changes it when you arrive. Over priced on radios, speaker, amps. Crazy prices on wiring kits. Whoever they have installing the window tint must go to the lake every morning, so much contamination in the film and give you an attitude when you comment on it. The ceramic film they have is NOT ceramic but they charge as if was. Better of going to ANY other shop.",I took my car here to get it tinted the tint not the problem the money part was the problem told me a cheap price that I was firm with got the they added an extra 30 talkin about it was added for taxes I don’t know what these ppl got going on but don’t bring your car up here unless u wanna get mad,,,1,1,Workflow Automation + Systems Integration,silverthreadlabs.com/services/workflow-automation,billing_or_intake_errors;frontline_communication;service_quality_in_session,,,,428,4.2,63,292,,https://www.google.com/maps/place/Buckner+Car+Audio/data=!4m7!3m6!1s0x864ea375aa642e07:0xd9cbfe2260c98482!8m2!3d32.7630393!4d-96.6823745!16s%2Fg%2F1td2h9x0!19sChIJBy5kqnWjToYRgoTJYCL-y9k?authuser=0&hl=en&rclk=1,,FALSE,,FALSE,,0,FALSE,FALSE,
A,68.37,dallas,A & B Car Audio & Electronics,,,,+1 214-946-7944,http://a-b-car-audio.poi.place,"830 Jefferson Blvd, Dallas, TX 75208, United States",https://www.google.com/maps/place/A+%26+B+Car+Audio+%26+Electronics/data=!4m7!3m6!1s0x864e9a27060f25e3:0x97f42a1b4ec85a5a!8m2!3d32.7429405!4d-96.8370933!16s%2Fg%2F1tgq71l7!19sChIJ4yUPBieaToYRWlrIThsq9Jc,,,,,,,,,,,,,,billing_or_intake_errors,2,Big rip off .. if you don’t know stereos they take advantage of you make you buy small things like wires on the spot to complete the job (that they tell you  is needed )  they’ll charge you 3xs the amount of retail 😔 after spending nearly $1500 dollars there the guy wouldn’t even give me a discount as a returning customer for third time I had someone else working on my car for less and great quality .Shop around Before you go to this establishment and overpay for half ass work,"Please do yourselves a favor and never come here. Over priced and crappy service. Over chargerd me and refused to refund me. Wouldn't even give me the shop owners name. Scam artists! Please don't think
Because you're raza that they're gonna treat you better cause they sure as hell don't. Carlos the manager is a pos!!",,,1,1,Workflow Automation + Systems Integration,silverthreadlabs.com/services/workflow-automation,billing_or_intake_errors;frontline_communication,,cloudflare_blocked,,616,4.4,82,568,http://a-b-car-audio.poi.place/,https://www.google.com/maps/place/A+%26+B+Car+Audio+%26+Electronics/data=!4m7!3m6!1s0x864e9a27060f25e3:0x97f42a1b4ec85a5a!8m2!3d32.7429405!4d-96.8370933!16s%2Fg%2F1tgq71l7!19sChIJ4yUPBieaToYRWlrIThsq9Jc?authuser=0&hl=en&rclk=1,,FALSE,,FALSE,,0,FALSE,FALSE,
A,61.33,dallas,Dallas Car Audio,info@dallascaraudio.us,info@dallascaraudio.us,agent_browser_crawl,+1 214-275-8000,http://dallascaraudio.us,"3806 S Buckner Blvd, Dallas, TX 75227, United States",https://www.google.com/maps/place/Dallas+Car+Audio/data=!4m7!3m6!1s0x864ea39ee7379b8f:0x1ca21a01790a1f4c!8m2!3d32.7698992!4d-96.6823952!16s%2Fg%2F1td3l_pc!19sChIJj5s3556jToYRTB8KeQEaohw,,,,,,,Shawn Barakat,Owner,,,Shawn Barakat,Shawn Barakat,,billing_or_intake_errors,3,"Very unprofessional experience. I do not recommend this shop. Items were missing from my vehicle after service, I was overcharged, and my car was driven by individuals who did not appear to be employees. Overall, extremely disappointing and concerning. Tint is not $25 as advertised","If I could rate 0 stars I would. Gave me one price and tried to up the price once paying. Did very sloppy work with window tint, left many bubbles and said they would go away after a week. Broke my car key and glued it together and was upset when a worker informed me of it.  Also broke break light in the back and glued it back together and stated it was broken already, which it was not. They also went through my car! Luckily I took my belongings out before. DO NOT GO HERE. HORRIBLE BUSINESS.",,,1,1,Workflow Automation + Systems Integration,silverthreadlabs.com/services/workflow-automation,billing_or_intake_errors;frontline_communication;service_quality_in_session,,ok,,596,4.4,73,454,http://dallascaraudio.us/,https://www.google.com/maps/place/Dallas+Car+Audio/data=!4m7!3m6!1s0x864ea39ee7379b8f:0x1ca21a01790a1f4c!8m2!3d32.7698992!4d-96.6823952!16s%2Fg%2F1td3l_pc!19sChIJj5s3556jToYRTB8KeQEaohw?authuser=0&hl=en&rclk=1,,FALSE,,FALSE,,0,FALSE,FALSE,
A,60.97,dallas,Manny's Kustomz,,,,+1 214-836-8985,,"4033 S Lancaster Rd, Dallas, TX 75216, United States",https://www.google.com/maps/place/Manny%27s+Kustomz/data=!4m7!3m6!1s0x864ea3c77950b6d5:0xa45546bc73f2a362!8m2!3d32.6993879!4d-96.7962737!16s%2Fg%2F11nyjpfgf1!19sChIJ1bZQecejToYRYqPyc7xGVaQ,,,,,,,,,,,,,,calls_unanswered,5,"Avoid this place completely or do you’re research before buying. Manny did not have the wheels I originally wanted in stock. That’s not the problem. Instead of offering to order me some wheels he convinced me to buy some American racing novas. They were same bolt pattern but different offset and he said it would workout. ..I liked how they look. When I made it back to Fort Worth , I noticed a bad camber on the rear. I told him about the situation and he said I needed an alignment. He wants to charge me $150 for it after spending $2800 with him. I put my stocks wheels back on the next day because I don’t want to ride on the wheels until we figure out a solution. The problem is he is ignoring my phone calls. He didn’t pick up any phone calls but picked up when I called from another number. I am not happy and feel like I got scammed out of $2,800. I just want to exchange my wheels for some that will fit correctly or get a partial refund since I already drove off the lot.",Be Aware of Bad Sevice! Do Not Take your Vehicle Here! Took my 1993 Cadillac Fleetwood in for alignment. Mechanic Eric “EZ” Bautista tried fixing fender due to rubbing on tires. He Dented Quarter Panel while doing. Owner Manny said as a friend he would take Full responsibility into fixing his employee Mistake. Called and called Both next day to No answer nor help as to fixing their mistake. All he did was give a run around thru text. If this place damages your vehicle they don’t care to help you out when it’s their Fault. Manny needs to be a  Better Buisness person and do the Honest thing which is to fix his shops mistake! Unacceptable to Ignoring a Returning Customer call Period!,,,1,1,Voice AI Agents (Inbound Coverage),silverthreadlabs.com/services/voice-agents,billing_or_intake_errors;booking_friction;calls_unanswered;followup_dropped;frontline_communication,,,,72,4.3,11,54,,https://www.google.com/maps/place/Manny%27s+Kustomz/data=!4m7!3m6!1s0x864ea3c77950b6d5:0xa45546bc73f2a362!8m2!3d32.6993879!4d-96.7962737!16s%2Fg%2F11nyjpfgf1!19sChIJ1bZQecejToYRYqPyc7xGVaQ?authuser=0&hl=en&rclk=1,,FALSE,,FALSE,,0,FALSE,FALSE,
B,55.21,dallas,Eagle Transmission,scottrichardsonzr1@gmail.com,scottrichardsonzr1@gmail.com,agent_browser_crawl,+1 214-506-0075,http://dallas.eagletransmission.com,"1000 Lupo Dr, Dallas, TX 75207, United States",https://www.google.com/maps/place/Eagle+Transmission/data=!4m7!3m6!1s0x864e9e9f2b117533:0xfffaf1c08a78cab5!8m2!3d32.8070579!4d-96.8514742!16s%2Fg%2F1ts_7048!19sChIJM3URK5-eToYRtcp4isDx-v8,https://www.facebook.com/EagleTransmissionAutomotiveDallas;https://www.facebook.com/EagleTransmissionAutomotiveDallas/,,,https://www.yelp.com/biz/eagle-transmission-and-auto-repair-dallas?uid=W3Do0KGw2h71MSIDaTQcYQ&utm_campaign=www_business_share_popup&utm_medium=copy_link&utm_source=(direct),,https://www.youtube.com/@eagletransdfw,Scott Richardson,Owner / Operator,,,Scott Richardson;Michelle,Scott Richardson,,calls_unanswered,4,"Scott, the owner, is the worst mechanic I have ever dealt with. He screens and dodges calls and emails, from both the client and the insurance company; lied and told me if I used him he would work with the insurance company on the labor rate (only to use his original rate); he is frequently “out of the office”; used the insurance check to order parts that were never received while attempting to refurbish my old parts - all during the holiday season might I add; he really didn’t know what he was doing on my car (disclosed 2 months into fixing it) only for each single thing he did on the car to take a week at a time to repair. When he did give notice it was always conveniently  on a Thursday or Friday that the next step would be the following week. Then he takes 3 months to fix my car and expects me to run and pick it up the next day! Meanwhile I’m spending money riding the bus and Uber and have a $2000 deductible that I have to pay him before I can ecen pick up my car. Like wow. No notice from the insurance company who was supposed to “approve my car” prior to me retaking possession of it. And on top of all this, he calls my finance to company to have my car repossessed because I couldn’t pick it up when he wanted me to!! No communication or explanation to me about anything regarding that decision. Very poor communication and business ethic as a mechanic and shop owner. I would never recommend this shop to anyone and pray that he learns a better way to do business.","Had them rebuild my original transmission in 02/15. Transmission broke in 11/15. UNDER THEIR NO COST WARRANTY, it took 11 phone calls on MY EFFORT, and 2.5mo to get my Jeep back AND it still leaks transmission fluid AND I had to replace my own crankshaft position sensor because they wouldn't (and still wont) return my phone calls or voicemails. I took delivery on 02/12/16. Why 11 phone calls on my part? I never received a phone call to discuss status, schedule or issues over the course of 2.5 months. I had to make visits to the shop just to get some answers and dates that were never met. I work in a professional office, and the least amount of customer service is talking to your client in the event that you have issues with a project. there are more details, but this are the basic facts. Be careful here, and get EVERYTHING in writing.",,,1,1,Voice AI Agents (Inbound Coverage),silverthreadlabs.com/services/voice-agents,billing_or_intake_errors;calls_unanswered;followup_dropped;frontline_communication,,ok,,253,4.4,25,213,http://dallas.eagletransmission.com/,https://www.google.com/maps/place/Eagle+Transmission/data=!4m7!3m6!1s0x864e9e9f2b117533:0xfffaf1c08a78cab5!8m2!3d32.8070579!4d-96.8514742!16s%2Fg%2F1ts_7048!19sChIJM3URK5-eToYRtcp4isDx-v8?authuser=0&hl=en&rclk=1,,FALSE,,FALSE,,0,FALSE,FALSE,
B,51.68,dallas,Recon Central,help@reconcentral.com,help@reconcentral.com,gosom_scraper,+1 409-330-7566,http://www.reconcentral.com,"2530 Tarpley Rd #500, Carrollton, TX 75006, United States",https://www.google.com/maps/place/Recon+Central/data=!4m7!3m6!1s0x864c255a7c8e7283:0xcbce1459b78c8d4e!8m2!3d32.9836748!4d-96.8509301!16s%2Fg%2F11fpg1j24z!19sChIJg3KOfFolTIYRTo2Mt1kUzss,,,,,,,John,Co-owner,,,John;Shelby,John,,calls_unanswered,5,"STAY AWAY FROM THIS PLACE. These people do not belong anywhere near cars.
I dropped my car off in Dec for paint/ ceramic coating. When talking with John it would be around $4,000 for it all and he said in January it would be done. I was polite, waited, and never rushed him. Then in February he finally texted me and said the car wouldn’t start and needed a fuel pump. The car was always running when I dropped it off, but whatever. I’m thinking because they leave cars in the open the gas was siphoned. He installed a new fuel pump, then my car continued to sit as he ignored the paint job and prioritized other work. Then his team had to jump start my car because they continued to let it sit there and his team reversed the cables and ruined the ECM! That is insane! He purchased a used one online, first got the wrong one so a further delay, and then when the car was finally operating again, he still did not prioritize my car and it sat there. He had said once it was running it would be the first car painted, so he clearly lied like he had numerous times when I was checking in weekly about when this would be done, let alone actually start. It was not until May that I got it back and then he said it was around $8,000. Way over what he said months earlier!
I write this review because within months my car would die while driving it! This happened numerous times. I could have died. I never thought it would be related to his team, but it 100% was. I took it to numerous mechanics who couldn’t diagnose anything wrong with it, until saying it must be the ECM. I purchased one online, previously John told me how when he bought that one it was over $1,000, they are not anywhere close to that. I got one for around $200 which I know is what he did because he said all he did was plug and play. No dealership programming. This only lasted about a month and then the car began to die again. I had to take it to the dealer and pay their price for them to thoroughly diagnose my car. They had to program the ECM to my car, those aftermarket services never get the programming right and dealers have to do it they said. This is something John should have done and paid for rather than the mere plug and play that he did. I had to pay over $1,000 for this. They also said I needed a new battery and once I told them what this body shop did, he said they should have gotten a new battery if they fried the ECM and let it sit for 6 months. The battery cells were naturally dead.
Then I had to take it to the dealer again because the car would shut off at idle. This diagnosis was that the fuel pump wiring was exposed. So when John did that repair it wasn’t even good work!
He cost me so much money over shoddy work he did. I’ve called and emailed and he ignores me. He owes me thousands of dollars at this point and knowing his integrity he will never respond. He was never even polite about ignoring my car for 6 months. Each time I was in there I saw people battling him about issues from when they had left their car with him.","Not a good way to treat paying customers. Paid for paint work that wasn't as good as promised. Almost embarrassing to say I paid someone professionally to do this. Worst thing though is while keeping my car on property (longer than expected) they did not lock it and things were stolen. They acted like it was no big deal. Now they won't even communicate with me.

I do not recommend and I WILL be taking my business elsewhere.",,,1,1,Voice AI Agents (Inbound Coverage),silverthreadlabs.com/services/voice-agents,billing_or_intake_errors;calls_unanswered;frontline_communication;hidden_subcontracting;service_quality_in_session,,ok,,91,4.7,6,79,http://www.reconcentral.com/,https://www.google.com/maps/place/Recon+Central/data=!4m7!3m6!1s0x864c255a7c8e7283:0xcbce1459b78c8d4e!8m2!3d32.9836748!4d-96.8509301!16s%2Fg%2F11fpg1j24z!19sChIJg3KOfFolTIYRTo2Mt1kUzss?authuser=0&hl=en&rclk=1,,FALSE,,FALSE,,0,FALSE,TRUE,metro_mismatch
B,50.97,dallas,B&B Auto Salvage,,,,+1 972-225-5999,,"9701 S Central Expy, Dallas, TX 75241, United States",https://www.google.com/maps/place/B%26B+Auto+Salvage/data=!4m7!3m6!1s0x864ebd747686debf:0x29812b70c3dfc375!8m2!3d32.678795!4d-96.7321016!16s%2Fg%2F1tjt2bqh!19sChIJv96GdnS9ToYRdcPfw3ArgSk,,,,,,,,,,,,,,billing_or_intake_errors,4,"UNETHICAL SELLER(S)
I  was quoted $150 for each door, I called to verify and was quoted $200, so I showed up and asked in person and was quoted $500 for both doors. The seller(s) lack communication at the facility. Raising the price $50 then $100 for each door is unethical.
After I purchased the doors, the wires turned out to be different, I called back early next day since they were closed and was offered a refund or a replacement. I asked for a replacement but the employee said he’ll call me back later. When the employee didn’t call me back, I called. The other employee chose not honor the promise of a replacement or a refund as promised on the receipt and by the employee spoken too first.",We got a part that was broke when  we  went to get it  put  on the mechanic  said it was broke. Went back told them & they said they would  put it back  on my card. So now I have  to  wait 3 to 5 days. I just hope I get my money  back.,,,1,1,Workflow Automation + Systems Integration,silverthreadlabs.com/services/workflow-automation,billing_or_intake_errors;calls_unanswered;followup_dropped;frontline_communication,,,,53,3.7,9,25,,https://www.google.com/maps/place/B%26B+Auto+Salvage/data=!4m7!3m6!1s0x864ebd747686debf:0x29812b70c3dfc375!8m2!3d32.678795!4d-96.7321016!16s%2Fg%2F1tjt2bqh!19sChIJv96GdnS9ToYRdcPfw3ArgSk?authuser=0&hl=en&rclk=1,,FALSE,,FALSE,,0,FALSE,FALSE,
B,50.91,dallas,International Transmission Repair,,,,,,"8229 Scyene Rd, Dallas, TX 75227, United States",https://www.google.com/maps/place/International+Transmission+Repair/data=!4m7!3m6!1s0x864ea30028691c35:0x2f234d425f097d96!8m2!3d32.7636973!4d-96.6783749!16s%2Fg%2F11yw1t1737!19sChIJNRxpKACjToYRln0JX0JNIy8,,,,,,,Justin Christopher Jordan,Executive Director/CEO,,,Justin Christopher Jordan,Justin Christopher Jordan,,billing_or_intake_errors,3,"Fair prices on rebuilds. Fast turn around.

*****BE FORE WARNED!!*****  ""LIFETIME WARRANTY"" IS ONLY AVAILABLE IF YOU PAY $350 EVERY 6 MONTHS FOR INSPECTIONS FOREVER IF YOU WANT TO!!!  IT IS NOT A CONVENTIONAL WARRANTY!!!!

I would pay the $350 PER YEAR as that would be more acceptable but every 6 months for as long as you want to pay it IS NOT a true warranty!!!!!  VERY misleading!!",Horrible customer service. They didn’t fix the issue and expect you to pay more with their “lifetime warranty”,,,3,1,Workflow Automation + Systems Integration,silverthreadlabs.com/services/workflow-automation,billing_or_intake_errors;calls_unanswered;frontline_communication,,,,80,4.6,6,76,,https://www.google.com/maps/place/International+Transmission+Repair/data=!4m7!3m6!1s0x864ea30028691c35:0x2f234d425f097d96!8m2!3d32.7636973!4d-96.6783749!16s%2Fg%2F11yw1t1737!19sChIJNRxpKACjToYRln0JX0JNIy8?authuser=0&hl=en&rclk=1,,FALSE,,FALSE,,0,FALSE,TRUE,malformed
B,48.06,dallas,Stereo Zone Dallas Car Audio And Window Tint,,,,+1 214-275-9663,,"2715 Buckner Blvd, Dallas, TX 75227, United States",https://www.google.com/maps/place/Stereo+Zone+Dallas+Car+Audio+And+Window+Tint/data=!4m7!3m6!1s0x864ea3730ea7af07:0x1a3745a7223b257a!8m2!3d32.7584922!4d-96.6831866!16s%2Fg%2F1tnssb8r!19sChIJB6-nDnOjToYReiU7IqdFNxo,,,,,,,,,,,,,,frontline_communication,4,"I regret taking my vehicle here. After having stereo work done, my truck started experiencing electrical problems almost immediately after. I’m now dealing with costly repairs and no real accountability or effort to help from the shop. The staff attitude was also rude and unprofessional during my visit.","On Monday, October 27, 2025, I visited Stereo Zone to purchase a camera to be installed in my car. Upon arrival, I purchased the camera for $303. I asked the owner how to delete old videos, and he told me that all recordings were stored on the SD card. I then asked how I could view the videos on my phone, and he said that it was only possible through the SD card.

After that, they installed the camera. At the end of the installation, one of the installers told me that I needed to download an app. This left me confused, as the owner had said that using a phone was not necessary to access the videos. The installers, however, insisted that I did need the app. They advised me to download it later and said they could not assist me at that moment because they were busy — even though I was the only customer in the store at the time.

When I arrived home, I downloaded the app, but it did not work. The next day, Tuesday, October 28, I called the store and explained that the equipment was not functioning properly. They told me to read the manual. I replied that this was difficult for me because English is not my first language. They then abruptly hung up on me.

On Wednesday, October 29, I went back to the store to resolve the issue. When I arrived, the store was closed. I returned the following day, October 30. Once again, no one in the store knew how to operate either the camera or the app. The owner repeated that the app was not required, while the installers insisted that it was. Eventually, one installer went with me to my car to demonstrate how the camera worked — but he clearly did not know how to use it either. Another installer joined us, told me once again to read the manual, and both of them walked away, saying they were going to call the owner. However, no one spoke to me again; they simply left me alone with a product that did not work for me.

I went back into the store and explained to the owner that the product he sold me was defective and that, since I had purchased it only four days earlier, I wanted to return it and receive a refund. He refused, stating that he had already told me the videos could be accessed directly through the SD card. I explained that his installers had told me otherwise — that I did need the app. He responded that the installers knew nothing about the product, then hebcompletely ignored me. I had no choice but to leave.

I would like to note that I am a woman and was alone during every visit. I am convinced that if I had been a man, I would not have been treated in the same manner. It is very clear to me that none of the employees — not even the owner — understand the product they sell, as each person gives different information. That is likely why they kept telling me to “read the manual.”

I also wish to warn others: do not trust the reviews you read about this store. They are clearly not genuine. A business that does not understand its own products and treats customers with such disrespect cannot possibly earn honest positive reviews. There are even reports that the owner himself writes fake reviews, asking customers for their phones so that he can write positive reviews on their behalf.

In the end, I went home with a product that does not work for me. I feel deceived and suffered a financial loss of $303. Please be cautious and avoid this establishment — they are not trustworthy.",,,1,1,Voice AI + Agentic CRM Outreach,silverthreadlabs.com/services/voice-agents,billing_or_intake_errors;calls_unanswered;frontline_communication;service_quality_in_session,,,,568,4.7,32,454,,https://www.google.com/maps/place/Stereo+Zone+Dallas+Car+Audio+And+Window+Tint/data=!4m7!3m6!1s0x864ea3730ea7af07:0x1a3745a7223b257a!8m2!3d32.7584922!4d-96.6831866!16s%2Fg%2F1tnssb8r!19sChIJB6-nDnOjToYReiU7IqdFNxo?authuser=0&hl=en&rclk=1,,FALSE,,FALSE,,0,FALSE,FALSE,
B,46.7,dallas,24 Hour Rodriguez Tire Shop,,,,,,"2745 W Northwest Hwy, Dallas, TX 75220, United States",https://www.google.com/maps/place/24+Hour+Rodriguez+Tire+Shop/data=!4m7!3m6!1s0x864e9da6447c4fe1:0x357f7b21fdf5e737!8m2!3d32.8584393!4d-96.8742557!16s%2Fg%2F1v9gkdvd!19sChIJ4U98RKadToYRN-f1_SF7fzU,,,,,,,,,,,,,,billing_or_intake_errors,3,"Always changing prices when it comes to they’re tires, if they see you have an expensive cars. Also, I just went there April 18th 2025 to get a patch on my tire and was told I had 2 nails in my tire instead of 1 they only patched one but charged me for 2, they told me 2 patches would be $30 the next day I discovered my tire was flat a again with the second nail still in there, highly disappointed!","I wish that Your Guys would pay more attention to detail and be a little more on top of Customer Service. I kinda frown on establishments that quote a Cash Price, then UP Charge because One decides to pay with a credit card 💳 🤔 Nonetheless, …",,,1,,Workflow Automation + Systems Integration,silverthreadlabs.com/services/workflow-automation,billing_or_intake_errors;calls_unanswered;frontline_communication,,,,1258,4.3,55,61,,https://www.google.com/maps/place/24+Hour+Rodriguez+Tire+Shop/data=!4m7!3m6!1s0x864e9da6447c4fe1:0x357f7b21fdf5e737!8m2!3d32.8584393!4d-96.8742557!16s%2Fg%2F1v9gkdvd!19sChIJ4U98RKadToYRN-f1_SF7fzU?authuser=0&hl=en&rclk=1,,FALSE,,FALSE,,0,FALSE,TRUE,malformed
B,43.58,dallas,American Sunroof Upholstery,appointments@asudallas.com,appointments@asudallas.com;info@asudallas.com,agent_browser_crawl;agent_browser_crawl,+1 214-634-0608,http://asudallas.com,"2781 Irving Blvd, Dallas, TX 75207, United States",https://www.google.com/maps/place/American+Sunroof+Upholstery/data=!4m7!3m6!1s0x864e9c08a13b0a19:0x4328a9c9adbab33f!8m2!3d32.806192!4d-96.846547!16s%2Fg%2F1wh4g822!19sChIJGQo7oQicToYRP7O6rcmpKEM,https://facebook.com/,https://instagram.com/,,,,https://youtube.com/,Moe Pourahmadi,Owner / President,,,Moe Pourahmadi,Moe Pourahmadi,,billing_or_intake_errors,4,They charge you almost $300 per hour. I paid for part cost $250 then up charge all said an done $1500 wow talking about robbing you legally,"Heather “helped” us reupholster our cloth seats to leather. We picked our seats with perforation on the body only of the seat. Prior to install, Heather confirmed via text the total out the door price and that we didn’t want the wings of the seats perforated. We received our vehicle back with perforated body and wings on Friday shortly after 5p (and left Heather a message upon pick up that the leather was incorrect). We contacted Heather again on Monday (since she doesn’t respond to anything if it comes in after 5p M-F) and she didn’t respond till my husband contacted her again on Wednesday. She then told him that to correct (THEIR) mistake would cost US an additional $300 because what we wanted was not in stock and would be a special order (it’s a plain Katzkin leather seat kit. Nothing fancy). When going back and forth on numbers with us earlier and confirming body perforation only, the total price DID NOT include a $300 special order fee. Plus, they auto charge 3.5% for all card transactions (and didn’t tell us there was this additional charge. Had we known, we would have just paid by check). Screen shots of conversations have been shared with Heather to show how she is now being deceitful, not owning up to her mistake, and making no effort to help us get the leather we wanted without soaking more money out of us. We have a 2nd vehicle that needs leather replaced in it but after this experience, we surely WILL NOT be using this place and have no idea how they have contracts in place with places like James Wood Cadillac/Chevy/Buick in Denton and Huffines Subaru in Corinth. Buyer beware is my advice.",,,3,1,Workflow Automation + Systems Integration,silverthreadlabs.com/services/workflow-automation,billing_or_intake_errors;booking_friction;delivery_quality;frontline_communication,,ok,,156,4.4,17,125,http://asudallas.com/,https://www.google.com/maps/place/American+Sunroof+Upholstery/data=!4m7!3m6!1s0x864e9c08a13b0a19:0x4328a9c9adbab33f!8m2!3d32.806192!4d-96.846547!16s%2Fg%2F1wh4g822!19sChIJGQo7oQicToYRP7O6rcmpKEM?authuser=0&hl=en&rclk=1,,FALSE,,FALSE,,0,FALSE,FALSE,
B,43.03,dallas,Easirent Car Rental Dallas Love Field Airport (DAL),us.helpdesk@easirent.com,us.helpdesk@easirent.com;us.reservations@easirent.com,agent_browser_crawl;agent_browser_crawl,+1 972-200-2673,https://us.easirent.com/car-rental-dallas-love-field-airport,"7224 Harry Hines Blvd, Dallas, TX 75235, United States",https://www.google.com/maps/place/Easirent+Car+Rental+Dallas+Love+Field+Airport+%28DAL%29/data=!4m7!3m6!1s0x864e9d1a25e1a1b7:0x993fb5ebd40d8cd4!8m2!3d32.8281115!4d-96.8562538!16s%2Fg%2F11sbl3h4x0!19sChIJt6HhJRqdToYR1IwN1Ou1P5k,,,,,,,,,,,,,,billing_or_intake_errors,5,"The worst rental company i have used. First of all they are not at dfw airport with the rest of the credible rental company's, they make you wait outside for 30 minutes so a van picks you up and takes you yet another 20 minutes  south of the airport,   They don't have any of the listed cars online and when you check out they tell you that if you go through a toll you will be charged $50 fee each time that way you will be forced to buy the more unlimited tolls for $18 i was renting for a week so that would have made it another $150 on top of the rental orice,- the car, they gave me a Chevy instead of the Buick I booked, the car was giving to me empty and the guy wrote 1/4 tank. And when I was driving it started to get dark outside so I turn the headlights on and they don't work, one is out and the other one is facing the ground couldn't see it was so not safe. So I called them multiple times reading this issue and Noone ever answers the phone I emailed them Noone returns my emails. Also they wanted to charge me extra for tire and windshield protection. Basicly if the whichshild gets a chip or Crack they may me pay for it. During the inspection I was looking carefully and noticed and chip on the windshield. So if I didn't point that out they would have charged me for another windshield. Also I was supposed to have unlimited mileage and they gave me 150 a day,.. unable to reach anymore and im more then an hour away form there office to just drive back up there. Someone come get your junk car back and refund my money or bring me a safe fully functional  car","My flight was delayed getting to DAL, in Dallas, due to rain. The car rental place said
, 1. they could not hold my reservation
2. The shuttle stopped running at 7:30pm
3. The close at 10, but stop taking customers at 9:15.

I am a senior citizen, I had a hour of driving to do when I got to Dallas. Did not want to spend the night in the airport, I was returning 48 hours after my original arrival time. So my choice was hope another car rental could help or cancel the entire trip.

On top of this, do not know if I will get my money back. 48 to 72 hours to come up with a resolution.",,,1,1,Workflow Automation + Systems Integration,silverthreadlabs.com/services/workflow-automation,billing_or_intake_errors;calls_unanswered;followup_dropped;frontline_communication;service_quality_in_session,,ok,,2201,4.4,6,10,https://us.easirent.com/car-rental-dallas-love-field-airport/?utm_source=google&utm_medium=organic&utm_campaign=GMB_Dallas_LField_Airport,https://www.google.com/maps/place/Easirent+Car+Rental+Dallas+Love+Field+Airport+%28DAL%29/data=!4m7!3m6!1s0x864e9d1a25e1a1b7:0x993fb5ebd40d8cd4!8m2!3d32.8281115!4d-96.8562538!16s%2Fg%2F11sbl3h4x0!19sChIJt6HhJRqdToYR1IwN1Ou1P5k?authuser=0&hl=en&rclk=1,,FALSE,,FALSE,,0,FALSE,FALSE,
B,42.95,dallas,Luis Transmissions,,,,+1 214-309-7857,https://luistransmissions.com,"216 Buckner Blvd suite c, Dallas, TX 75217, United States",https://www.google.com/maps/place/Luis+Transmissions/data=!4m7!3m6!1s0x864ebcb5d61c3cf1:0x41da881c51e2b0b2!8m2!3d32.7155!4d-96.6817!16s%2Fg%2F11cn68_ky1!19sChIJ8Twc1rW8ToYRsrDiURyI2kE,,,,,,,Luis Serma,Owner,,,Luis Serma,Luis Serma,,frontline_communication,3,Took my 1999 chevy for a rebuildthe first time it took 3 days for it back and in a am started to give me the same problem took it back and Luis try to say that it must be other engine problem and that everything is normal so I left it and this time he kept it for 2 weeks got it back and my cruise control was suddenly not working and my take off was not the same I took it back and Luis kept trying to say it was other problem when I never had a problem with it before. Luis was a rude person on top of that we would be talking and all of a sudden he'll cut you off to answer a phone call no apology after it not bad business,If I could give 0 stars I would. I live out of town and have been trying to work with them for a week. And they keep needing more and more stuff but won't tell me what for days. I had to keep pestering. And on top of running my credit a few times. They sold the car and didn't give me a warning or even tell me. I had to message them. Priscilla is horrible to work with. Doesn't answer for anything. Horrible.,,,1,1,Voice AI + Agentic CRM Outreach,silverthreadlabs.com/services/voice-agents,billing_or_intake_errors;calls_unanswered;frontline_communication,,no_email_found,,153,4.3,20,85,https://luistransmissions.com/,https://www.google.com/maps/place/Luis+Transmissions/data=!4m7!3m6!1s0x864ebcb5d61c3cf1:0x41da881c51e2b0b2!8m2!3d32.7155!4d-96.6817!16s%2Fg%2F11cn68_ky1!19sChIJ8Twc1rW8ToYRsrDiURyI2kE?authuser=0&hl=en&rclk=1,,FALSE,,FALSE,,0,FALSE,FALSE,
B,41.07,dallas,Texas Upholstery and Trim,,,,+1 940-594-4593,https://texasupholsteryandtrim.com,"125 Country View Dr Suite 116A, Roanoke, TX 76262, United States",https://www.google.com/maps/place/Texas+Upholstery+and+Trim/data=!4m7!3m6!1s0x864dd9b32fae6c59:0xf5c9e60d6a290742!8m2!3d33.0085897!4d-97.2227164!16s%2Fg%2F11h76ggty8!19sChIJWWyuL7PZTYYRQgcpag3myfU,https://www.facebook.com/TxUpholster,,,,,,Valentino Gomez,Owner / Managing Member,https://www.linkedin.com/in/valentino-gomez-803077a3/,,Valentino Gomez,Valentino Gomez,https://www.linkedin.com/in/valentino-gomez-803077a3/,followup_dropped,5,"Poor communication.  Wanted an estimate for a full interior restoration.   Was told to see Marco. Went that same day, spoke to Marco.  He took pics and I left my contact info.  After a week, I text “owner” about estimate.  Owner said I never went to see Marco (??).  After a few texts back and forth (one producing the pics Marco took, to confirm that was my vehicle) she said she would have an estimate the next day.  “You have my word”.   It’s been a week now and haven’t heard from them.  She mentioned she has Covid (I had it twice) but there needs to be someone in charge to carry on the business, even if it’s just a text to say please bear with us.  Glad they are busy but I don’t beg anyone to take my money.  Looking elsewhere.  Funny, this place was recommended by a friend.  He’s left scratching his head. 😳","Wasted 2 days of my time by not bothering to get back with me.  Called on a Monday sent pics and a description as requested but, Melissa couldn’t be bothered to get back with me it’s now Wednesday.  I’m sure someone else will be willing to do the job without wasting my time.",,,1,1,Agentic AI Systems (Autonomous Follow-up),silverthreadlabs.com/services/agentic-ai,billing_or_intake_errors;calls_unanswered;followup_dropped;frontline_communication;service_quality_in_session,,no_email_found,,167,4.8,6,155,https://texasupholsteryandtrim.com/,https://www.google.com/maps/place/Texas+Upholstery+and+Trim/data=!4m7!3m6!1s0x864dd9b32fae6c59:0xf5c9e60d6a290742!8m2!3d33.0085897!4d-97.2227164!16s%2Fg%2F11h76ggty8!19sChIJWWyuL7PZTYYRQgcpag3myfU?authuser=0&hl=en&rclk=1,,FALSE,,FALSE,,0,FALSE,TRUE,metro_mismatch
B,40.88,dallas,Love Field Auto,,,,+1 214-902-9996,https://lovefieldauto.com,"8558 Denton Dr, Dallas, TX 75235, United States",https://www.google.com/maps/place/Love+Field+Auto/data=!4m7!3m6!1s0x864e9c2157ca1d5b:0xd7c7b9e4cfce3d7b!8m2!3d32.8422523!4d-96.8594654!16s%2Fg%2F1wcxdhr3!19sChIJWx3KVyGcToYRez3Oz-S5x9c,https://www.facebook.com/lovefieldauto/,,,https://www.yelp.com/biz/love-field-auto-dallas-2,,,Randy Newberry,Owner (founder; possible recent ownership transition),,,Randy Newberry,Randy Newberry,,frontline_communication,3,"I had one of the most frustrating mechanic experiences at Lovefield Auto. I called ahead and spoke with Lloyd for 15 minutes, clearly explaining the issue—my 2020 Honda HR-V was diagnosed by the dealership with a bad right strut. He quoted me over $900 for the repair but said I had to wait a full week to bring the car in. Fine—I waited.

I dropped the car off promptly at 8AM. Radio silence until 2PM, when they finally said they test drove it but didn’t hear the sound. I told them: you have to turn the wheel—of course you won’t hear anything driving in a straight line. Two more hours passed. I had to call them back at 4:30PM for an update.

Then came the kicker: they told me they did finally hear the noise after turning the wheel—but said they weren’t sure what to do. Lloyd literally said they checked mechanic forums and Reddit and that fixing the strut might or might not solve the problem. A 50/50 chance, he said. They even mentioned it might be the shock, which doesn’t align at all with what I know or what the dealership diagnosed.

By 5PM (closing time), I was told the car “seems drivable” and that if the noise bothers me, I can come fix it—but they weren’t sure it would help. No confidence, no real diagnostic work, and zero follow-through. I felt completely brushed off and left with more questions than answers.

If you value your time, money, and peace of mind, go somewhere else. This shop wasted a week of my time and gave me nothing in return but confusion.","Randy seemed very nice when I brought my vehicle for inspection.  I called a few days later to clarify the replacement of components and ask if the price could be reduced. He gave me a snotty answer like , would you like my workers to work for free ? He wasn't very professional.  He could have just said , I wouldn't be able to because of inflation etc. So, I canceled by AC repair with his business.  Attitude matters for me no matter how good you are in your job.",,,2,2,Voice AI + Agentic CRM Outreach,silverthreadlabs.com/services/voice-agents,billing_or_intake_errors;frontline_communication;service_quality_in_session,,no_email_found,,673,4.8,3,10,https://lovefieldauto.com/,https://www.google.com/maps/place/Love+Field+Auto/data=!4m7!3m6!1s0x864e9c2157ca1d5b:0xd7c7b9e4cfce3d7b!8m2!3d32.8422523!4d-96.8594654!16s%2Fg%2F1wcxdhr3!19sChIJWx3KVyGcToYRez3Oz-S5x9c?authuser=0&hl=en&rclk=1,,FALSE,,FALSE,,5,FALSE,FALSE,
B,39.89,dallas,Evolution Auto Concepts - Performance Shop,9a65e97ebe8141fca0c4fd686f70996b@sentry.wixpress.com,9a65e97ebe8141fca0c4fd686f70996b@sentry.wixpress.com;c183baa23371454f99f417f6616b724d@sentry.wixpress.com;dd0a55ccb8124b9c9d938e3acf41f8aa@sentry.wixpress.com,agent_browser_crawl;agent_browser_crawl;agent_browser_crawl,+1 972-764-5821,https://www.evolutionautoconcepts.com,"1209 Belleview St, Dallas, TX 75215, United States",https://www.google.com/maps/place/Evolution+Auto+Concepts+-+Performance+Shop/data=!4m7!3m6!1s0x864e9902d78062a3:0x81068e1465a6933c!8m2!3d32.7697702!4d-96.7938429!16s%2Fg%2F1hm50vw9m!19sChIJo2KA1wKZToYRPJOmZRSOBoE,http://www.facebook.com/evolutionautoconcepts,http://instagram.com/evolutionautoconcepts,,,,,Ryan Rafie,Owner,https://www.linkedin.com/in/ryan-rafie-3a294680/,,Ryan Rafie,Ryan Rafie,https://www.linkedin.com/in/ryan-rafie-3a294680/,calls_unanswered,4,"I’m going to make this as short as possible. I went here because I saw they worked on another 370 and saw they had good reviews. I had them install a wing and two front carbon fiber fenders. They originally told me two weeks. After a few phone calls, it was ready 5 weeks later. When I went to pick it up, they did nothing to try and make the fenders fit correctly. I had chipped paint in multiple locations near the fender and the door. My driver side headlight has a very deep scratch which I don’t even know how that happened. When I picked it up it was in a dim warehouse so I didn’t see all the imperfections till I got home and looked at it in the sun. Now I’m having to go to another shop to fix what they did. Don’t go here if you’re having any bodywork done or care about your car. It really sucks when you get your car back in worse shape than when you dropped it off. There’s also a gap on the wing and they used silicone glue to glue it to my trunk which I was never told about or I would have said don’t do it. I was also told it was going to be 200 more and they didn’t even do all the work. I had to call the owner and tell him all the work we agreed to wasn’t done and I wasn’t going to pay more. Go somewhere else!","If I could give this place zero stars I would
DO NOT COME HERE. Where do I start … the lack of organization the lack of communication the lack of customer service.I called this place and asked if they could install my lambo door kit that I had purchased for my 2016 Camaro. They said yes and said it would be a 3 day job. So I agreed. Turns out it was a 2 WEEK JOB. And there was no communication throughout the process just constantly bein told it would be ready the following day but no Information or updates on why there was such a delay. I had to travel 50 mins to Dallas 4 times because I could not get anyone on the phone to give me an update on my car. Did I receive any type of compensation? NO they still charged me 2200 for a job they finished 2 weeks late. Furthermore my car now has mechanical issues! My door lights would not turn off my mirrors will not move automatically. My car door icon will not turn off & my passenger window will not roll up or down. They offered to fix it so I brought the car back as they said it would be a 4 hr inspection to tell me what was going on. THEY DID NOT REACH OUT TO ME FOR 3 DAYS. this place is a joke and they obviously do not know what they are doing. Please save your money and time & look elsewhere",,,1,1,Voice AI Agents (Inbound Coverage),silverthreadlabs.com/services/voice-agents,billing_or_intake_errors;calls_unanswered;frontline_communication;service_quality_in_session,,ok,,79,4.6,4,61,https://www.evolutionautoconcepts.com/,https://www.google.com/maps/place/Evolution+Auto+Concepts+-+Performance+Shop/data=!4m7!3m6!1s0x864e9902d78062a3:0x81068e1465a6933c!8m2!3d32.7697702!4d-96.7938429!16s%2Fg%2F1hm50vw9m!19sChIJo2KA1wKZToYRPJOmZRSOBoE?authuser=0&hl=en&rclk=1,,FALSE,,FALSE,,0,FALSE,FALSE,
B,39.82,dallas,Texas Custom Stereo Window Tint,txcustomstereo@gmail.com,txcustomstereo@gmail.com,gosom_scraper,+1 972-298-4400,https://texascustomstereo.com,"4312 W Camp Wisdom Rd, Dallas, TX 75237, United States",https://www.google.com/maps/place/Texas+Custom+Stereo+Window+Tint/data=!4m7!3m6!1s0x864e91057ec89c07:0x954a7722a51524e4!8m2!3d32.6616712!4d-96.8899407!16s%2Fg%2F11xrk52ggl!19sChIJB5zIfgWRToYR5CQVpSJ3SpU,https://www.facebook.com/texascustom1/,https://www.instagram.com/txcustomstereo/,,https://yelp.com/biz/texas-custom-stereo-dallas,,,,,,,,,,billing_or_intake_errors,4,"Spoke with them over the phone twice and both times I received different quotes for labor/ installation for a sound system. The year, make, and model were discussed both times. Upon arriving, they added that we would need/ require additional parts and quoted us a price of $300-$400 afterwards. Almost twice as much of the $175-$200 price(s) that were discussed over the phone. Luckily we didn’t travel far to the location, otherwise I would’ve been more upset. Nonetheless, bad business. You don’t set a price over the phone and then change it up in-person. I found another place (Leo Car Audio Tint 2), that did the same work for $210-$230. I highly recommend that place and avoid places such as this one.","Pretty deceptive business practices. Attempted to upcharge my mom and keep her equipment, they stored it in one of their display cases. Damaged the backseat car drink holder by drilling a hole through it, placing the system it in the middle of the trunk instead of through the backseat. No compensation for that. Only upside was the extremely cute kitty cat, the nice kid and the hot receptionist guy.",,,1,2,Workflow Automation + Systems Integration,silverthreadlabs.com/services/workflow-automation,billing_or_intake_errors;followup_dropped;frontline_communication;service_quality_in_session,,ok,,138,4.8,7,119,https://texascustomstereo.com/,https://www.google.com/maps/place/Texas+Custom+Stereo+Window+Tint/data=!4m7!3m6!1s0x864e91057ec89c07:0x954a7722a51524e4!8m2!3d32.6616712!4d-96.8899407!16s%2Fg%2F11xrk52ggl!19sChIJB5zIfgWRToYR5CQVpSJ3SpU?authuser=0&hl=en&rclk=1,,FALSE,,FALSE,,2,FALSE,FALSE,
B,38.75,dallas,JR's Custom Auto Service Irving TX,,,,+1 972-438-4902,http://www.jrscustomauto.com,"150 E Airport Fwy, Irving, TX 75062, United States",https://www.google.com/maps/place/JR%27s+Custom+Auto+Service+Irving+TX/data=!4m7!3m6!1s0x864e8318b50c8eed:0xe33ce9c9afca6d76!8m2!3d32.8364035!4d-96.943309!16s%2Fg%2F1tscpd_r!19sChIJ7Y4MtRiDToYRdm3Kr8npPOM,,,,,,,James Reeves,Owner / Founder,https://www.linkedin.com/in/james-reeves-654ab778/,,James Reeves,James Reeves,https://www.linkedin.com/in/james-reeves-654ab778/,frontline_communication,4,"I placed an order online for local shop install
Jrs picked up accepted the install made an appointment
On the day of install “owner” as he called himself was clueless. As I was trying to show him the email he took my phone out of my hand and looked like he was trying to delete the email. I got my phone back and he told me to leave and install the part myself.
He later came out to my vehicle to apologize but when I said I already got someone else he then told me to get off his property.
Never recommend this place unless you like the rudeness and complete lack of customer service and respect","If you want an estimate that's going to be double what anyone else will charge these people are the ones to see. They will go out of there way to show you out the door and smile will doing it. I have no idea why I stop by here sometimes... Maybe to remind myself that there is always a worse place to go. The only joy of this place is being able to play fetch with the black lab they have running around the store. How these people are still in business is beyond me.

Every time I've ever walked into this business if I'm able to even get the attention of the person on the sales floor they are down right insulting... I guess I'm not dressed in clothes that say I spend money. Maybe if I went in wearing a suit and tie they'd act like they care. I'll just go to Bonnie and Clyde auto for my customization needs as they greet you and work with you to make sure you get what you want without making you feel worthless.

Wow and now I'm being belittled by the owner himself, that just goes to show you how much of a lowlife the owner and his business are. Don't worry I won't be back to your pathetic shop when there is so much better out there with reasonable prices that's just as good and better than your workmanship.

This is a factual review left by a real life potential customer.",,,1,1,Voice AI + Agentic CRM Outreach,silverthreadlabs.com/services/voice-agents,deadline_missed;delivery_quality;followup_dropped;frontline_communication,,open_error,,825,4.9,16,656,http://www.jrscustomauto.com/,https://www.google.com/maps/place/JR%27s+Custom+Auto+Service+Irving+TX/data=!4m7!3m6!1s0x864e8318b50c8eed:0xe33ce9c9afca6d76!8m2!3d32.8364035!4d-96.943309!16s%2Fg%2F1tscpd_r!19sChIJ7Y4MtRiDToYRdm3Kr8npPOM?authuser=0&hl=en&rclk=1,,FALSE,,FALSE,,0,FALSE,FALSE,
B,38.58,dallas,Torres Auto Service,,,,+1 214-944-5506,,"1201 W Davis St, Dallas, TX 75208, United States",https://www.google.com/maps/place/Torres+Auto+Service/data=!4m7!3m6!1s0x864e9b2ed230d4c9:0x3c3f9dafd6c0565d!8m2!3d32.7497778!4d-96.8420031!16s%2Fg%2F11t3ndgn9d!19sChIJydQw0i6bToYRXVbA1q-dPzw,,,,,,,,,,,,,,billing_or_intake_errors,2,Charged extra $50 for a diagnosis that wasn't necessary. I even asked before hand if any diagnosis cost would count towards repair. The mechanic does a good job though.,Do not take your car here! Dishonest car mechanic! They told me the price was 80 dollars to fix my censor and sprung 300 dollar invoice with charges they never said were included. Had they been upfront and honest about the cost I would of …,,,2,,Workflow Automation + Systems Integration,silverthreadlabs.com/services/workflow-automation,billing_or_intake_errors;frontline_communication,,,,156,4.4,73,80,,https://www.google.com/maps/place/Torres+Auto+Service/data=!4m7!3m6!1s0x864e9b2ed230d4c9:0x3c3f9dafd6c0565d!8m2!3d32.7497778!4d-96.8420031!16s%2Fg%2F11t3ndgn9d!19sChIJydQw0i6bToYRXVbA1q-dPzw?authuser=0&hl=en&rclk=1,,FALSE,,FALSE,,0,FALSE,FALSE,
B,38.13,dallas,ASM Auto Upholstery,,,,+1 972-406-8130,https://www.asmautoupholstery.com,"11511 Reeder Rd Suite A, Dallas, TX 75229, United States",https://www.google.com/maps/place/ASM+Auto+Upholstery/data=!4m7!3m6!1s0x864c279264fbad0f:0xb5d739ffbd3c49a!8m2!3d32.9009718!4d-96.8962221!16s%2Fg%2F1tffprcz!19sChIJD637ZJInTIYRmsTT-59zXQs,https://facebook.com/ASMAutoUpholstery,https://instagram.com/asmautoupholstery/,,,,https://youtube.com/channel/UChpbiVlRQguZ3oWY2U8nikw,Sue Martin,Owner / Founder,,,Sue Martin,Sue Martin,,frontline_communication,3,"Edit: at approximately 8:40 AM on Sunday, December 12 John the manager called me after reading this review and began yelling and screaming at me on the phone. This is in response to the review that I wrote before and it is below and 100% truthful. He also threatened me and told me his physical address to come and see him:

Took my Cadillac here to get an estimate on getting the fabric roof replaced. Manager said to leave it overnight to evaluate so I did. Next day he calls with a quote to reseal the roof fabric which I agreed to. He then called back later and says that they really would not feel comfortable resealing the roof fabric and would like to replace it but that he's backed up and I needed to come get the car and that he would call me back after getting estimates. It's been almost a month and I haven't heard from them and it basically was just him making an excuse because they really had no interest in providing me with any service. I guess if you don't look like a millionaire or play professional football for the Dallas Cowboys or have something that they believe is interesting they'll treat you the way I've been treated (which was not very good in my opinion).  I would recommend to everyone to instead go somewhere else based upon this experience since they appear to be too busy and we the customer are too unimportant to merit their attention. The only thing I can say is that they were polite but they had absolutely no interest in helping me based upon the runaround that I was given. A complete waste of my time and it was basically unhelpful.","Sent a detailed email as their Facebook page encouraged.  I included pictures and scope of work needed, also ask what their schedule looked like to complete the project along with a quote for pricing.

Their entire email back to me was ""$2185"".   Too bad they couldn't answer my question on scheduling.  The quote they gave was the lowest by far, however we went with another upholstery shop that was able to answer my questions at first inquiry.",,,1,1,Voice AI + Agentic CRM Outreach,silverthreadlabs.com/services/voice-agents,billing_or_intake_errors;followup_dropped;frontline_communication,,no_email_found,,277,4.7,15,201,https://www.asmautoupholstery.com/,https://www.google.com/maps/place/ASM+Auto+Upholstery/data=!4m7!3m6!1s0x864c279264fbad0f:0xb5d739ffbd3c49a!8m2!3d32.9009718!4d-96.8962221!16s%2Fg%2F1tffprcz!19sChIJD637ZJInTIYRmsTT-59zXQs?authuser=0&hl=en&rclk=1,,FALSE,,FALSE,,0,FALSE,FALSE,
B,37.43,dallas,Texas Audio Car Stereo & Security,sales@texasaudio.com,sales@texasaudio.com,gosom_scraper,+1 972-864-2114,https://www.texasaudio.com,"3035 S Shiloh Rd #135, Garland, TX 75041, United States",https://www.google.com/maps/place/Texas+Audio+Car+Stereo+%26+Security/data=!4m7!3m6!1s0x864ea0b5771a25a3:0xaccbc26859348722!8m2!3d32.8797764!4d-96.6663473!16s%2Fg%2F1tfg827_!19sChIJoyUad7WgToYRIoc0WWjCy6w,https://www.facebook.com/texasaudiosound,https://www.instagram.com/texasaudio,,,,,Mansour Awwad,President / Founder (aka Manny Awad),,,Mansour Awwad;Junior Awad,Mansour Awwad,,billing_or_intake_errors,4,"My standards were simply not met when I asked to get the alarm fixed. If they could not fix it themselves, they should have let me know so I could find someone who can.. Instead got charged for something I did not need, nor asked for.",Called early morning to get a quote and was given a price. Drove from an hour away only to be given double the price. Very unprofessional and bad business practice.,,,1,1,Workflow Automation + Systems Integration,silverthreadlabs.com/services/workflow-automation,billing_or_intake_errors;calls_unanswered;frontline_communication;service_quality_in_session,,ok,,644,4.9,20,581,https://www.texasaudio.com/,https://www.google.com/maps/place/Texas+Audio+Car+Stereo+%26+Security/data=!4m7!3m6!1s0x864ea0b5771a25a3:0xaccbc26859348722!8m2!3d32.8797764!4d-96.6663473!16s%2Fg%2F1tfg827_!19sChIJoyUad7WgToYRIoc0WWjCy6w?authuser=0&hl=en&rclk=1,,FALSE,,FALSE,,0,FALSE,FALSE,
B,34.08,dallas,Dallas Car Stereo & Tint,,,,+1 214-398-2820,http://www.dfwcarstereo.com,"9110 Bruton Rd, Dallas, TX 75217, United States",https://www.google.com/maps/place/Dallas+Car+Stereo+%26+Tint/data=!4m7!3m6!1s0x864ea36172528af5:0x2d7f18efd19fd9e8!8m2!3d32.7483402!4d-96.6669611!16s%2Fg%2F1v1vdlyg!19sChIJ9YpScmGjToYR6Nmf0e8Yfy0,,https://www.instagram.com/dallascarstereo/,,,,,David Awad,Owner (inferred),,,David Awad,David Awad,,billing_or_intake_errors,3,"First of all when I went to get my tint done it took 3hrs but now it hasn’t even been a full month and the tint is already peeling I called and was told to come at 2 and they would fix it when I got there they said they were gonna charge me $10 for each window that needs to be fixed…. Even the tint on the window that doesn’t roll up or down is bubbling.

And NO THIS AINT A FAKE REVIEW I TOLD YALL BEFORE I PULLED OFF I WAS ABOUT TO GIVE YALL A BAD REVIEW…. && if you play I will kum back and take a picture there to show you how real it is‼️ $140 wasted🗣️","They were super cool employees to bad they didn't keep their word on the price, though I paid  $60 over the price I was told over the phone. Before that, they were trying to charge me $75 over then went down to $60, but the total 180 is what I ended up paying. I'm definitely not going back or recommending anyone else. A business needs to have their word be honest and not continuously change.",,,1,1,Workflow Automation + Systems Integration,silverthreadlabs.com/services/workflow-automation,billing_or_intake_errors;calls_unanswered;frontline_communication,,no_email_found,,229,4.4,27,169,http://www.dfwcarstereo.com/,https://www.google.com/maps/place/Dallas+Car+Stereo+%26+Tint/data=!4m7!3m6!1s0x864ea36172528af5:0x2d7f18efd19fd9e8!8m2!3d32.7483402!4d-96.6669611!16s%2Fg%2F1v1vdlyg!19sChIJ9YpScmGjToYR6Nmf0e8Yfy0?authuser=0&hl=en&rclk=1,,FALSE,,FALSE,,0,FALSE,FALSE,
B,33.1,dallas,A1 Quality Transmission & Auto Repair,,,,+1 972-235-2277,http://www.a1transmissionrichardson.com,"405 S Central Expy suit#138, Richardson, TX 75080, United States",https://www.google.com/maps/place/A1+Quality+Transmission+%26+Auto+Repair/data=!4m7!3m6!1s0x864c1f771b8f840d:0xad760d35c545e0e2!8m2!3d32.9461823!4d-96.7365205!16s%2Fg%2F11z72k37h!19sChIJDYSPG3cfTIYR4uBFxTUNdq0,,,,,,,Luis,Owner,,,Luis,Luis,,frontline_communication,4,"They replaced my transmission in October 2023 and I had to return my car to them many times after. My transmission is back having issues and its been one and a half years since they ""rebuilt"" my transmission. I took it back and they wanted to tell me it might be another $5k to fix my transmission, given that I had already made $5K in the initial repair in 2023. They claimed their warranty only covered 20,000 miles. I would say if you're going to work with these dudes, keep every receipt and get everything in writing. If your repair doesnt go smoothly, you want to HAVE all your ducks in a row. The receptionist CJ also treated my BIL horrible on the phone. He was so rude. The ""good customer service"" is a facade and I personally dont think their work is consistently good.",Price was more than double all competitors. When asked why no reasons could be given. Extremely rude. Because I asked why the price would be more than double I was told I was giving the mechanic a hard time and he told me has decided to not help me. If you can’t get past a two minute conversation on the phone with them good luck getting your transmission serviced for more than double the price with no explanation.,,,2,1,Voice AI + Agentic CRM Outreach,silverthreadlabs.com/services/voice-agents,billing_or_intake_errors;followup_dropped;frontline_communication;service_quality_in_session,,open_error,,199,4.6,20,174,http://www.a1transmissionrichardson.com/,https://www.google.com/maps/place/A1+Quality+Transmission+%26+Auto+Repair/data=!4m7!3m6!1s0x864c1f771b8f840d:0xad760d35c545e0e2!8m2!3d32.9461823!4d-96.7365205!16s%2Fg%2F11z72k37h!19sChIJDYSPG3cfTIYR4uBFxTUNdq0?authuser=0&hl=en&rclk=1,,FALSE,,FALSE,,0,FALSE,FALSE,
B,32.89,dallas,A-2-Z Auto Body Parts,a2zabp@gmail.com,a2zabp@gmail.com,gosom_scraper,+1 214-267-2787,http://www.a2zautobodypart.com,"6355 Zenith St, Dallas, TX 75212, United States",https://www.google.com/maps/place/A-2-Z+Auto+Body+Parts/data=!4m7!3m6!1s0x864e84b49451e503:0x8b1637bd4df4fbbb!8m2!3d32.7794822!4d-96.9223389!16s%2Fg%2F1tcxk56v!19sChIJA-VRlLSEToYRu_v0Tb03Fos,,,,,,,Kimberley Andrews Guivehchi,Principal / Manager,,,Kimberley Andrews Guivehchi,Kimberley Andrews Guivehchi,,frontline_communication,4,"Waste of time. Called in advance to confirm correct parts. Check availability and they confirmed. Got there and waited an hour and everything was wrong color, damaged, or didn't have it.",DO NOT Shop i drove 2 hours after calling asking for a part they said they had then i get here he says they dont have it! I will make sure to tell everyone in the dfw area dont shop here! Horrible business!,,,1,,Voice AI + Agentic CRM Outreach,silverthreadlabs.com/services/voice-agents,billing_or_intake_errors;followup_dropped;frontline_communication;service_quality_in_session,,open_error,,581,4.5,63,70,http://www.a2zautobodypart.com/,https://www.google.com/maps/place/A-2-Z+Auto+Body+Parts/data=!4m7!3m6!1s0x864e84b49451e503:0x8b1637bd4df4fbbb!8m2!3d32.7794822!4d-96.9223389!16s%2Fg%2F1tcxk56v!19sChIJA-VRlLSEToYRu_v0Tb03Fos?authuser=0&hl=en&rclk=1,,FALSE,,FALSE,,0,FALSE,FALSE,
B,32.77,dallas,Midnight Custom Cars,nate@midnightcustomcars.com,nate@midnightcustomcars.com,gosom_scraper,+1 972-273-0226,https://midnightcustomcars.com,"1504 Eagle Ct #5, Lewisville, TX 75057, United States",https://www.google.com/maps/place/Midnight+Custom+Cars/data=!4m7!3m6!1s0x864c28fa10cc473d:0x9f1b4ca86b3bd9b9!8m2!3d33.0649516!4d-97.0088751!16s%2Fg%2F11bwymdl_m!19sChIJPUfMEPooTIYRudk7a6hMG58,https://www.facebook.com/midnightcustomcars/,https://www.instagram.com/midnightcustomcars/,,,,,Dave,Owner,,,Dave;Nate,Dave,,frontline_communication,3,"They were very inconsiderate when they messed up my order twice! I had to bring my car twice and my bottom seat covers are still the wrong color. When I came to pick up my car, they didn't even inform me that it didn't match. When I informed them that I noticed the difference, one said oh your original seats are dirty and the other guy explained that the seats that they ordered doesn't match my car because they only come in 3 colors and I can pay more to have the correct seat covers that matches my originals. Of course I want them to match but I just didn't want to deal with them because of how they treated the situation. They never informed me that they wasn't going to be able match my original color. Instead they tried to gaslight me. Who wants two different colors on their seat. The bottom is darker than the top and they knew it! When I get it detailed, you will really be able to see the difference! They didn't offer nothing to rectify the problem.  Now I'm out of hundreds of dollars for something I don't want! I originally bought the car because of the seat colors and now it's just terrible! Thanks guys at midnight for making this a horrible experience for me!",This is the place to go if you want to get overcharged for the simplest and quickest fixes. Also the guy with the long hair does not know how to treat customers. Unacceptable attitude.,,,1,1,Voice AI + Agentic CRM Outreach,silverthreadlabs.com/services/voice-agents,billing_or_intake_errors;followup_dropped;frontline_communication,,ok,,53,4.5,6,46,https://midnightcustomcars.com/,https://www.google.com/maps/place/Midnight+Custom+Cars/data=!4m7!3m6!1s0x864c28fa10cc473d:0x9f1b4ca86b3bd9b9!8m2!3d33.0649516!4d-97.0088751!16s%2Fg%2F11bwymdl_m!19sChIJPUfMEPooTIYRudk7a6hMG58?authuser=0&hl=en&rclk=1,,FALSE,,FALSE,,0,FALSE,FALSE,
B,31.83,dallas,Stop N Pull Auto Parts & Salvage,,,,+1 214-375-9833,,"5419 S R L Thornton Fwy #1725, Dallas, TX 75232, United States",https://www.google.com/maps/place/Stop+N+Pull+Auto+Parts+%26+Salvage/data=!4m7!3m6!1s0x864e973aace6b4bd:0x9681c761e725d7f2!8m2!3d32.6799175!4d-96.8237287!16s%2Fg%2F1th7yrp7!19sChIJvbTmrDqXToYR8tcl52HHgZY,,,,,,,Jose R. Reyes,Owner,,,Jose R. Reyes,Jose R. Reyes,,frontline_communication,2,Rude customer service sucks I see why you only got 3 stars it needs to be one,Customer service bad if u going to help someone do that with an good attitude not just hanging up in people face,,,1,1,Voice AI + Agentic CRM Outreach,silverthreadlabs.com/services/voice-agents,frontline_communication;service_quality_in_session,,,,75,3.1,29,52,,https://www.google.com/maps/place/Stop+N+Pull+Auto+Parts+%26+Salvage/data=!4m7!3m6!1s0x864e973aace6b4bd:0x9681c761e725d7f2!8m2!3d32.6799175!4d-96.8237287!16s%2Fg%2F1th7yrp7!19sChIJvbTmrDqXToYR8tcl52HHgZY?authuser=0&hl=en&rclk=1,,FALSE,,FALSE,,0,FALSE,FALSE,
B,31.31,dallas,Good Price Tire Shop #2,,,,+1 214-772-0416,,"6676 Skillman St, Dallas, TX 75231, United States",https://www.google.com/maps/place/Good+Price+Tire+Shop+%232/data=!4m7!3m6!1s0x864e9ded4553136d:0x39c66d5cb973bb93!8m2!3d32.8666298!4d-96.740455!16s%2Fg%2F11c5_32450!19sChIJbRNTRe2dToYRk7tzuVxtxjk,,,,,,,,,,,,,,billing_or_intake_errors,3,Charged for I patch I didn't asked for . Take your vehicle somewhere more reputable.,They say one price on the phone and when you get there its totally different..,,,,,Workflow Automation + Systems Integration,silverthreadlabs.com/services/workflow-automation,billing_or_intake_errors;frontline_communication;service_quality_in_session,,,,148,4.2,79,86,,https://www.google.com/maps/place/Good+Price+Tire+Shop+%232/data=!4m7!3m6!1s0x864e9ded4553136d:0x39c66d5cb973bb93!8m2!3d32.8666298!4d-96.740455!16s%2Fg%2F11c5_32450!19sChIJbRNTRe2dToYRk7tzuVxtxjk?authuser=0&hl=en&rclk=1,,FALSE,,FALSE,,0,FALSE,FALSE,
B,30.19,dallas,Empire Sound & Security Car audio / Window tinting,office@xtreme.com,office@xtreme.com,gosom_scraper,+1 972-406-8880,http://www.empiresoundandsecurity.com,"3068 Forest Ln #219, Dallas, TX 75234, United States",https://www.google.com/maps/place/Empire+Sound+%26+Security+Car+audio+%2F+Window+tinting/data=!4m7!3m6!1s0x864c277461a8f6c5:0x205e99010a3ebfc2!8m2!3d32.9093478!4d-96.8733905!16s%2Fg%2F1tj52_d6!19sChIJxfaoYXQnTIYRwr8-CgGZXiA,https://www.facebook.com/Empire-Sound-Security-car-audio-specialists-134525756605030;https://www.facebook.com/Empire-Sound-Security-car-audio-specialists-134525756605030/,https://www.instagram.com/empire_sns;https://www.instagram.com/empiresoundsecurity_mckinney,,https://www.yelp.com/biz/empire-sound-and-security-dallas-3;https://www.yelp.com/biz/empire-sound-and-security-mckinney-4?osq=Empire+Sound+and+Security,,,Jhonny,Owner / Principal,,,Jhonny,Jhonny,,calls_unanswered,4,Won’t answer the phone at either location. When they finally did the music was so loud you couldnt speak with them. Very very weak.,"I am pleased with audio system installed. The two stars is for the inconvenience on time. I was told this process would take 2 and a hours, it’s now going on 4 no one has come to tell me any updates. I am the one asking about my vehicle, and they have the audacity to have an attitude telling me it’s takes time. I know that but still no updates on how much longer they will be. VERY unprofessional and I don’t recommend.",,,1,2,Voice AI Agents (Inbound Coverage),silverthreadlabs.com/services/voice-agents,billing_or_intake_errors;calls_unanswered;frontline_communication;service_quality_in_session,,ok,,291,4.7,16,241,http://www.empiresoundandsecurity.com/,https://www.google.com/maps/place/Empire+Sound+%26+Security+Car+audio+%2F+Window+tinting/data=!4m7!3m6!1s0x864c277461a8f6c5:0x205e99010a3ebfc2!8m2!3d32.9093478!4d-96.8733905!16s%2Fg%2F1tj52_d6!19sChIJxfaoYXQnTIYRwr8-CgGZXiA?authuser=0&hl=en&rclk=1,,FALSE,,FALSE,,0,FALSE,FALSE,
B,30.01,dallas,Texans Mobile Detail and Ceramic Coating,5d1795a2db124a268f1e1bd88f503500@sentry.wixpress.com,5d1795a2db124a268f1e1bd88f503500@sentry.wixpress.com;8eb368c655b84e029ed79ad7a5c1718e@sentry.wixpress.com;9a65e97ebe8141fca0c4fd686f70996b@sentry.wixpress.com;c183baa23371454f99f417f6616b724d@sentry.wixpress.com;dd0a55ccb8124b9c9d938e3acf41f8aa@sentry.wixpress.com;freddymobiledetailer@gmail.com,agent_browser_crawl;agent_browser_crawl;agent_browser_crawl;agent_browser_crawl;agent_browser_crawl;agent_browser_crawl,+1 702-986-5911,https://www.texansmobiledetails.com,"8119 Douglas Ave, Dallas, TX 75225, United States",https://www.google.com/maps/place/Texans+Mobile+Detail+and+Ceramic+Coating/data=!4m7!3m6!1s0x864e9fef6f1036e1:0xfa7f4d3fde86fa70!8m2!3d32.844247!4d-96.8085776!16s%2Fg%2F11lvgd379m!19sChIJ4TYQb--fToYRcPqG3j9Nf_o,https://www.facebook.com/p/Texans-Mobile-Detail-61557483451328/,https://www.instagram.com/texansmobiledetail/,,,,,Freddy,Owner / Detailer,,,Freddy,Freddy,,booking_friction,2,I normally don’t write reviews for anything but this needs to be said. We scheduled a detailing for Tuesday 8:30am then my husband got a text late Monday night asking if we could move the time to 2pm which didn’t work for us. They said it …,"I contacted for a detail and the first no show they claimed to have been side swiped on the way so I gave them the benefit of the doubt.  The 2nd no show, they went to the wrong address over an hour away and claimed I sent the wrong address …",,,,,Voice AI Booking + Agentic Self-Service,silverthreadlabs.com/services/voice-agents,booking_friction;service_quality_in_session,,ok,,101,4.4,62,70,https://www.texansmobiledetails.com/?fbclid=IwY2xjawLxIj9leHRuA2FlbQIxMABicmlkETBWSEJiRmdUMnR3VEVTeDRsAR6Kazs_zc3HNh6C4U0EFy7TmxlJEbr5w7yp4BBIPKhHGuXE49x7l3GynBi1Tg_aem_cTyFckXpxeBzYa8tWZLU7w,https://www.google.com/maps/place/Texans+Mobile+Detail+and+Ceramic+Coating/data=!4m7!3m6!1s0x864e9fef6f1036e1:0xfa7f4d3fde86fa70!8m2!3d32.844247!4d-96.8085776!16s%2Fg%2F11lvgd379m!19sChIJ4TYQb--fToYRcPqG3j9Nf_o?authuser=0&hl=en&rclk=1,,FALSE,,FALSE,,0,FALSE,TRUE,metro_mismatch
C,28.36,dallas,Dallas Customs & Classics,,,,+1 214-883-5820,https://dallascustoms.com,"1611 Tantor Rd, Dallas, TX 75229, United States",https://www.google.com/maps/place/Dallas+Customs+%26+Classics/data=!4m7!3m6!1s0x864c27feefdcf64b:0xef21c559983b95aa!8m2!3d32.8913605!4d-96.9175343!16s%2Fg%2F11g7zf19y2!19sChIJS_bc7_4nTIYRqpU7mFnFIe8,,,,,,,Todd,Owner,,,Todd,Todd,,followup_dropped,3,"Ah yes Todd, the guy who will parade you around the shop to see all the cool cars they have in, then put you on a “waiting list” never to be heard from again. Pretty sure it’s been 3 to 4 years now TODD. Long story short some ppl they just blow off apparently.","Called in March to get my 1969 Mach 1 fixed and the guy told me it would be a few months. I called again at the begining of May and the guy told me it would be June or July but then he changed his story saying that ""we dont usually fix leaks. We are more of a restoration shop"" but he would call and fit me in. Well here we are just a few days to August. And if you dont fix leaks, which i need a complete transmission overhaul, you shouldnt advertise that you do maintenance and oil changes. If you are just going to do restorations just say so. But dont tell me to wait a few months and then turn around and tell me you dont do maintenance. What a waste of time. Take that off your ""things we do"" cas you dont.",,,1,1,Agentic AI Systems (Autonomous Follow-up),silverthreadlabs.com/services/agentic-ai,billing_or_intake_errors;followup_dropped;frontline_communication,,no_email_found,,97,4.8,6,82,https://dallascustoms.com/,https://www.google.com/maps/place/Dallas+Customs+%26+Classics/data=!4m7!3m6!1s0x864c27feefdcf64b:0xef21c559983b95aa!8m2!3d32.8913605!4d-96.9175343!16s%2Fg%2F11g7zf19y2!19sChIJS_bc7_4nTIYRqpU7mFnFIe8?authuser=0&hl=en&rclk=1,,FALSE,,FALSE,,0,FALSE,FALSE,
C,28.05,dallas,Kwik Kar Auto Care Center Dallas,,,,+1 469-206-1917,https://www.kwikkarntx.com/kwik-kar-6424-greenville-ave,"6424 Greenville Ave, Dallas, TX 75206, United States",https://www.google.com/maps/place/Kwik+Kar+Auto+Care+Center+Dallas/data=!4m7!3m6!1s0x864e9f97637486b3:0xb474bd0a8fc49ba!8m2!3d32.8630825!4d-96.7670759!16s%2Fg%2F1tfmnt9q!19sChIJs4Z0Y5efToYRukn8qNBLRws,,,,,,,,,,,,,,billing_or_intake_errors,2,Came in for an oil change left with a vehicle over heating with no coolant. Came back to ask questions on why my vehicle was drained of coolant and because I declined a flush in my opinion it was the cause of the over heating. And also the brand values was not honored along with paying for the oil change my oil filter was not changed. I was charged an additional fee for a diagnostic for a message to be relayed that I need a water pump and thermostat in the price range of 1150 and all of a sudden I had a coolant leak neither was true. My service experience was very unsatisfactory. The trust level for good work is none existent.,"Came here for routine 60K mile service. Brakes, rotors, fluids, etc. was given a quote by manager  Mehvan which seemed a little high but within reason. Didn’t have time to complete the service that day so I told him I’d be back and made an appointment a couple weeks later. Return, ask for same services, was quoted a new price from new manager for exact same services which was $1K more than previous manager. I showed him quote, he stated this manager no longer works here, he can’t see it was calculated, this has always been the price, there’s war in the Middle East so prices are higher blah blah blah. Eventually told him I would take the car somewhere else, miraculously he returned with a new quote that was much closer to the old one. Not sure how that all worked out. Was in a pinch for time and wanted the work done before a long drive so I did end up staying. Service itself was decent,  staff were friendly enough and kept me updated but definitely wouldn’t go here again, and would recommend asking lots of questions and getting a second opinion on pricing.",,,1,2,Workflow Automation + Systems Integration,silverthreadlabs.com/services/workflow-automation,billing_or_intake_errors;service_quality_in_session,,no_email_found,,1921,4.6,5,10,,https://www.google.com/maps/place/Kwik+Kar+Auto+Care+Center+Dallas/data=!4m7!3m6!1s0x864e9f97637486b3:0xb474bd0a8fc49ba!8m2!3d32.8630825!4d-96.7670759!16s%2Fg%2F1tfmnt9q!19sChIJs4Z0Y5efToYRukn8qNBLRws?authuser=0&hl=en&rclk=1,,FALSE,,FALSE,,0,FALSE,FALSE,
C,27.99,dallas,Dan's Automotive and Transmission Repair,,,,+1 469-236-9261,,"7820 E R L Thornton Fwy, Dallas, TX 75228, United States",https://www.google.com/maps/place/Dan%27s+Automotive+and+Transmission+Repair/data=!4m7!3m6!1s0x864ea3cca501cf05:0xc11d5367f894e3a9!8m2!3d32.7934132!4d-96.7057287!16s%2Fg%2F11g_qwvg7!19sChIJBc8BpcyjToYRqeOU-GdTHcE,,,,,,,,,,,,,,calls_unanswered,2,He has had to rebuild my transmission 4 times! And on the last time I took it to him he said that the front pump was being slammed causing it to go out because my truck had crank walk and he will not honor his warranty! Well here I am not another 2000 miles down the road and fans transmission has went out again so I took it to a few people and had them check the engine out well there is no crank walk my engine is sound its a CHEVY! Anyways got a guy taking the transmission apart now and well let just say Dan didn't do what he said he did and bought himself a one way ticket to court with this full write up! Beware of this guy when it sounds to good to be true it is! Note: crank walk is cause by a improperly torqued torque converter when attaching it to the flywheel that ware the internal bearings to ware unevenly fast until the crank starts to walk back and fourth and if it had crank walk prior to him reinstalling the rebuilt trans the first time even a decent mechanic would have spotted it. He won't return calls and fix what he did wrong!,They scam me out of $1600$ never fixed my tranmission when i try and tell them its still not working Dan told me he try and fix it when he never call or answer with all excuses,,,1,1,Voice AI Agents (Inbound Coverage),silverthreadlabs.com/services/voice-agents,calls_unanswered;frontline_communication,,,,73,4.3,11,65,,https://www.google.com/maps/place/Dan%27s+Automotive+and+Transmission+Repair/data=!4m7!3m6!1s0x864ea3cca501cf05:0xc11d5367f894e3a9!8m2!3d32.7934132!4d-96.7057287!16s%2Fg%2F11g_qwvg7!19sChIJBc8BpcyjToYRqeOU-GdTHcE?authuser=0&hl=en&rclk=1,,FALSE,,FALSE,,0,FALSE,FALSE,
C,27.97,dallas,Tejas Paint & Body Shop,tejaspaintandbody@hotmail.com,tejaspaintandbody@hotmail.com,gosom_scraper,+1 214-698-0369,http://tejaspaintandbody.com,"615 Fort Worth Ave, Dallas, TX 75208, United States",https://www.google.com/maps/place/Tejas+Paint+%26+Body+Shop/data=!4m7!3m6!1s0x864e9962466e0ab7:0x67fd62fe6056ecbd!8m2!3d32.7727839!4d-96.8332047!16s%2Fg%2F1tfv5jsy!19sChIJtwpuRmKZToYRvexWYP5i_Wc,,,,,,,,,,,,,,frontline_communication,3,"AVOID - AVOID - AVOID - AVOID

They don't even deserve a one star.  DO NOT USE THIS PLACE!  Unless you enjoy issue after issue while your vehicle is at the shop and you enjoy poor workman ship.  They can't order the correct parts off hand.  They can't match paint for the life of them and then if you try to use your warranty they will lie and blame everyone else but themselves.  They will use OLD parts and pass them off as new parts.  This place doesn't mind acting fake to your face but screwing you from behind.  As I came in to discuss warranty I was mistaken for someone with an Infinity warranty issues!  THAT should tell you enough right there.",This is the worst place to take your automobile. These people does not listen. I had to take my car back two times and it still is not fixed correctly. If at all possible try to afford this place.,,,1,,Voice AI + Agentic CRM Outreach,silverthreadlabs.com/services/voice-agents,billing_or_intake_errors;booking_friction;frontline_communication,,open_error,,53,4.2,33,39,http://tejaspaintandbody.com/,https://www.google.com/maps/place/Tejas+Paint+%26+Body+Shop/data=!4m7!3m6!1s0x864e9962466e0ab7:0x67fd62fe6056ecbd!8m2!3d32.7727839!4d-96.8332047!16s%2Fg%2F1tfv5jsy!19sChIJtwpuRmKZToYRvexWYP5i_Wc?authuser=0&hl=en&rclk=1,,FALSE,,FALSE,,0,FALSE,FALSE,
C,27.89,dallas,SKM Performance,1eeb89147c984dc6bc3ffafd9e6cd089@sentry.wixpress.com,1eeb89147c984dc6bc3ffafd9e6cd089@sentry.wixpress.com;5d1795a2db124a268f1e1bd88f503500@sentry.wixpress.com;78f7996315bc402f9dcb8a2f974b82d1@sentry.wixpress.com;8eb368c655b84e029ed79ad7a5c1718e@sentry.wixpress.com;9a65e97ebe8141fca0c4fd686f70996b@sentry.wixpress.com;c183baa23371454f99f417f6616b724d@sentry.wixpress.com;dd0a55ccb8124b9c9d938e3acf41f8aa@sentry.wixpress.com;skmperformance@gmail.com,agent_browser_crawl;agent_browser_crawl;agent_browser_crawl;agent_browser_crawl;agent_browser_crawl;agent_browser_crawl;agent_browser_crawl;agent_browser_crawl,+1 682-718-6024,http://skmperformance.com,"13717 Floyd Cir, Dallas, TX 75243, United States",https://www.google.com/maps/place/SKM+Performance/data=!4m7!3m6!1s0x864c2fac9c98ef81:0xc790825a004e1bd3!8m2!3d32.9324896!4d-96.7474919!16s%2Fg%2F11ffk8spp9!19sChIJge-YnKwvTIYR0xtOAFqCkMc,,,,,,,Jensen,Co-Owner,,,Jensen,Jensen,,billing_or_intake_errors,3,"****Edit: changed from 5 stars to 2 stars****

Great place and quote was significantly cheaper than the shops on that strip of road! Jensen trusts his guys so much that he gave me a 1 month warranty on the work done.

He's also super patient and waited for me to get the bank to authorize a transaction (I was with them on the phone for over 40 minutes).

-------------------------------------------------------------------------------------------------------

I was told by Jensen that one ignition coil and two spark plugs were replaced and paid for the work done accordingly.

Apparently Lisbon, the guy worked on my car did one coil and no spark plugs.

He also removed the clips or zip ties that were holding the piece of plastic under-guard so now it's scraping on the road.

He also broke the clip holding the piece of chrome trim on my car's hood (not sure how he even managed to do that).

Had a mobile mechanic do the rest of the work for a much more reasonable quote.

I will not be letting SKM work on my car anymore.","The lack of communication, incomplete repairs, and hidden fees make this shop hard to recommend.",,,2,2,Workflow Automation + Systems Integration,silverthreadlabs.com/services/workflow-automation,billing_or_intake_errors;calls_unanswered;frontline_communication,,ok,,146,4.8,7,127,http://skmperformance.com/,https://www.google.com/maps/place/SKM+Performance/data=!4m7!3m6!1s0x864c2fac9c98ef81:0xc790825a004e1bd3!8m2!3d32.9324896!4d-96.7474919!16s%2Fg%2F11ffk8spp9!19sChIJge-YnKwvTIYR0xtOAFqCkMc?authuser=0&hl=en&rclk=1,,FALSE,,FALSE,,0,FALSE,FALSE,
C,27.75,dallas,Auto City Credit,,,,+1 214-398-8204,https://www.autocitycredit.com,"6575 C F Hawn Fwy, Dallas, TX 75217, United States",https://www.google.com/maps/place/Auto+City+Credit/data=!4m7!3m6!1s0x864ea2d7c7169f4b:0x1bebf5b6e03759d5!8m2!3d32.7289269!4d-96.7081618!16s%2Fg%2F1tf5f4kn!19sChIJS58Wx9eiToYR1Vk34Lb16xs,https://www.facebook.com/AutoCityCredit/,https://www.instagram.com/auto_city_credit/,,,,https://www.youtube.com/channel/UCt7UVvIeM_9QBmNLCQZSxKA,Blake Ingram,President / CEO,https://www.linkedin.com/in/ingramblake/,,Blake Ingram,Blake Ingram,https://www.linkedin.com/in/ingramblake/,calls_unanswered,3,"I purchased my car from Auto City over 9 months ago and have always been a loyal customer who pays on time and maintains full coverage insurance. When I bought the car, I provided my insurance policy, which was accepted without issue.
Six months later, when it came time to re-verify coverage, nothing had changed on my policy. However, the dealership suddenly refused to accept it, claiming that having an excluded driver (my husband) on the policy was no longer acceptable—even though they had previously approved it. They told me I would either need to remove him (which my insurance company cannot do), downgrade to liability, or purchase their own COI insurance in addition to my full coverage. I was not willing to downgrade my personal insurance.

During this dispute, I attempted to make my car payments, but the dealership refused to accept them online. They added the insurance fee to my payment portal, preventing me from paying my actual car payment unless I included their insurance fee. This forced me to call in and pay over the phone, which was both frustrating and unfair. At one point, they even refused to take my payment over the phone until I agreed to purchase their insurance. Because I pushed back, I fell behind a month, and they repossessed my car—claiming “no insurance” and “non-payment of the car note.”

The most discouraging part was my conversation with General Manager Sarah Arellano. She stated that the reason my husband could not be on my insurance policy was because he was a “risk.” I explained that she is not an insurance professional, does not have his driving information, and has no authority to make that determination. Despite my efforts to resolve the issue, including my insurance company reaching out directly to her, calls went unanswered or were made outside of business hours.

When I asked what I could do to get my car back, I was told they no longer wanted to do business with me. After faithfully paying for over 9 months without ever being late, I was denied the opportunity to continue.

This experience shows a lack of consistency, transparency, and respect for customers. I believe leadership should act in the best interest of the company, not based on personal feelings. Unfortunately, this dealership’s practices are misleading and unfair.

Do not purchase from this dealership.","I went yesterday to purchase a vehicle from Cesar Ortega, I made Cesar aware of my down payment and what I expected, He ubered me to Dallas 60 miles from my home once uber made it I talked to Cesar made him aware that I didnt want to waste neither one  of our time, so if what I was asking was not attainable then i dont want to come which was 1000 down an at least a 2023 vehicle, willing to do a 2022. He reassured that he could do  just that. For me to get there an try to sale me something else that I made clear I didnt want. He said they arent responsible to get me back home so I came out of 100 of my dollars just for a uber to get myself back home. I reached out to management still no response. So  my advice is come with reliable transportation because they will lie to get you there an leave you stranded.

Update, Auto City refunded me my uber ride an for that I am truly truly grateful! Thank you sooo much for making it right! I appreciate you all. 🫶🏽",,,1,1,Voice AI Agents (Inbound Coverage),silverthreadlabs.com/services/voice-agents,billing_or_intake_errors;calls_unanswered;frontline_communication,,no_email_found,,1528,4.6,4,10,https://www.autocitycredit.com/?utm_source=google&utm_medium=organic&utm_campaign=gmb&utm_term=hawn_fwy,https://www.google.com/maps/place/Auto+City+Credit/data=!4m7!3m6!1s0x864ea2d7c7169f4b:0x1bebf5b6e03759d5!8m2!3d32.7289269!4d-96.7081618!16s%2Fg%2F1tf5f4kn!19sChIJS58Wx9eiToYR1Vk34Lb16xs?authuser=0&hl=en&rclk=1,,FALSE,,FALSE,,0,FALSE,FALSE,
C,27.42,dallas,DFW Fleet Services,,,,+1 888-795-7995,http://www.fleetservices1.com,"2510 109th St, Grand Prairie, TX 75050, United States",https://www.google.com/maps/place/DFW+Fleet+Services/data=!4m7!3m6!1s0x864e80d51e7fd4b1:0x26d7d3786b87296a!8m2!3d32.792164!4d-97.052366!16s%2Fg%2F113gfn19f!19sChIJsdR_HtWAToYRaimHa3jT1yY,,,,,,,,,,,,,,frontline_communication,2,"I would recommend Going to another diesel repair shop.   There is a strong lack of communication at this place   And they are  Fully competent when it comes to the trucks that their site says that they service.  I initially had an initial good experience at this place when I was first recommended by after that, it went quickly downhill   My last experience  Was I brought the truck into them for a rear door replacement.  We have a tight service schedule and we do not have a lot of trucks so we can’t afford a lot of downtime and I’ve spoke with the initial guy about doing it over the weekend because he said that they were open.  I also specified to the first guy that I was bringing it in for a door only and I do not need an oil change.  I had just put $300 worth of Titan additives into my engine To help stop the flow of the leaking oil .  Because this place did not have a good solution for the leaking oil  Without potentially thousands of dollars worth of repair and investigative problem-solving    Which tells me that they do not know that particular motor very well and I felt uncomfortable with them doing investigative Motor Repair if they did not have a clear picture of what was going wrong to start with .  That first weekend, one of my guys who was supposed to bring the truck in did not end up making it in    So I called back the next week and let them know that we will be bringing it in this weekend .  I did not go into further explanation on what it was going to be serviced on this truck because that full detail was covered from the previous week    When we went to go pick the truck up on Monday morning   We were shocked to find the backdoor still in the state of disrepair that we left it   And that they had done the oil change that was specifically requested not to be done.  When I have confronted the shop about this issue   They said they were not going to charge me for the oil change, but they declined to do any further business.  Piss poor way to handle business in Dallas Fort Worth if you want to maintain a reputation.  My strong recommendation if you have an Isuzu diesel box truck   Is that you take it to industrial power  Or anywhere else because of my experience on how they treat you, you will end up spending way more money and not getting your problem solved","Don't be fooled by employee reviews. My truck never ran more than 200 miles after leaving their shop 3 times. When I called to discuss my dissatisfaction the owner Kelly told me that I make no sense, I wasted his time, and there is no way they are responsible for the truck not running after 3 times in the shop. If you need a PM they are good I guess. If you need a solid repair and diagnosis, prepare to be disappointed unless it is an easy fix. P.S. on the first repair they even messed up the timing on my u-joint replacement. That is elementary.",,,1,1,Voice AI + Agentic CRM Outreach,silverthreadlabs.com/services/voice-agents,billing_or_intake_errors;frontline_communication,,no_email_found,,64,4.4,34,39,http://www.fleetservices1.com/,https://www.google.com/maps/place/DFW+Fleet+Services/data=!4m7!3m6!1s0x864e80d51e7fd4b1:0x26d7d3786b87296a!8m2!3d32.792164!4d-97.052366!16s%2Fg%2F113gfn19f!19sChIJsdR_HtWAToYRaimHa3jT1yY?authuser=0&hl=en&rclk=1,,FALSE,,FALSE,,0,FALSE,TRUE,metro_mismatch
C,26.94,dallas,Vazquez Auto Parts,,,,+1 214-676-0067,,"2850 Dowdy Ferry Rd, Dallas, TX 75217, United States",https://www.google.com/maps/place/Vazquez+Auto+Parts/data=!4m7!3m6!1s0x864ebd39c4ebf3a5:0xbbb66b4b30afe8d1!8m2!3d32.656439!4d-96.6748044!16s%2Fg%2F11h3l0q89d!19sChIJpfPrxDm9ToYR0eivMEtrtrs,,,,,,,,,,,,,,frontline_communication,2,I called and the girl on the phone did not give me the right info I asked about a Challenger that they have on there web site and she then tells me that there is frontend damaged but on the website there is a clear picture that it is not. Then when I go to ask her about the camshafts she dose not know what I am talking about and I clearly hear a voice over the radio tell her to go ahead and hang up on me like really. Then I go to ask her about the name of the business and she acts like I asked her to solve world hunger trash service all the way,I called ahead and made sure the part they had wasn’t bad/damaged they said it was good well drove a freaken hour and the part was no good go elsewhere horrible customer service,,,1,1,Voice AI + Agentic CRM Outreach,silverthreadlabs.com/services/voice-agents,billing_or_intake_errors;frontline_communication,,,,205,4.4,16,101,,https://www.google.com/maps/place/Vazquez+Auto+Parts/data=!4m7!3m6!1s0x864ebd39c4ebf3a5:0xbbb66b4b30afe8d1!8m2!3d32.656439!4d-96.6748044!16s%2Fg%2F11h3l0q89d!19sChIJpfPrxDm9ToYR0eivMEtrtrs?authuser=0&hl=en&rclk=1,,FALSE,,FALSE,,0,FALSE,FALSE,
C,26.88,dallas,FixEuro Transmission,,,,+1 972-755-5333,https://fixeurotransmission.com,"2305 Southwell Rd, Dallas, TX 75229, United States",https://www.google.com/maps/place/FixEuro+Transmission/data=!4m7!3m6!1s0x864e9d5fa459a3c5:0xdc513590d31c87a3!8m2!3d32.8865052!4d-96.9017092!16s%2Fg%2F1td0nfkh!19sChIJxaNZpF-dToYRo4cc05A1Udw,,,,http://www.yelp.com/biz/fix-euro-dallas-dallas#hrid:8EvCJI75wYEPnra9sHEXng;http://www.yelp.com/biz/fix-euro-dallas-dallas#hrid:xDVfk6QInUN8HzypGRZSQQ;http://www.yelp.com/biz/fix-euro-dallas-dallas#hrid:yjb1kGUgbma16USI2kkKFg;http://www.yelp.com/biz/fix-euro-dallas-dallas?hrid=8w1UA8OxH72o1g5bfhz-Hw;http://www.yelp.com/biz/fix-euro-dallas-dallas?hrid=pSkP2feROn2jbkU4ZSi7GQ;https://www.yelp.com/biz/fix-euro-dallas-dallas?utm_medium=biz_embedded_content&utm_source=biz_badge,,,Joe,Shop Manager / Principal,,,Joe,Joe,,billing_or_intake_errors,3,Joe and Amanda are con artists. Joe found imaginary problems with my mother's car and tried to convince her it was need in several major repairs. I told my mom to take it to the dealership first and then get their assesment. The check engine light was for a faulty sensor....Both of them tried to take advantage of an eldery woman and even charged her for an inspection fee. AVOID THIS PLACE LIKE THE PLAGUE.,The worst experience i had ever.i came to this palce for diagnose and he told me its $45. And he said it need air intake hose and made me sit 5 hours and couldn't get parts and charged me 100 bucks for diagnose. Never go this place.. Rip off ..never ever go,,,1,1,Workflow Automation + Systems Integration,silverthreadlabs.com/services/workflow-automation,billing_or_intake_errors;calls_unanswered;service_quality_in_session,,no_email_found,,78,4.6,6,71,https://fixeurotransmission.com/,https://www.google.com/maps/place/FixEuro+Transmission/data=!4m7!3m6!1s0x864e9d5fa459a3c5:0xdc513590d31c87a3!8m2!3d32.8865052!4d-96.9017092!16s%2Fg%2F1td0nfkh!19sChIJxaNZpF-dToYRo4cc05A1Udw?authuser=0&hl=en&rclk=1,,FALSE,,FALSE,,0,FALSE,FALSE,
C,25.68,dallas,SRT CUSTOM AUDIO,,,,+1 214-350-9000,,"10815 Denton Dr A, Dallas, TX 75220, United States",https://www.google.com/maps/place/SRT+CUSTOM+AUDIO/data=!4m7!3m6!1s0x864e9d76948d2f49:0x33862c54c05b0f82!8m2!3d32.8752164!4d-96.8828642!16s%2Fg%2F11g6hs6c13!19sChIJSS-NlHadToYRgg9bwFQshjM,,,,,,,,,,,,,,billing_or_intake_errors,2,Stole 210 dollars from me.  Making police report.  They charged me and never did service,"No vengan a este lugar!! Nos chingaron con los precios! Dicen que va a ser un precio y después salen con otro mucho más alto y ni ponen lo que prometen.
Y aparte quiere cobrar 40$ de taxas!! Están locos!!!",,,1,1,Workflow Automation + Systems Integration,silverthreadlabs.com/services/workflow-automation,billing_or_intake_errors;frontline_communication,,,,267,4.8,10,229,,https://www.google.com/maps/place/SRT+CUSTOM+AUDIO/data=!4m7!3m6!1s0x864e9d76948d2f49:0x33862c54c05b0f82!8m2!3d32.8752164!4d-96.8828642!16s%2Fg%2F11g6hs6c13!19sChIJSS-NlHadToYRgg9bwFQshjM?authuser=0&hl=en&rclk=1,,FALSE,,FALSE,,0,FALSE,FALSE,
C,25.49,dallas,A & A Tire & Wheel,,,,+1 972-247-5522,,"11273 Harry Hines Blvd, Dallas, TX 75229, United States",https://www.google.com/maps/place/A+%26+A+Tire+%26+Wheel/data=!4m7!3m6!1s0x864c2788f4070de5:0xaffc30a20bbf85ab!8m2!3d32.89255!4d-96.89101!16s%2Fg%2F1v6qj0cf!19sChIJ5Q0H9IgnTIYRq4W_C6Iw_K8,,,,,,,,,,,,,,frontline_communication,3,"Got my tire fixed by these guys they over tightened my lug nuts which broke my studs, and was told there's nothing they'll do about it and i couldn't talk to any owner. The two managers weren't even listening. They are very unprofessional, i got laughed at and walked off on.",Don't go here liers and they argue back with me and charged me for tires that won't even changed  !!!!!,,,1,,Voice AI + Agentic CRM Outreach,silverthreadlabs.com/services/voice-agents,billing_or_intake_errors;frontline_communication;service_quality_in_session,,,,1249,4.6,54,60,,https://www.google.com/maps/place/A+%26+A+Tire+%26+Wheel/data=!4m7!3m6!1s0x864c2788f4070de5:0xaffc30a20bbf85ab!8m2!3d32.89255!4d-96.89101!16s%2Fg%2F1v6qj0cf!19sChIJ5Q0H9IgnTIYRq4W_C6Iw_K8?authuser=0&hl=en&rclk=1,,FALSE,,FALSE,,0,FALSE,FALSE,
C,25.04,dallas,Transmissions & More Auto Service,,,,+1 972-247-0995,http://transmissionandmore.com,"2519 Glenda Ln, Dallas, TX 75229, United States",https://www.google.com/maps/place/Transmissions+%26+More+Auto+Service/data=!4m7!3m6!1s0x864c27920a26d07d:0xf9b3ffcb2f8ee0f2!8m2!3d32.8901851!4d-96.8931159!16s%2Fg%2F1tjyt_zt!19sChIJfdAmCpInTIYR8uCOL8v_s_k,,,,,,,Saul Marcos,Owner,,,Saul Marcos,Saul Marcos,,billing_or_intake_errors,2,"They were quick to have my truck towed to their shop as a NEW customer. Once I got it back I noticed a leak and they charged extra for a broken line, come to find out I spent an additional $150 for a fabricated clamp job after they’ve said they would replace it with a new one. Transmission lasted 8-9000 miles and failed.. After coming out an additional $500 to have it towed from a different city they declined assistance with, it fails again after the warranty work after 2 weeks if getting it back.

0 Stars and highly dont recommend.. The parts used for rebuilds are cheap & had another transmission shop completely tear it down to verify a bad job..","The guy that owns the shop trys to play you for stupid if you dont pay attention.  He will charge 800.00 for a 100.00 problem...    He will jack the price so high that you might not be able to pay the price which means he will own your car and put a mechanic lean on it.    Some people shouldnt own shops. Point blank and simple make sure you get a second...    opinion before letting thses people fix anything.   It a older Hispanic guy who will evaluate you to see if he can get over with a couple hundred extra bucks.    No joke just go see for yourself!

So this is the story.   I had my car delivered to his shop because my fuel pump went out. After he checks my car he says it's an electrical problem and that that job will cost me 900 and that he has already started to fix the problem.     I told him no sir. I didn't ask you to fix that because their is no shortage or electric problem at all. I told him to please fix my fuel pump.   He then says I been working on cars for over 40 years.  And I said that's fine that means you know how to get over on people.  So I told him to immediately stop what your doing I'm coming to call a tow truck to have them come pick it up so they can take it to another shop.   He got mad at me and rolled my car out to the middle of the street and left it.      When my car finally got to the other shop.  They fixed my fuel pump and charged me $250.       And the problem was fixed.           But the guy at the transmission and more shop tried to have me pay for a electrical job that he was not going to do and was trying to charge me $800.   I told him.  I wonder how many woman has he gotten over on.   Wow.  We need a mechanic police.",,,1,1,Workflow Automation + Systems Integration,silverthreadlabs.com/services/workflow-automation,billing_or_intake_errors;calls_unanswered,,open_error,,140,4.5,14,113,http://transmissionandmore.com/,https://www.google.com/maps/place/Transmissions+%26+More+Auto+Service/data=!4m7!3m6!1s0x864c27920a26d07d:0xf9b3ffcb2f8ee0f2!8m2!3d32.8901851!4d-96.8931159!16s%2Fg%2F1tjyt_zt!19sChIJfdAmCpInTIYR8uCOL8v_s_k?authuser=0&hl=en&rclk=1,,FALSE,,FALSE,,0,FALSE,FALSE,
C,24.97,dallas,Underground Custom Body Works Of Dallas,,,,+1 214-381-0643,https://www.undergroundcustomsofdallas.com,"6569 Hunnicut Rd, Dallas, TX 75227, United States",https://www.google.com/maps/place/Underground+Custom+Body+Works+Of+Dallas/data=!4m7!3m6!1s0x864ea24677cb53ad:0x2ad81285144b91de!8m2!3d32.7807197!4d-96.7191711!16s%2Fg%2F1vlqqmcb!19sChIJrVPLd0aiToYR3pFLFIUS2Co,,,,,,,Victor Martinez,Owner / Principal,,,Victor Martinez;Henry Martinez,Victor Martinez,,calls_unanswered,3,This place stays very busy. They are so busy it's hard to get the owner to answer any questions I had. The parking lot is alwayzs full and the garage space is always full too? Lid lppnot get my car repaired here so I can't comment on quality of work.,Never got back in touch with me,,,3,1,Voice AI Agents (Inbound Coverage),silverthreadlabs.com/services/voice-agents,calls_unanswered;followup_dropped;frontline_communication,,open_error,,53,4.2,5,25,https://www.undergroundcustomsofdallas.com/,https://www.google.com/maps/place/Underground+Custom+Body+Works+Of+Dallas/data=!4m7!3m6!1s0x864ea24677cb53ad:0x2ad81285144b91de!8m2!3d32.7807197!4d-96.7191711!16s%2Fg%2F1vlqqmcb!19sChIJrVPLd0aiToYR3pFLFIUS2Co?authuser=0&hl=en&rclk=1,,FALSE,,FALSE,,0,FALSE,FALSE,
C,24.84,dallas,Auto Plus DC Parts Store,,,,+1 214-330-8171,http://autoplusap.com,"4130 Platinum Way, Dallas, TX 75236, United States",https://www.google.com/maps/place/Auto+Plus+DC+Parts+Store/data=!4m7!3m6!1s0x864e905cbccd9653:0x811ab0c228d28db9!8m2!3d32.681805!4d-96.887793!16s%2Fg%2F1tdvkldt!19sChIJU5bNvFyQToYRuY3SKMKwGoE,,,,,,,,,,,,,,calls_unanswered,3,"Called for service over an hour ago. Still no sign of them. Called, still no call back from the provider. Never in my life will I EVER recommend ANYONE to this pathetic excuse of a service.",I had the opportunity to deal with these folks via FB marketplace on a part i needed.  They were at first really helpful.  They found the part i needed and excepted payment the same day with shipping included in the price.  The next morning i received a message they needed more money for shipping costs and the shipping company was holding the package till payment was made.  I found this hard to believe.  After continuing the conversation with the person online and telling them i refuse to give more money they deleted the conversation with no further contact.  I do not recommend purchasing anything from these folks!  Total scam artists!  I only clicked one star because that is what google only allows.,,,1,1,Voice AI Agents (Inbound Coverage),silverthreadlabs.com/services/voice-agents,billing_or_intake_errors;calls_unanswered;frontline_communication,,open_error,,48,4.2,15,20,http://autoplusap.com/,https://www.google.com/maps/place/Auto+Plus+DC+Parts+Store/data=!4m7!3m6!1s0x864e905cbccd9653:0x811ab0c228d28db9!8m2!3d32.681805!4d-96.887793!16s%2Fg%2F1tdvkldt!19sChIJU5bNvFyQToYRuY3SKMKwGoE?authuser=0&hl=en&rclk=1,,FALSE,,FALSE,,0,FALSE,FALSE,
C,24.74,dallas,Bad Boyz Custom,,,,+1 214-943-7244,,"232 N Marsalis Ave 3rd Floor, Dallas, TX 75203, United States",https://www.google.com/maps/place/Bad+Boyz+Custom/data=!4m7!3m6!1s0x864e9998ed907581:0x335524cdfd7eb8ee!8m2!3d32.7509417!4d-96.8153316!16s%2Fg%2F1w04kj40!19sChIJgXWQ7ZiZToYR7rh-_c0kVTM,,,,,,,,,,,,,,calls_unanswered,2,Well I was come to told on one day and when I showed up no one was there and tried to contact them three or four times and no one answers the phone or calls back,"Sold me a 3 pump set up. 2 pumps are heavy hitters, the 3rd pump is a showtime pump. Showtime is out of business.. Talked to Gilbert about this, and he made it seem like it was my fault.. Said it’s just the backing plate. Nope, I’ve pointed out to many where the block says heavy hitters, except for this one pump.. Yep, my fault for doing business with him.. Gilbert “Always”, says car is ready, even though he has not touched it.. Then he throws a fit, to get the car out.. Be VERY VERY VERY careful...",,,1,1,Voice AI Agents (Inbound Coverage),silverthreadlabs.com/services/voice-agents,calls_unanswered;frontline_communication,,,,28,3.8,6,15,,https://www.google.com/maps/place/Bad+Boyz+Custom/data=!4m7!3m6!1s0x864e9998ed907581:0x335524cdfd7eb8ee!8m2!3d32.7509417!4d-96.8153316!16s%2Fg%2F1w04kj40!19sChIJgXWQ7ZiZToYR7rh-_c0kVTM?authuser=0&hl=en&rclk=1,,FALSE,,FALSE,,0,FALSE,FALSE,
C,24.26,dallas,50 Stars Auto Parts,contact@50starsautoparts.com,contact@50starsautoparts.com;service@50starsautoparts.com,agent_browser_crawl;agent_browser_crawl,+1 866-218-5898,https://www.50starsautoparts.com,"910 S Pearl Expy, Dallas, TX 75201, United States",https://www.google.com/maps/place/50+Stars+Auto+Parts/data=!4m7!3m6!1s0x864e9928436ae8ab:0xd9abf9e6e0c1333a!8m2!3d32.7780981!4d-96.7895479!16s%2Fg%2F11x0828p8b!19sChIJq-hqQyiZToYROjPB4Ob5q9k,,,,,,,Salomon Rodriguez,Owner / Director,,,Salomon Rodriguez,Salomon Rodriguez,,billing_or_intake_errors,1,"All started out positive with this company. We ordered a brake control module, which was supposed to come plug and play. My husband installed it but it wouldn't communicate with the vehicle. We returned the first one and they sent a second unit which did not communicate with the vehicle either. We were told that we had to go to the dealer to get it programmed. At this point, we should have insisted on a full refund of $562, but we agreed (in writing) to take only $100 refund. That was almost two months ago. To date, we have not been refunded. Called 3 or 4 times and have been told that their bank is having problems with completing the refunds but that they are working on it and will keep us posted. Interesting how they didn't seem to have any problems taking our payment. At this point, pretty sure it's a line that we are being given and we're never going to see that refund. Such a shame that you can't trust anyone to keep their word.","I have ordered a Engine Computer on 20/06/2025, which was returned immediately. In the first place they remain refused that they received the computer back and after putting the receipt of return by USPS, they confirmed that they have received and the return will be processed in due time. Every time I have called them the get up the call, after getting the order number, put on hold and never attended.
At last, on 20/08 I got them on email to put the story there, as they claimed that they were just about to send the money and money was not going back to your account. All that story tail.
Every time I called them, the different person attended the call but the voice is same all the times. Now they claimed that they send a check to my location which was never received and they don’t have any proof with them to submit (what a lovely upset).. They are very pathetic and non-trust worthy company, they will just sell you the product and then will flew away. Never call you back, beside the promises.
It’s October 2025 and still no refund is received.",,,1,1,Workflow Automation + Systems Integration,silverthreadlabs.com/services/workflow-automation,billing_or_intake_errors,,ok,,769,4.5,98,623,https://www.50starsautoparts.com/,https://www.google.com/maps/place/50+Stars+Auto+Parts/data=!4m7!3m6!1s0x864e9928436ae8ab:0xd9abf9e6e0c1333a!8m2!3d32.7780981!4d-96.7895479!16s%2Fg%2F11x0828p8b!19sChIJq-hqQyiZToYROjPB4Ob5q9k?authuser=0&hl=en&rclk=1,,FALSE,,FALSE,,0,FALSE,TRUE,metro_mismatch
C,23.39,dallas,Texas Auto Repair and Tire,,,,+1 972-685-0968,https://texasrepair.autos,"4870 Sunnyvale St, Dallas, TX 75216, United States",https://www.google.com/maps/place/Texas+Auto+Repair+and+Tire/data=!4m7!3m6!1s0x864e97ca25f7bbe3:0xa895fa233ec43e77!8m2!3d32.6955423!4d-96.7722692!16s%2Fg%2F11j00t9sqh!19sChIJ47v3JcqXToYRdz7EPiP6lag,,,,,,,Adam A.,Owner / Manager,,,Adam A.,Adam A.,,frontline_communication,3,"Go to Pedro’s Tire shop down the street not here!! they are way nicer!! I came to this place for the first time without my husband, and I asked for a patch or plug just to get me a few miles away to get a new tire where I have warranty. They said it couldn’t be done because of the position of the nail so I just asked them to put air in the one tire just to get to drop off my son at school and they did but still charged me $10, even though the sign said $2 for air pressure and my husband has gone multiple times for just air and they don’t even charge him. It was not about the money but the way they acted was so off and rude! Thankfully Pedro’s did it all with no problem and were even nice enough to fill all my tires with air!",The first time I went they supposedly found the problem and got it fixed the same day. The nxt time I went they kept my truck and didn't let me know nothing until I kept calling them the nxt day,,,1,,Voice AI + Agentic CRM Outreach,silverthreadlabs.com/services/voice-agents,billing_or_intake_errors;frontline_communication;service_quality_in_session,,no_email_found,,626,4.9,54,60,https://texasrepair.autos/,https://www.google.com/maps/place/Texas+Auto+Repair+and+Tire/data=!4m7!3m6!1s0x864e97ca25f7bbe3:0xa895fa233ec43e77!8m2!3d32.6955423!4d-96.7722692!16s%2Fg%2F11j00t9sqh!19sChIJ47v3JcqXToYRdz7EPiP6lag?authuser=0&hl=en&rclk=1,,FALSE,,FALSE,,0,FALSE,FALSE,
C,23.18,dallas,A1 Auto Parts,some@gmail.com,some@gmail.com,agent_browser_crawl,+1 214-421-9133,http://www.a1dallasautoparts.com,"5427 Botham Jean Blvd, Dallas, TX 75215, United States",https://www.google.com/maps/place/A1+Auto+Parts/data=!4m7!3m6!1s0x864e9872c9a0c143:0x55f62a876f77cdce!8m2!3d32.7396198!4d-96.7587045!16s%2Fg%2F1tdk0_93!19sChIJQ8GgyXKYToYRzs13b4cq9lU,https://facebook.com/a1dallasautoparts/,,,https://www.yelp.com/biz/a1-auto-parts-and-salvage-dallas,,,Miguel A. Navarro,President,,,Miguel A. Navarro,Miguel A. Navarro,,frontline_communication,2,Very Rude. Had the owner laugh in face because I confronted him about an engine I had paid for already and he did not want to hand it over. DO NOT make business with these people they will try their hardest to humiliate you in every way.,THEY ARE RUDE...,,,1,1,Voice AI + Agentic CRM Outreach,silverthreadlabs.com/services/voice-agents,billing_or_intake_errors;frontline_communication,,ok,,182,4.3,15,81,http://www.a1dallasautoparts.com/,https://www.google.com/maps/place/A1+Auto+Parts/data=!4m7!3m6!1s0x864e9872c9a0c143:0x55f62a876f77cdce!8m2!3d32.7396198!4d-96.7587045!16s%2Fg%2F1tdk0_93!19sChIJQ8GgyXKYToYRzs13b4cq9lU?authuser=0&hl=en&rclk=1,,FALSE,,FALSE,,1,FALSE,FALSE,
C,23.06,dallas,"Hamm's Tires, Inc",,,,+1 214-821-5438,https://www.hammstires.com,"505 S Carroll Ave, Dallas, TX 75223, United States","https://www.google.com/maps/place/Hamm%27s+Tires,+Inc/data=!4m7!3m6!1s0x864e98bc014d4a3b:0xd48d6dc5167b9086!8m2!3d32.7891649!4d-96.7650605!16s%2Fg%2F1tl1j97b!19sChIJO0pNAbyYToYRhpB7FsVtjdQ",https://www.facebook.com/HammsTiresDallas/,,https://www.linkedin.com/company/hammstires-lewisville,,,,James Wagner,Owner / President,https://www.linkedin.com/in/james-wagner-b9362a32/,,James Wagner;Lori Wagner,James Wagner,https://www.linkedin.com/in/james-wagner-b9362a32/,billing_or_intake_errors,2,"I would have given them 1 star but I have had many tires patched in the past properly, this time I had tires pulled off my wheel and mounted on new ones and balanced. When I called I told the guy what I wanted and he quoted me $120. Upon arrival I was told $160 because of the sensors, I told them I just wanted normal valve stems and the guy helping me called over the older man they called maestro. He said $140. While they were talking, I grabbed some valve stems from a repair kit and he still wanted to charge me $140.

Then, I had forgotten I needed new acorn style lugs but the thin profile for my new wheels. I went to get the lugs quickly and returned and was told they were too thin. He then gave me a different acorn that was thicker and sent me back for new lugs. Against my better judgement I grabbed new ones and then they ok’ed them. When it came time to put the lugs on, they realized the keyed socket wouldn’t fit and maestro tried to tell me that the old ones were the proper lugs. When installing the guy let the impact just crack them down. I knew immediately it was incorrect and ordered the proper lugs from the wheel manufacturer. When I changed them out I noticed my brand new wheels were scratched badly inside. The new lugs were the exact ones I brought to them originally.

Won’t be returning for any repairs or anything now. I’ll pay the extra cash for Discount tire.","I recently drove to this shop to have my tire checked because I had noticed a screw in it. Unfortunately, my experience left me questioning both the quality of the work and the honesty of the service.

When I arrived, the employee pointed out the screw, but instead of removing it first to confirm whether it had actually punctured through, he immediately began working to put the tire back on the rim. Only after that did he submerge the tire in the water tank—something that should have been done first to properly identify any leaks.

After leaving the shop, while driving with the window down, I heard a repetitive noise from the tire — a clear sign that something was still lodged in it. I pulled over and found the same screw still in place, the very reason I had come in. What’s more concerning is that even if there had been more than one screw or nail, the employee never bothered to pull them all out and verify they were properly handled. That shows a lack of thoroughness and doesn’t build trust with customers.

In addition, the employee who handled my service (the one wearing sunglasses) did not seem very careful when lifting my vehicle, as he didn’t check for the proper lift points. His overall approach felt rushed and inattentive.

While the repair only cost $15, customers deserve honesty and proper service no matter the price. My advice to future visitors is to be cautious, double-check the work before leaving, and if you deal with the employee wearing sunglasses, make sure his work is reviewed. When customers pay for service, they should leave confident and satisfied, not worried.",,,2,3,Workflow Automation + Systems Integration,silverthreadlabs.com/services/workflow-automation,billing_or_intake_errors;service_quality_in_session,,no_email_found,,2630,4.2,4,10,https://www.hammstires.com/,"https://www.google.com/maps/place/Hamm%27s+Tires,+Inc/data=!4m7!3m6!1s0x864e98bc014d4a3b:0xd48d6dc5167b9086!8m2!3d32.7891649!4d-96.7650605!16s%2Fg%2F1tl1j97b!19sChIJO0pNAbyYToYRhpB7FsVtjdQ?authuser=0&hl=en&rclk=1",,FALSE,,FALSE,,0,FALSE,FALSE,
C,22.5,dallas,Pedro's Tire Shop,,,,+1 214-264-1170,,"3531 E Illinois Ave, Dallas, TX 75216, United States",https://www.google.com/maps/place/Pedro%27s+Tire+Shop/data=!4m7!3m6!1s0x864e97f64ab43ee5:0x11bbdcadd98b29ab!8m2!3d32.7148843!4d-96.7627473!16s%2Fg%2F11btxjh2hx!19sChIJ5T60SvaXToYRqymL2a3cuxE,,,,,,,,,,,,,,calls_unanswered,2,"⸻

A few months ago I paid $50 for two used tires from this place.

I recently went back and now they’re trying to charge $100 per tire for basically the same size used tires.

What makes it worse is that my girlfriend went in recently and was only charged $45 for two tires.

The massive price difference doesn’t make sense and raises serious concerns about how customers are being treated.

When I called to ask about it, they were rude, hung up in my face, and now won’t answer the phone.

Extremely unprofessional and very questionable business practices. I won’t be returning",,,,1,,Voice AI Agents (Inbound Coverage),silverthreadlabs.com/services/voice-agents,calls_unanswered;frontline_communication,,,,794,4.2,7,13,,https://www.google.com/maps/place/Pedro%27s+Tire+Shop/data=!4m7!3m6!1s0x864e97f64ab43ee5:0x11bbdcadd98b29ab!8m2!3d32.7148843!4d-96.7627473!16s%2Fg%2F11btxjh2hx!19sChIJ5T60SvaXToYRqymL2a3cuxE?authuser=0&hl=en&rclk=1,,FALSE,,FALSE,,0,FALSE,FALSE,
C,22.47,dallas,Like-Nu Auto Paint & Body Works,,,,+1 214-821-3856,,"3930 Main St, Dallas, TX 75226, United States",https://www.google.com/maps/place/Like-Nu+Auto+Paint+%26+Body+Works/data=!4m7!3m6!1s0x864e98c09667ca27:0x36ffa47155eb0069!8m2!3d32.7872816!4d-96.7720086!16s%2Fg%2F1tf5l1df!19sChIJJ8pnlsCYToYRaQDrVXGk_zY,,,,,,,Clay E. Drury,Vice President,,,Clay E. Drury,Clay E. Drury,,followup_dropped,3,"Got into a wreck and figured why not bring it to where I used to work. Got the work done and the paint on my bumper started peeling. Went to go talk about my warranty. Clay told me he was going to schedule me to get the work fixed, never called to reschedule. I lost 500 dollars on a trade in for the car because of it.",Unprofessional & rude. They quoted me one price and after the work was done they wanted to charge me 10 dollars more.,,,,,Agentic AI Systems (Autonomous Follow-up),silverthreadlabs.com/services/agentic-ai,billing_or_intake_errors;followup_dropped;frontline_communication,,,,57,4.6,40,48,,https://www.google.com/maps/place/Like-Nu+Auto+Paint+%26+Body+Works/data=!4m7!3m6!1s0x864e98c09667ca27:0x36ffa47155eb0069!8m2!3d32.7872816!4d-96.7720086!16s%2Fg%2F1tf5l1df!19sChIJJ8pnlsCYToYRaQDrVXGk_zY?authuser=0&hl=en&rclk=1,,FALSE,,FALSE,,0,FALSE,FALSE,
C,22.42,dallas,CarDetailing2Go,1eeb89147c984dc6bc3ffafd9e6cd089@sentry.wixpress.com,1eeb89147c984dc6bc3ffafd9e6cd089@sentry.wixpress.com;2062d0a4929b45348643784b5cb39c36@sentry.wixpress.com;271e9fa3230b4eec94b02bf95780f5f2@sentry.wixpress.com;460ff4620fa44cba8df530afde949785@sentry.wixpress.com;79baaa8e09c746d2b7401643b99792e0@sentry.wixpress.com;8eb368c655b84e029ed79ad7a5c1718e@sentry.wixpress.com;9a65e97ebe8141fca0c4fd686f70996b@sentry.wixpress.com;c183baa23371454f99f417f6616b724d@sentry.wixpress.com;dd0a55ccb8124b9c9d938e3acf41f8aa@sentry.wixpress.com;ed436f5053144538958ad06a5005e99a@sentry.wixpress.com;info@cardetailing2go.com,agent_browser_crawl;agent_browser_crawl;agent_browser_crawl;agent_browser_crawl;agent_browser_crawl;agent_browser_crawl;agent_browser_crawl;agent_browser_crawl;agent_browser_crawl;agent_browser_crawl;agent_browser_crawl,+1 972-850-0404,https://cardetailing2go.com,"11156 Morrison Ln, Dallas, TX 75229, United States",https://www.google.com/maps/place/CarDetailing2Go/data=!4m7!3m6!1s0x864e9d655596132f:0xecf55e6d1e0008cb!8m2!3d32.8859467!4d-96.8923412!16s%2Fg%2F11s1v3t2wt!19sChIJLxOWVWWdToYRywgAHm1e9ew,https://www.facebook.com/CarDetailing2go,https://www.instagram.com/cardetailing2go/,,,https://www.tiktok.com/@cardetailing2go,,,,,,,,,booking_friction,3,"I brought the car for its original appointment in which the I was not informed that it was cancelled due to them running behind. Brought it to the next appointment in which they were still running behind and I had to wait 2 hours extra. Got the car washed by another detailer in its 3 months of existing, no scratches. I brought it here cause they are cheaper.Bring it to this detailer in which afterwards there are scratches on the hood and under the side mirror. Mind you these are hard scratches to get from road debris. They said they would polish it out and have been waiting three weeks via cancelled appointments and the owner not communicating at all. Got a call today only for the owner to get into a screaming match with me saying their detailer make no mistakes and they didn’t scratch the car. Soap was left under the mirrors the residue formed. Terrible experience. If you soon into the second picture you can clearly see scratches going up and down which I’m sure is due to the cleaning motion.

To reply to the owners reply. I told you to zoom into the second picture a few days later because I noticed the scratches. Upon zooming in those scratches were there and that was after the wash. This was not done by previous work as I would have complained as I am to you now. You were not kind at all  and told me you would not fix the other scratches please do not lie. Microfiber towels and mitts can cause deep scratches if not cleaned properly, a simple Google review proves that, Seeing as there are previous reviews with bad ratings and pictures of scratches mistakes can happen. But you refused to fix any mistake on mine and argued that this was not your fault. Seeing as how you failed to complete promised scheduled appointments and the appointments to fix said scratches your work is not reliable at all. Therefore your word is also most likely unreliable.",,,,1,,Voice AI Booking + Agentic Self-Service,silverthreadlabs.com/services/voice-agents,booking_friction;frontline_communication;service_quality_in_session,,ok,,218,4.8,3,10,https://cardetailing2go.com/?utm_source=google&utm_medium=wix_google_business_profile&utm_campaign=6390633478366531636,https://www.google.com/maps/place/CarDetailing2Go/data=!4m7!3m6!1s0x864e9d655596132f:0xecf55e6d1e0008cb!8m2!3d32.8859467!4d-96.8923412!16s%2Fg%2F11s1v3t2wt!19sChIJLxOWVWWdToYRywgAHm1e9ew?authuser=0&hl=en&rclk=1,,FALSE,,FALSE,,0,FALSE,FALSE,
C,22.37,dallas,Kings Wheels & Tires,,,,+1 214-381-2903,,"3803 S Buckner Blvd, Dallas, TX 75227, United States",https://www.google.com/maps/place/Kings+Wheels+%26+Tires/data=!4m7!3m6!1s0x864ea39f2272233d:0xb48cd44446dc4adf!8m2!3d32.7700867!4d-96.6830829!16s%2Fg%2F11clvv2c2d!19sChIJPSNyIp-jToYR30rcRkTUjLQ,,,,,,,,,,,,,,calls_unanswered,2,So this place was awesome till just about 10 minutes ago. I called asking a question and was hung up on. Called back several times and just get hung up on. I was inquiring about warranty but seems these guys run when they hear the word. Beware you have been warned.,,,,,,Voice AI Agents (Inbound Coverage),silverthreadlabs.com/services/voice-agents,calls_unanswered;frontline_communication,,,,286,3.9,3,10,,https://www.google.com/maps/place/Kings+Wheels+%26+Tires/data=!4m7!3m6!1s0x864ea39f2272233d:0xb48cd44446dc4adf!8m2!3d32.7700867!4d-96.6830829!16s%2Fg%2F11clvv2c2d!19sChIJPSNyIp-jToYR30rcRkTUjLQ?authuser=0&hl=en&rclk=1,,FALSE,,FALSE,,0,FALSE,FALSE,
C,21.98,dallas,Hackler Transmission,,,,+1 972-243-4022,https://hacklertransmission.com,"13212 Bee St, Dallas, TX 75234, United States",https://www.google.com/maps/place/Hackler+Transmission/data=!4m7!3m6!1s0x864c27b716eaefad:0xd4eb9633317cbfb7!8m2!3d32.9244091!4d-96.8958572!16s%2Fg%2F1wrtd7tl!19sChIJre_qFrcnTIYRt798MTOW69Q,,,,,,,John R. Hardin Jr.,President/Owner,,,John R. Hardin Jr.,John R. Hardin Jr.,,frontline_communication,2,Employees are threatening. Would take business somewhere else.,Not helpful at all! Force you to come in and says they know the answer and recommend someone else but won’t give their contact unless you come by with them first. Very rude,,,1,1,Voice AI + Agentic CRM Outreach,silverthreadlabs.com/services/voice-agents,calls_unanswered;frontline_communication,,no_email_found,,115,4.7,6,84,https://hacklertransmission.com/,https://www.google.com/maps/place/Hackler+Transmission/data=!4m7!3m6!1s0x864c27b716eaefad:0xd4eb9633317cbfb7!8m2!3d32.9244091!4d-96.8958572!16s%2Fg%2F1wrtd7tl!19sChIJre_qFrcnTIYRt798MTOW69Q?authuser=0&hl=en&rclk=1,,FALSE,,FALSE,,1,FALSE,FALSE,
C,21.9,dallas,TX Transmission Repair,1eeb89147c984dc6bc3ffafd9e6cd089@sentry.wixpress.com,1eeb89147c984dc6bc3ffafd9e6cd089@sentry.wixpress.com;txtransmissionrepair@gmail.com,agent_browser_crawl;agent_browser_crawl,+1 214-500-3618,https://txtransmission.com,"9120 King Arthur Dr, Dallas, TX 75247, United States",https://www.google.com/maps/place/TX+Transmission+Repair/data=!4m7!3m6!1s0x864e9d08455d76e7:0xd82252fe3cd3118!8m2!3d32.8318834!4d-96.8818935!16s%2Fg%2F11wnykntsb!19sChIJ53ZdRQidToYRGDHN4y8lgg0,,https://www.instagram.com/txtransmission/,,,,,Raul,Owner,,,Raul,Raul,,billing_or_intake_errors,3,"I’ve been dealing with transmission issues on my 2015 Chevy Tahoe since 2021, when I first had the transmission replaced. Over the past 4 years, my truck has been in and out of the shop more than 20 times, each visit lasting 2 to 4 weeks. Despite all this, the transmission continued to slip while stopped and shift hard from 3rd to 2nd gear.
I was repeatedly told:

The torque converter was bad—it’s been replaced over 10 times.
The issue was due to bad mechanics, but I was assured a new tech would resolve it.
I dealt with 4 different individuals and multiple techs across both locations.

Three weeks ago, I dropped my truck off again and spoke with the person I’ve been working with for the past two years. After a week, I was told my vehicle had not been serviced properly under warranty. I was shocked—how could that be after so many visits and torque converter replacements? I was told it didn’t matter. After a 30-minute discussion, he agreed to fix the issue but said he wouldn’t make money from the repair and asked me to help pay. I refused, and he finally agreed to fix it—but said my warranty would be void.
I picked up my truck this past Saturday. I was told a mechanic would ride with me to confirm the fix—that didn’t happen. Then I was hit with a $510 charge for the TCM, which apparently wasn’t covered by the warranty. I asked to speak to the owner multiple times and was refused. I was told, “Don’t contact us again.”
To top it off, every time I picked up my truck, it was returned with an empty gas tank—even this last time. When I asked about it, I was told, “How did you think cars drive? They need gas.” Unbelievable.
I have messages and written statements backing up everything I’ve said, including one that reads:

“Wow, you’ve been very patient with us. I would probably handle things differently if I were in your shoes.”

I’ve tried to be respectful and patient. All I ever wanted was a properly functioning transmission—not 4 years of frustration and financial burden.
I wonder if the owner will reach out to discuss, if not.. oh well.. lesson learned from me. Even though I was treated like trash, I won't lower my standards and mention all names that were involved.","Stay away from this place specially if you are a WOMAN!  I took my 2012 Dodge Journey to this place because the gears weren’t working properly. I left it on May 13,2025 so they could do a proper diagnostic and let me know what I was looking at. Took them over a week to get me a quote and that’s because I had to go in person because no one would bother calling me back. I spoke to Gabe twice & assured me he would return my call, lair. They said my car needed the solenoid replaced and quoted me $800. They also said it would take 2-3 days max as it was considered a “Minor repair”. After I agreed that same day May 20th. I was supposed to pick it up ready to go Tuesday after Memorial Day. Wasn’t ready. Again I had to go in person to find out what the hold up was. Was told they had made the replacement but couldn’t get my car to turn on. Then later that week I was told they got it to turn on but the parts they had just installed must had been bad because it wasn’t working properly still that they were waiting on another new set. THEN it turned out that the transmission was still giving them problems and was told they needed to take it out, open it & see what was going on. After weeks of having it there I was told the transmission needed to be replaced and was given a quote of $2400. I said NO, i want it put back how it was. I had to tow my truck back home when I actually DROVE IT MYSELF TO THEM. They gave it back to me IN MUCH WORSE SHAPE than when I left it. Now it won’t drive forward only on reverse. I would urge you to stay AWAY from this place. They don’t keep their word, they give you the run around & end up messing up your vehicle more than how it is when dropping it off. My car is home now (June 5th) and not drivable.",,,1,1,Workflow Automation + Systems Integration,silverthreadlabs.com/services/workflow-automation,billing_or_intake_errors;followup_dropped;frontline_communication,,ok,,37,4.6,4,32,https://txtransmission.com/,https://www.google.com/maps/place/TX+Transmission+Repair/data=!4m7!3m6!1s0x864e9d08455d76e7:0xd82252fe3cd3118!8m2!3d32.8318834!4d-96.8818935!16s%2Fg%2F11wnykntsb!19sChIJ53ZdRQidToYRGDHN4y8lgg0?authuser=0&hl=en&rclk=1,,FALSE,,FALSE,,0,FALSE,FALSE,
C,21.72,dallas,Tere's Tires,,,,+1 214-370-9511,,"5230 E R L Thornton Fwy, Dallas, TX 75223, United States",https://www.google.com/maps/place/Tere%27s+Tires/data=!4m7!3m6!1s0x864e98a755e07ba7:0x1473b10781bc59d7!8m2!3d32.790623!4d-96.749493!16s%2Fg%2F1260f01hj!19sChIJp3vgVaeYToYR11m8gQexcxQ,,,,,,,,,,,,,,billing_or_intake_errors,2,Been here a couple of times and will never go back. First time they sold me a used tire for $35 and then when I went to pay with credit card they added $5 dollars to the cost. Went back a second time and they sold me another used tire for …,"Upcharged me after, I bought 2 tires at a reduced price!",,,,,Workflow Automation + Systems Integration,silverthreadlabs.com/services/workflow-automation,billing_or_intake_errors;frontline_communication,,,,149,4.6,63,70,,https://www.google.com/maps/place/Tere%27s+Tires/data=!4m7!3m6!1s0x864e98a755e07ba7:0x1473b10781bc59d7!8m2!3d32.790623!4d-96.749493!16s%2Fg%2F1260f01hj!19sChIJp3vgVaeYToYR11m8gQexcxQ?authuser=0&hl=en&rclk=1,,FALSE,,FALSE,,0,FALSE,FALSE,
C,21.64,dallas,Unlimited State Inspection,,,,+1 214-946-5071,,"1123 S Hampton Rd, Dallas, TX 75208, United States",https://www.google.com/maps/place/Unlimited+State+Inspection/data=!4m7!3m6!1s0x864e9a4005ec000f:0xfd622a806c2129e8!8m2!3d32.7340618!4d-96.8571252!16s%2Fg%2F1tfbywjj!19sChIJDwDsBUCaToYR6CkhbIAqYv0,,,,,,,,,,,,,,calls_unanswered,2,"Horrible customer service, I just called to ask a question and got hung up on. I called back 3 times and no answer","Called 3 times, they answered 3 times and just sat there not responding. Probably not worth your time.",,,1,,Voice AI Agents (Inbound Coverage),silverthreadlabs.com/services/voice-agents,calls_unanswered;frontline_communication,,,,26,3.8,12,16,,https://www.google.com/maps/place/Unlimited+State+Inspection/data=!4m7!3m6!1s0x864e9a4005ec000f:0xfd622a806c2129e8!8m2!3d32.7340618!4d-96.8571252!16s%2Fg%2F1tfbywjj!19sChIJDwDsBUCaToYR6CkhbIAqYv0?authuser=0&hl=en&rclk=1,,FALSE,,FALSE,,0,FALSE,FALSE,
C,21.63,dallas,INWOOD INSPECTIONS,,,,+1 214-813-8764,,"2436 Inwood Rd, Dallas, TX 75235, United States",https://www.google.com/maps/place/INWOOD+INSPECTIONS/data=!4m7!3m6!1s0x864e9c1e6a8abb93:0x489e3ed96205eb58!8m2!3d32.8206415!4d-96.836731!16s%2Fg%2F11dfjc2s67!19sChIJk7uKah6cToYRWOsFYtk-nkg,,,,,,,,,,,,,,frontline_communication,2,"My experience during the vehicle inspection was not satisfactory. The attention of the staff was unfriendly and the process was carried out in a hasty way, without offering clear explanations or a friendly treatment to the customer. I believe that the service to the public should be more professional, respectful and oriented to provide a better experience to those of us who go to carry out this procedure",The worst service in Dallas. The customer service staff is the worst; they have no ethics or professionalism. Going there is a waste of time.,,,1,1,Voice AI + Agentic CRM Outreach,silverthreadlabs.com/services/voice-agents,frontline_communication;service_quality_in_session,,,,102,4.5,60,66,,https://www.google.com/maps/place/INWOOD+INSPECTIONS/data=!4m7!3m6!1s0x864e9c1e6a8abb93:0x489e3ed96205eb58!8m2!3d32.8206415!4d-96.836731!16s%2Fg%2F11dfjc2s67!19sChIJk7uKah6cToYRWOsFYtk-nkg?authuser=0&hl=en&rclk=1,,FALSE,,FALSE,,0,FALSE,FALSE,
C,21.01,dallas,Fleet Management Logistics,support@fml.group,support@fml.group,gosom_scraper,+1 214-281-8842,http://fml.group,"423 Langdon Rd Lot C & D, Hutchins, TX 75141, United States",https://www.google.com/maps/place/Fleet+Management+Logistics/data=!4m7!3m6!1s0x864ebdb1aa847a01:0x7aaf44859a0704a3!8m2!3d32.6600323!4d-96.7260897!16s%2Fg%2F11g0csbqmy!19sChIJAXqEqrG9ToYRowQHmoVEr3o,https://www.facebook.com/,https://www.instagram.com/,https://www.linkedin.com/,,,,,,,,,,,calls_unanswered,2,"How often does your car has flat tires. Out of 5 times delivery from Dallas to Oklahoman the driver has flat tires 3 times. When I called multiple times in business hours and try to get a hold of someone in the office but never answered. It supposed to be delivered from Dallas to oklahoma yesterday 01/11/2022 and we have paying workers here waiting from all morning but no one called us to let us know to reschedule it the day before or on the day of the delivery that the driver can’t come and have reschedule it for today 01/12/2022. You guy said it should be here at 9:00 am but it’s been 1 hours late only to find out there is another flat tires. To the office guy who tell us we can bring our business where else, we will bring it somewhere else where they respect our time like we respect your time and our paying workers.",,,,1,,Voice AI Agents (Inbound Coverage),silverthreadlabs.com/services/voice-agents,calls_unanswered;followup_dropped,,ok,,40,4.1,24,29,http://fml.group/,https://www.google.com/maps/place/Fleet+Management+Logistics/data=!4m7!3m6!1s0x864ebdb1aa847a01:0x7aaf44859a0704a3!8m2!3d32.6600323!4d-96.7260897!16s%2Fg%2F11g0csbqmy!19sChIJAXqEqrG9ToYRowQHmoVEr3o?authuser=0&hl=en&rclk=1,,FALSE,,FALSE,,0,FALSE,FALSE,
C,20.8,dallas,Low Price Auto Glass,,,,+1 214-467-4450,,"5301 S Second Ave, Dallas, TX 75210, United States",https://www.google.com/maps/place/Low+Price+Auto+Glass/data=!4m7!3m6!1s0x864e9b2ca1454ab9:0x58bbb2dcc71ddbcf!8m2!3d32.7565468!4d-96.7415067!16s%2Fg%2F1td2h9v3!19sChIJuUpFoSybToYRz9sdx9yyu1g,,,,,,,,,,,,,,billing_or_intake_errors,2,Safelite initially had a price of $220 and a week later when I was ready to get my windshield changed their price skyrocketed to $390...in SEVEN DAYS.  I won't go into the details but I called around to MANY places and they were all …,I would've given five stars if they would've given me the price that I was quoted over the phone. I still appreciate the quality of their windshield.,,,,,Workflow Automation + Systems Integration,silverthreadlabs.com/services/workflow-automation,billing_or_intake_errors;service_quality_in_session,,,,158,4.6,62,70,,https://www.google.com/maps/place/Low+Price+Auto+Glass/data=!4m7!3m6!1s0x864e9b2ca1454ab9:0x58bbb2dcc71ddbcf!8m2!3d32.7565468!4d-96.7415067!16s%2Fg%2F1td2h9v3!19sChIJuUpFoSybToYRz9sdx9yyu1g?authuser=0&hl=en&rclk=1,,FALSE,,FALSE,,0,FALSE,FALSE,
C,20.78,dallas,House of Parts,,,,+1 214-421-4158,,"1624 Martin Luther King Jr Blvd, Dallas, TX 75215, United States",https://www.google.com/maps/place/House+of+Parts/data=!4m7!3m6!1s0x864e98f619fc82b5:0xcf175195cde4c7c0!8m2!3d32.761199!4d-96.7770452!16s%2Fg%2F1tv3p2lw!19sChIJtYL8GfaYToYRwMfkzZVRF88,,,,,,,Francis J Hegwer,Owner,,,Francis J Hegwer,Francis J Hegwer,,frontline_communication,1,I've been in this place three times to get batteries for my watches the lady at the front desk RUDE RUDE RUDE and the young lady that does the watches was never there the three times I've been there she's the only one that do the watches …,The whole staff is very rudeThey tell you one thing and then you can't get your part like you supposed to .,,,,,Voice AI + Agentic CRM Outreach,silverthreadlabs.com/services/voice-agents,frontline_communication,,,,248,4.5,82,90,,https://www.google.com/maps/place/House+of+Parts/data=!4m7!3m6!1s0x864e98f619fc82b5:0xcf175195cde4c7c0!8m2!3d32.761199!4d-96.7770452!16s%2Fg%2F1tv3p2lw!19sChIJtYL8GfaYToYRwMfkzZVRF88?authuser=0&hl=en&rclk=1,,FALSE,,FALSE,,0,FALSE,FALSE,
C,20.24,dallas,Llantas USA,,,,+1 214-339-6239,https://www.llanterascercademi.net,"3100 W Davis St, Dallas, TX 75211, United States",https://www.google.com/maps/place/Llantas+USA/data=!4m7!3m6!1s0x864e9bd86fe6f2d7:0x272277d416142aa6!8m2!3d32.7492928!4d-96.8716451!16s%2Fg%2F11h_kdkf4n!19sChIJ1_Lmb9ibToYRpioUFtR3Iic,,,,,,,Raul Martinez,Owner/Contact,,,Raul Martinez,Raul Martinez,,billing_or_intake_errors,2,Really good service only issue is they do change prices on you last minute. Was told $35 per used tires but after they took it off they said oh we only have these $40 tires and at that point they already took my tires off my car and the rim …,Im not trying to lowball anything i can pay i just offered 40 because my card limit after 10 is 40 or they will block guy is extremely rude never coming back thank you to the other guys that in the past have done their job good plus it was an emergency almost die cuz of the tire I brought,,,,,Workflow Automation + Systems Integration,silverthreadlabs.com/services/workflow-automation,billing_or_intake_errors;frontline_communication,,no_email_found,,411,4.3,4,10,https://www.llanterascercademi.net/,https://www.google.com/maps/place/Llantas+USA/data=!4m7!3m6!1s0x864e9bd86fe6f2d7:0x272277d416142aa6!8m2!3d32.7492928!4d-96.8716451!16s%2Fg%2F11h_kdkf4n!19sChIJ1_Lmb9ibToYRpioUFtR3Iic?authuser=0&hl=en&rclk=1,,FALSE,,FALSE,,0,FALSE,FALSE,
C,20.21,dallas,24/7 Tires LLC,demarcus_ace@yahoo.com,demarcus_ace@yahoo.com,gosom_scraper,+1 972-800-2231,,"4627 S Second Ave suite b, Dallas, TX 75210, United States",https://www.google.com/maps/place/24%2F7+Tires+LLC/data=!4m7!3m6!1s0x864ea3af4db12da7:0x8240c76bfd63b551!8m2!3d32.7621902!4d-96.7462473!16s%2Fg%2F11g1kqpm9y!19sChIJpy2xTa-jToYRUbVj_WvHQII,,,,,,,,,,,,,,calls_unanswered,2,NOT 24 HOURS..IM A FEMALE ALONE WITH A FLAT FLAT AND I PUSHED MY CAR TO GO THE EXTRA DISTANCE TO GET TO THIS 24 HR TIRE SHOP...HOWEVER NO ONE ANSWERS THE PHONE AND NO ONE IS HERE..SO ITS FALSE ADVERTISING! DONT LIE AND SAY YOUR 24 HOURS WHEN YOU CLEARLY ARE NOT!!,I'm in South Dallas all the time this particular morning I just needed some error I pulled up to the station there was no one to attend my service when I shot it out and your man came from the back still sleep with an attitude he gave me …,,,,,Voice AI Agents (Inbound Coverage),silverthreadlabs.com/services/voice-agents,calls_unanswered;frontline_communication,,,,101,4.1,34,40,,https://www.google.com/maps/place/24%2F7+Tires+LLC/data=!4m7!3m6!1s0x864ea3af4db12da7:0x8240c76bfd63b551!8m2!3d32.7621902!4d-96.7462473!16s%2Fg%2F11g1kqpm9y!19sChIJpy2xTa-jToYRUbVj_WvHQII?authuser=0&hl=en&rclk=1,,FALSE,,FALSE,,0,FALSE,FALSE,
C,19.84,dallas,Dallas Parts Distribution Center,,,,+1 866-833-7278,http://dallaspdc.com,"3310 W Kingsley Rd, Garland, TX 75041, United States",https://www.google.com/maps/place/Dallas+Parts+Distribution+Center/data=!4m7!3m6!1s0x864ea0c46f955555:0x4f15e0746bd389c9!8m2!3d32.8785359!4d-96.680141!16s%2Fg%2F11g0k0qcct!19sChIJVVWVb8SgToYRyYnTa3TgFU8,,,,,,,,,,,,,,calls_unanswered,2,"This is the place for MoPar or Dodge related parts. You can't go in and directly order parts but you can through mymoparparts.com . They will shop them to yoor you can will call the parts. They are not use to people picking up internet ordered parts. They are nice people working in hot warehouse. The only gripe i really have is the delay in ordering and being able to pick your parts up. Also, the 888 number is useless....no one will answer and the voicemail option is full.",Good oem Dodge parts but personnel at the front desk pretty rude and no customer service skills at all.,,,3,,Voice AI Agents (Inbound Coverage),silverthreadlabs.com/services/voice-agents,calls_unanswered;frontline_communication,,cloudflare_blocked,,41,3.9,36,39,http://dallaspdc.com/?utm_source=google&utm_medium=organic&utm_campaign=gbp-website,https://www.google.com/maps/place/Dallas+Parts+Distribution+Center/data=!4m7!3m6!1s0x864ea0c46f955555:0x4f15e0746bd389c9!8m2!3d32.8785359!4d-96.680141!16s%2Fg%2F11g0k0qcct!19sChIJVVWVb8SgToYRyYnTa3TgFU8?authuser=0&hl=en&rclk=1,,FALSE,,FALSE,,0,FALSE,TRUE,metro_mismatch
C,19.76,dallas,Nsydezout Upholstery,0e6a29e4756740a8a63493e912ba2174@sentry.wixpress.com,0e6a29e4756740a8a63493e912ba2174@sentry.wixpress.com;2062d0a4929b45348643784b5cb39c36@sentry.wixpress.com;271e9fa3230b4eec94b02bf95780f5f2@sentry.wixpress.com;460ff4620fa44cba8df530afde949785@sentry.wixpress.com;8eb368c655b84e029ed79ad7a5c1718e@sentry.wixpress.com;9a65e97ebe8141fca0c4fd686f70996b@sentry.wixpress.com;baf30a2b91654c5a840931f0137bed30@sentry.wixpress.com;c183baa23371454f99f417f6616b724d@sentry.wixpress.com;dd0a55ccb8124b9c9d938e3acf41f8aa@sentry.wixpress.com;ed436f5053144538958ad06a5005e99a@sentry.wixpress.com;nsydezout@yahoo.com,agent_browser_crawl;agent_browser_crawl;agent_browser_crawl;agent_browser_crawl;agent_browser_crawl;agent_browser_crawl;agent_browser_crawl;agent_browser_crawl;agent_browser_crawl;agent_browser_crawl;agent_browser_crawl,+1 469-831-7867,http://www.nsydezout.com,"3806 Dividend Dr, Garland, TX 75042, United States",https://www.google.com/maps/place/Nsydezout+Upholstery/data=!4m7!3m6!1s0x864c1e20370694c3:0xd4246a16793f13b8!8m2!3d32.8986093!4d-96.6887854!16s%2Fg%2F1ptyqc89r!19sChIJw5QGNyAeTIYRuBM_eRZqJNQ,https://www.facebook.com/NSydezOut/,https://instagram.com/NSydezOut/,,,,,Shun,Owner,,,Shun,Shun,,calls_unanswered,2,"Dude here accepted my dashboard to repair, and then ghosted me. Pretty sure he blocked my number because he answered when I called from another number but then ghosted me again. Tried to get my dashboard back for about a year and then gave up. Very dishonest and unprofessional.",,,,2,,Voice AI Agents (Inbound Coverage),silverthreadlabs.com/services/voice-agents,calls_unanswered;followup_dropped,,ok,,179,4.9,3,152,http://www.nsydezout.com/,https://www.google.com/maps/place/Nsydezout+Upholstery/data=!4m7!3m6!1s0x864c1e20370694c3:0xd4246a16793f13b8!8m2!3d32.8986093!4d-96.6887854!16s%2Fg%2F1ptyqc89r!19sChIJw5QGNyAeTIYRuBM_eRZqJNQ?authuser=0&hl=en&rclk=1,,FALSE,,FALSE,,0,FALSE,FALSE,
C,19.64,dallas,Integrity Mobile Truck Maintenance and Repair - Road Service,1eeb89147c984dc6bc3ffafd9e6cd089@sentry.wixpress.com,1eeb89147c984dc6bc3ffafd9e6cd089@sentry.wixpress.com,agent_browser_crawl,+1 682-251-6558,https://integritymobilerepair.com,"4131 N Central Expy #900, Dallas, TX 75204, United States",https://www.google.com/maps/place/Integrity+Mobile+Truck+Maintenance+and+Repair+-+Road+Service/data=!4m7!3m6!1s0x864e7b5000217509:0x2be0ccd1e3827287!8m2!3d32.8148682!4d-96.7905769!16s%2Fg%2F11h0ms4wt2!19sChIJCXUhAFB7ToYRh3KC49HM4Cs,,,,,,,Jacob,Owner / Founder,,,Jacob,Jacob,,calls_unanswered,2,"I am usually not posting bad reviews but this guy is out of line, I tried everything I warned him and still nothing. He did a radiator on my truck invoice was almost 2000$, before he did the work I told him that I will buy a radiator from Volvo so I can have receipt and warranty on that part because as you guys it is expensive part, but he convince me that he will buy a part from someone he is always buying and that I will also have warranty on that part for one year and get receipt, the price was almost same like one I had to buy in Volvo but I said okay didn’t want to bother him if easier for him to grab that part his way and just get it done, didn’t know he will lie to me later on, so he finish everything send me invoice and when I ask him for receipt of part he told me just to pay and he will send me when he get home, and I paid him right away. 2 weeks later he respond to me two times saying he will send he is busy and some stories like that, and now last week he doesn’t want to answer on the phone not want to reply on my messages, so that tells me that he probably had some used part in his storage and it was a good chance to give me a story just so he can put his used part on my truck get money for it and doesn’t even have any receipt. Radiator is leaking again and I can’t reach him either I can get another part through warranty and I am stuck spending somewhere else same amount of money, be careful here I will post photos of screenshots him not wanting to answer and I called him 50 times last 7 days and no response",,,,1,,Voice AI Agents (Inbound Coverage),silverthreadlabs.com/services/voice-agents,calls_unanswered;followup_dropped,,ok,,120,4.8,4,11,https://integritymobilerepair.com/,https://www.google.com/maps/place/Integrity+Mobile+Truck+Maintenance+and+Repair+-+Road+Service/data=!4m7!3m6!1s0x864e7b5000217509:0x2be0ccd1e3827287!8m2!3d32.8148682!4d-96.7905769!16s%2Fg%2F11h0ms4wt2!19sChIJCXUhAFB7ToYRh3KC49HM4Cs?authuser=0&hl=en&rclk=1,,FALSE,,FALSE,,0,FALSE,FALSE,
C,19.43,dallas,Top Notch Body Shop & Mechanic,,,,+1 214-305-2755,http://www.topnotchautoshop.com,"5021 E Grand Ave, Dallas, TX 75223, United States",https://www.google.com/maps/place/Top+Notch+Body+Shop+%26+Mechanic/data=!4m7!3m6!1s0x864e99873ba079a3:0x1967ac6a1089f45c!8m2!3d32.7893775!4d-96.7527604!16s%2Fg%2F11f5vpf20z!19sChIJo3mgO4eZToYRXPSJEGqsZxk,,,,,,,,,,,,,,billing_or_intake_errors,3,Trash! DO NOT take your business here. They charged me $65 just for a quote whereas I got several quotes for the same service for free. They never delivered on anything we agreed upon. Disorganized and unprofessional.,This morning I pushed my homeboy vehicle 2 top notch Body Shop and they throw him they couldn't look at his vehicle to take it somewhere else. He tried to explain to them what was wrong with it they didnt want to listen. So I pushed them to …,,,,,Workflow Automation + Systems Integration,silverthreadlabs.com/services/workflow-automation,billing_or_intake_errors;frontline_communication;service_quality_in_session,,open_error,,75,4.7,48,56,http://www.topnotchautoshop.com/,https://www.google.com/maps/place/Top+Notch+Body+Shop+%26+Mechanic/data=!4m7!3m6!1s0x864e99873ba079a3:0x1967ac6a1089f45c!8m2!3d32.7893775!4d-96.7527604!16s%2Fg%2F11f5vpf20z!19sChIJo3mgO4eZToYRXPSJEGqsZxk?authuser=0&hl=en&rclk=1,,FALSE,,FALSE,,0,FALSE,FALSE,
C,19.11,dallas,Tony's Auto Upholstery,,,,+1 972-721-1072,,"441 E Pioneer Dr # 106, Irving, TX 75061, United States",https://www.google.com/maps/place/Tony%27s+Auto+Upholstery/data=!4m7!3m6!1s0x864e834068dad72b:0xe2c83e86323818f1!8m2!3d32.817924!4d-96.9405544!16s%2Fg%2F1t_wprxp!19sChIJK9faaECDToYR8Rg4MoY-yOI,,,,,,,,,,,,,,frontline_communication,2,Rude,"​Extremely disappointed with the lack of professionalism and poor communication at this shop. After messaging Tony, he told me to bring my vehicle in the next morning at 9:30 AM for a driver’s side armrest repair, saying it would take about an hour and a half.
​I drove nearly an hour to get there, fully prepared to wait for the service. When I arrived on time, he told me he was busy with another project and it would be an hour before he could even start. I agreed to come back in an hour, only for him to change his story again and say he couldn't actually get to it until after 1:00 PM.
​My time was completely disrespected. Communication is key with customers, Tony. I ended up leaving and taking my vehicle to DTX Auto Care in Grand Prairie instead, where they took care of me immediately. I’d suggest looking elsewhere if you value your time and clear communication.",,,1,2,Voice AI + Agentic CRM Outreach,silverthreadlabs.com/services/voice-agents,booking_friction;frontline_communication,,,,93,4.6,6,71,,https://www.google.com/maps/place/Tony%27s+Auto+Upholstery/data=!4m7!3m6!1s0x864e834068dad72b:0xe2c83e86323818f1!8m2!3d32.817924!4d-96.9405544!16s%2Fg%2F1t_wprxp!19sChIJK9faaECDToYR8Rg4MoY-yOI?authuser=0&hl=en&rclk=1,,FALSE,,FALSE,,0,FALSE,FALSE,
C,18.88,dallas,GBG Auto Repair & Inspection,,,,+1 214-370-0375,,"110 N Peak St, Dallas, TX 75226, United States",https://www.google.com/maps/place/GBG+Auto+Repair+%26+Inspection/data=!4m7!3m6!1s0x864e98b8c016d9f9:0xb56b9622a11e86cb!8m2!3d32.7905261!4d-96.7693961!16s%2Fg%2F1tdkmn12!19sChIJ-dkWwLiYToYRy4YeoSKWa7U,,,,,,,Alberto Garcia,Owner,,,Alberto Garcia,Alberto Garcia,,billing_or_intake_errors,2,"​I brought my vehicle to this shop for standard emissions diagnostic service due to several existing fault codes. The initial agreement was to perform a proper diagnosis. I even agreed to leave the car overnight for them to properly identify the root cause.

​Within a couple of hours, I received a call that immediately raised red flags. They claimed they couldn't figure out the issue due to ""too many codes,"" and stated they had to clear all the codes and then drive the car around to re-generate the data. Clearing the existing fault codes is the opposite of performing a diagnosis, as it erases the crucial historical data needed to track down intermittent issues.

This rendered the diagnostic service they agreed to completely useless.
​Skeptical of the process and unwilling to leave my car overnight given the incompetence shown, I retrieved the vehicle. Upon pickup, I was immediately presented with a bill for $128.75. When I objected, asking why I was paying for a diagnosis that was explicitly not performed (they had only cleared the codes), the mechanic offered vague and unprofessional justifications. He claimed they ""fixed a loose hose""—an unapproved, minor action that did nothing to address the initial codes—and then launched into demanding payment, citing the need to ""pay the workers.""

I offer them to perform another diagnostic review so that it may give me at least some value out of the money that I'm spending. It for something unrelated issue like the AC noise and they said that will be an extra $160.

They did not give me the keys to my car untill I had paid. Needless to say completely unprofessional, scammy and avoid this mechanic at all costs.",Don’t take your car here. They are rip offs and unprofessional. I have asked to speak to the owner several times. But the young manger has denied me and have yelled at me for a simple request and understanding. I will be making a complaint with the better business bureau and the state of Texas.,,,1,1,Workflow Automation + Systems Integration,silverthreadlabs.com/services/workflow-automation,billing_or_intake_errors;frontline_communication,,,,362,4.6,4,10,,https://www.google.com/maps/place/GBG+Auto+Repair+%26+Inspection/data=!4m7!3m6!1s0x864e98b8c016d9f9:0xb56b9622a11e86cb!8m2!3d32.7905261!4d-96.7693961!16s%2Fg%2F1tdkmn12!19sChIJ-dkWwLiYToYRy4YeoSKWa7U?authuser=0&hl=en&rclk=1,,FALSE,,FALSE,,0,FALSE,FALSE,
C,18.83,dallas,Quix State Inspection,sjhuss86@gmail.com,sjhuss86@gmail.com,gosom_scraper,+1 214-515-0534,http://stateinspectiononly.com,"5516 E Mockingbird Ln, Dallas, TX 75206, United States",https://www.google.com/maps/place/Quix+State+Inspection/data=!4m7!3m6!1s0x864e9f1303d05e4f:0xea76bb5d9a3eeea!8m2!3d32.8362862!4d-96.7729128!16s%2Fg%2F1tvgvrnb!19sChIJT17QAxOfToYR6u6j2bVrpw4,,,,,,,Saady Hussain,Owner / Manager,,,Saady Hussain,Saady Hussain,,frontline_communication,1,"Manager is rude, doesn't really care and just wants to get people out the door + one of the inspectors left my dimmer light switch on which could've potentially killed my car battery if I didn't pay attention. Like the recent comments on …",Don’t go here! The guy doing the inspection is completely rude. He tried to tell me my coolant was empty and didn’t like it when I asked him to clarify what he was saying. I looked at other reviews and notice a woman describing this exact …,,,,,Voice AI + Agentic CRM Outreach,silverthreadlabs.com/services/voice-agents,frontline_communication,,ok,,644,4.8,62,70,http://stateinspectiononly.com/,https://www.google.com/maps/place/Quix+State+Inspection/data=!4m7!3m6!1s0x864e9f1303d05e4f:0xea76bb5d9a3eeea!8m2!3d32.8362862!4d-96.7729128!16s%2Fg%2F1tvgvrnb!19sChIJT17QAxOfToYR6u6j2bVrpw4?authuser=0&hl=en&rclk=1,,FALSE,,FALSE,,0,FALSE,FALSE,
C,18.8,dallas,Mobile Mechanic Pros,ask@jesusautorepaircenter.com,ask@jesusautorepaircenter.com,agent_browser_crawl,+1 682-423-8300,https://mobilemechanicdfw.com,"2508 Laredo Ct, Arlington, TX 76015, United States",https://www.google.com/maps/place/Mobile+Mechanic+Pros/data=!4m7!3m6!1s0x864e7dff4afe74f9:0x35bb29790d4a642f!8m2!3d32.703948!4d-97.13404!16s%2Fg%2F11xkgkgyw2!19sChIJ-XT-Sv99ToYRL2RKDXkpuzU,https://www.facebook.com/people/Jesus-Premier-Automotive-Repair/61557020099639/,https://www.instagram.com/jesusautorepaircenter?igsh=OGQ5ZDc2ODk2ZA%3D%3D&utm_source=qr,,,https://www.tiktok.com/@jesuspremierautorepair,,Jesus,Owner / Lead Mechanic,,,Jesus,Jesus,,calls_unanswered,2,"⚠️🚨Beware! Please do NOT trust this mechanic and his brother. They came to my house to “fix” my car, took my money to supposedly buy a part, and has flat-out refused to show me the receipt for it. My car is STILL not fixed, and I’m left out of pocket with nothing to show for it. I've called and texted them to let them know that the car is still not drivable, and they refused to take my calls. Then they'll set up a fake appointment and never show up! Please DO NOT HIRE them!
This was a complete scam — dishonest, unprofessional, and unreliable. Save yourself the stress and your hard-earned money. Stay far away from this so-called mechanics!","I wish I could leave a negative star.. Everything started off good quick response and he was out the next morning. Had an issue with vehicle overheating. He came out and diagnosed it and said it was the thermostat housing that was failing. Thought he fixed the issue. But the next day the vehicle was doing the same thing. Called and texted for 3 to 4 days with no response, now I think I am blocked.Went off all the positive reviews that were on Google. But now I’m out of $260 and the same problem with the vehicle.",,,1,1,Voice AI Agents (Inbound Coverage),silverthreadlabs.com/services/voice-agents,calls_unanswered;followup_dropped,,ok,,63,4.8,52,60,https://mobilemechanicdfw.com/,https://www.google.com/maps/place/Mobile+Mechanic+Pros/data=!4m7!3m6!1s0x864e7dff4afe74f9:0x35bb29790d4a642f!8m2!3d32.703948!4d-97.13404!16s%2Fg%2F11xkgkgyw2!19sChIJ-XT-Sv99ToYRL2RKDXkpuzU?authuser=0&hl=en&rclk=1,,FALSE,,FALSE,,0,FALSE,FALSE,
C,18.68,dallas,Scorpion Tire Shop,,,,+1 214-574-6992,,"2800 Pine St, Dallas, TX 75215, United States",https://www.google.com/maps/place/Scorpion+Tire+Shop/data=!4m7!3m6!1s0x864ea3137ea5d67f:0xb0f4f791fb06f0e4!8m2!3d32.7595464!4d-96.7568672!16s%2Fg%2F11mh_mx2nw!19sChIJf9alfhOjToYR5PAG-5H39LA,,,,,,,,,,,,,,billing_or_intake_errors,2,This guy is a shady person very unprofessional stay away !he owes me money Apparently he doesn’t know how to run a business this is based on my experience.,This place is a joke. What kind of tire shop doesn’t do 20s when most pick up trucks on the road are coming from the factory with 20s guy was super rude and disrespectful about it.,,,,,Workflow Automation + Systems Integration,silverthreadlabs.com/services/workflow-automation,billing_or_intake_errors;frontline_communication,,,,67,4.1,36,42,,https://www.google.com/maps/place/Scorpion+Tire+Shop/data=!4m7!3m6!1s0x864ea3137ea5d67f:0xb0f4f791fb06f0e4!8m2!3d32.7595464!4d-96.7568672!16s%2Fg%2F11mh_mx2nw!19sChIJf9alfhOjToYR5PAG-5H39LA?authuser=0&hl=en&rclk=1,,FALSE,,FALSE,,0,FALSE,FALSE,
C,18.43,dallas,Jared Inspections,,,,+1 469-964-0156,,"2124 S Cockrell Hill Rd, Dallas, TX 75211, United States",https://www.google.com/maps/place/Jared+Inspections/data=!4m7!3m6!1s0x864e9a905928b979:0xa30186818efb517e!8m2!3d32.7225607!4d-96.8912002!16s%2Fg%2F11c5zr_5yv!19sChIJebkoWZCaToYRflH7joGGAaM,,,,,,,Jared Rios,Vehicle Inspector,https://www.linkedin.com/in/jared-rios-298105162/,,Jared Rios,Jared Rios,https://www.linkedin.com/in/jared-rios-298105162/,frontline_communication,2,The older man here is very rude and disrespectful.  They have lost my business.  I had been going here for years and usually dealt with a younger guy but this time was an older gentlemen and he does not know how to treat customers.  I will not be going back and suggest others find somewhere else to go. Very disappointing.,Horrible service and very rude. After waiting in the drive way for over 15 minutes. With nobody there but me. The man then came and asked for my insurance. Then quickly told me he couldn’t do it. He could have said that in the beginning.,,,1,1,Voice AI + Agentic CRM Outreach,silverthreadlabs.com/services/voice-agents,billing_or_intake_errors;frontline_communication,,,,102,4.8,63,69,,https://www.google.com/maps/place/Jared+Inspections/data=!4m7!3m6!1s0x864e9a905928b979:0xa30186818efb517e!8m2!3d32.7225607!4d-96.8912002!16s%2Fg%2F11c5zr_5yv!19sChIJebkoWZCaToYRflH7joGGAaM?authuser=0&hl=en&rclk=1,,FALSE,,FALSE,,0,FALSE,FALSE,
C,18.31,dallas,FR Tire King,frtireking@gmail.com,frtireking@gmail.com,agent_browser_crawl,+1 214-421-7427,https://www.frtireking.com,"2321 Martin Luther King Jr Blvd, Dallas, TX 75215, United States",https://www.google.com/maps/place/FR+Tire+King/data=!4m7!3m6!1s0x864e98f461d7c3fd:0xf4ae5f423f80cca4!8m2!3d32.7652733!4d-96.7736015!16s%2Fg%2F1tj4z3cv!19sChIJ_cPXYfSYToYRpMyAP0JfrvQ,https://www.facebook.com/frtireking?rdid=edKUIhkqTFIs5RoB,https://www.instagram.com/explore/locations/389018344813071/fr-tire-king/,,,,,,,,,,,,billing_or_intake_errors,2,"They advertise one price on Craigslist, but another once you enter the store (the old bait and switch routine). The ad does not state carry-out price...there is an additional $10 charge for mounting and balancing. I was able to get the …","Horrible customer service, I asked to get the spare tire changed but the guy told me I just needed air to get to the next tire shop 2 minutes away to get my tire changed because they didn't had my tire. I was stranded in the middle of the street with a totally destroy tire.",,,,,Workflow Automation + Systems Integration,silverthreadlabs.com/services/workflow-automation,billing_or_intake_errors;frontline_communication,,ok,,234,4.6,52,60,https://www.frtireking.com/,https://www.google.com/maps/place/FR+Tire+King/data=!4m7!3m6!1s0x864e98f461d7c3fd:0xf4ae5f423f80cca4!8m2!3d32.7652733!4d-96.7736015!16s%2Fg%2F1tj4z3cv!19sChIJ_cPXYfSYToYRpMyAP0JfrvQ?authuser=0&hl=en&rclk=1,,FALSE,,FALSE,,0,FALSE,FALSE,
C,18.25,dallas,Flash Autoglass LLC.,,,,+1 469-923-1614,https://flash-autoglass.com,"2309 W Clarendon Dr, Dallas, TX 75208, United States",https://www.google.com/maps/place/Flash+Autoglass+LLC./data=!4m7!3m6!1s0x864e9f85d4f8f217:0x5989db11ed8f922c!8m2!3d32.7349042!4d-96.8560217!16s%2Fg%2F11fprdk691!19sChIJF_L41IWfToYRLJKP7RHbiVk,,,,,,,,,,,,,,billing_or_intake_errors,2,"I had a very poor experience with Dallas Flash Auto Glass. The company accepted my payment but failed to provide the correct service. The wrong window was ordered and installed, and the job was never properly completed.

Despite repeated attempts to resolve the issue, the company refused to correct the mistake or refund my money. Communication was unprofessional, and accountability was completely lacking. I paid in good faith expecting competent service, but instead was left with an incorrect installation and no resolution.

This experience resulted in wasted time, financial loss, and unnecessary frustration. I would strongly advise others to exercise caution before doing business with this company, especially when it comes to upfront payments and guarantees of workmanship.","I called ahead asking about a specific glass for my vehicle. I was told technicians were on there way back, and to come in one hour. So I did. I arrived at there office... and waited an additional hour patiently... I finally spoke up and ask what was taking so long. The receptionist replied that it turns out there warehouse did not have the glass. In other words they never checked. 🤦‍♂️ Integrity matters...",,,1,1,Workflow Automation + Systems Integration,silverthreadlabs.com/services/workflow-automation,billing_or_intake_errors;frontline_communication,,no_email_found,,413,4.8,6,11,https://flash-autoglass.com/?utm_campaign=gbp,https://www.google.com/maps/place/Flash+Autoglass+LLC./data=!4m7!3m6!1s0x864e9f85d4f8f217:0x5989db11ed8f922c!8m2!3d32.7349042!4d-96.8560217!16s%2Fg%2F11fprdk691!19sChIJF_L41IWfToYRLJKP7RHbiVk?authuser=0&hl=en&rclk=1,,FALSE,,FALSE,,0,FALSE,FALSE,
C,18.22,dallas,Ess Fleet Service,,,,+1 214-821-5052,http://essfleetservice.com,"4020 Main St, Dallas, TX 75226, United States",https://www.google.com/maps/place/Ess+Fleet+Service/data=!4m7!3m6!1s0x864e98bf5f57de59:0x1193d164ae09919e!8m2!3d32.7880298!4d-96.7707909!16s%2Fg%2F1v3lqc3f!19sChIJWd5XX7-YToYRnpEJrmTRkxE,,,,,,,Malek Samadian,Owner / Founder,https://www.linkedin.com/in/maleksamadian,,Malek Samadian,Malek Samadian,https://www.linkedin.com/in/maleksamadian,billing_or_intake_errors,1,"I do not recommend, they do scams they were suppose to do an estimate on an SUV the first paperwork Malek did did not add up to final, this happened during covid, the secretary called to say the new prices, we did not agree, and we wanted …",Your going to get robbed here owner is no mechanic at all and charges fleet company’s for oil changes and doesn’t do the oil change or only changed filter he is a scam all he cares about is taking your money Think about that before going,,,,,Workflow Automation + Systems Integration,silverthreadlabs.com/services/workflow-automation,billing_or_intake_errors,,no_email_found,,47,4.1,14,20,http://essfleetservice.com/,https://www.google.com/maps/place/Ess+Fleet+Service/data=!4m7!3m6!1s0x864e98bf5f57de59:0x1193d164ae09919e!8m2!3d32.7880298!4d-96.7707909!16s%2Fg%2F1v3lqc3f!19sChIJWd5XX7-YToYRnpEJrmTRkxE?authuser=0&hl=en&rclk=1,,FALSE,,FALSE,,0,FALSE,FALSE,
C,18.22,dallas,State Inspections Emissions Testing,info@carspa.net,info@carspa.net,agent_browser_crawl,,https://carspa.net/state-inspection-emissions,"18093 Coit Rd, Dallas, TX 75252, United States",https://www.google.com/maps/place/State+Inspections+Emissions+Testing/data=!4m7!3m6!1s0x864c22178164d8d9:0xedad8e79e2cb25c7!8m2!3d32.9971671!4d-96.7683495!16s%2Fg%2F11f3trtzg_!19sChIJ2dhkgRciTIYRxyXL4nmOre0,https://www.facebook.com/CarSpaCarCare;https://www.facebook.com/carspacarcare,https://www.instagram.com/carspa_inc/,,,https://www.tiktok.com/@carspainc,https://www.youtube.com/@carspa174,Alexander Rangos,"CEO, Car Spa Inc",,,Alexander Rangos;Bruce Bender,Alexander Rangos,,frontline_communication,2,"The most rude nasty person to deal with. I had a coupon from another location. He was clearly unhappy shaking his head  about that. Pushed the coupon and my keys told me to sit that there were a lot of people in front of me. There were 2.
It was the second time I’d had an interaction with this man and never had him do the inspection. I won’t try for a third. Go to Coit Auto Center. They are almost next door, and they charge less without a coupon. They are super nice and get you in immediately.","The person working the front desk on sunday april 28th between 5 and 6 pm and did the inspection on my 2021 silverado was rude and should not be working the front desk or dealing with customers in any manner. They acted like we, i say we …",,,1,,Voice AI + Agentic CRM Outreach,silverthreadlabs.com/services/voice-agents,frontline_communication;service_quality_in_session,,ok,,55,4.4,30,37,https://carspa.net/state-inspection-emissions/,https://www.google.com/maps/place/State+Inspections+Emissions+Testing/data=!4m7!3m6!1s0x864c22178164d8d9:0xedad8e79e2cb25c7!8m2!3d32.9971671!4d-96.7683495!16s%2Fg%2F11f3trtzg_!19sChIJ2dhkgRciTIYRxyXL4nmOre0?authuser=0&hl=en&rclk=1,,FALSE,,FALSE,,0,FALSE,TRUE,malformed
C,18.03,dallas,AutoPartsVille,,,,+1 469-951-6616,,"1510 Stevens St, Dallas, TX 75218, United States",https://www.google.com/maps/place/AutoPartsVille/data=!4m7!3m6!1s0x864e9bb71921b035:0x3410a0c33d47cfa2!8m2!3d32.8355881!4d-96.6901609!16s%2Fg%2F11j0vf2fx9!19sChIJNbAhGbebToYRos9HPcOgEDQ,,,,,,,,,,,,,,billing_or_intake_errors,2,Quotes one price put on hold then drove over a hour for them to change the price claiming that was the price of the throttle body bracket funny your pictures shows the part not the bracket,The absolute worse people to deal with. The woman answering the phone was not only abrasive she was down right rude and condescending. I felt like she specifically went out of her way not to help me when I asked about an item I found on their Ebay store. I would rather pay more and buy a brand new part then deal with someone like this. This woman was on some kind of power trip because she had some position of authority in her little pond.,,,,1,Workflow Automation + Systems Integration,silverthreadlabs.com/services/workflow-automation,billing_or_intake_errors;frontline_communication,,,,102,4.4,13,82,,https://www.google.com/maps/place/AutoPartsVille/data=!4m7!3m6!1s0x864e9bb71921b035:0x3410a0c33d47cfa2!8m2!3d32.8355881!4d-96.6901609!16s%2Fg%2F11j0vf2fx9!19sChIJNbAhGbebToYRos9HPcOgEDQ?authuser=0&hl=en&rclk=1,,FALSE,,FALSE,,0,FALSE,FALSE,
C,17.66,dallas,Park Cities Mobile Detail,info@professionaldetail.com,info@professionaldetail.com,gosom_scraper,+1 469-438-7377,https://professionaldetail.com,"2100 N Stemmons Fwy, Dallas, TX 75207, United States",https://www.google.com/maps/place/Park+Cities+Mobile+Detail/data=!4m7!3m6!1s0x864e9ead2f6edc7d:0xddba81feb8c583d3!8m2!3d32.8041461!4d-96.8268934!16s%2Fg%2F11ckwyrvln!19sChIJfdxuL62eToYR04PFuP6But0,,,,,,,Roderick Mosley,Owner / President,https://www.linkedin.com/in/roderick-mosley-0288a0b/,,Roderick Mosley,Roderick Mosley,https://www.linkedin.com/in/roderick-mosley-0288a0b/,billing_or_intake_errors,2,"Got an interior car detail. Upon arrival, I was told there was “so much dog hair” in my car - I don’t have a dog and I’ve had a dog in my car maybe twice. There was minimal dog hair. Got upcharged $75, despite this not being on the website in the details of an interior car detail. Listed separately where you wouldn’t see it unless specifically looking for it under “a special service”. I tried to talk to the boss who hung up on me mid conversation and did not answer my repeated attempts to call back. Tavoris, the man who cleaned my car, was polite and reasonable. Only complaint is he did not do a complete job of my car - left a film on my windows and did not clean my seats at all, as part of the basic package. My seats were untouched with many prior stains visible. Overall, my car is clean and the parts that he did clean he did a good job. Just didn’t do a complete job and the customer service was pretty terrible from his boss. frustrating that things weren’t done to completeness, especially after a bs $75 upcharge.",,,,3,,Workflow Automation + Systems Integration,silverthreadlabs.com/services/workflow-automation,billing_or_intake_errors;frontline_communication,,ok,,263,4.8,3,10,https://professionaldetail.com/,https://www.google.com/maps/place/Park+Cities+Mobile+Detail/data=!4m7!3m6!1s0x864e9ead2f6edc7d:0xddba81feb8c583d3!8m2!3d32.8041461!4d-96.8268934!16s%2Fg%2F11ckwyrvln!19sChIJfdxuL62eToYR04PFuP6But0?authuser=0&hl=en&rclk=1,,FALSE,,FALSE,,0,FALSE,FALSE,
C,17.42,dallas,Friendly Chevrolet Fleet Service,bheldenbrand@friendlychevy.com,bheldenbrand@friendlychevy.com;bpound@friendlychevy.com;dwalker@friendlychevy.com;jharakal@friendlychevy.com;jscales@friendlychevy.com;kguerra@friendlychevy.com;mperez@friendlychevy.com;mshannon@friendlychevy.com;ppelletier@friendlychevy.com;rtreadway@friendlychevy.com;spelletier@friendlychevy.com;tholy@friendlychevy.com,agent_browser_crawl;agent_browser_crawl;agent_browser_crawl;agent_browser_crawl;agent_browser_crawl;agent_browser_crawl;agent_browser_crawl;agent_browser_crawl;agent_browser_crawl;agent_browser_crawl;agent_browser_crawl;agent_browser_crawl,+1 214-352-1392,https://friendlyfleet.com,"9429 Lakefield Blvd, Dallas, TX 75220, United States",https://www.google.com/maps/place/Friendly+Chevrolet+Fleet+Service/data=!4m7!3m6!1s0x864e9dba10230047:0xcb9664cd0a12a290!8m2!3d32.8578049!4d-96.8632635!16s%2Fg%2F1tzgk12v!19sChIJRwAjELqdToYRkKISCs1klss,https://www.facebook.com/FriendlyGMMediumDuty,https://www.instagram.com/FriendlyGMMediumDuty,,,,,John Harakal,Director of Fleet & Commercial Sales,,,John Harakal;Patrick Johnson;Paul Pelletier,John Harakal,,followup_dropped,2,"This Dealership is not worth the name it represents.  This is my second bad experience with them when it cones to service. I made an appointment for 9:30 am to drop  my car off for a tune up and for them to also look at the transmission and call me back with the quote and no one ever called.  I finally called at 4pm and the operator said sorry ma'am your advisor is already gone for the day. Wow! How professional is this they haven't done anything on my Tahoe since I dropped it off and the sad part I purchased my Tahoe from them. To me they feel like since I'm  a minority I don't matter, I guess the color of your skin speaks volume when it comes to this Dealership. I would never recommend or purchase any product from this dealership again.  The name needs to change from Friendly because there is nothing Friendly about them only when they're trying to sell you a car.  I will be reaching out to the news cast and voicing my opinion and expose these people for tge bad customer service and fraud.","They kept our vehicle for more than 3 months, with very little communication. Every time we did hear back about our step van, it was a different problem than before. I believe that their technician did not know what they were doing, and caused more harm than they fixed. A few months later and I am having trouble with my vehicle again, and since I do not trust this shop I dig into the problem myself only to find: my wiring harness resting on the exhaust manifold, ground bolts not tightened down, brackets laying off to the side, and wires strewn about outside of the protective conduit. If you want good honest work done by a ""certified"" shop, then do not bring it to Friendly Fleet.",,,1,1,Agentic AI Systems (Autonomous Follow-up),silverthreadlabs.com/services/agentic-ai,followup_dropped;frontline_communication,,ok,,47,4.3,4,10,https://friendlyfleet.com/?utm_source=google&utm_medium=organic&utm_campaign=gmbmain,https://www.google.com/maps/place/Friendly+Chevrolet+Fleet+Service/data=!4m7!3m6!1s0x864e9dba10230047:0xcb9664cd0a12a290!8m2!3d32.8578049!4d-96.8632635!16s%2Fg%2F1tzgk12v!19sChIJRwAjELqdToYRkKISCs1klss?authuser=0&hl=en&rclk=1,,FALSE,,FALSE,,0,FALSE,FALSE,
C,16.78,dallas,Car Rental Dallas,,,,,https://carrentaldallas.net,"2808 Laclede St, Dallas, TX 75204, United States",https://www.google.com/maps/place/Car+Rental+Dallas/data=!4m7!3m6!1s0x864e992dbc834eed:0xa0ba256a5a78bd86!8m2!3d32.8005232!4d-96.8023799!16s%2Fg%2F11f63xlsdd!19sChIJ7U6DvC2ZToYRhr14WmoluqA,,,,,,,,,,,,,,billing_or_intake_errors,1,"Angie Rivas' service was excellent. There was a duplicate charge on my reservation, and she promptly cancelled the incorrect one. A great professional. She was very concerned about resolving the problem.","When I purchased the service through this website, it stated that there would be no additional charges at the pickup location, only the deposit, which was clearly stated from the beginning, as were all the insurance policies. However, upon …",,,,,Workflow Automation + Systems Integration,silverthreadlabs.com/services/workflow-automation,billing_or_intake_errors,,no_email_found,,182,4.9,82,90,https://carrentaldallas.net/,https://www.google.com/maps/place/Car+Rental+Dallas/data=!4m7!3m6!1s0x864e992dbc834eed:0xa0ba256a5a78bd86!8m2!3d32.8005232!4d-96.8023799!16s%2Fg%2F11f63xlsdd!19sChIJ7U6DvC2ZToYRhr14WmoluqA?authuser=0&hl=en&rclk=1,,FALSE,,FALSE,,0,FALSE,TRUE,malformed
C,16.56,dallas,Allstate Transmission of Dallas,,,,+1 214-388-2194,https://www.allstatetransmissiondallas.com,"2522 S Buckner Blvd, Dallas, TX 75227, United States",https://www.google.com/maps/place/Allstate+Transmission+of+Dallas/data=!4m7!3m6!1s0x864ea37260285677:0xa4025c410fd38ce3!8m2!3d32.7557894!4d-96.6824674!16s%2Fg%2F1td_y_xk!19sChIJd1YoYHKjToYR44zTD0FcAqQ,https://www.facebook.com/Allstate-Transmission-of-Dallas-130651234272085/,,,,,,Roger Young,Owner (Principal),,,Stephanie Streets;Marvin Randolph;Robert Mills;Candy P.;Nastassja Jackson;Alex Trevino;Edward Fields;LIL RED- CHEYENNE;Chad Eberly;Joe Cardiel;Robert Wilson;Roderick Washington;Dru G;Roger Young;Tim Young,Roger Young,,billing_or_intake_errors,2,Took my car there to get motor fixed they charged me 2000 for a 300 motor that messed up in one month Matt is a conman I wouldn’t let him fix my sons PlayStation,"This place sucks never had such bad experience with mechanic shop don’t ever take your vehicle here, they will install parts that you don’t need like a racing clutch on a old vehicle (not needed) took truck to another shop and the guys laughed at the work they did for $1500 way outrageous for just simple clutch replace and they broke cold air intake housing and Matt the service tech will not man up to it truck was intact when I took it up thr and the old man sitting in chair front desk cussed at me over the phone no kind of manners what’s so ever but then look at the place so PLEASE THINK ABOUT IT BEFORE TOU TAKE YOUR VEHICLE UP TO THIS SHOP!!!!! Just gave me run around on air intake that he did not want to pay $500 for when he broke it truck was making a REALLY bad rattling noise when it came out they said it came in like that with rattling noise nothing to do with skipping clutch lol!!!",,,1,1,Workflow Automation + Systems Integration,silverthreadlabs.com/services/workflow-automation,billing_or_intake_errors;frontline_communication,,no_email_found,,45,4.5,5,29,https://www.allstatetransmissiondallas.com/,https://www.google.com/maps/place/Allstate+Transmission+of+Dallas/data=!4m7!3m6!1s0x864ea37260285677:0xa4025c410fd38ce3!8m2!3d32.7557894!4d-96.6824674!16s%2Fg%2F1td_y_xk!19sChIJd1YoYHKjToYR44zTD0FcAqQ?authuser=0&hl=en&rclk=1,,FALSE,,FALSE,,1,FALSE,FALSE,
C,16.36,dallas,A-1 Rylie Auto Parts,a1rylieauto1@yahoo.com,a1rylieauto1@yahoo.com;darrela1rylie@gmail.com;kevina1rylie@gmail.com;moe@a1rylieautoparts.com,agent_browser_crawl;agent_browser_crawl;agent_browser_crawl;agent_browser_crawl,+1 972-286-0000,http://www.a1rylieautoparts.com,"1115 Ellenwood St, Dallas, TX 75217, United States",https://www.google.com/maps/place/A-1+Rylie+Auto+Parts/data=!4m7!3m6!1s0x864ebb130d043ce9:0x3d0d0342f063bbd3!8m2!3d32.6930716!4d-96.6400678!16s%2Fg%2F1w4vkbml!19sChIJ6TwEDRO7ToYR07tj8EIDDT0,https://www.facebook.com/A1rylieautoparts,,,,,,Moe Massoudi,Owner,,,Moe Massoudi;Shawn Massoudi,Moe Massoudi,,billing_or_intake_errors,1,I bought an over 500 dollar used part and it was not working correctly when I brought it to my mechanic so I had to order a whole other part. I’m trying to return my part and get my money back. They told me store credit when on the back of …,,,,,,Workflow Automation + Systems Integration,silverthreadlabs.com/services/workflow-automation,billing_or_intake_errors,,ok,,611,4.4,76,492,http://www.a1rylieautoparts.com/,https://www.google.com/maps/place/A-1+Rylie+Auto+Parts/data=!4m7!3m6!1s0x864ebb130d043ce9:0x3d0d0342f063bbd3!8m2!3d32.6930716!4d-96.6400678!16s%2Fg%2F1w4vkbml!19sChIJ6TwEDRO7ToYR07tj8EIDDT0?authuser=0&hl=en&rclk=1,,FALSE,,FALSE,,0,FALSE,FALSE,
C,16.26,dallas,A to Z Customs,Salihsilo6@gmail.com,Salihsilo6@gmail.com,gosom_scraper,+1 214-372-0888,,"1909 Ann Arbor Ave, Dallas, TX 75216, United States",https://www.google.com/maps/place/A+to+Z+Customs/data=!4m7!3m6!1s0x864e9775c4cb9e81:0x7232c6ab054dd970!8m2!3d32.6972913!4d-96.7940349!16s%2Fg%2F11bw61plg5!19sChIJgZ7LxHWXToYRcNlNBavGMnI,,,,,,,,,,,,,,frontline_communication,1,"I went to get wheels repaired got a good word from them. Supposedly hood welders.
I tried to give them a shot.

Told them repeatedly not to lay wheels on top of each other.

Instead they dropped my wheel on the face( chrome lips.) and I asked him if this was the final product he said yes. I asked him to grind it down and he walked off to take a phone call never came back.

Never again, highly don’t recommend with quality wheels.",Damn night  cashier sucks always sleep with the door lock wth,,,1,1,Voice AI + Agentic CRM Outreach,silverthreadlabs.com/services/voice-agents,frontline_communication,,,,166,4.5,13,98,,https://www.google.com/maps/place/A+to+Z+Customs/data=!4m7!3m6!1s0x864e9775c4cb9e81:0x7232c6ab054dd970!8m2!3d32.6972913!4d-96.7940349!16s%2Fg%2F11bw61plg5!19sChIJgZ7LxHWXToYRcNlNBavGMnI?authuser=0&hl=en&rclk=1,,FALSE,,FALSE,,0,FALSE,FALSE,
C,16.14,dallas,Park Place BodyWerks,,,,+1 214-443-8250,https://www.parkplacebodywerks.com/body-shop/dallas-collision-center.htm,"6120 Peeler St, Dallas, TX 75235, United States",https://www.google.com/maps/place/Park+Place+BodyWerks/data=!4m7!3m6!1s0x864e9e9ea5008d1b:0xf7596bda2fd822ca!8m2!3d32.8300894!4d-96.831298!16s%2Fg%2F1td2brfz!19sChIJG40ApZ6eToYRyiLYL9prWfc,,,,,,,Brandon Gillespy,Body Shop Manager,https://www.linkedin.com/in/brandon-gillespy-78172a66/,,Brandon Gillespy;Eric McKenzie,Brandon Gillespy,https://www.linkedin.com/in/brandon-gillespy-78172a66/,frontline_communication,1,"The body work done on my car was satisfactory, not great,  but the communications and updates were lacking. I was told that I would receive regular updates via text by my advisor, Andrew. After a week of no communications I called to ensure they had my correct contact information. After my call, I received a text update that I called for status. Over the 30 days, I reached out a total of 3 times to request an update. The last update, I was told by Andrew that my car would be ready for pickup the next day, unless I heard otherwise from him. I didn't hear otherwise, and I knew they closed at 6pm, so I showed up at 5pm the next day as promised. Andrew meets me in the lobby and said they can't release the car to me on the day it was promised.  I was furious at this point.  So I get in my rental car that was overdue to be returned and drove home. The minute I get home, a peer of Andrew's calls to say that I can come pick up my car.","My appointment was scheduled for 3:00 PM, and I arrived early at 2:55. Despite that, I waited about 20 minutes before meeting with the advisor I was assigned to. There was no acknowledgment of the delay and no apology.

When I mentioned the wait, the response was simply that no one had informed him. The tone of the interaction felt dismissive rather than service-oriented.

Additionally, while I was carrying two child car seats, he walked ahead of me and made only a minimal effort to hold the door. It may seem like a small detail, but it reflects the overall lack of attentiveness during the visit.

For a dealership that promotes a premium customer experience, I expected significantly better communication, professionalism, and basic courtesy. Unfortunately, this visit did not meet that standard.",,,3,2,Voice AI + Agentic CRM Outreach,silverthreadlabs.com/services/voice-agents,frontline_communication,,no_email_found,,953,4.6,4,10,https://www.parkplacebodywerks.com/body-shop/dallas-collision-center.htm?,https://www.google.com/maps/place/Park+Place+BodyWerks/data=!4m7!3m6!1s0x864e9e9ea5008d1b:0xf7596bda2fd822ca!8m2!3d32.8300894!4d-96.831298!16s%2Fg%2F1td2brfz!19sChIJG40ApZ6eToYRyiLYL9prWfc?authuser=0&hl=en&rclk=1,,FALSE,,FALSE,,0,FALSE,FALSE,
C,15.83,dallas,Absolute Auto Reconditioning,absolauto@gmail.com,absolauto@gmail.com;info@indiantypefoundry.com,agent_browser_crawl;agent_browser_crawl,+1 972-680-8108,https://autoupholsterydallas.com,"13595 Floyd Cir, Dallas, TX 75243, United States",https://www.google.com/maps/place/Absolute+Auto+Reconditioning/data=!4m7!3m6!1s0x864c1f86656d5b15:0xbd63e69d75a9675f!8m2!3d32.9332144!4d-96.7448491!16s%2Fg%2F1tg9hz65!19sChIJFVttZYYfTIYRX2epdZ3mY70,,,,,,,Gary Gray,Owner / Founder,,,Gary Gray,Gary Gray,,followup_dropped,2,"Would love to have given this place some business. They were recommended by another repair company that couldn't fix my car upholstery. Contacted through the web page and got no response. Called and spoke to a gentleman, whose name escapes me, and he didn't seem real enthused to be on the phone. I asked if I could email a photo of the damage so he could assess the repair to which he affirmed and gave me an email address. That was 2 or so weeks ago. No response. Place may do good repairs but I'll never be able to find out.","Very very unprofessional when answering my call. I wanted to convert my cloth seats to leather and was met with a very dry ""I don't do that."" Then Silence.
How about changing it company name jack *ss!",,,1,1,Agentic AI Systems (Autonomous Follow-up),silverthreadlabs.com/services/agentic-ai,followup_dropped;frontline_communication,,ok,,35,4.6,4,26,https://autoupholsterydallas.com/,https://www.google.com/maps/place/Absolute+Auto+Reconditioning/data=!4m7!3m6!1s0x864c1f86656d5b15:0xbd63e69d75a9675f!8m2!3d32.9332144!4d-96.7448491!16s%2Fg%2F1tg9hz65!19sChIJFVttZYYfTIYRX2epdZ3mY70?authuser=0&hl=en&rclk=1,,FALSE,,FALSE,,0,FALSE,FALSE,
C,15.73,dallas,CDL Distributors,,,,+1 214-337-7500,https://cdldistributorsusedautoparts.com,"210 S Morocco Ave, Dallas, TX 75211, United States",https://www.google.com/maps/place/CDL+Distributors/data=!4m7!3m6!1s0x864e9b19f2813805:0xb6125f4bd1569ed0!8m2!3d32.7445878!4d-96.909418!16s%2Fg%2F11rn5j4_n8!19sChIJBTiB8hmbToYR0J5W0UtfErY,,,,,,,,,,,,,,frontline_communication,1,Not honest with prices.. each one of them give you different price and the guy behind the counter is not professional enough,"The accountant is acting very badly. I buy the parts, not beg.",,,1,1,Voice AI + Agentic CRM Outreach,silverthreadlabs.com/services/voice-agents,frontline_communication,,no_email_found,,60,4.3,19,24,https://cdldistributorsusedautoparts.com/,https://www.google.com/maps/place/CDL+Distributors/data=!4m7!3m6!1s0x864e9b19f2813805:0xb6125f4bd1569ed0!8m2!3d32.7445878!4d-96.909418!16s%2Fg%2F11rn5j4_n8!19sChIJBTiB8hmbToYR0J5W0UtfErY?authuser=0&hl=en&rclk=1,,FALSE,,FALSE,,0,FALSE,FALSE,
C,15.68,dallas,Fusion Vibes Kitchen + Lounge,info@fusionvibes.com,info@fusionvibes.com,agent_browser_crawl,+1 972-543-3888,https://fusionvibes.com,"100 S Central Expy #50, Richardson, TX 75080, United States",https://www.google.com/maps/place/Fusion+Vibes+Kitchen+%2B+Lounge/data=!4m7!3m6!1s0x864c1f7839af938f:0xfc083892f6582ccc!8m2!3d32.949213!4d-96.736444!16s%2Fg%2F11fr52t80_!19sChIJj5OvOXgfTIYRzCxY9pI4CPw,https://www.facebook.com/fusionvibes1,https://www.instagram.com/fusionvibes1/,,,https://www.tiktok.com/@fusionvibes1?_r=1&_t=ZP-96KktHXdnvK,,Will Aiyeojenku,Founder / Owner,https://www.linkedin.com/in/will-aiyeojenku-332b8934/,,Will Aiyeojenku,Will Aiyeojenku,https://www.linkedin.com/in/will-aiyeojenku-332b8934/,frontline_communication,1,"My husband and I were the first guests to arrive for the Valentine’s Day special event. We booked this experience specifically because the event was advertised as including unlimited drinks and a live performance by SWV.

Upon arrival, we were seated in a section designated as VIP. However, we were later informed that at 11:00 PM we would need to vacate our table because SWV would be seated in that section. Shortly after, we were also told that the “unlimited drinks” advertised had now been reduced to only four drinks per person.
Not to mention the ladies restroom was not functional they had plumbers there working on the restroom during a packed audience.

Another couple seated next to us expressed the same concerns. When I questioned the owner about the change, he stated that due to TABC laws they could not offer unlimited drinks. However, this contradicts what was clearly advertised. If there were legal limitations, that should have been communicated upfront rather than changing the terms after guests had already paid and arrived. The advertisement felt misleading, and it was unfair to collect payment under one promise and deliver something entirely different.

The discussion escalated unnecessarily, as the owner began arguing with both myself and another guest regarding the advertisement. Following that exchange, service noticeably declined. Drinks and appetizers took an excessive amount of time to arrive. As more guests arrived, many voiced similar frustrations regarding the misleading promotion.

The entire evening felt chaotic and uncomfortable. Some guests did not receive their food at all and were told the restaurant had run out of salmon, which was listed as a featured entrée. However, approximately 45 minutes later, I personally observed a server delivering a salmon entrée to another table.

Overall, this was not the romantic, organized Valentine’s experience that was advertised or expected. We left feeling extremely disappointed. This is not a venue we would recommend for a special occasion, particularly one as meaningful as Valentine’s Day.",,,,1,,Voice AI + Agentic CRM Outreach,silverthreadlabs.com/services/voice-agents,frontline_communication,,ok,,3121,4.6,5,10,https://fusionvibes.com/,https://www.google.com/maps/place/Fusion+Vibes+Kitchen+%2B+Lounge/data=!4m7!3m6!1s0x864c1f7839af938f:0xfc083892f6582ccc!8m2!3d32.949213!4d-96.736444!16s%2Fg%2F11fr52t80_!19sChIJj5OvOXgfTIYRzCxY9pI4CPw?authuser=0&hl=en&rclk=1,,FALSE,,FALSE,,0,FALSE,FALSE,
C,15.47,dallas,International Body Shop,,,,+1 214-374-6225,,"7525 S Central Expy, Dallas, TX 75216, United States",https://www.google.com/maps/place/International+Body+Shop/data=!4m7!3m6!1s0x864e98027d39e3ed:0x14c6d13a451ca1c4!8m2!3d32.7175894!4d-96.7570435!16s%2Fg%2F1thq13bt!19sChIJ7eM5fQKYToYRxKEcRTrRxhQ,,,,,,,Abraham Lopez,Owner / Principal Contact,,,Abraham Lopez,Abraham Lopez,,followup_dropped,2,Almost 1 year later and my car still isn't completely fixed. My car had to be sent to the Nissan dealership for sensors to be repaired because the body shop did not have the capability to fix them. This should have been disclosed up front.  There were some issues with parts being on back order at the dealership. Abraham told me he would order the parts himself and I haven't heard anything back from him in a few months. I feel like they just gave up after getting payment from insurance. The  communication with Abraham was poor. If I wasn't constantly calling I would not hear from anyone.,,,,2,,Agentic AI Systems (Autonomous Follow-up),silverthreadlabs.com/services/agentic-ai,followup_dropped;frontline_communication,,,,49,4.8,27,34,,https://www.google.com/maps/place/International+Body+Shop/data=!4m7!3m6!1s0x864e98027d39e3ed:0x14c6d13a451ca1c4!8m2!3d32.7175894!4d-96.7570435!16s%2Fg%2F1thq13bt!19sChIJ7eM5fQKYToYRxKEcRTrRxhQ?authuser=0&hl=en&rclk=1,,FALSE,,FALSE,,0,FALSE,FALSE,
C,15.43,dallas,Tin Lizzie Affair,sales@tinlizzieaffair.com,sales@tinlizzieaffair.com,gosom_scraper,+1 972-234-3791,http://www.tinlizzieaffair.com,"13350 Floyd Cir, Dallas, TX 75243, United States",https://www.google.com/maps/place/Tin+Lizzie+Affair/data=!4m7!3m6!1s0x864c1f8879d2f66d:0x1de0fcbc63d241ec!8m2!3d32.9305898!4d-96.7473533!16s%2Fg%2F1tff7_vq!19sChIJbfbSeYgfTIYR7EHSY7z84B0,https://www.facebook.com/tinlizzieaffair,,,,,,Lucinda Howard,Founder / Owner,,,Lucinda Howard;Joel Howard,Lucinda Howard,,frontline_communication,3,"I was very disappointed in the work done on my car by Tin Lizzie.  They installed custom carpet in my 1972 Alfa Romeo GTV, and it ended up costing me a fair amount of money and frustration to fix things they broke.  The worst issue was they screwed a large screw completely through the wiring harness that runs to the rear of the vehicle -- I don't know if they could have hit it more dead center if they tried.  At that point, they should have realized something was wrong because the car no longer ran because the electric fuel pump wire was in that harness.  Even worse, they didn't bother to tell me that the car wasn't running until several weeks later when I arrived to pick the car up!  It's a good thing I had a trailer and didn't plan to drive it home!  I ended up taking the car to an Italian car specialist to diagnose and fix the electrical problems caused by the short circuit and damaged wire, and that really put me behind the 8 ball as I'm trying to get this car finished.  Also, the car was promised to be done three times; the first two times it wasn't ready.  Usually that's not a big deal, but I'm active duty Army and live out of state (and they know this), so I burned up leave unnecessarily because the car wasn't ready when they said it would be, and I had already taken leave.  They also had trouble with seemingly simple tasks, like removing seats and removing a bolt-in rollcage.  The communication was also very limited; in the several months that they had the car, I think they may have called once with an update or a question.  Otherwise, I had to call them every week to find out what was happening.  Sorry for writing a book, but I waited for a few months after getting the car back to write this review and I've calmed down considerably.  I also generally don't leave negative reviews, but I just didn't feel right not giving potential customers some feedback on my experience.  In closing, I will say that Lucinda and Joel are both kind and cordial, their prices are reasonable, and I wish them the best of luck moving forward.  However, I also hope they learned from the mistakes made on my car.  Scott Walters",,,,1,,Voice AI + Agentic CRM Outreach,silverthreadlabs.com/services/voice-agents,deadline_missed;delivery_quality;frontline_communication,,ok,,35,4.7,3,27,http://www.tinlizzieaffair.com/,https://www.google.com/maps/place/Tin+Lizzie+Affair/data=!4m7!3m6!1s0x864c1f8879d2f66d:0x1de0fcbc63d241ec!8m2!3d32.9305898!4d-96.7473533!16s%2Fg%2F1tff7_vq!19sChIJbfbSeYgfTIYR7EHSY7z84B0?authuser=0&hl=en&rclk=1,,FALSE,,FALSE,,0,FALSE,FALSE,
C,15.23,dallas,J R Upholstery Auto & Boat Interiors,,,,+1 214-317-8545,,"4129 Buckner Blvd Suite A, Dallas, TX 75227, United States",https://www.google.com/maps/place/J+R+Upholstery+Auto+%26+Boat+Interiors/data=!4m7!3m6!1s0x864ea398f82e2cdb:0x1478060208c6a488!8m2!3d32.7738921!4d-96.6832325!16s%2Fg%2F11gx_n26qh!19sChIJ2ywu-JijToYRiKTGCAIGeBQ,,,,,,,Robert,Owner / Contact,,,Robert;Jesus,Robert,,booking_friction,2,"Not happy about my last experience, paid for my material to come in weeks earlier. Once material was in had it worked out that car would be done as the 1st car was completed, well 1st car well once was completed I the day before I was to bring second car was told that they didn’t have space for it and I would have to wait a month or so for them to catch up. But this is after I have paid for material. My 1st car was also damaged scratched and dented where the work was being performed but they said I was making it up because we had a difference of opinion on worked performed. But the damage was clearly not there before work was performed. Maid me feel as my $3,000 dollar job didn’t compare to the $5,000 or $8,000 jobs that they took in as I was not spending what other clients were. Why waste time on my lil job when they can make more but I have paid for my materials to be installed NOT GOOD BUSINESS AT ALL",,,,1,,Voice AI Booking + Agentic Self-Service,silverthreadlabs.com/services/voice-agents,booking_friction;frontline_communication,,,,22,4.6,2,13,,https://www.google.com/maps/place/J+R+Upholstery+Auto+%26+Boat+Interiors/data=!4m7!3m6!1s0x864ea398f82e2cdb:0x1478060208c6a488!8m2!3d32.7738921!4d-96.6832325!16s%2Fg%2F11gx_n26qh!19sChIJ2ywu-JijToYRiKTGCAIGeBQ?authuser=0&hl=en&rclk=1,,FALSE,,FALSE,,0,FALSE,FALSE,
C,15.1,dallas,Magic Auto Sales,,,,+1 214-239-8482,http://www.magicautosalestx.com,"2030 S Buckner Blvd, Dallas, TX 75217, United States",https://www.google.com/maps/place/Magic+Auto+Sales/data=!4m7!3m6!1s0x864ea36ba2a1bdd3:0x6aff5270f382a596!8m2!3d32.747732!4d-96.6823157!16s%2Fg%2F1q6jjlmp2!19sChIJ072homujToYRlqWC83BS_2o,,,,,,,Moe Said,Sales / Principal contact,,,Moe Said,Moe Said,,billing_or_intake_errors,1,"Steer clear! All of the vehicles i looked at were rebuilt titles and they are listing them for the cost of a new vehicle. There's open recalls on the vehicles and the prices do not include tax, title, and other fees so you'll be putting …",,,,,,Workflow Automation + Systems Integration,silverthreadlabs.com/services/workflow-automation,billing_or_intake_errors,,no_email_found,,793,4.8,52,60,http://www.magicautosalestx.com/,https://www.google.com/maps/place/Magic+Auto+Sales/data=!4m7!3m6!1s0x864ea36ba2a1bdd3:0x6aff5270f382a596!8m2!3d32.747732!4d-96.6823157!16s%2Fg%2F1q6jjlmp2!19sChIJ072homujToYRlqWC83BS_2o?authuser=0&hl=en&rclk=1,,FALSE,,FALSE,,0,FALSE,FALSE,
D,14.89,dallas,"Xtreme Autoglass Pros, LLC",,,,+1 817-932-0303,https://www.xtremeautoglasspros.com,"2650 Lombardy Ln suite g, Dallas, TX 75220, United States","https://www.google.com/maps/place/Xtreme+Autoglass+Pros,+LLC/data=!4m7!3m6!1s0x864b8b1f0c7900e7:0x542c955d353fb119!8m2!3d32.8659262!4d-96.8867343!16s%2Fg%2F11gsmw22qh!19sChIJ5wB5DB-LS4YRGbE_NV2VLFQ",,,,,,,,,,,,,,calls_unanswered,1,"I hired Xtreme Autoglass Pros to fix a passenger door on my car that was broken into, they were able to get someone out the same day but there were a couple things that didn’t go well. The service was done in my garage and it was a tight squeeze that initially I asked the employee do you need me to move the car and I did to make more room. Once I moved the car he open the door so fast that it hit my garage door wall and left a dent, that even if I painted over it still wouldn’t be fixed because of the dent and the car door was damaged and paint was scratched. This was completely preventable on his end and I would now need to pay hundreds more than what I paid for this service to fix both of these things. On top of this, when the window was replaced I came to check if everything was fine and asked if the window was functioning with the power button and he said yes. He proceeded to turn the car on and it didn’t work when he pushed the button. I would’ve rather he told me he didn’t check if it was working. He eventually fixed that issue within 5 minutes but had I not asked about it, it would’ve been another headache for me to deal with. I reached out to the shop the day of with screenshots and pictures of the incident with no response from them. I also called the next day and left a voice message with no response as well. I tried to handle the situation with the store but their refusal to even communicate about what happened after is appalling. You guys were so quick to pick up my call, respond to my texts when I needed a service so it’s funny to think yall are ghosting after you get the payment. There are dozens of stores in the area who could fix your windows, so please don’t waste your time and energy with this one",,,,1,,Voice AI Agents (Inbound Coverage),silverthreadlabs.com/services/voice-agents,calls_unanswered,,,,315,4.8,3,10,https://www.xtremeautoglasspros.com/,"https://www.google.com/maps/place/Xtreme+Autoglass+Pros,+LLC/data=!4m7!3m6!1s0x864b8b1f0c7900e7:0x542c955d353fb119!8m2!3d32.8659262!4d-96.8867343!16s%2Fg%2F11gsmw22qh!19sChIJ5wB5DB-LS4YRGbE_NV2VLFQ?authuser=0&hl=en&rclk=1",,FALSE,,FALSE,,0,FALSE,FALSE,
D,14.6,dallas,El Triunfo Tire Shop,,,,+1 214-635-8379,,"3503 E Illinois Ave, Dallas, TX 75216, United States",https://www.google.com/maps/place/El+Triunfo+Tire+Shop/data=!4m7!3m6!1s0x864e9747938da815:0x7b2b93883e6a831c!8m2!3d32.7152232!4d-96.7639327!16s%2Fg%2F11fpgbdk40!19sChIJFaiNk0eXToYRHINqPoiTK3s,,,,,,,,,,,,,,service_quality_in_session,2,"Cash and Carry Basis
Language is Gesticulation, except if you are lucky to run into the owner, who rarely is onsite!",They don’t speak English,,,,,Automation Audit,silverthreadlabs.com/audit,frontline_communication;service_quality_in_session,,,,63,4.6,32,39,,https://www.google.com/maps/place/El+Triunfo+Tire+Shop/data=!4m7!3m6!1s0x864e9747938da815:0x7b2b93883e6a831c!8m2!3d32.7152232!4d-96.7639327!16s%2Fg%2F11fpgbdk40!19sChIJFaiNk0eXToYRHINqPoiTK3s?authuser=0&hl=en&rclk=1,,FALSE,,FALSE,,0,FALSE,FALSE,
D,14.41,dallas,Dallas Discount Auto,info@dallascompleteauto.com,info@dallascompleteauto.com,gosom_scraper,+1 682-251-1221,https://www.dallascompleteauto.com,"300 N Lancaster Ave, Dallas, TX 75203, United States",https://www.google.com/maps/place/Dallas+Discount+Auto/data=!4m7!3m6!1s0x864e99da1abb4d45:0xe4cb40091d15399c!8m2!3d32.7515343!4d-96.8138408!16s%2Fg%2F11wfq_cjxn!19sChIJRU27GtqZToYRnDkVHQlAy-Q,,,,,,,,,,,,,,frontline_communication,1,"Bunch of shady people. My partner came in to get her car fixed, took them 2 weeks to work on it, they ended up making it worse (they messed up the turbo while working on the belt), and when my partner asked for a refund, they were hesitant with her and were going back and forth with her.

And on another note, when my partner confronted them about the car still not functioning properly, they were condescending and acting like it was actually functioning. How can the driver of their own car say that something’s not working right and you dismiss them saying that it is?

Ended up wasting a thousand dollars for a worse car. If you had a great experience, lucky you. They decided to be decent people when you came around. We fortunately would not be seeing this place again.",If I could give you zero stars I would rude and I got talked to like I'm slow I don't appreciate it one bit idk how you are still open,,,1,,Voice AI + Agentic CRM Outreach,silverthreadlabs.com/services/voice-agents,frontline_communication,,,,40,4.5,28,35,https://www.dallascompleteauto.com/,https://www.google.com/maps/place/Dallas+Discount+Auto/data=!4m7!3m6!1s0x864e99da1abb4d45:0xe4cb40091d15399c!8m2!3d32.7515343!4d-96.8138408!16s%2Fg%2F11wfq_cjxn!19sChIJRU27GtqZToYRnDkVHQlAy-Q?authuser=0&hl=en&rclk=1,,FALSE,,FALSE,,0,FALSE,FALSE,
D,14.4,dallas,GD Star Auto Salvage LLC,,,,+1 214-434-2671,,"14828 Kleberg Rd, Dallas, TX 75253, United States",https://www.google.com/maps/place/GD+Star+Auto+Salvage+LLC/data=!4m7!3m6!1s0x864ebb626d3f58d1:0x80756073621b0625!8m2!3d32.6620458!4d-96.5999688!16s%2Fg%2F11g232sp2f!19sChIJ0Vg_bWK7ToYRJQYbYnNgdYA,,,,,,,,,,,,,,followup_dropped,1,Beware!! They sell broken or bent parts. Bought an axle came home and saw it was bent on the control arm housing. I told about it and needed for exchange but never replied me.,,,,1,,Agentic AI Systems (Autonomous Follow-up),silverthreadlabs.com/services/agentic-ai,followup_dropped,,,,54,4.1,6,26,,https://www.google.com/maps/place/GD+Star+Auto+Salvage+LLC/data=!4m7!3m6!1s0x864ebb626d3f58d1:0x80756073621b0625!8m2!3d32.6620458!4d-96.5999688!16s%2Fg%2F11g232sp2f!19sChIJ0Vg_bWK7ToYRJQYbYnNgdYA?authuser=0&hl=en&rclk=1,,FALSE,,FALSE,,0,FALSE,FALSE,
D,14.15,dallas,Zaragoza's Body Shop,,,,+1 214-948-8182,,"101 N Marsalis Ave, Dallas, TX 75203, United States",https://www.google.com/maps/place/Zaragoza%27s+Body+Shop/data=!4m7!3m6!1s0x864e999836e75269:0x1ba9d18ecf344b4f!8m2!3d32.7483962!4d-96.8160188!16s%2Fg%2F1td1q8wy!19sChIJaVLnNpiZToYRT0s0z47RqRs,,,,,,,,,,,,,,calls_unanswered,1,I got a new bumper and had it painted a while ago. Within 2 months the paint was peeling. I tried calling them but they ignored my calls and refused to call me back. I had paid for it through my insurance so I tried to go through them but …,,,,,,Voice AI Agents (Inbound Coverage),silverthreadlabs.com/services/voice-agents,calls_unanswered,,,,71,4.5,12,20,,https://www.google.com/maps/place/Zaragoza%27s+Body+Shop/data=!4m7!3m6!1s0x864e999836e75269:0x1ba9d18ecf344b4f!8m2!3d32.7483962!4d-96.8160188!16s%2Fg%2F1td1q8wy!19sChIJaVLnNpiZToYRT0s0z47RqRs?authuser=0&hl=en&rclk=1,,FALSE,,FALSE,,0,FALSE,FALSE,
D,13.97,dallas,Traditional Autos,,,,+1 972-272-7300,http://www.traditionalautos.com,"10740 Forest Ln, Dallas, TX 75243, United States",https://www.google.com/maps/place/Traditional+Autos/data=!4m7!3m6!1s0x864c1e251650e39b:0x8b2b60e45df79f24!8m2!3d32.908556!4d-96.699234!16s%2Fg%2F11b77b4lc3!19sChIJm-NQFiUeTIYRJJ_3XeRgK4s,,,,,,,,,,,,,,frontline_communication,1,Bought a car from this place and transmission started going out they said it had warranty  and they stalled on getting it in to be fixed until after warranty expired and car is pretty much dead in my driveway and the owner was rude and …,,,,,,Voice AI + Agentic CRM Outreach,silverthreadlabs.com/services/voice-agents,frontline_communication,,,,835,4.6,34,40,http://www.traditionalautos.com/,https://www.google.com/maps/place/Traditional+Autos/data=!4m7!3m6!1s0x864c1e251650e39b:0x8b2b60e45df79f24!8m2!3d32.908556!4d-96.699234!16s%2Fg%2F11b77b4lc3!19sChIJm-NQFiUeTIYRJJ_3XeRgK4s?authuser=0&hl=en&rclk=1,,FALSE,,FALSE,,0,FALSE,FALSE,
D,13.91,dallas,Two Brothers Transmission,,,,+1 214-943-0004,,"2959 S Westmoreland Rd suite B, Dallas, TX 75233, United States",https://www.google.com/maps/place/Two+Brothers+Transmission/data=!4m7!3m6!1s0x864e9a7f11fb8a55:0xbbc6dc453de47b57!8m2!3d32.712206!4d-96.874619!16s%2Fg%2F1tptr05_!19sChIJVYr7EX-aToYRV3vkPUXcxrs,,,,,,,,,,,,,,frontline_communication,1,Didn’t wanna deal with me cause I told him wanted the cheapest option I’m willing to pay. But wouldn’t even give me a price told me he couldn’t help. Seems to be he just wants to screw people,"I went in and asked for a transmission fluid change. The attendant gave me his expert opinion as to why ,I should not have it done.

I got this strange feeling he was being dismissive of my service request by telling me all the the things that could go wrong and why I should leave it alone. The only reason I went there is because of the reviews they got.
At the very least, he could have checked the fluid and confirmed  mileage just as a preventative measure.
Sometimes you have to read in between the lines and just take your business elsewhere, if you feel your not getting the services  you request or need.
I made an appointment with another transmission service, we will see how that goes. Two Brothers did not provide the service I requested.",,,1,3,Voice AI + Agentic CRM Outreach,silverthreadlabs.com/services/voice-agents,frontline_communication,,,,319,4.8,15,249,,https://www.google.com/maps/place/Two+Brothers+Transmission/data=!4m7!3m6!1s0x864e9a7f11fb8a55:0xbbc6dc453de47b57!8m2!3d32.712206!4d-96.874619!16s%2Fg%2F1tptr05_!19sChIJVYr7EX-aToYRV3vkPUXcxrs?authuser=0&hl=en&rclk=1,,FALSE,,FALSE,,0,FALSE,FALSE,
D,13.83,dallas,Lovefield Auto Repair,,,,+1 214-638-7660,,"2444 Inwood Rd Ste A, Dallas, TX 75235, United States",https://www.google.com/maps/place/Lovefield+Auto+Repair/data=!4m7!3m6!1s0x864e9c1e3f7eb355:0x4ae8bb644db7741d!8m2!3d32.8207799!4d-96.8364039!16s%2Fg%2F1tj9trbx!19sChIJVbN-Px6cToYRHXS3TWS76Eo,,,,,,,,,,,,,,frontline_communication,1,Called on a Monday to see if they did state inspections. They do!! The guy on the phone told me they closed at 6pm. I left work early and showed up at 530. The female associate getting into her car told me they were closed and that “we” …,,,,,,Voice AI + Agentic CRM Outreach,silverthreadlabs.com/services/voice-agents,frontline_communication,,,,220,4.2,15,20,,https://www.google.com/maps/place/Lovefield+Auto+Repair/data=!4m7!3m6!1s0x864e9c1e3f7eb355:0x4ae8bb644db7741d!8m2!3d32.8207799!4d-96.8364039!16s%2Fg%2F1tj9trbx!19sChIJVbN-Px6cToYRHXS3TWS76Eo?authuser=0&hl=en&rclk=1,,FALSE,,FALSE,,0,FALSE,FALSE,
D,13.75,dallas,5 STARS AUTO SALES,,,,+1 972-803-1099,http://5starsautosale.com,"3013 S Westmoreland Rd, Dallas, TX 75233, United States",https://www.google.com/maps/place/5+STARS+AUTO+SALES/data=!4m7!3m6!1s0x864e85fe7d804459:0x23790de3237176b!8m2!3d32.7104851!4d-96.8745774!16s%2Fg%2F11gdh0q8y9!19sChIJWUSAff6FToYRaxc3Mt6QNwI,,,,,,,,,,,,,,frontline_communication,1,"DO NOT BUY FROM HERE. I bought a 2015 Hyundai Sonata in Feb 2026, and it didn't even last a month. By March, I was getting two oil changes in 30 days because of a major leak. When the engine light started flashing, the codes for the camshaft and knock sensor showed up as ‘stored,’ meaning the dealership likely cleared the lights to hide the issues from me. I paid to replace the knock sensor myself, but the engine light stayed on and the engine is now failing. When I went back for help, the salesman was basically telling my boyfriend that they already had our money and since it was ‘as-is,’ they didn't care. He tried to send us to a mechanic next door who just happened to be ‘leaving’ the second we pulled up. They had a Carfax in the window, but after doing my own digging, things are not adding up. They clearly patched up a dying engine with a temporary fix just to get it off the lot. Absolutely ridiculous and dishonest business. BTW Hyundai stated my engine is failing tremendously. I’m fine with the car being as is but when things are not adding up and things that are major that are happening too soon I’m already knowing something ain’t right like getting the tires rotated or getting the tires changed or getting a tuneup that’s understandable but the engine failing and two codes that has something to do with the engine is very weird. Lesson learn",,,,1,,Voice AI + Agentic CRM Outreach,silverthreadlabs.com/services/voice-agents,frontline_communication,,,,519,4.5,6,11,http://5starsautosale.com/,https://www.google.com/maps/place/5+STARS+AUTO+SALES/data=!4m7!3m6!1s0x864e85fe7d804459:0x23790de3237176b!8m2!3d32.7104851!4d-96.8745774!16s%2Fg%2F11gdh0q8y9!19sChIJWUSAff6FToYRaxc3Mt6QNwI?authuser=0&hl=en&rclk=1,,FALSE,,FALSE,,0,FALSE,FALSE,
D,13.74,dallas,"Fleet Services by Cox Automotive, Dallas",,,,+1 940-205-3061,https://www.coxautoinc.com/fleet-services,"2202 Manana Dr Suite 206, Dallas, TX 75220, United States","https://www.google.com/maps/place/Fleet+Services+by+Cox+Automotive,+Dallas/data=!4m7!3m6!1s0x864e9dda15bf4f55:0x5d4112e1393f9b85!8m2!3d32.8732719!4d-96.9065093!16s%2Fg%2F11h91frgsc!19sChIJVU-_FdqdToYRhZs_OeESQV0",,,,,,,,,,,,,,,0,,,,,,,,,,,,,7,2.1,6,6,https://www.coxautoinc.com/fleet-services/,"https://www.google.com/maps/place/Fleet+Services+by+Cox+Automotive,+Dallas/data=!4m7!3m6!1s0x864e9dda15bf4f55:0x5d4112e1393f9b85!8m2!3d32.8732719!4d-96.9065093!16s%2Fg%2F11h91frgsc!19sChIJVU-_FdqdToYRhZs_OeESQV0?authuser=0&hl=en&rclk=1",,FALSE,,FALSE,,0,FALSE,TRUE,metro_mismatch
D,13.53,dallas,Bachman Lake Automotive,,,,+1 214-358-7171,,"3529 W Northwest Hwy, Dallas, TX 75220, United States",https://www.google.com/maps/place/Bachman+Lake+Automotive/data=!4m7!3m6!1s0x864e9db98fe38365:0xae1efd44e23066c!8m2!3d32.8591117!4d-96.8611318!16s%2Fg%2F1tsr3mbd!19sChIJZYPjj7mdToYRbAYjTtTv4Qo,,,,,,,,,,,,,,billing_or_intake_errors,1,"I will never go back here again. I got an oil change there recently, and they charged me full price. Then told me that they were unable to get the filter out, so they didn't change that as we discussed.  The filter was included in the price …",,,,,,Workflow Automation + Systems Integration,silverthreadlabs.com/services/workflow-automation,billing_or_intake_errors,,,,175,4.7,62,70,,https://www.google.com/maps/place/Bachman+Lake+Automotive/data=!4m7!3m6!1s0x864e9db98fe38365:0xae1efd44e23066c!8m2!3d32.8591117!4d-96.8611318!16s%2Fg%2F1tsr3mbd!19sChIJZYPjj7mdToYRbAYjTtTv4Qo?authuser=0&hl=en&rclk=1,,FALSE,,FALSE,,0,FALSE,FALSE,
D,13.36,dallas,Harvey's Collision Centers,,,,+1 214-526-1363,http://www.harveyspaintandbody.com,"4310 Maple Ave, Dallas, TX 75219, United States",https://www.google.com/maps/place/Harvey%27s+Collision+Centers/data=!4m7!3m6!1s0x864e9eb1563bfedf:0xa9969aa243fd54!8m2!3d32.8092608!4d-96.8196722!16s%2Fg%2F1tg5cj45!19sChIJ3_47VrGeToYRVP1DopqWqQA,,,,,,,,,,,,,,frontline_communication,1,"I brought my Lexus to Harvey’s (Maple location) for a bumper repair. When I got the car back, the paint was not blended on the left fender and the repair wasn’t molded correctly. There was also visible debris in the paint. Staff acknowledged it should have been caught, and I offered to pay for a new fender if needed.

They attempted to fix it, but the car was returned with additional issues, including a chipped fender, misaligned bumper, smudged door handle, and a chip on the hood down to the primer. Communication throughout the process was inconsistent, and I often had to follow up for updates.

Later, I worked with another location where communication initially improved and additional repairs were attempted. However, the paint still did not match, and plans that were discussed to correct the color mismatch were ultimately changed without explanation. The final solution offered did not resolve the issue, and I was told to pick up the vehicle.

In the end, the car was left in worse condition than when I originally brought it in. While the experience started positively, follow-through and consistency declined, and commitments that were discussed were not honored. Based on my experience, I would not return.",,,,1,,Voice AI + Agentic CRM Outreach,silverthreadlabs.com/services/voice-agents,frontline_communication,,,,1316,4.9,4,10,http://www.harveyspaintandbody.com/,https://www.google.com/maps/place/Harvey%27s+Collision+Centers/data=!4m7!3m6!1s0x864e9eb1563bfedf:0xa9969aa243fd54!8m2!3d32.8092608!4d-96.8196722!16s%2Fg%2F1tg5cj45!19sChIJ3_47VrGeToYRVP1DopqWqQA?authuser=0&hl=en&rclk=1,,FALSE,,FALSE,,0,FALSE,FALSE,
D,13.23,dallas,ST. AUGUSTINE INSPECTION,,,,+1 214-454-7979,,"9531 C F Hawn Fwy, Dallas, TX 75217, United States",https://www.google.com/maps/place/ST.+AUGUSTINE+INSPECTION/data=!4m7!3m6!1s0x864ebb5dc45b0aab:0x2213515af373090a!8m2!3d32.7013518!4d-96.6576732!16s%2Fg%2F1td_c2jl!19sChIJqwpbxF27ToYRCglz81pREyI,,,,,,,,,,,,,,billing_or_intake_errors,1,Their lying about inspection and upcharging while its suppose to be 20,,,,,,Workflow Automation + Systems Integration,silverthreadlabs.com/services/workflow-automation,billing_or_intake_errors,,,,257,4.9,74,82,,https://www.google.com/maps/place/ST.+AUGUSTINE+INSPECTION/data=!4m7!3m6!1s0x864ebb5dc45b0aab:0x2213515af373090a!8m2!3d32.7013518!4d-96.6576732!16s%2Fg%2F1td_c2jl!19sChIJqwpbxF27ToYRCglz81pREyI?authuser=0&hl=en&rclk=1,,FALSE,,FALSE,,0,FALSE,FALSE,
D,13.16,dallas,My Safe Auto Glass Repair & Replacement Dallas,,,,+1 972-366-5054,http://autoglassrepairtx.com,,https://www.google.com/maps/place/My+Safe+Auto+Glass+Repair+%26+Replacement+Dallas/data=!4m7!3m6!1s0x864e9ecb48b8e78d:0x28925ed02eef3ba6!8m2!3d32.7674526!4d-96.7777775!16s%2Fg%2F11c557rj18!19sChIJjee4SMueToYRpjvvLtBekig,,,,,,,,,,,,,,billing_or_intake_errors,1,Glass repair was good and done same day.  But watch out when paying with a credit card as they charged me a 4% fee without notifying me upfront. That is unethical and against regulations for merchants.,,,,,,Workflow Automation + Systems Integration,silverthreadlabs.com/services/workflow-automation,billing_or_intake_errors,,,,243,4.9,62,70,http://autoglassrepairtx.com/,https://www.google.com/maps/place/My+Safe+Auto+Glass+Repair+%26+Replacement+Dallas/data=!4m7!3m6!1s0x864e9ecb48b8e78d:0x28925ed02eef3ba6!8m2!3d32.7674526!4d-96.7777775!16s%2Fg%2F11c557rj18!19sChIJjee4SMueToYRpjvvLtBekig?authuser=0&hl=en&rclk=1,,FALSE,,FALSE,,0,FALSE,FALSE,
D,13.09,dallas,G&G Auto Upholstery,,,,+1 214-949-7804,http://www.ggautoupholstery.com,"13510 Vargon St, Dallas, TX 75243, United States",https://www.google.com/maps/place/G%26G+Auto+Upholstery/data=!4m7!3m6!1s0x864c1f8626b2fad1:0xd61fe9856e34e30f!8m2!3d32.9310858!4d-96.7457273!16s%2Fg%2F11c30vzr7k!19sChIJ0fqyJoYfTIYRD-M0boXpH9Y,,,,,,,,,,,,,,billing_or_intake_errors,2,"Horrible Experience. We have other great guys that charge a flat fee of 80 per car/truck/suv. Johnny came by to advertise G&G on Wednesday, letting us know it was $65. We thought what the heck, let's try them and see. We called them last Thursday and now they said it was $80, that the sixty five was only for 15 cars and up, that we needed to give em more volume?! We figured no problem since that's what we pay anyway. On Friday morning,  February 3, 2017 they got 2 SUV's from us. They said they will drop em off on Saturday morning. Saturday went by and no drop off, we call and he said it was to dirty will probably be done by Monday now. On monday, one of the units was delivered the other was delivered barely today!! and on top of it, we were charged $108.00 per unit. Not satisfied with overall customer service nor the deceitfulness of prices. Be aware of this establishment.",,,,1,,Workflow Automation + Systems Integration,silverthreadlabs.com/services/workflow-automation,billing_or_intake_errors;deadline_missed,,,,17,4.8,1,16,http://www.ggautoupholstery.com/,https://www.google.com/maps/place/G%26G+Auto+Upholstery/data=!4m7!3m6!1s0x864c1f8626b2fad1:0xd61fe9856e34e30f!8m2!3d32.9310858!4d-96.7457273!16s%2Fg%2F11c30vzr7k!19sChIJ0fqyJoYfTIYRD-M0boXpH9Y?authuser=0&hl=en&rclk=1,,FALSE,,FALSE,,0,FALSE,FALSE,
D,13.04,dallas,Highlands Auto Center,,,,+1 972-233-8882,https://www.highlandsautocenterdallas.com,"10524 E NW Hwy, Dallas, TX 75238, United States",https://www.google.com/maps/place/Highlands+Auto+Center/data=!4m7!3m6!1s0x864ea19449319331:0x26a6a2bee5f6b8a8!8m2!3d32.8639759!4d-96.7026214!16s%2Fg%2F11jgd281j6!19sChIJMZMxSZShToYRqLj25b6ipiY,,,,,,,,,,,,,,frontline_communication,1,"I brought my car in for a tune up. Upon picking up my vehicle I noticed my computer (dashboard) had been reset - which is common since batteries are generally disconnected during the service. I later noticed the power windows on both the front driver and passenger side were malfunctioning (short choppy movements). Eventually the driver side resolved but the passenger side did not. I had just spent over $700 in service. Their initial quote for repair was $400. After I voiced my frustration, they then offered to cover the cost but would need to confirm with the mechanic (I have no idea why the business owner and mechanics operate independently). After a few hours of no communication I called and they walked back their offer and said they would split the cost. I declined since the damaged happened on their watch. They initially denied having removed the battery and further stated their work would have no impact on the power windows - basic research determines this to be false.

There should be never be a scenario where a vehicle returns from a mechanic in lesser shape than what was delivered. Couple that with the poor response from the proprietor once this issue was brought to their attention and you have an experience that does not warrant a return visit. I had been going to Highlands Auto Center for years but the most recent visit forced me to conclude my dealings with them.

Side note: I looked back at these positive reviews and am now calling into question their authenticity. Truly ask yourself if people leave reviews like this when it comes to auto work.",,,,1,,Voice AI + Agentic CRM Outreach,silverthreadlabs.com/services/voice-agents,frontline_communication,,,,223,4.4,3,10,https://www.highlandsautocenterdallas.com/,https://www.google.com/maps/place/Highlands+Auto+Center/data=!4m7!3m6!1s0x864ea19449319331:0x26a6a2bee5f6b8a8!8m2!3d32.8639759!4d-96.7026214!16s%2Fg%2F11jgd281j6!19sChIJMZMxSZShToYRqLj25b6ipiY?authuser=0&hl=en&rclk=1,,FALSE,,FALSE,,7,FALSE,FALSE,
D,13.0,dallas,Ames Collision Center,,,,+1 972-247-6416,https://amescollisioncenter.com,"1912 W Mockingbird Ln, Dallas, TX 75235, United States",https://www.google.com/maps/place/Ames+Collision+Center/data=!4m7!3m6!1s0x864e9c40e38059bf:0x7b5518ee91e0b71b!8m2!3d32.8216548!4d-96.851756!16s%2Fg%2F1tcy99k3!19sChIJv1mA40CcToYRG7fgke4YVXs,,,,,,,,,,,,,,billing_or_intake_errors,1,"Unfortunately, I had a rather poor experience here. I was encouraged by the reviews but I brought my Tesla in for repair and received an estimate. I accepted the estimate but after taking my car in I got a call 4 days later when they finally got to it and said the estimate was now revised almost $1,000 more. They missed a straightforward aspect of the repair and so it felt a bit like a bait and switch. No consideration for my wasted time for the Ubers to go to and from the shop.

I decided to go with a different repair shop and given how long the car sat I asked for even a small charge to get it to the next location in my text wasn't even answered. Pretty spiteful. I would not recommend this facility. A shame. The previous reviews seemed good but I was treated pretty badly.",,,,1,,Workflow Automation + Systems Integration,silverthreadlabs.com/services/workflow-automation,billing_or_intake_errors,,,,158,4.8,3,10,https://amescollisioncenter.com/,https://www.google.com/maps/place/Ames+Collision+Center/data=!4m7!3m6!1s0x864e9c40e38059bf:0x7b5518ee91e0b71b!8m2!3d32.8216548!4d-96.851756!16s%2Fg%2F1tcy99k3!19sChIJv1mA40CcToYRG7fgke4YVXs?authuser=0&hl=en&rclk=1,,FALSE,,FALSE,,0,FALSE,FALSE,
D,12.92,dallas,Summit Racing Equipment,,,,+1 682-375-2700,http://www.summitracing.com,"2200 E Interstate 20, Arlington, TX 76018, United States",https://www.google.com/maps/place/Summit+Racing+Equipment/data=!4m7!3m6!1s0x864e8841a92e937f:0x8277f4fb8bd5da97!8m2!3d32.676396!4d-97.071206!16s%2Fg%2F11g8_30wx6!19sChIJf5MuqUGIToYRl9rVi_v0d4I,,,,,,,,,,,,,,,0,,,,,,,,,,,,,5938,4.5,353,1000,http://www.summitracing.com/,https://www.google.com/maps/place/Summit+Racing+Equipment/data=!4m7!3m6!1s0x864e8841a92e937f:0x8277f4fb8bd5da97!8m2!3d32.676396!4d-97.071206!16s%2Fg%2F11g8_30wx6!19sChIJf5MuqUGIToYRl9rVi_v0d4I?authuser=0&hl=en&rclk=1,,FALSE,,FALSE,,0,FALSE,FALSE,
D,12.92,dallas,Dallas Super Sound,contact@dallassupersound.com,contact@dallassupersound.com,gosom_scraper,+1 214-372-4700,https://dallassupersound.com,"4515 Village Fair Dr a24, Dallas, TX 75224, United States",https://www.google.com/maps/place/Dallas+Super+Sound/data=!4m7!3m6!1s0x864e97eaca2d909d:0x6b7c928c1e70f7f0!8m2!3d32.692719!4d-96.8289029!16s%2Fg%2F11xfkr73bv!19sChIJnZAtyuqXToYR8PdwHoySfGs,,,,,,,,,,,,,,billing_or_intake_errors,1,"do not come here they installed subs and put my car back together incorrectly which caused wiring problems left me stranded for 6 hours due to there negligence, they swore over the phone to refund me but when i showed up they only gave me half of what i paid. I had to buy brand new parts for my car and they didn’t reimburse me for the parts they damaged.",,,,1,,Workflow Automation + Systems Integration,silverthreadlabs.com/services/workflow-automation,billing_or_intake_errors,,,,202,5,3,178,https://dallassupersound.com/,https://www.google.com/maps/place/Dallas+Super+Sound/data=!4m7!3m6!1s0x864e97eaca2d909d:0x6b7c928c1e70f7f0!8m2!3d32.692719!4d-96.8289029!16s%2Fg%2F11xfkr73bv!19sChIJnZAtyuqXToYR8PdwHoySfGs?authuser=0&hl=en&rclk=1,,FALSE,,FALSE,,0,FALSE,FALSE,
D,12.91,dallas,214 Wheels & Tires,,,,+1 214-675-0282,,"205 S Buckner Blvd, Dallas, TX 75217, United States",https://www.google.com/maps/place/214+Wheels+%26+Tires/data=!4m7!3m6!1s0x864ebcb675bd42f5:0xdeda092ee40c9ab8!8m2!3d32.715031!4d-96.6834702!16s%2Fg%2F11cn768g89!19sChIJ9UK9dba8ToYRuJoM5C4J2t4,,,,,,,,,,,,,,frontline_communication,1,The owner Amed was so freaking rude over the phone that I had to change the rating. Fernando was extremely helpful and courteous. He was very informative and I appreciate his great customer service and honesty.Moe is very professional and very knowledgeable. But I will never return here for any business 👎🏽👎🏽👎🏽👎🏽👎🏽👎🏽👎🏽👎🏽. Gotta get better customer service Owner Amed😡😡😡,,,,1,,Voice AI + Agentic CRM Outreach,silverthreadlabs.com/services/voice-agents,frontline_communication,,,,372,4.6,3,10,,https://www.google.com/maps/place/214+Wheels+%26+Tires/data=!4m7!3m6!1s0x864ebcb675bd42f5:0xdeda092ee40c9ab8!8m2!3d32.715031!4d-96.6834702!16s%2Fg%2F11cn768g89!19sChIJ9UK9dba8ToYRuJoM5C4J2t4?authuser=0&hl=en&rclk=1,,FALSE,,FALSE,,0,FALSE,FALSE,
D,12.73,dallas,Select City Cars,sales@selectcitycars.com,sales@selectcitycars.com,gosom_scraper,+1 469-569-1405,http://selectcitycars.com,"10650 Control Pl, Dallas, TX 75238, United States",https://www.google.com/maps/place/Select+City+Cars/data=!4m7!3m6!1s0x864c1e2d7fd2a661:0x7a908e4dc097f905!8m2!3d32.8978329!4d-96.7012553!16s%2Fg%2F1pp2txjf1!19sChIJYabSfy0eTIYRBfmXwE2OkHo,,,,,,,,,,,,,,frontline_communication,1,Terrible service. Dude just called and  said hey….as if I’m supposed to know who  or what that is. The least he could do is say where he’s calling from and learn better customer service. How you agitated from doing your job? Ugh people literally have no type of sense whatsoever. Would not recommend unless you want minimal attention.,,,,,,Voice AI + Agentic CRM Outreach,silverthreadlabs.com/services/voice-agents,frontline_communication,,,,598,4.8,12,20,http://selectcitycars.com/,https://www.google.com/maps/place/Select+City+Cars/data=!4m7!3m6!1s0x864c1e2d7fd2a661:0x7a908e4dc097f905!8m2!3d32.8978329!4d-96.7012553!16s%2Fg%2F1pp2txjf1!19sChIJYabSfy0eTIYRBfmXwE2OkHo?authuser=0&hl=en&rclk=1,,FALSE,,FALSE,,0,FALSE,FALSE,
D,12.56,dallas,BIG MOE TIRES AND WHEELS,,,,+1 469-399-7625,,"3922 Buckner Blvd, Dallas, TX 75227, United States",https://www.google.com/maps/place/BIG+MOE+TIRES+AND+WHEELS/data=!4m7!3m6!1s0x864ea398d647a297:0x9917a93578242425!8m2!3d32.7720411!4d-96.682417!16s%2Fg%2F1td6gx92!19sChIJl6JH1pijToYRJSQkeDWpF5k,,,,,,,,,,,,,,frontline_communication,1,"This place has horrible customer service, I have came to this tire shop on two different occasions being that I stay around the corner from this place and it’s convenient. However NO ONE comes to ask me do I need help or NOTHING. And both …",,,,,,Voice AI + Agentic CRM Outreach,silverthreadlabs.com/services/voice-agents,frontline_communication,,,,154,4.4,64,70,,https://www.google.com/maps/place/BIG+MOE+TIRES+AND+WHEELS/data=!4m7!3m6!1s0x864ea398d647a297:0x9917a93578242425!8m2!3d32.7720411!4d-96.682417!16s%2Fg%2F1td6gx92!19sChIJl6JH1pijToYRJSQkeDWpF5k?authuser=0&hl=en&rclk=1,,FALSE,,FALSE,,0,FALSE,FALSE,
D,12.49,dallas,El Camino Transmissions,,,,+1 214-444-6892,https://elcaminotransmissionstx.hibuwebsites.com,"259 W Comstock St, Dallas, TX 75208, United States",https://www.google.com/maps/place/El+Camino+Transmissions/data=!4m7!3m6!1s0x864e996524080f0f:0xa9d2827eecd79d70!8m2!3d32.7702835!4d-96.8267203!16s%2Fg%2F1tfzblmh!19sChIJDw8IJGWZToYRcJ3X7H6C0qk,,,,,,,,,,,,,,frontline_communication,1,"Do not take your car here!

They still have my car after 3 months!!!

For a clutch/flywheel replacement

Save yourself from the many excuses and dodged calls.","Bad experience, I fixed a transmission and they supposedly gave me a new clutch and after 6 months it was ruined... they gave me a poor quality clutch.

I called and they were angry just because of the complaint... I decided to change the clutch at a prestigious dealer...

The truth is that I am very upset with approximately $6,000 thrown away in the trash.

I didn't want to return for the warranty because I know it's a waste of time and they weren't going to respond to me.

Mala experiencia, arregle una transmisión y el clutch supuestamente me lo pusieron nuevo y a los 6 meses se me arruino... me pusieron un clutch de mala calidad.

Llame y estaban enojados solo por el reclamo... mejor decidí cambiar el clutch en un dealer de prestigio...

La verdad estoy muy diseccionado con aproximadamente $6,000 tirados a la basura.

No quice regresar por la garantía por que se que es una pérdida de tiempo y no me iban a responder.",,,1,1,Voice AI + Agentic CRM Outreach,silverthreadlabs.com/services/voice-agents,frontline_communication,,,,79,4.7,5,61,https://elcaminotransmissionstx.hibuwebsites.com/,https://www.google.com/maps/place/El+Camino+Transmissions/data=!4m7!3m6!1s0x864e996524080f0f:0xa9d2827eecd79d70!8m2!3d32.7702835!4d-96.8267203!16s%2Fg%2F1tfzblmh!19sChIJDw8IJGWZToYRcJ3X7H6C0qk?authuser=0&hl=en&rclk=1,,FALSE,,FALSE,,0,FALSE,FALSE,
D,12.34,dallas,Super Car Audio and Tint,,,,+1 214-398-8885,http://supercaraudio.com,"7900 S Great Trinity Forest Way, Dallas, TX 75217, United States",https://www.google.com/maps/place/Super+Car+Audio+and+Tint/data=!4m7!3m6!1s0x864ea2dc0979195d:0x2aa3425fb63c0d64!8m2!3d32.7119105!4d-96.686525!16s%2Fg%2F1tk6w9xk!19sChIJXRl5CdyiToYRZA08tl9Coyo,,,,,,,,,,,,,,frontline_communication,1,I went back in 2021 and spend 1000 dollars they did a really poor job with the connections and running the cables . The speakers fell out and ended up not working.. I went back to ask questions and one of the guys in charge got really rude and even pushed me . I would not recommend at all,,,,1,,Voice AI + Agentic CRM Outreach,silverthreadlabs.com/services/voice-agents,frontline_communication,,,,444,4.8,15,338,http://supercaraudio.com/,https://www.google.com/maps/place/Super+Car+Audio+and+Tint/data=!4m7!3m6!1s0x864ea2dc0979195d:0x2aa3425fb63c0d64!8m2!3d32.7119105!4d-96.686525!16s%2Fg%2F1tk6w9xk!19sChIJXRl5CdyiToYRZA08tl9Coyo?authuser=0&hl=en&rclk=1,,FALSE,,FALSE,,0,FALSE,FALSE,
D,12.29,dallas,MS Trucking & Fleet Services,shop@mstruckinginc.com,shop@mstruckinginc.com;info@airvice24.com,gosom_scraper;gosom_scraper,+1 469-993-0931,http://mstruckinginc.com,"4700 Irving Blvd, Dallas, TX 75247, United States",https://www.google.com/maps/place/MS+Trucking+%26+Fleet+Services/data=!4m7!3m6!1s0x864e9c98874e573f:0x8054c92df51b3620!8m2!3d32.8074125!4d-96.8987153!16s%2Fg%2F11b6t2cm6s!19sChIJP1dOh5icToYRIDYb9S3JVIA,,,,,,,,,,,,,,frontline_communication,1,don't know how to show respect,,,,,,Voice AI + Agentic CRM Outreach,silverthreadlabs.com/services/voice-agents,frontline_communication,,,,92,4.3,47,55,http://mstruckinginc.com/,https://www.google.com/maps/place/MS+Trucking+%26+Fleet+Services/data=!4m7!3m6!1s0x864e9c98874e573f:0x8054c92df51b3620!8m2!3d32.8074125!4d-96.8987153!16s%2Fg%2F11b6t2cm6s!19sChIJP1dOh5icToYRIDYb9S3JVIA?authuser=0&hl=en&rclk=1,,FALSE,,FALSE,,0,FALSE,FALSE,
D,11.75,dallas,Dennis Road Automotive,,,,+1 972-241-1901,http://www.dennisroadautomotive.com,"11155 Dennis Rd, Dallas, TX 75229, United States",https://www.google.com/maps/place/Dennis+Road+Automotive/data=!4m7!3m6!1s0x864c27833477b0e3:0x173098911a3a065e!8m2!3d32.9008115!4d-96.8816473!16s%2Fg%2F1tf588zm!19sChIJ47B3NIMnTIYRXgY6GpGYMBc,,,,,,,,,,,,,,frontline_communication,1,"Don’t go there if you’re brown they’re still operating like it’s 1960. I went there for a simple drop off delivery for some vehicle part they ordered, and the owner left me hanging with a fist bump in the air, right after he had confirmed …",,,,,,Voice AI + Agentic CRM Outreach,silverthreadlabs.com/services/voice-agents,frontline_communication,,,,208,4.7,3,10,http://www.dennisroadautomotive.com/,https://www.google.com/maps/place/Dennis+Road+Automotive/data=!4m7!3m6!1s0x864c27833477b0e3:0x173098911a3a065e!8m2!3d32.9008115!4d-96.8816473!16s%2Fg%2F1tf588zm!19sChIJ47B3NIMnTIYRXgY6GpGYMBc?authuser=0&hl=en&rclk=1,,FALSE,,FALSE,,0,FALSE,FALSE,
D,11.61,dallas,State Inspection Station,,,,+1 214-758-9502,,"10541 Harry Hines Blvd, Dallas, TX 75220, United States",https://www.google.com/maps/place/State+Inspection+Station/data=!4m7!3m6!1s0x864e9d74a44b3bcb:0x4780109f99abbc6c!8m2!3d32.8680596!4d-96.8828601!16s%2Fg%2F1hc3nspk3!19sChIJyztLpHSdToYRbLyrmZ8QgEc,,,,,,,,,,,,,,frontline_communication,1,"Worker greeted me with, ""What?"" No hello.",,,,,,Voice AI + Agentic CRM Outreach,silverthreadlabs.com/services/voice-agents,frontline_communication,,,,137,4.6,80,88,,https://www.google.com/maps/place/State+Inspection+Station/data=!4m7!3m6!1s0x864e9d74a44b3bcb:0x4780109f99abbc6c!8m2!3d32.8680596!4d-96.8828601!16s%2Fg%2F1hc3nspk3!19sChIJyztLpHSdToYRbLyrmZ8QgEc?authuser=0&hl=en&rclk=1,,FALSE,,FALSE,,0,FALSE,FALSE,
D,11.61,dallas,Tidy Fleet Services,,,,+1 972-707-0293,https://tidyfleetservices.com,"4847 Alexander Ln, Dallas, TX 75247, United States",https://www.google.com/maps/place/Tidy+Fleet+Services/data=!4m7!3m6!1s0x864e9d56108d81bd:0xfc22ee7cbb7c3c94!8m2!3d32.8064667!4d-96.8766767!16s%2Fg%2F11np1dl5z6!19sChIJvYGNEFadToYRlDx8u3zuIvw,,,,,,,,,,,,,,billing_or_intake_errors,1,Screwed twice by this company and didn’t get the money back they owned me.,,,,1,,Workflow Automation + Systems Integration,silverthreadlabs.com/services/workflow-automation,billing_or_intake_errors,,,,16,4.4,7,13,https://tidyfleetservices.com/,https://www.google.com/maps/place/Tidy+Fleet+Services/data=!4m7!3m6!1s0x864e9d56108d81bd:0xfc22ee7cbb7c3c94!8m2!3d32.8064667!4d-96.8766767!16s%2Fg%2F11np1dl5z6!19sChIJvYGNEFadToYRlDx8u3zuIvw?authuser=0&hl=en&rclk=1,,FALSE,,FALSE,,0,FALSE,FALSE,
D,11.36,dallas,JL Cars Sales,,,,+1 945-259-4208,https://www.jlcarsales.com,"9737 Harry Hines Blvd Ste 130, Dallas, TX 75220, United States",https://www.google.com/maps/place/JL+Cars+Sales/data=!4m7!3m6!1s0x864e9d3e4097e585:0xa98fcd0b55221726!8m2!3d32.8522086!4d-96.8788591!16s%2Fg%2F11mf8vv3vv!19sChIJheWXQD6dToYRJhciVQvNj6k,,,,,,,,,,,,,,billing_or_intake_errors,1,This people over charge me on my tittle transfer they taking advantage of the people......,,,,1,,Workflow Automation + Systems Integration,silverthreadlabs.com/services/workflow-automation,billing_or_intake_errors,,,,45,4.8,37,44,https://www.jlcarsales.com/,https://www.google.com/maps/place/JL+Cars+Sales/data=!4m7!3m6!1s0x864e9d3e4097e585:0xa98fcd0b55221726!8m2!3d32.8522086!4d-96.8788591!16s%2Fg%2F11mf8vv3vv!19sChIJheWXQD6dToYRJhciVQvNj6k?authuser=0&hl=en&rclk=1,,FALSE,,FALSE,,0,FALSE,FALSE,
D,11.27,dallas,Awesome Auto Body,,,,+1 214-802-3980,https://www.awesomeautobody.com,"11571 Reeder Rd, Dallas, TX 75229, United States",https://www.google.com/maps/place/Awesome+Auto+Body/data=!4m7!3m6!1s0x864c2793a94ba87b:0x69df5b81d05d447!8m2!3d32.9033659!4d-96.8965155!16s%2Fg%2F11f_ck0q1w!19sChIJe6hLqZMnTIYRR9QFHbj1nQY,,,,,,,,,,,,,,frontline_communication,1,"Do not use this shop even if it's the last resort. They threw away parts before my truck could be looked at by the insurance adjuster. Then they lied and told me that insurance told them that the repairs wouldn't be covered by them when the insurance adjuster never even looked at my vehicle yet. We are still waiting for inspection reports and pictures months later.They do not respond to emails when questions are asked. There's other shops in Dallas that truly have the customers back. This is not one of them, and they really did some shady work.",,,,1,,Voice AI + Agentic CRM Outreach,silverthreadlabs.com/services/voice-agents,frontline_communication,,,,195,4.8,4,10,https://www.awesomeautobody.com/,https://www.google.com/maps/place/Awesome+Auto+Body/data=!4m7!3m6!1s0x864c2793a94ba87b:0x69df5b81d05d447!8m2!3d32.9033659!4d-96.8965155!16s%2Fg%2F11f_ck0q1w!19sChIJe6hLqZMnTIYRR9QFHbj1nQY?authuser=0&hl=en&rclk=1,,FALSE,,FALSE,,0,FALSE,FALSE,
D,11.2,dallas,Auto Liquidators Plus,,,,+1 469-291-9948,https://badcreditcarsdallas.com,"39670 Lyndon B Johnson Fwy, Dallas, TX 75237, United States",https://www.google.com/maps/place/Auto+Liquidators+Plus/data=!4m7!3m6!1s0x864e91149afec9b3:0xe1f1660c1500b050!8m2!3d32.645645!4d-96.8613557!16s%2Fg%2F1tgpym0g!19sChIJs8n-mhSRToYRULAAFQxm8eE,,,,,,,,,,,,,,,0,,,,,,,,,,,,,2935,4.7,42,50,https://badcreditcarsdallas.com/?utm_source=googlemybusiness&utm_medium=organic,https://www.google.com/maps/place/Auto+Liquidators+Plus/data=!4m7!3m6!1s0x864e91149afec9b3:0xe1f1660c1500b050!8m2!3d32.645645!4d-96.8613557!16s%2Fg%2F1tgpym0g!19sChIJs8n-mhSRToYRULAAFQxm8eE?authuser=0&hl=en&rclk=1,,FALSE,,FALSE,,0,FALSE,FALSE,
D,11.17,dallas,ARTSN - Automotive Modification Studio,inquire@artsnauto.com,inquire@artsnauto.com,gosom_scraper,+1 877-709-4970,https://www.artsnauto.com,"1835 Empire Central Dr # S, Dallas, TX 75235, United States",https://www.google.com/maps/place/ARTSN+-+Automotive+Modification+Studio/data=!4m7!3m6!1s0x864e9d7315877dfb:0x3ac851664867458a!8m2!3d32.8269971!4d-96.8590507!16s%2Fg%2F11n52j6w3h!19sChIJ-32HFXOdToYRikVnSGZRyDo,,,,,,,,,,,,,,frontline_communication,2,If I could give zero stars I would. Overpriced aryton is very disrespectful. They also messed my car up and cost me more in damages than the repair itself. Also showed my other modifications done by another shop and said it was done by them. He also said he did the lighting on my friends car on social media and did not.,,,,1,,Voice AI + Agentic CRM Outreach,silverthreadlabs.com/services/voice-agents,delivery_quality;frontline_communication,,,,18,4.8,1,16,https://www.artsnauto.com/,https://www.google.com/maps/place/ARTSN+-+Automotive+Modification+Studio/data=!4m7!3m6!1s0x864e9d7315877dfb:0x3ac851664867458a!8m2!3d32.8269971!4d-96.8590507!16s%2Fg%2F11n52j6w3h!19sChIJ-32HFXOdToYRikVnSGZRyDo?authuser=0&hl=en&rclk=1,,FALSE,,FALSE,,0,FALSE,TRUE,metro_mismatch
D,11.16,dallas,Aguilara State Inspection,,,,+1 972-388-4237,,"604 E Irving Blvd, Irving, TX 75060, United States",https://www.google.com/maps/place/Aguilara+State+Inspection/data=!4m7!3m6!1s0x14e4bbc82d3b3c3b:0xc6ecd73c675f115f!8m2!3d32.8136047!4d-96.9396582!16s%2Fg%2F11b6yjqw4r!19sChIJOzw7Lci75BQRXxFfZzzX7MY,,,,,,,,,,,,,,service_quality_in_session,1,"Do not go here! I called about getting a smoke test performed and they quoted me $25.50, the price of an inspection. I showed up, there is a language barrier. Despite this I again asked for a smoke test. They agreed. Then performed a state …",,,,,,Automation Audit,silverthreadlabs.com/audit,service_quality_in_session,,,,524,4.9,62,70,,https://www.google.com/maps/place/Aguilara+State+Inspection/data=!4m7!3m6!1s0x14e4bbc82d3b3c3b:0xc6ecd73c675f115f!8m2!3d32.8136047!4d-96.9396582!16s%2Fg%2F11b6yjqw4r!19sChIJOzw7Lci75BQRXxFfZzzX7MY?authuser=0&hl=en&rclk=1,,FALSE,,FALSE,,0,FALSE,FALSE,
D,11.04,dallas,National Fleet Inc,,,,+1 214-630-4121,,"2520 Barge Ln, Dallas, TX 75212, United States",https://www.google.com/maps/place/National+Fleet+Inc/data=!4m7!3m6!1s0x864e9b3550df3e8f:0xc738ac698519efa7!8m2!3d32.7749024!4d-96.9204144!16s%2Fg%2F1tdpgm2q!19sChIJjz7fUDWbToYRp-8ZhWmsOMc,,,,,,,,,,,,,,billing_or_intake_errors,1,Nice lady on the phone only reason for 2 stars but they don't bother to tell you there is a 200 dollar estimate fee. They say you get it back once you bring the truck in for repairs but what if you don't like their estimate. You just paid them 200 bucks for a worthless piece of paper and an hour of their time. What if your insurance says no there are cheaper places. What if you just don't like the look of their shop. I won't be taking anything here. So much for word of mouth.,,,,2,,Workflow Automation + Systems Integration,silverthreadlabs.com/services/workflow-automation,billing_or_intake_errors,,,,26,4.7,20,27,,https://www.google.com/maps/place/National+Fleet+Inc/data=!4m7!3m6!1s0x864e9b3550df3e8f:0xc738ac698519efa7!8m2!3d32.7749024!4d-96.9204144!16s%2Fg%2F1tdpgm2q!19sChIJjz7fUDWbToYRp-8ZhWmsOMc?authuser=0&hl=en&rclk=1,,FALSE,,FALSE,,0,FALSE,FALSE,
D,10.65,dallas,Glass America - Mobile Auto Glass & Windshield Replacement,,,,+1 817-548-1993,https://glassusa.com/locations/tx,"650 S Griffin St, Dallas, TX 75202, United States",https://www.google.com/maps/place/Glass+America+-+Mobile+Auto+Glass+%26+Windshield+Replacement/data=!4m7!3m6!1s0x864e99c23d859239:0x67db3ac9f57d0149!8m2!3d32.774509!4d-96.8006052!16s%2Fg%2F11ykp3sc_w!19sChIJOZKFPcKZToYRSQF99ck622c,,,,,,,,,,,,,,frontline_communication,1,High price for subpar workmanship and effort. I wasn’t told that I was also getting a new rear view mirror…. didn’t notice til I drove at night for the first time since the windshield replacement and this mirror has a very dark tint and …,,,,,,Voice AI + Agentic CRM Outreach,silverthreadlabs.com/services/voice-agents,frontline_communication,,,,89,4.7,42,50,https://glassusa.com/locations/tx/,https://www.google.com/maps/place/Glass+America+-+Mobile+Auto+Glass+%26+Windshield+Replacement/data=!4m7!3m6!1s0x864e99c23d859239:0x67db3ac9f57d0149!8m2!3d32.774509!4d-96.8006052!16s%2Fg%2F11ykp3sc_w!19sChIJOZKFPcKZToYRSQF99ck622c?authuser=0&hl=en&rclk=1,,FALSE,,FALSE,,0,FALSE,FALSE,
D,10.6,dallas,Mister Glass,info@callmrglass.com,info@callmrglass.com,gosom_scraper,+1 972-669-0951,https://www.misterglassinc.com,"13342 Floyd Cir, Dallas, TX 75243, United States",https://www.google.com/maps/place/Mister+Glass/data=!4m7!3m6!1s0x864c1f8876677d83:0x12746e9b77887aa3!8m2!3d32.9305038!4d-96.7476581!16s%2Fg%2F1td6smrj!19sChIJg31ndogfTIYRo3qId5tudBI,,,,,,,,,,,,,,,0,,,,,,,,,,,,,3426,4.9,3,11,https://www.misterglassinc.com/?utm_source=gmb&utm_medium=organic&utm_campaign=DALLAS,https://www.google.com/maps/place/Mister+Glass/data=!4m7!3m6!1s0x864c1f8876677d83:0x12746e9b77887aa3!8m2!3d32.9305038!4d-96.7476581!16s%2Fg%2F1td6smrj!19sChIJg31ndogfTIYRo3qId5tudBI?authuser=0&hl=en&rclk=1,,FALSE,,FALSE,,0,FALSE,FALSE,
D,10.48,dallas,Texas Cars Direct,,,,+1 972-243-3400,https://www.texascarsdirect.com,"2718 Forest Ln, Dallas, TX 75234, United States",https://www.google.com/maps/place/Texas+Cars+Direct/data=!4m7!3m6!1s0x864c2798ffb65287:0x206183ee31560e7b!8m2!3d32.9089258!4d-96.8859354!16s%2Fg%2F1tt1t29t!19sChIJh1K2_5gnTIYRew5WMe6DYSA,,,,,,,,,,,,,,,0,,,,,,,,,,,,,1244,4.6,2,10,https://www.texascarsdirect.com/,https://www.google.com/maps/place/Texas+Cars+Direct/data=!4m7!3m6!1s0x864c2798ffb65287:0x206183ee31560e7b!8m2!3d32.9089258!4d-96.8859354!16s%2Fg%2F1tt1t29t!19sChIJh1K2_5gnTIYRew5WMe6DYSA?authuser=0&hl=en&rclk=1,,FALSE,,FALSE,,0,FALSE,FALSE,
D,10.41,dallas,E-Z Tires and State Inspection,,,,+1 214-381-8090,,"5004 Military Pkwy, Dallas, TX 75223, United States",https://www.google.com/maps/place/E-Z+Tires+and+State+Inspection/data=!4m7!3m6!1s0x864ea26a575197cd:0xad5c69ae6a79c5f6!8m2!3d32.783377!4d-96.7300837!16s%2Fg%2F11b6_n60sp!19sChIJzZdRV2qiToYR9sV5aq5pXK0,,,,,,,,,,,,,,service_quality_in_session,1,"Terrible service, no one knew where the inspector was then when he finally showed had to wait 45 minutes for them to tell me their equipment doesn't work.",,,,,,Automation Audit,silverthreadlabs.com/audit,service_quality_in_session,,,,160,4.7,43,50,,https://www.google.com/maps/place/E-Z+Tires+and+State+Inspection/data=!4m7!3m6!1s0x864ea26a575197cd:0xad5c69ae6a79c5f6!8m2!3d32.783377!4d-96.7300837!16s%2Fg%2F11b6_n60sp!19sChIJzZdRV2qiToYR9sV5aq5pXK0?authuser=0&hl=en&rclk=1,,FALSE,,FALSE,,0,FALSE,FALSE,
D,10.4,dallas,Go Luxury Auto Group,,,,+1 469-529-8243,https://www.goluxuryauto.com,"148 Riveredge Dr Ste 120, Dallas, TX 75207, United States",https://www.google.com/maps/place/Go+Luxury+Auto+Group/data=!4m7!3m6!1s0x864e993f4ee222db:0x398e5de68977a52e!8m2!3d32.792034!4d-96.8254329!16s%2Fg%2F11r7859s8n!19sChIJ2yLiTj-ZToYRLqV3ieZdjjk,,,,,,,,,,,,,,,0,,,,,,,,,,,,,2151,4.8,2,10,https://www.goluxuryauto.com/?utm_source=TRD&utm_medium=organic&utm_campaign=GBP_Main&utm_content=GBP_Menu_TRD,https://www.google.com/maps/place/Go+Luxury+Auto+Group/data=!4m7!3m6!1s0x864e993f4ee222db:0x398e5de68977a52e!8m2!3d32.792034!4d-96.8254329!16s%2Fg%2F11r7859s8n!19sChIJ2yLiTj-ZToYRLqV3ieZdjjk?authuser=0&hl=en&rclk=1,,FALSE,,FALSE,,0,FALSE,FALSE,
D,10.37,dallas,Ace Auto Care,,,,+1 214-349-0950,http://aceautocaredallas.com,"9090 Forest Ln, Dallas, TX 75243, United States",https://www.google.com/maps/place/Ace+Auto+Care/data=!4m7!3m6!1s0x864c1ff78f8f2dcd:0xdaf9df27d74ae8ca!8m2!3d32.908824!4d-96.7475287!16s%2Fg%2F1tklqyzn!19sChIJzS2Pj_cfTIYRyuhK1yff-do,,,,,,,,,,,,,,,0,,,,,,,,,,,,,452,4.3,4,10,http://aceautocaredallas.com/,https://www.google.com/maps/place/Ace+Auto+Care/data=!4m7!3m6!1s0x864c1ff78f8f2dcd:0xdaf9df27d74ae8ca!8m2!3d32.908824!4d-96.7475287!16s%2Fg%2F1tklqyzn!19sChIJzS2Pj_cfTIYRyuhK1yff-do?authuser=0&hl=en&rclk=1,,FALSE,,FALSE,,0,FALSE,FALSE,
D,9.86,dallas,Big Tex Auto Mart,bigtexautomart@gmail.com,bigtexautomart@gmail.com,gosom_scraper,+1 214-348-2100,http://www.bigtexautomart.com,"11501 E NW Hwy, Dallas, TX 75218, United States",https://www.google.com/maps/place/Big+Tex+Auto+Mart/data=!4m7!3m6!1s0x864ea0dc893787bb:0x86abf73da5dc4419!8m2!3d32.8648357!4d-96.6802305!16s%2Fg%2F1tf1p7jf!19sChIJu4c3idygToYRGUTcpT33q4Y,,,,,,,,,,,,,,,0,,,,,,,,,,,,,1428,4.8,2,10,http://www.bigtexautomart.com/,https://www.google.com/maps/place/Big+Tex+Auto+Mart/data=!4m7!3m6!1s0x864ea0dc893787bb:0x86abf73da5dc4419!8m2!3d32.8648357!4d-96.6802305!16s%2Fg%2F1tf1p7jf!19sChIJu4c3idygToYRGUTcpT33q4Y?authuser=0&hl=en&rclk=1,,FALSE,,FALSE,,0,FALSE,FALSE,
D,9.84,dallas,Tapiceria de Autos,,,,+1 214-241-7843,,"2923 W Davis St, Dallas, TX 75211, United States",https://www.google.com/maps/place/Tapiceria+de+Autos/data=!4m7!3m6!1s0x864e9bf2ce35a2bf:0x12a2ca6445819b06!8m2!3d32.7498378!4d-96.8699307!16s%2Fg%2F11tk3f4bxg!19sChIJv6I1zvKbToYRBpuBRWTKohI,,,,,,,,,,,,,,frontline_communication,1,"If I could give 0 stars I would. Was told to pick between 3-4pm. Job wasn't finished until 5:45pm. Rude workers.

No lo acaban a tiempo y son groseros.",,,,1,,Voice AI + Agentic CRM Outreach,silverthreadlabs.com/services/voice-agents,frontline_communication,,,,26,4.5,3,20,,https://www.google.com/maps/place/Tapiceria+de+Autos/data=!4m7!3m6!1s0x864e9bf2ce35a2bf:0x12a2ca6445819b06!8m2!3d32.7498378!4d-96.8699307!16s%2Fg%2F11tk3f4bxg!19sChIJv6I1zvKbToYRBpuBRWTKohI?authuser=0&hl=en&rclk=1,,FALSE,,FALSE,,0,FALSE,FALSE,
D,9.66,dallas,"LG DISTRIBUTORS, LLC",,,,+1 214-566-0008,http://www.lgautoparts.com,"2811 Winnequah St, Dallas, TX 75212, United States","https://www.google.com/maps/place/LG+DISTRIBUTORS,+LLC/data=!4m7!3m6!1s0x864e9b4ac31d6e49:0xe0dce3334e44da7a!8m2!3d32.7773477!4d-96.9197316!16s%2Fg%2F11fgjlw9ms!19sChIJSW4dw0qbToYRetpETjPj3OA",,,,,,,,,,,,,,,0,,,,,,,,,,,,,9,3.2,4,5,http://www.lgautoparts.com/,"https://www.google.com/maps/place/LG+DISTRIBUTORS,+LLC/data=!4m7!3m6!1s0x864e9b4ac31d6e49:0xe0dce3334e44da7a!8m2!3d32.7773477!4d-96.9197316!16s%2Fg%2F11fgjlw9ms!19sChIJSW4dw0qbToYRetpETjPj3OA?authuser=0&hl=en&rclk=1",,FALSE,,FALSE,,0,FALSE,FALSE,
D,9.48,dallas,B7 Motors,b7motors4820@gmail.com,b7motors4820@gmail.com,gosom_scraper,+1 214-484-7671,https://www.b7motorsdallas.com,"4820 S Buckner Blvd, Dallas, TX 75227, United States",https://www.google.com/maps/place/B7+Motors/data=!4m7!3m6!1s0x864ea396f057ecad:0xd55136e878f49c76!8m2!3d32.7806337!4d-96.6819528!16s%2Fg%2F11d_786f37!19sChIJrexX8JajToYRdpz0eOg2UdU,,,,,,,,,,,,,,,0,,,,,,,,,,,,,1065,4.8,53,61,https://www.b7motorsdallas.com/,https://www.google.com/maps/place/B7+Motors/data=!4m7!3m6!1s0x864ea396f057ecad:0xd55136e878f49c76!8m2!3d32.7806337!4d-96.6819528!16s%2Fg%2F11d_786f37!19sChIJrexX8JajToYRdpz0eOg2UdU?authuser=0&hl=en&rclk=1,,FALSE,,FALSE,,0,FALSE,FALSE,
D,9.43,dallas,Palomino Motors,,,,+1 214-879-0111,http://www.palominomotors.com,"7021 John W. Carpenter Fwy, Dallas, TX 75247, United States",https://www.google.com/maps/place/Palomino+Motors/data=!4m7!3m6!1s0x864e9c6575c2c2c9:0xfaa5fface8b35acd!8m2!3d32.8147803!4d-96.8681061!16s%2Fg%2F1tgwn31y!19sChIJycLCdWWcToYRzVqz6Kz_pfo,,,,,,,,,,,,,,,0,,,,,,,,,,,,,300,4.4,2,10,http://www.palominomotors.com/,https://www.google.com/maps/place/Palomino+Motors/data=!4m7!3m6!1s0x864e9c6575c2c2c9:0xfaa5fface8b35acd!8m2!3d32.8147803!4d-96.8681061!16s%2Fg%2F1tgwn31y!19sChIJycLCdWWcToYRzVqz6Kz_pfo?authuser=0&hl=en&rclk=1,,FALSE,,FALSE,,0,FALSE,FALSE,
D,9.43,dallas,All Glass Installation,,,,+1 972-234-5678,http://dallasfortworthglass.com,"11180 Denton Dr, Dallas, TX 75229, United States",https://www.google.com/maps/place/All+Glass+Installation/data=!4m7!3m6!1s0x864e9d7d914bb65d:0x9cc3a86d4b82b2f2!8m2!3d32.8886171!4d-96.8854301!16s%2Fg%2F119vcrzx_!19sChIJXbZLkX2dToYR8rKCS22ow5w,,,,,,,,,,,,,,service_quality_in_session,1,"They fixed my windshield for a great price! I will say their time estimate for me was way off. Initially they said 2 hours and ended up 4,  but they did give me a discount to make up for the wait which was appreciated.",,,,,,Automation Audit,silverthreadlabs.com/audit,service_quality_in_session,,,,139,4.9,53,61,http://dallasfortworthglass.com/,https://www.google.com/maps/place/All+Glass+Installation/data=!4m7!3m6!1s0x864e9d7d914bb65d:0x9cc3a86d4b82b2f2!8m2!3d32.8886171!4d-96.8854301!16s%2Fg%2F119vcrzx_!19sChIJXbZLkX2dToYR8rKCS22ow5w?authuser=0&hl=en&rclk=1,,FALSE,,FALSE,,0,FALSE,FALSE,
D,9.41,dallas,Discount Glass Texas,,,,+1 972-900-8748,http://discountglasstexas.com,"11063 Dennis Rd, Dallas, TX 75229, United States",https://www.google.com/maps/place/Discount+Glass+Texas/data=!4m7!3m6!1s0x864c277eaaaaaaab:0x5e9bd50a1b6f360a!8m2!3d32.8993906!4d-96.8817298!16s%2Fg%2F1tdx4jg3!19sChIJq6qqqn4nTIYRCjZvGwrVm14,,,,,,,,,,,,,,,0,,,,,,,,,,,,,1365,4.9,2,10,http://discountglasstexas.com/,https://www.google.com/maps/place/Discount+Glass+Texas/data=!4m7!3m6!1s0x864c277eaaaaaaab:0x5e9bd50a1b6f360a!8m2!3d32.8993906!4d-96.8817298!16s%2Fg%2F1tdx4jg3!19sChIJq6qqqn4nTIYRCjZvGwrVm14?authuser=0&hl=en&rclk=1,,FALSE,,FALSE,,0,FALSE,FALSE,
D,9.34,dallas,E&L AUTO UPHOLSTERY TAPICERIA,,,,+1 214-664-2452,,"10944 Grissom Ln Suite 713, Dallas, TX 75229, United States",https://www.google.com/maps/place/E%26L+AUTO+UPHOLSTERY+TAPICERIA/data=!4m7!3m6!1s0x864c27b5fc3990dd:0xf1fc986bb17c4dc8!8m2!3d32.8973021!4d-96.8864787!16s%2Fg%2F11ryqwff2_!19sChIJ3ZA5_LUnTIYRyE18sWuY_PE,,,,,,,,,,,,,,frontline_communication,1,"I wish I could leave a picture because this business really charged me full price on a simple headliner job where the headliner was already out of the car and prepped, ready to go for new basic fabric and still... they charged full price that would normally include installation and removal at around $250, and it wasn't even worth it. Marks were left on the new fabric and they didn't even do the sunroof either so I am left with the biggest waste of time AND money I've ever had the displeasure of experiencing. Oh yeah they only take cash or check which normally isn't an issue but when the boss mans english isnt so good they forget to clarify that they mean 'No, cash or check only' and not ""no cash or check"" leaving you to race through rush hour traffic to get the cash from an atm at the last minute and then race back to the shop before they close at 6pm. I really have half a mind not to take it back there and have them install the headliner and sunroof themselves but they really left me feeling so dissatisfied that I do not want to ever touch or deal with this business in the future.",,,,1,,Voice AI + Agentic CRM Outreach,silverthreadlabs.com/services/voice-agents,frontline_communication,,,,13,4.4,2,8,,https://www.google.com/maps/place/E%26L+AUTO+UPHOLSTERY+TAPICERIA/data=!4m7!3m6!1s0x864c27b5fc3990dd:0xf1fc986bb17c4dc8!8m2!3d32.8973021!4d-96.8864787!16s%2Fg%2F11ryqwff2_!19sChIJ3ZA5_LUnTIYRyE18sWuY_PE?authuser=0&hl=en&rclk=1,,FALSE,,FALSE,,0,FALSE,FALSE,
D,9.25,dallas,Southwest Auto,,,,+1 972-829-2572,https://www.southwestauto.com,"11353 Mathis Ave, Dallas, TX 75229, United States",https://www.google.com/maps/place/Southwest+Auto/data=!4m7!3m6!1s0x864c27edbd31b3df:0x849f93d2d246d090!8m2!3d32.8943434!4d-96.9147345!16s%2Fg%2F1tcv6qfz!19sChIJ37Mxve0nTIYRkNBG0tKTn4Q,,,,,,,,,,,,,,,0,,,,,,,,,,,,,892,4.8,5,12,https://www.southwestauto.com/?utm_campaign=gmb,https://www.google.com/maps/place/Southwest+Auto/data=!4m7!3m6!1s0x864c27edbd31b3df:0x849f93d2d246d090!8m2!3d32.8943434!4d-96.9147345!16s%2Fg%2F1tcv6qfz!19sChIJ37Mxve0nTIYRkNBG0tKTn4Q?authuser=0&hl=en&rclk=1,,FALSE,,FALSE,,0,FALSE,FALSE,
D,9.23,dallas,Car Rental Dallas,,,,,,"11700 McCree Rd, Dallas, TX 75238, United States",https://www.google.com/maps/place/Car+Rental+Dallas/data=!4m7!3m6!1s0x864c1e4eec0ce321:0x95c25d0f08f863ce!8m2!3d32.869223!4d-96.67729!16s%2Fg%2F1q5bmxxqx!19sChIJIeMM7E4eTIYRzmP4CA9dwpU,,,,,,,,,,,,,,service_quality_in_session,1,There are only two nail technicians. I had a coupon and booked my appointment three days in advance. When I got there I had to wait forty minutes because the nail techs were working on other customers. Be sure to get an appointment before 5pm because they like to leave by 5:30pm and go home eventhough the salon closes at 7pm.,Good customer service! Lost one star bc had to wait awhile even though we made an appointment.,,,3,,Automation Audit,silverthreadlabs.com/audit,service_quality_in_session,,,,30,4.7,14,21,,https://www.google.com/maps/place/Car+Rental+Dallas/data=!4m7!3m6!1s0x864c1e4eec0ce321:0x95c25d0f08f863ce!8m2!3d32.869223!4d-96.67729!16s%2Fg%2F1q5bmxxqx!19sChIJIeMM7E4eTIYRzmP4CA9dwpU?authuser=0&hl=en&rclk=1,,FALSE,,FALSE,,0,FALSE,TRUE,malformed
D,9.2,dallas,One Nation Kustomz,,,,+1 214-918-7657,http://www.onenationkustomz.com,"3949 S Buckner Blvd, Dallas, TX 75227, United States",https://www.google.com/maps/place/One+Nation+Kustomz/data=!4m7!3m6!1s0x864ea3c6ba740bbb:0x6097908ec30d4889!8m2!3d32.7726186!4d-96.6834327!16s%2Fg%2F11vj2vmfs9!19sChIJuwt0usajToYRiUgNw46Ql2A,,,,,,,,,,,,,,,0,,,,,,,,,,,,,1165,4.9,28,1000,http://www.onenationkustomz.com/,https://www.google.com/maps/place/One+Nation+Kustomz/data=!4m7!3m6!1s0x864ea3c6ba740bbb:0x6097908ec30d4889!8m2!3d32.7726186!4d-96.6834327!16s%2Fg%2F11vj2vmfs9!19sChIJuwt0usajToYRiUgNw46Ql2A?authuser=0&hl=en&rclk=1,,FALSE,,FALSE,,1,FALSE,FALSE,
D,9.17,dallas,Secondhand auto parts,,,,+1 214-774-9335,http://mysecondhandautoparts.com,"10230 Bickham Rd #100, Dallas, TX 75220, United States",https://www.google.com/maps/place/Secondhand+auto+parts/data=!4m7!3m6!1s0x864e9d377e1aa07d:0x64cc42bdfdb6b99e!8m2!3d32.8619454!4d-96.9056294!16s%2Fg%2F11vy9vg49d!19sChIJfaAafjedToYRnrm2_b1CzGQ,,,,,,,,,,,,,,frontline_communication,1,"Called ahead over a week in advance for replacement parts and was told they were ready for sale and in stock. Called a day before pickup and confirmed again ready to sell. Called day of and was told someone would check to make sure and call back in a hour. Waited 2 hours to get told that it was ""just sold like 10 minutes ago"". 1/10 quality service.",,,,1,,Voice AI + Agentic CRM Outreach,silverthreadlabs.com/services/voice-agents,frontline_communication,,,,39,4.8,1,32,http://mysecondhandautoparts.com/,https://www.google.com/maps/place/Secondhand+auto+parts/data=!4m7!3m6!1s0x864e9d377e1aa07d:0x64cc42bdfdb6b99e!8m2!3d32.8619454!4d-96.9056294!16s%2Fg%2F11vy9vg49d!19sChIJfaAafjedToYRnrm2_b1CzGQ?authuser=0&hl=en&rclk=1,,FALSE,,FALSE,,0,FALSE,FALSE,
D,9.16,dallas,Rallye Auto Service,,,,+1 972-769-0820,http://rallyeautoservice.com,"18181 Hillcrest Rd, Dallas, TX 75252, United States",https://www.google.com/maps/place/Rallye+Auto+Service/data=!4m7!3m6!1s0x864c2231a64c9039:0x5645263ff5bc5151!8m2!3d32.9985702!4d-96.785!16s%2Fg%2F11b7q4sf7c!19sChIJOZBMpjEiTIYRUVG89T8mRVY,,,,,,,,,,,,,,,0,,,,,,,,,,,,,1133,4.9,12,20,http://rallyeautoservice.com/,https://www.google.com/maps/place/Rallye+Auto+Service/data=!4m7!3m6!1s0x864c2231a64c9039:0x5645263ff5bc5151!8m2!3d32.9985702!4d-96.785!16s%2Fg%2F11b7q4sf7c!19sChIJOZBMpjEiTIYRUVG89T8mRVY?authuser=0&hl=en&rclk=1,,FALSE,,FALSE,,0,FALSE,FALSE,
D,9.13,dallas,Yazmin Autoglass Inc,yazminautoglassdtx@gmail.com,yazminautoglassdtx@gmail.com;yazminautoglassdtf@gmail.com,gosom_scraper;gosom_scraper,+1 817-298-0078,https://yazminautoglasstx.com,"2802 Cartwright St, Dallas, TX 75212, United States",https://www.google.com/maps/place/Yazmin+Autoglass+Inc/data=!4m7!3m6!1s0x864e9b4a5cbdedeb:0x27e4a1b9f53659cb!8m2!3d32.7771793!4d-96.9176432!16s%2Fg%2F11gfjw1fyg!19sChIJ6-29XEqbToYRy1k29bmh5Cc,,,,,,,,,,,,,,,0,,,,,,,,,,,,,813,4.8,3,11,https://yazminautoglasstx.com/,https://www.google.com/maps/place/Yazmin+Autoglass+Inc/data=!4m7!3m6!1s0x864e9b4a5cbdedeb:0x27e4a1b9f53659cb!8m2!3d32.7771793!4d-96.9176432!16s%2Fg%2F11gfjw1fyg!19sChIJ6-29XEqbToYRy1k29bmh5Cc?authuser=0&hl=en&rclk=1,,FALSE,,FALSE,,0,FALSE,FALSE,
D,9.01,dallas,Jacobs Low Price Auto Glass,,,,+1 214-372-9300,https://lowpriceautoglass49.com,"8835 S Central Expy, Dallas, TX 75241, United States",https://www.google.com/maps/place/Jacobs+Low+Price+Auto+Glass/data=!4m7!3m6!1s0x864ebd671156c199:0xa82777e1ff9ae9cc!8m2!3d32.6940736!4d-96.7423002!16s%2Fg%2F1vn18yrv!19sChIJmcFWEWe9ToYRzOma_-F3J6g,,,,,,,,,,,,,,,0,,,,,,,,,,,,,743,4.8,3,10,https://lowpriceautoglass49.com/,https://www.google.com/maps/place/Jacobs+Low+Price+Auto+Glass/data=!4m7!3m6!1s0x864ebd671156c199:0xa82777e1ff9ae9cc!8m2!3d32.6940736!4d-96.7423002!16s%2Fg%2F1vn18yrv!19sChIJmcFWEWe9ToYRzOma_-F3J6g?authuser=0&hl=en&rclk=1,,FALSE,,FALSE,,0,FALSE,FALSE,
D,9.0,dallas,Freeway Tire Shop,info@freewaytireshop.com,info@freewaytireshop.com,gosom_scraper,+1 214-267-2500,https://freewaytireshop.com,"3110 N Stemmons Fwy, Dallas, TX 75247, United States",https://www.google.com/maps/place/Freeway+Tire+Shop/data=!4m7!3m6!1s0x864e9c6e0553d18f:0x22067dbc876da303!8m2!3d32.812811!4d-96.8622497!16s%2Fg%2F1tr17zvt!19sChIJj9FTBW6cToYRA6Nth7x9BiI,,,,,,,,,,,,,,,0,,,,,,,,,,,,,399,4.6,2,10,https://freewaytireshop.com/,https://www.google.com/maps/place/Freeway+Tire+Shop/data=!4m7!3m6!1s0x864e9c6e0553d18f:0x22067dbc876da303!8m2!3d32.812811!4d-96.8622497!16s%2Fg%2F1tr17zvt!19sChIJj9FTBW6cToYRA6Nth7x9BiI?authuser=0&hl=en&rclk=1,,FALSE,,FALSE,,0,FALSE,FALSE,
D,8.99,dallas,Kameleon Kolorz LLC AUTO PAINT,,,,+1 214-377-9490,,"4814 E Grand Ave, Dallas, TX 75223, United States",https://www.google.com/maps/place/Kameleon+Kolorz+LLC+AUTO+PAINT/data=!4m7!3m6!1s0x864e992954c7db07:0xa640ab8361532953!8m2!3d32.7865916!4d-96.7547987!16s%2Fg%2F11vsv3mrkp!19sChIJB9vHVCmZToYRUylTYYOrQKY,,,,,,,,,,,,,,frontline_communication,1,"Very rude. Just pick up and hang up. It’s just very disrespectful. If you can’t treat potential customers right, you don’t deserve customers at all. Try to find somewhere where else for your paint needs.",,,,,,Voice AI + Agentic CRM Outreach,silverthreadlabs.com/services/voice-agents,frontline_communication,,,,46,4.9,31,39,,https://www.google.com/maps/place/Kameleon+Kolorz+LLC+AUTO+PAINT/data=!4m7!3m6!1s0x864e992954c7db07:0xa640ab8361532953!8m2!3d32.7865916!4d-96.7547987!16s%2Fg%2F11vsv3mrkp!19sChIJB9vHVCmZToYRUylTYYOrQKY?authuser=0&hl=en&rclk=1,,FALSE,,FALSE,,0,FALSE,FALSE,
D,8.97,dallas,Custom Tires And Wheels,,,,+1 214-905-8018,,"1924 Singleton Blvd, Dallas, TX 75212, United States",https://www.google.com/maps/place/Custom+Tires+And+Wheels/data=!4m7!3m6!1s0x864e9bc21cc1c691:0x61a26a94335a40b9!8m2!3d32.7783845!4d-96.8509611!16s%2Fg%2F11bw3dnrx6!19sChIJkcbBHMKbToYRuUBaM5RqomE,,,,,,,,,,,,,,,0,,,,,,,,,,,,,286,4.5,13,20,,https://www.google.com/maps/place/Custom+Tires+And+Wheels/data=!4m7!3m6!1s0x864e9bc21cc1c691:0x61a26a94335a40b9!8m2!3d32.7783845!4d-96.8509611!16s%2Fg%2F11bw3dnrx6!19sChIJkcbBHMKbToYRuUBaM5RqomE?authuser=0&hl=en&rclk=1,,FALSE,,FALSE,,0,FALSE,FALSE,
D,8.9,dallas,Dallas Collision Center,,,,+1 972-721-6502,https://www.dallascollision.com,"2964 Irving Blvd, Dallas, TX 75247, United States",https://www.google.com/maps/place/Dallas+Collision+Center/data=!4m7!3m6!1s0x864e9c734b1f6865:0xcce920318c31f6bb!8m2!3d32.8080558!4d-96.8564987!16s%2Fg%2F11bbrlznp7!19sChIJZWgfS3OcToYRu_YxjDEg6cw,,,,,,,,,,,,,,,0,,,,,,,,,,,,,929,4.9,3,11,https://www.dallascollision.com/,https://www.google.com/maps/place/Dallas+Collision+Center/data=!4m7!3m6!1s0x864e9c734b1f6865:0xcce920318c31f6bb!8m2!3d32.8080558!4d-96.8564987!16s%2Fg%2F11bbrlznp7!19sChIJZWgfS3OcToYRu_YxjDEg6cw?authuser=0&hl=en&rclk=1,,FALSE,,FALSE,,0,FALSE,FALSE,
D,8.9,dallas,European Service Center,,,,+1 214-521-5100,https://www.europeanservicecenter.com/european-auto-repair-highland-park,"5114 Tracy St, Dallas, TX 75205, United States",https://www.google.com/maps/place/European+Service+Center/data=!4m7!3m6!1s0x864e9f18f7ab0661:0x23cddd210e842781!8m2!3d32.8295423!4d-96.7843047!16s%2Fg%2F11b63w1sc0!19sChIJYQar9xifToYRgSeEDiHdzSM,,,,,,,,,,,,,,,0,,,,,,,,,,,,,680,4.8,2,10,https://www.europeanservicecenter.com/european-auto-repair-highland-park/,https://www.google.com/maps/place/European+Service+Center/data=!4m7!3m6!1s0x864e9f18f7ab0661:0x23cddd210e842781!8m2!3d32.8295423!4d-96.7843047!16s%2Fg%2F11b63w1sc0!19sChIJYQar9xifToYRgSeEDiHdzSM?authuser=0&hl=en&rclk=1,,FALSE,,FALSE,,0,FALSE,FALSE,
D,8.86,dallas,Faith Auto Glass,,,,+1 214-421-1575,https://www.faithautoglassdallas.com,"5301 S Second Ave, Dallas, TX 75210, United States",https://www.google.com/maps/place/Faith+Auto+Glass/data=!4m7!3m6!1s0x864ea285d18b8d89:0xc537850b86466c8f!8m2!3d32.756566!4d-96.7415158!16s%2Fg%2F11cpmj646l!19sChIJiY2L0YWiToYRj2xGhguFN8U,,,,,,,,,,,,,,,0,,,,,,,,,,,,,663,4.8,2,10,https://www.faithautoglassdallas.com/,https://www.google.com/maps/place/Faith+Auto+Glass/data=!4m7!3m6!1s0x864ea285d18b8d89:0xc537850b86466c8f!8m2!3d32.756566!4d-96.7415158!16s%2Fg%2F11cpmj646l!19sChIJiY2L0YWiToYRj2xGhguFN8U?authuser=0&hl=en&rclk=1,,FALSE,,FALSE,,0,FALSE,FALSE,
D,8.78,dallas,Motor City Auto Repair,,,,+1 214-565-5550,,"2939 S Ervay St, Dallas, TX 75215, United States",https://www.google.com/maps/place/Motor+City+Auto+Repair/data=!4m7!3m6!1s0x864e98f61572afa1:0x4cacca0b5df2004d!8m2!3d32.7619373!4d-96.7774268!16s%2Fg%2F11bz_3ydzv!19sChIJoa9yFfaYToYRTQDyXQvKrEw,,,,,,,,,,,,,,,0,,,,,,,,,,,,,845,4.9,2,10,,https://www.google.com/maps/place/Motor+City+Auto+Repair/data=!4m7!3m6!1s0x864e98f61572afa1:0x4cacca0b5df2004d!8m2!3d32.7619373!4d-96.7774268!16s%2Fg%2F11bz_3ydzv!19sChIJoa9yFfaYToYRTQDyXQvKrEw?authuser=0&hl=en&rclk=1,,FALSE,,FALSE,,0,FALSE,FALSE,
D,8.78,dallas,Extreme Tire & Wheel,,,,+1 214-352-3660,http://extremetireandwheel.com,"3021 W Northwest Hwy, Dallas, TX 75220, United States",https://www.google.com/maps/place/Extreme+Tire+%26+Wheel/data=!4m7!3m6!1s0x864e9daf6f717455:0xf85deb223208b65d!8m2!3d32.85598!4d-96.870461!16s%2Fg%2F1td6sn3b!19sChIJVXRxb6-dToYRXbYIMiLrXfg,,,,,,,,,,,,,,,0,,,,,,,,,,,,,337,4.6,72,80,http://extremetireandwheel.com/,https://www.google.com/maps/place/Extreme+Tire+%26+Wheel/data=!4m7!3m6!1s0x864e9daf6f717455:0xf85deb223208b65d!8m2!3d32.85598!4d-96.870461!16s%2Fg%2F1td6sn3b!19sChIJVXRxb6-dToYRXbYIMiLrXfg?authuser=0&hl=en&rclk=1,,FALSE,,FALSE,,0,FALSE,FALSE,
D,8.6,dallas,Jordi's Tire Shop,,,,+1 469-245-4587,https://jorditireshop.com,"341 W Mockingbird Ln, Dallas, TX 75247, United States",https://www.google.com/maps/place/Jordi%27s+Tire+Shop/data=!4m7!3m6!1s0x864e9de85ac6e069:0x5c2b64fd5f81c7d2!8m2!3d32.8048533!4d-96.874074!16s%2Fg%2F11h3sn6dh9!19sChIJaeDGWuidToYR0seBX_1kK1w,,,,,,,,,,,,,,,0,,,,,,,,,,,,,734,4.9,62,70,https://jorditireshop.com/,https://www.google.com/maps/place/Jordi%27s+Tire+Shop/data=!4m7!3m6!1s0x864e9de85ac6e069:0x5c2b64fd5f81c7d2!8m2!3d32.8048533!4d-96.874074!16s%2Fg%2F11h3sn6dh9!19sChIJaeDGWuidToYR0seBX_1kK1w?authuser=0&hl=en&rclk=1,,FALSE,,FALSE,,0,FALSE,FALSE,
D,8.53,dallas,AAA State Inspection (Emissions & Automotive Service),aaastateinspection@gmail.com,aaastateinspection@gmail.com,gosom_scraper,+1 972-242-5122,http://www.aaastateinspections.com,"2016 Keller Springs Rd Apt 208, Carrollton, TX 75006, United States",https://www.google.com/maps/place/AAA+State+Inspection+%28Emissions+%26+Automotive+Service%29/data=!4m7!3m6!1s0x864c267a724fa47f:0x8d77d2f15d463caf!8m2!3d32.9721202!4d-96.8879259!16s%2Fg%2F1tfm1w0s!19sChIJf6RPcnomTIYRrzxGXfHSd40,,,,,,,,,,,,,,,0,,,,,,,,,,,,,698,4.9,2,10,http://www.aaastateinspections.com/,https://www.google.com/maps/place/AAA+State+Inspection+%28Emissions+%26+Automotive+Service%29/data=!4m7!3m6!1s0x864c267a724fa47f:0x8d77d2f15d463caf!8m2!3d32.9721202!4d-96.8879259!16s%2Fg%2F1tfm1w0s!19sChIJf6RPcnomTIYRrzxGXfHSd40?authuser=0&hl=en&rclk=1,,FALSE,,FALSE,,0,FALSE,FALSE,
D,8.5,dallas,Supreme Mobile Tire,,,,+1 214-945-1918,https://www.suprememobiletire.com,"3223 Merrifield Ave, Dallas, TX 75223, United States",https://www.google.com/maps/place/Supreme+Mobile+Tire/data=!4m7!3m6!1s0x864e9390ee631c7f:0xc5d065b67e7a8e9b!8m2!3d32.8616708!4d-96.8792587!16s%2Fg%2F11j4kc_zly!19sChIJfxxj7pCTToYRm456frZl0MU,,,,,,,,,,,,,,,0,,,,,,,,,,,,,368,4.7,3,10,https://www.suprememobiletire.com/,https://www.google.com/maps/place/Supreme+Mobile+Tire/data=!4m7!3m6!1s0x864e9390ee631c7f:0xc5d065b67e7a8e9b!8m2!3d32.8616708!4d-96.8792587!16s%2Fg%2F11j4kc_zly!19sChIJfxxj7pCTToYRm456frZl0MU?authuser=0&hl=en&rclk=1,,FALSE,,FALSE,,0,FALSE,FALSE,
D,8.48,dallas,TIRE PRO,,,,+1 214-275-7730,https://tireprowheel.com,"2104 S Buckner Blvd, Dallas, TX 75227, United States",https://www.google.com/maps/place/TIRE+PRO/data=!4m7!3m6!1s0x864ea36c875b7df9:0x5d2dbd0114ea87af!8m2!3d32.7493235!4d-96.6825769!16s%2Fg%2F11bz_8k9ly!19sChIJ-X1bh2yjToYRr4fqFAG9LV0,,,,,,,,,,,,,,,0,,,,,,,,,,,,,363,4.7,4,10,https://tireprowheel.com/,https://www.google.com/maps/place/TIRE+PRO/data=!4m7!3m6!1s0x864ea36c875b7df9:0x5d2dbd0114ea87af!8m2!3d32.7493235!4d-96.6825769!16s%2Fg%2F11bz_8k9ly!19sChIJ-X1bh2yjToYRr4fqFAG9LV0?authuser=0&hl=en&rclk=1,,FALSE,,FALSE,,0,FALSE,FALSE,
D,8.41,dallas,"Ramirez Auto repair ,Body Shop & WHEEL ALIGNMENT LLC",,,,+1 972-399-6264,,"1443 S Fitzhugh Ave, Dallas, TX 75223, United States","https://www.google.com/maps/place/Ramirez+Auto+repair+,Body+Shop+%26+WHEEL+ALIGNMENT+LLC/data=!4m7!3m6!1s0x864e992c7d15538d:0x145ac6e0e9b6ee45!8m2!3d32.7841026!4d-96.7512966!16s%2Fg%2F11gy7fml49!19sChIJjVMVfSyZToYRRe626eDGWhQ",,,,,,,,,,,,,,,0,,,,,,,,,,,,,254,4.6,2,10,,"https://www.google.com/maps/place/Ramirez+Auto+repair+,Body+Shop+%26+WHEEL+ALIGNMENT+LLC/data=!4m7!3m6!1s0x864e992c7d15538d:0x145ac6e0e9b6ee45!8m2!3d32.7841026!4d-96.7512966!16s%2Fg%2F11gy7fml49!19sChIJjVMVfSyZToYRRe626eDGWhQ?authuser=0&hl=en&rclk=1",,FALSE,,FALSE,,0,FALSE,FALSE,
D,8.36,dallas,Sun Auto Tire & Service,,,,+1 469-933-1155,https://www.sunautoservice.com/locations/tx/dallas/auto-repair-11648-n-central-expy,"11648 N Central Expy, Dallas, TX 75243, United States",https://www.google.com/maps/place/Sun+Auto+Tire+%26+Service/data=!4m7!3m6!1s0x864c219839097935:0xcff2be874efcb530!8m2!3d32.9078952!4d-96.7680186!16s%2Fg%2F11pzsyx2xb!19sChIJNXkJOZghTIYRMLX8Toe-8s8,,,,,,,,,,,,,,,0,,,,,,,,,,,,,330,4.7,2,10,https://www.sunautoservice.com/locations/tx/dallas/auto-repair-11648-n-central-expy?utm_source=local_listing&utm_medium=organic&utm_campaign=store_4259,https://www.google.com/maps/place/Sun+Auto+Tire+%26+Service/data=!4m7!3m6!1s0x864c219839097935:0xcff2be874efcb530!8m2!3d32.9078952!4d-96.7680186!16s%2Fg%2F11pzsyx2xb!19sChIJNXkJOZghTIYRMLX8Toe-8s8?authuser=0&hl=en&rclk=1,,FALSE,,FALSE,,0,FALSE,FALSE,
D,8.36,dallas,Texas Drag Auto Parts,,,,+1 469-560-5320,,"11422 Chairman Dr, Dallas, TX 75243, United States",https://www.google.com/maps/place/Texas+Drag+Auto+Parts/data=!4m7!3m6!1s0x864c1f9076aa724d:0x4f3546e67a893689!8m2!3d32.904013!4d-96.6978445!16s%2Fg%2F11rms68zsb!19sChIJTXKqdpAfTIYRiTaJeuZGNU8,,,,,,,,,,,,,,delivery_quality,1,"Offered used car for sale via Facebook Marketplace, described as clean title with minor damage repaired. PPI inspection showed major structural damage and should have been salvage title. Unsafe to drive. Buyer beware!",,,,1,,,,delivery_quality,,,,61,4.9,25,32,,https://www.google.com/maps/place/Texas+Drag+Auto+Parts/data=!4m7!3m6!1s0x864c1f9076aa724d:0x4f3546e67a893689!8m2!3d32.904013!4d-96.6978445!16s%2Fg%2F11rms68zsb!19sChIJTXKqdpAfTIYRiTaJeuZGNU8?authuser=0&hl=en&rclk=1,,FALSE,,FALSE,,0,FALSE,FALSE,
D,8.34,dallas,BBC Motorsports,,,,+1 214-833-6819,http://www.bbcmotorsports.com,"1320 Chemical St B2, Dallas, TX 75207, United States",https://www.google.com/maps/place/BBC+Motorsports/data=!4m7!3m6!1s0x864e9bff5a37ebbf:0x53dd1c98d83447a6!8m2!3d32.8017291!4d-96.840271!16s%2Fg%2F1tdyg0zm!19sChIJv-s3Wv-bToYRpkc02Jgc3VM,,,,,,,,,,,,,,,0,,,,,,,,,,,,,444,4.8,2,10,http://www.bbcmotorsports.com/?utm_campaign=gmb,https://www.google.com/maps/place/BBC+Motorsports/data=!4m7!3m6!1s0x864e9bff5a37ebbf:0x53dd1c98d83447a6!8m2!3d32.8017291!4d-96.840271!16s%2Fg%2F1tdyg0zm!19sChIJv-s3Wv-bToYRpkc02Jgc3VM?authuser=0&hl=en&rclk=1,,FALSE,,FALSE,,0,FALSE,FALSE,
D,8.29,dallas,Texas Custom And Collision,,,,+1 469-602-6761,,"917 Fletcher St, Dallas, TX 75223, United States",https://www.google.com/maps/place/Texas+Custom+And+Collision/data=!4m7!3m6!1s0x864ebb75135abbe7:0x119c9be2adce08a8!8m2!3d32.7842732!4d-96.7637847!16s%2Fg%2F11jh6xtmrf!19sChIJ57taE3W7ToYRqAjOreKbnBE,,,,,,,,,,,,,,delivery_quality,1,I wouldn’t recommend this place I had an accident and took my car in to get it fixed my car is literally coming apart if it’s not one thing it’s another and now that they go payment from my insurance they told me they couldn’t fix it anymore I will upload photos as proof looks like they just purchased used items would not use this place anymore,,,,1,,,,delivery_quality,,,,27,4.9,1,25,,https://www.google.com/maps/place/Texas+Custom+And+Collision/data=!4m7!3m6!1s0x864ebb75135abbe7:0x119c9be2adce08a8!8m2!3d32.7842732!4d-96.7637847!16s%2Fg%2F11jh6xtmrf!19sChIJ57taE3W7ToYRqAjOreKbnBE?authuser=0&hl=en&rclk=1,,FALSE,,FALSE,,0,FALSE,FALSE,
D,8.23,dallas,FleetPride Service Center,,,,+1 214-736-3707,https://branches.fleetpride.com/tx/dallas/truckparts-dls-sc.html,"35080 Lyndon B Johnson Fwy, Dallas, TX 75241, United States",https://www.google.com/maps/place/FleetPride+Service+Center/data=!4m7!3m6!1s0x864eb244889bcdb7:0x80a8d41246f38de7!8m2!3d32.6504542!4d-96.7658743!16s%2Fg%2F11hy9pcdmp!19sChIJt82biESyToYR543zRhLUqIA,,,,,,,,,,,,,,,0,,,,,,,,,,,,,119,4.4,13,20,,https://www.google.com/maps/place/FleetPride+Service+Center/data=!4m7!3m6!1s0x864eb244889bcdb7:0x80a8d41246f38de7!8m2!3d32.6504542!4d-96.7658743!16s%2Fg%2F11hy9pcdmp!19sChIJt82biESyToYR543zRhLUqIA?authuser=0&hl=en&rclk=1,,FALSE,,FALSE,,1,FALSE,FALSE,
D,8.1,dallas,Wheel Repair 360,info@wheelrepair360.com,info@wheelrepair360.com,gosom_scraper,+1 972-982-2440,http://www.wheelrepair360.com,"2528 Farrington St, Dallas, TX 75207, United States",https://www.google.com/maps/place/Wheel+Repair+360/data=!4m7!3m6!1s0x864e9bff4be65ea1:0xcb15c4869c76663b!8m2!3d32.8010835!4d-96.8401579!16s%2Fg%2F11c5rq0zw4!19sChIJoV7mS_-bToYRO2Z2nIbEFcs,,,,,,,,,,,,,,,0,,,,,,,,,,,,,368,4.8,3,10,http://www.wheelrepair360.com/,https://www.google.com/maps/place/Wheel+Repair+360/data=!4m7!3m6!1s0x864e9bff4be65ea1:0xcb15c4869c76663b!8m2!3d32.8010835!4d-96.8401579!16s%2Fg%2F11c5rq0zw4!19sChIJoV7mS_-bToYRO2Z2nIbEFcs?authuser=0&hl=en&rclk=1,,FALSE,,FALSE,,0,FALSE,FALSE,
D,8.08,dallas,P V Auto Services,,,,+1 214-828-9690,,"1712 N Fitzhugh Ave, Dallas, TX 75204, United States",https://www.google.com/maps/place/P+V+Auto+Services/data=!4m7!3m6!1s0x864e9f335b05d8ef:0xcaf6517bd6525373!8m2!3d32.8066492!4d-96.7765201!16s%2Fg%2F1w96h4b3!19sChIJ79gFWzOfToYRc1NS1ntR9so,,,,,,,,,,,,,,,0,,,,,,,,,,,,,196,4.6,12,20,,https://www.google.com/maps/place/P+V+Auto+Services/data=!4m7!3m6!1s0x864e9f335b05d8ef:0xcaf6517bd6525373!8m2!3d32.8066492!4d-96.7765201!16s%2Fg%2F1w96h4b3!19sChIJ79gFWzOfToYRc1NS1ntR9so?authuser=0&hl=en&rclk=1,,FALSE,,FALSE,,0,FALSE,FALSE,
D,8.01,dallas,Time 2 Shine PPF and Tint Detailing Studio,,,,+1 214-377-1577,https://www.dallasppfandceramic.com,"2717 Egan Ave, Dallas, TX 75235, United States",https://www.google.com/maps/place/Time+2+Shine+PPF+and+Tint+Detailing+Studio/data=!4m7!3m6!1s0x864e9d6573735dbd:0x982dab0970d486cd!8m2!3d32.8291241!4d-96.8413411!16s%2Fg%2F11ndy6xxqn!19sChIJvV1zc2WdToYRzYbUcAmrLZg,,,,,,,,,,,,,,,0,,,,,,,,,,,,,469,5,2,10,https://www.dallasppfandceramic.com/,https://www.google.com/maps/place/Time+2+Shine+PPF+and+Tint+Detailing+Studio/data=!4m7!3m6!1s0x864e9d6573735dbd:0x982dab0970d486cd!8m2!3d32.8291241!4d-96.8413411!16s%2Fg%2F11ndy6xxqn!19sChIJvV1zc2WdToYRzYbUcAmrLZg?authuser=0&hl=en&rclk=1,,FALSE,,FALSE,,0,FALSE,FALSE,
D,7.99,dallas,AutoGlass Rehab,info@myautoglassrehab.com,info@myautoglassrehab.com,gosom_scraper,+1 469-790-2619,https://www.myautoglassrehab.com,"701 Commerce St, Dallas, TX 75202, United States",https://www.google.com/maps/place/AutoGlass+Rehab/data=!4m7!3m6!1s0x864ea1e8dfb5914d:0xd879bf46bb4ccb80!8m2!3d32.7787323!4d-96.805621!16s%2Fg%2F11jgd8jwgy!19sChIJTZG13-ihToYRgMtMu0a_edg,,,,,,,,,,,,,,,0,,,,,,,,,,,,,249,4.7,2,10,https://www.myautoglassrehab.com/,https://www.google.com/maps/place/AutoGlass+Rehab/data=!4m7!3m6!1s0x864ea1e8dfb5914d:0xd879bf46bb4ccb80!8m2!3d32.7787323!4d-96.805621!16s%2Fg%2F11jgd8jwgy!19sChIJTZG13-ihToYRgMtMu0a_edg?authuser=0&hl=en&rclk=1,,FALSE,,FALSE,,0,FALSE,FALSE,
D,7.94,dallas,GlassLogic Windshield Repair,,,,+1 972-983-8571,https://www.glasslogicwindshieldrepair.com,,https://www.google.com/maps/place/GlassLogic+Windshield+Repair/data=!4m7!3m6!1s0x864c2835313d717f:0xbe16aaeefacbc0b2!8m2!3d33.0374537!4d-96.78649!16s%2Fg%2F1v8y4f6g!19sChIJf3E9MTUoTIYRssDL-u6qFr4,,,,,,,,,,,,,,,0,,,,,,,,,,,,,325,4.8,2,10,https://www.glasslogicwindshieldrepair.com/,https://www.google.com/maps/place/GlassLogic+Windshield+Repair/data=!4m7!3m6!1s0x864c2835313d717f:0xbe16aaeefacbc0b2!8m2!3d33.0374537!4d-96.78649!16s%2Fg%2F1v8y4f6g!19sChIJf3E9MTUoTIYRssDL-u6qFr4?authuser=0&hl=en&rclk=1,,FALSE,,FALSE,,0,FALSE,FALSE,
D,7.92,dallas,Dallas Cars Today,,,,+1 214-875-0331,https://dallascarstoday.com,"12063 Garland Rd, Dallas, TX 75218, United States",https://www.google.com/maps/place/Dallas+Cars+Today/data=!4m7!3m6!1s0x864ea0d7434113d7:0x6b623b0f946258fb!8m2!3d32.8606181!4d-96.6737356!16s%2Fg%2F11gh050y01!19sChIJ1xNBQ9egToYR-1hilA87Yms,,,,,,,,,,,,,,,0,,,,,,,,,,,,,436,4.9,13,21,https://dallascarstoday.com/,https://www.google.com/maps/place/Dallas+Cars+Today/data=!4m7!3m6!1s0x864ea0d7434113d7:0x6b623b0f946258fb!8m2!3d32.8606181!4d-96.6737356!16s%2Fg%2F11gh050y01!19sChIJ1xNBQ9egToYR-1hilA87Yms?authuser=0&hl=en&rclk=1,,FALSE,,FALSE,,0,FALSE,FALSE,
D,7.9,dallas,Silver Lining Collision,,,,+1 214-242-8727,https://www.slcollision.com,"1860 W Mockingbird Ln, Dallas, TX 75235, United States",https://www.google.com/maps/place/Silver+Lining+Collision/data=!4m7!3m6!1s0x864e9de0e431669d:0xd0de0883882f4a5c!8m2!3d32.821726!4d-96.853219!16s%2Fg%2F11tnbydmjw!19sChIJnWYx5OCdToYRXEoviIMI3tA,,,,,,,,,,,,,,,0,,,,,,,,,,,,,232,4.7,2,10,https://www.slcollision.com/,https://www.google.com/maps/place/Silver+Lining+Collision/data=!4m7!3m6!1s0x864e9de0e431669d:0xd0de0883882f4a5c!8m2!3d32.821726!4d-96.853219!16s%2Fg%2F11tnbydmjw!19sChIJnWYx5OCdToYRXEoviIMI3tA?authuser=0&hl=en&rclk=1,,FALSE,,FALSE,,0,FALSE,FALSE,
D,7.83,dallas,Al's Auto Repair Shop,,,,+1 214-946-4100,,"2111 Fort Worth Ave #1812, Dallas, TX 75211, United States",https://www.google.com/maps/place/Al%27s+Auto+Repair+Shop/data=!4m7!3m6!1s0x864e9bb608d13b13:0x4aa367de22d8d18b!8m2!3d32.762193!4d-96.8572955!16s%2Fg%2F1tht1w5g!19sChIJEzvRCLabToYRi9HYIt5no0o,,,,,,,,,,,,,,,0,,,,,,,,,,,,,299,4.8,52,60,,https://www.google.com/maps/place/Al%27s+Auto+Repair+Shop/data=!4m7!3m6!1s0x864e9bb608d13b13:0x4aa367de22d8d18b!8m2!3d32.762193!4d-96.8572955!16s%2Fg%2F1tht1w5g!19sChIJEzvRCLabToYRi9HYIt5no0o?authuser=0&hl=en&rclk=1,,FALSE,,FALSE,,0,FALSE,FALSE,
D,7.83,dallas,Dallas i Car,,,,+1 469-229-0000,http://dallasicar.com,"11061 Shady Trail, Dallas, TX 75229, United States",https://www.google.com/maps/place/Dallas+i+Car/data=!4m7!3m6!1s0x864e9d8969ce771d:0xa352d81ca33942b7!8m2!3d32.8832128!4d-96.8907811!16s%2Fg%2F11trcz4v3l!19sChIJHXfOaYmdToYRt0I5oxzYUqM,,,,,,,,,,,,,,,0,,,,,,,,,,,,,299,4.8,3,11,http://dallasicar.com/,https://www.google.com/maps/place/Dallas+i+Car/data=!4m7!3m6!1s0x864e9d8969ce771d:0xa352d81ca33942b7!8m2!3d32.8832128!4d-96.8907811!16s%2Fg%2F11trcz4v3l!19sChIJHXfOaYmdToYRt0I5oxzYUqM?authuser=0&hl=en&rclk=1,,FALSE,,FALSE,,0,FALSE,FALSE,
D,7.75,dallas,Excalibur Collision,,,,+1 214-824-2222,http://www.excaliburcollision.com,"710 Exposition Ave, Dallas, TX 75226, United States",https://www.google.com/maps/place/Excalibur+Collision/data=!4m7!3m6!1s0x864e9895654c272f:0x9aefbf0a118f7e5c!8m2!3d32.783097!4d-96.768903!16s%2Fg%2F1tdr8llq!19sChIJLydMZZWYToYRXH6PEQq_75o,,,,,,,,,,,,,,,0,,,,,,,,,,,,,208,4.7,2,10,http://www.excaliburcollision.com/,https://www.google.com/maps/place/Excalibur+Collision/data=!4m7!3m6!1s0x864e9895654c272f:0x9aefbf0a118f7e5c!8m2!3d32.783097!4d-96.768903!16s%2Fg%2F1tdr8llq!19sChIJLydMZZWYToYRXH6PEQq_75o?authuser=0&hl=en&rclk=1,,FALSE,,FALSE,,0,FALSE,FALSE,
D,7.7,dallas,SHWASH Mobile Car Detailing Dallas,hello@shwash.co,hello@shwash.co,gosom_scraper,+1 469-707-4692,https://www.shwash.co/dallas-tx,"3001 Knox St, Dallas, TX 75205, United States",https://www.google.com/maps/place/SHWASH+Mobile+Car+Detailing+Dallas/data=!4m7!3m6!1s0x864e9f5f146ca4e9:0xd4c4f5454b5850c4!8m2!3d32.8207957!4d-96.7874429!16s%2Fg%2F11wwp6qs7b!19sChIJ6aRsFF-fToYRxFBYS0X1xNQ,,,,,,,,,,,,,,,0,,,,,,,,,,,,,369,5,2,10,,https://www.google.com/maps/place/SHWASH+Mobile+Car+Detailing+Dallas/data=!4m7!3m6!1s0x864e9f5f146ca4e9:0xd4c4f5454b5850c4!8m2!3d32.8207957!4d-96.7874429!16s%2Fg%2F11wwp6qs7b!19sChIJ6aRsFF-fToYRxFBYS0X1xNQ?authuser=0&hl=en&rclk=1,,FALSE,,FALSE,,0,FALSE,FALSE,
D,7.69,dallas,Service Excellence Collision Repair Center LLC,,,,+1 972-479-5440,https://www.secrc.com,"10878 Plano Rd BLDG 3 SUITE A, Dallas, TX 75238, United States",https://www.google.com/maps/place/Service+Excellence+Collision+Repair+Center+LLC/data=!4m7!3m6!1s0x864ea0823a688afb:0x91452ceb3fb99405!8m2!3d32.89723!4d-96.6988076!16s%2Fg%2F11c5s6hnwf!19sChIJ-4poOoKgToYRBZS5P-ssRZE,,,,,,,,,,,,,,,0,,,,,,,,,,,,,367,5,2,10,https://www.secrc.com/,https://www.google.com/maps/place/Service+Excellence+Collision+Repair+Center+LLC/data=!4m7!3m6!1s0x864ea0823a688afb:0x91452ceb3fb99405!8m2!3d32.89723!4d-96.6988076!16s%2Fg%2F11c5s6hnwf!19sChIJ-4poOoKgToYRBZS5P-ssRZE?authuser=0&hl=en&rclk=1,,FALSE,,FALSE,,0,FALSE,FALSE,
D,7.57,dallas,Scorpio Auto Glass,perezehecatl@gmail.com,perezehecatl@gmail.com;scorpioautoglass@gmail.com,gosom_scraper;gosom_scraper,+1 214-393-7152,http://www.scorpioautoglass.com,"2 Westside Dr, Dallas, TX 75209, United States",https://www.google.com/maps/place/Scorpio+Auto+Glass/data=!4m7!3m6!1s0x864e9f97c02dde45:0xad065f6ef01f2ef9!8m2!3d32.8229312!4d-96.8179104!16s%2Fg%2F11pddy8_qj!19sChIJRd4twJefToYR-S4f8G5fBq0,,,,,,,,,,,,,,,0,,,,,,,,,,,,,98,4.5,2,10,http://www.scorpioautoglass.com/,https://www.google.com/maps/place/Scorpio+Auto+Glass/data=!4m7!3m6!1s0x864e9f97c02dde45:0xad065f6ef01f2ef9!8m2!3d32.8229312!4d-96.8179104!16s%2Fg%2F11pddy8_qj!19sChIJRd4twJefToYR-S4f8G5fBq0?authuser=0&hl=en&rclk=1,,FALSE,,FALSE,,0,FALSE,FALSE,
D,7.51,dallas,Riverfront Wheels and Auto care,garage.riverfront@gmail.com,garage.riverfront@gmail.com,gosom_scraper,+1 682-232-9909,https://www.riverfrontautodallas.com,"359 S Riverfront Blvd, Dallas, TX 75207, United States",https://www.google.com/maps/place/Riverfront+Wheels+and+Auto+care/data=!4m7!3m6!1s0x864e9944c0190c0b:0x3673f5957cac4233!8m2!3d32.7721096!4d-96.8128183!16s%2Fg%2F11wnrs83b1!19sChIJCwwZwESZToYRM0KsfJX1czY,,,,,,,,,,,,,,,0,,,,,,,,,,,,,234,4.8,2,10,https://www.riverfrontautodallas.com/,https://www.google.com/maps/place/Riverfront+Wheels+and+Auto+care/data=!4m7!3m6!1s0x864e9944c0190c0b:0x3673f5957cac4233!8m2!3d32.7721096!4d-96.8128183!16s%2Fg%2F11wnrs83b1!19sChIJCwwZwESZToYRM0KsfJX1czY?authuser=0&hl=en&rclk=1,,FALSE,,FALSE,,0,FALSE,FALSE,
D,7.51,dallas,Titan Collision & Auto Paint,,,,+1 214-319-0800,http://www.titancollisions.com,"11424 Garland Rd, Dallas, TX 75218, United States",https://www.google.com/maps/place/Titan+Collision+%26+Auto+Paint/data=!4m7!3m6!1s0x864ea123b5d7f77b:0xfb1ca14f0901c8c0!8m2!3d32.8487682!4d-96.6818287!16s%2Fg%2F1tgd6ytj!19sChIJe_fXtSOhToYRwMgBCU-hHPs,,,,,,,,,,,,,,,0,,,,,,,,,,,,,235,4.8,2,10,http://www.titancollisions.com/,https://www.google.com/maps/place/Titan+Collision+%26+Auto+Paint/data=!4m7!3m6!1s0x864ea123b5d7f77b:0xfb1ca14f0901c8c0!8m2!3d32.8487682!4d-96.6818287!16s%2Fg%2F1tgd6ytj!19sChIJe_fXtSOhToYRwMgBCU-hHPs?authuser=0&hl=en&rclk=1,,FALSE,,FALSE,,0,FALSE,FALSE,
D,7.4,dallas,Felix Transmissions,,,,+1 214-729-1643,https://felixtransmissions.com,"2818 Ruder St, Dallas, TX 75212, United States",https://www.google.com/maps/place/Felix+Transmissions/data=!4m7!3m6!1s0x864e9b4af9c91c55:0x2d7d2584c48dc06f!8m2!3d32.7775552!4d-96.9184048!16s%2Fg%2F11bbrhhsv_!19sChIJVRzJ-UqbToYRb8CNxIQlfS0,,,,,,,,,,,,,,,0,,,,,,,,,,,,,159,4.7,8,106,https://felixtransmissions.com/,https://www.google.com/maps/place/Felix+Transmissions/data=!4m7!3m6!1s0x864e9b4af9c91c55:0x2d7d2584c48dc06f!8m2!3d32.7775552!4d-96.9184048!16s%2Fg%2F11bbrhhsv_!19sChIJVRzJ-UqbToYRb8CNxIQlfS0?authuser=0&hl=en&rclk=1,,FALSE,,FALSE,,0,FALSE,FALSE,
D,7.37,dallas,Snappee Auto Care,info@snappeeautocare.com,info@snappeeautocare.com,gosom_scraper,+1 214-956-8040,https://www.snappeeautocare.com,"5111 W Lovers Ln Ste A, Dallas, TX 75209, United States",https://www.google.com/maps/place/Snappee+Auto+Care/data=!4m7!3m6!1s0x864e9e632533e9af:0xf68e04a076e259c8!8m2!3d32.8516155!4d-96.8235686!16s%2Fg%2F12640pjt7!19sChIJr-kzJWOeToYRyFnidqAEjvY,,,,,,,,,,,,,,,0,,,,,,,,,,,,,210,4.8,2,10,https://www.snappeeautocare.com/,https://www.google.com/maps/place/Snappee+Auto+Care/data=!4m7!3m6!1s0x864e9e632533e9af:0xf68e04a076e259c8!8m2!3d32.8516155!4d-96.8235686!16s%2Fg%2F12640pjt7!19sChIJr-kzJWOeToYRyFnidqAEjvY?authuser=0&hl=en&rclk=1,,FALSE,,FALSE,,0,FALSE,FALSE,
D,7.35,dallas,Best Choice Auto & Body,,,,+1 972-234-8199,,"13680 Floyd Cir, Dallas, TX 75243, United States",https://www.google.com/maps/place/Best+Choice+Auto+%26+Body/data=!4m7!3m6!1s0x864c1f87ae963af9:0x4ab691b60debe413!8m2!3d32.9331543!4d-96.7470335!16s%2Fg%2F1vfwd7sp!19sChIJ-TqWrocfTIYRE-TrDbaRtko,,,,,,,,,,,,,,,0,,,,,,,,,,,,,208,4.8,2,10,,https://www.google.com/maps/place/Best+Choice+Auto+%26+Body/data=!4m7!3m6!1s0x864c1f87ae963af9:0x4ab691b60debe413!8m2!3d32.9331543!4d-96.7470335!16s%2Fg%2F1vfwd7sp!19sChIJ-TqWrocfTIYRE-TrDbaRtko?authuser=0&hl=en&rclk=1,,FALSE,,FALSE,,0,FALSE,FALSE,
D,7.17,dallas,Helping Hands Mobile Details,bigsleepy42067@gmail.com,bigsleepy42067@gmail.com;info@aql-theme.com;support@aql-theme.com,gosom_scraper;gosom_scraper;gosom_scraper,+1 972-388-4721,https://hhmobiledetail.com,"18516 Shelton Way, Dallas, TX 75252, United States",https://www.google.com/maps/place/Helping+Hands+Mobile+Details/data=!4m7!3m6!1s0x864c27275a0ef23b:0xefadd51c29e6eff8!8m2!3d33.0036849!4d-96.7980892!16s%2Fg%2F11gfmb_p3n!19sChIJO_IOWicnTIYR-O_mKRzVre8,,,,,,,,,,,,,,,0,,,,,,,,,,,,,133,4.7,3,10,https://hhmobiledetail.com/,https://www.google.com/maps/place/Helping+Hands+Mobile+Details/data=!4m7!3m6!1s0x864c27275a0ef23b:0xefadd51c29e6eff8!8m2!3d33.0036849!4d-96.7980892!16s%2Fg%2F11gfmb_p3n!19sChIJO_IOWicnTIYR-O_mKRzVre8?authuser=0&hl=en&rclk=1,,FALSE,,FALSE,,0,FALSE,FALSE,
D,7.12,dallas,Fuentes auto repair,,,,+1 972-503-5990,,"5354 W Jefferson Blvd Suit 106, Dallas, TX 75211, United States",https://www.google.com/maps/place/Fuentes+auto+repair/data=!4m7!3m6!1s0x864e9b79bd7728b5:0xef455224fb6a8d21!8m2!3d32.7460579!4d-96.9136654!16s%2Fg%2F11j8y_w2rg!19sChIJtSh3vXmbToYRIY1q-yRSRe8,,,,,,,,,,,,,,,0,,,,,,,,,,,,,236,4.9,62,70,,https://www.google.com/maps/place/Fuentes+auto+repair/data=!4m7!3m6!1s0x864e9b79bd7728b5:0xef455224fb6a8d21!8m2!3d32.7460579!4d-96.9136654!16s%2Fg%2F11j8y_w2rg!19sChIJtSh3vXmbToYRIY1q-yRSRe8?authuser=0&hl=en&rclk=1,,FALSE,,FALSE,,0,FALSE,FALSE,
D,7.08,dallas,Supreme Mobile Car Wash Detail,detailsupreme6@gmail.com,detailsupreme6@gmail.com,gosom_scraper,+1 214-779-5085,https://detailsupremedfw.com,"5301 Alpha Rd Suite 80-83, Dallas, TX 75240, United States",https://www.google.com/maps/place/Supreme+Mobile+Car+Wash+Detail/data=!4m7!3m6!1s0x864e9ff224ec1cff:0x2ba2b6e081a7831d!8m2!3d32.9341807!4d-96.8170538!16s%2Fg%2F11hzys_ghx!19sChIJ_xzsJPKfToYRHYOngeC2ois,,,,,,,,,,,,,,,0,,,,,,,,,,,,,169,4.8,4,11,https://detailsupremedfw.com/,https://www.google.com/maps/place/Supreme+Mobile+Car+Wash+Detail/data=!4m7!3m6!1s0x864e9ff224ec1cff:0x2ba2b6e081a7831d!8m2!3d32.9341807!4d-96.8170538!16s%2Fg%2F11hzys_ghx!19sChIJ_xzsJPKfToYRHYOngeC2ois?authuser=0&hl=en&rclk=1,,FALSE,,FALSE,,0,FALSE,FALSE,
D,6.97,dallas,Mayo's Body Shop,,,,+1 214-744-0766,https://mayosbodyshop.com,"314 Harbin St, Dallas, TX 75208, United States",https://www.google.com/maps/place/Mayo%27s+Body+Shop/data=!4m7!3m6!1s0x864e9964415729c1:0xd758365cefc436a!8m2!3d32.773062!4d-96.8281104!16s%2Fg%2F1vlzbsbz!19sChIJwSlXQWSZToYRakP8zmWDdQ0,,,,,,,,,,,,,,,0,,,,,,,,,,,,,210,4.9,3,11,https://mayosbodyshop.com/,https://www.google.com/maps/place/Mayo%27s+Body+Shop/data=!4m7!3m6!1s0x864e9964415729c1:0xd758365cefc436a!8m2!3d32.773062!4d-96.8281104!16s%2Fg%2F1vlzbsbz!19sChIJwSlXQWSZToYRakP8zmWDdQ0?authuser=0&hl=en&rclk=1,,FALSE,,FALSE,,0,FALSE,FALSE,
D,6.95,dallas,Veloz EZ - Official Vehicle State Inspection,,,,+1 214-604-0374,,"606 N Willomet Ave, Dallas, TX 75208, United States",https://www.google.com/maps/place/Veloz+EZ+-+Official+Vehicle+State+Inspection/data=!4m7!3m6!1s0x864e9bba56b8e8eb:0x58ae1dce04cf17ce!8m2!3d32.7499072!4d-96.840193!16s%2Fg%2F11fp32pd1c!19sChIJ6-i4VrqbToYRzhfPBM4drlg,,,,,,,,,,,,,,,0,,,,,,,,,,,,,112,4.7,63,70,,https://www.google.com/maps/place/Veloz+EZ+-+Official+Vehicle+State+Inspection/data=!4m7!3m6!1s0x864e9bba56b8e8eb:0x58ae1dce04cf17ce!8m2!3d32.7499072!4d-96.840193!16s%2Fg%2F11fp32pd1c!19sChIJ6-i4VrqbToYRzhfPBM4drlg?authuser=0&hl=en&rclk=1,,FALSE,,FALSE,,0,FALSE,FALSE,
D,6.89,dallas,AB Professional Car Detailing and Ceramic Coating Dallas,,,,+1 469-922-6460,https://www.abprofessionaldetailing.com,"5706 E Mockingbird Ln #115, Dallas, TX 75206, United States",https://www.google.com/maps/place/AB+Professional+Car+Detailing+and+Ceramic+Coating+Dallas/data=!4m7!3m6!1s0x1f19c3ebf047eb7:0xbd9ecb247c9fdfd1!8m2!3d32.8361616!4d-96.7696898!16s%2Fg%2F11jztmbywh!19sChIJt34Evz6c8QER0d-ffCTLnr0,,,,,,,,,,,,,,,0,,,,,,,,,,,,,198,5,2,10,https://www.abprofessionaldetailing.com/,https://www.google.com/maps/place/AB+Professional+Car+Detailing+and+Ceramic+Coating+Dallas/data=!4m7!3m6!1s0x1f19c3ebf047eb7:0xbd9ecb247c9fdfd1!8m2!3d32.8361616!4d-96.7696898!16s%2Fg%2F11jztmbywh!19sChIJt34Evz6c8QER0d-ffCTLnr0?authuser=0&hl=en&rclk=1,,FALSE,,FALSE,,0,FALSE,FALSE,
D,6.82,dallas,Shine City Auto Detailing,,,,+1 469-427-8162,https://shinecitydetailing.com,"6234 Winton St, Dallas, TX 75214, United States",https://www.google.com/maps/place/Shine+City+Auto+Detailing/data=!4m7!3m6!1s0xf2882e9a2fecdfd:0x94295c1cd59cca74!8m2!3d32.8352351!4d-96.7567713!16s%2Fg%2F11q3z8z__2!19sChIJ_c3-oumCKA8RdMqc1RxcKZQ,,,,,,,,,,,,,,,0,,,,,,,,,,,,,187,5,2,10,https://shinecitydetailing.com/,https://www.google.com/maps/place/Shine+City+Auto+Detailing/data=!4m7!3m6!1s0xf2882e9a2fecdfd:0x94295c1cd59cca74!8m2!3d32.8352351!4d-96.7567713!16s%2Fg%2F11q3z8z__2!19sChIJ_c3-oumCKA8RdMqc1RxcKZQ?authuser=0&hl=en&rclk=1,,FALSE,,FALSE,,0,FALSE,FALSE,
D,6.78,dallas,WindshieldHUB,quotes@windshieldhub.com,quotes@windshieldhub.com,gosom_scraper,+1 214-225-2468,https://www.windshieldhub.com/texas/dallas,"1910 Pacific Ave Suit 2000, Dallas, TX 75201, United States",https://www.google.com/maps/place/WindshieldHUB/data=!4m7!3m6!1s0x864e995c63a3b235:0xcc35ba6efd6ef325!8m2!3d32.7826453!4d-96.7954613!16s%2Fg%2F11wxjrtx4k!19sChIJNbKjY1yZToYRJfNu_W66Ncw,,,,,,,,,,,,,,,0,,,,,,,,,,,,,182,5,2,10,https://www.windshieldhub.com/texas/dallas?utm_medium=local&utm_source=google&utm_campaign=gbp&utm_term=dallas,https://www.google.com/maps/place/WindshieldHUB/data=!4m7!3m6!1s0x864e995c63a3b235:0xcc35ba6efd6ef325!8m2!3d32.7826453!4d-96.7954613!16s%2Fg%2F11wxjrtx4k!19sChIJNbKjY1yZToYRJfNu_W66Ncw?authuser=0&hl=en&rclk=1,,FALSE,,FALSE,,0,FALSE,FALSE,
D,6.76,dallas,Tic Tac Mobile Wash & Detailing,,,,+1 214-290-6547,http://tictacdetailing.com,"2nd Ave, Dallas, TX 75226, United States",https://www.google.com/maps/place/Tic+Tac+Mobile+Wash+%26+Detailing/data=!4m7!3m6!1s0x864e98ea96af4879:0x3c3ff3094b5bb4d3!8m2!3d32.7809149!4d-96.7687623!16s%2Fg%2F11cs0wqswr!19sChIJeUivluqYToYR07RbSwnzPzw,,,,,,,,,,,,,,,0,,,,,,,,,,,,,132,4.8,12,20,http://tictacdetailing.com/,https://www.google.com/maps/place/Tic+Tac+Mobile+Wash+%26+Detailing/data=!4m7!3m6!1s0x864e98ea96af4879:0x3c3ff3094b5bb4d3!8m2!3d32.7809149!4d-96.7687623!16s%2Fg%2F11cs0wqswr!19sChIJeUivluqYToYR07RbSwnzPzw?authuser=0&hl=en&rclk=1,,FALSE,,FALSE,,0,FALSE,FALSE,
D,6.73,dallas,Dallas European Collision & Auto Repair,info@indiantypefoundry.com,info@indiantypefoundry.com,gosom_scraper,+1 214-351-5700,https://dallaseuropean.com,"11457 Reeder Rd, Dallas, TX 75229, United States",https://www.google.com/maps/place/Dallas+European+Collision+%26+Auto+Repair/data=!4m7!3m6!1s0x864c2792785b78fd:0x52736bf153d82cee!8m2!3d32.90025!4d-96.896232!16s%2Fg%2F1tg4lsr2!19sChIJ_XhbeJInTIYR7izYU_Frc1I,,,,,,,,,,,,,,,0,,,,,,,,,,,,,175,4.9,2,10,https://dallaseuropean.com/,https://www.google.com/maps/place/Dallas+European+Collision+%26+Auto+Repair/data=!4m7!3m6!1s0x864c2792785b78fd:0x52736bf153d82cee!8m2!3d32.90025!4d-96.896232!16s%2Fg%2F1tg4lsr2!19sChIJ_XhbeJInTIYR7izYU_Frc1I?authuser=0&hl=en&rclk=1,,FALSE,,FALSE,,0,FALSE,FALSE,
D,6.58,dallas,Jose's Body Shop,,,,+1 214-333-0200,http://www.josesbodyshop.com,"5815 W Jefferson Blvd, Dallas, TX 75211, United States",https://www.google.com/maps/place/Jose%27s+Body+Shop/data=!4m7!3m6!1s0x864e852b4ec8aa2d:0x401dc69987cb9e5e!8m2!3d32.7483766!4d-96.921439!16s%2Fg%2F113hvgp8d!19sChIJLarITiuFToYRXp7Lh5nGHUA,,,,,,,,,,,,,,,0,,,,,,,,,,,,,156,4.9,2,10,http://www.josesbodyshop.com/,https://www.google.com/maps/place/Jose%27s+Body+Shop/data=!4m7!3m6!1s0x864e852b4ec8aa2d:0x401dc69987cb9e5e!8m2!3d32.7483766!4d-96.921439!16s%2Fg%2F113hvgp8d!19sChIJLarITiuFToYRXp7Lh5nGHUA?authuser=0&hl=en&rclk=1,,FALSE,,FALSE,,0,FALSE,FALSE,
D,6.55,dallas,Martin Auto Detailing,info@martinautodetailing.com,info@martinautodetailing.com,gosom_scraper,+1 972-895-9432,https://www.martinautodetailing.com,"6115 Owens St Unit 306, Dallas, TX 75235, United States",https://www.google.com/maps/place/Martin+Auto+Detailing/data=!4m7!3m6!1s0x864e9f7080be46b3:0xf2029c1e41b6e58a!8m2!3d32.8260564!4d-96.838539!16s%2Fg%2F11pww7jn40!19sChIJs0a-gHCfToYRiuW2QR6cAvI,,,,,,,,,,,,,,,0,,,,,,,,,,,,,153,5,3,11,https://www.martinautodetailing.com/?utm_campaign=gmb,https://www.google.com/maps/place/Martin+Auto+Detailing/data=!4m7!3m6!1s0x864e9f7080be46b3:0xf2029c1e41b6e58a!8m2!3d32.8260564!4d-96.838539!16s%2Fg%2F11pww7jn40!19sChIJs0a-gHCfToYRiuW2QR6cAvI?authuser=0&hl=en&rclk=1,,FALSE,,FALSE,,0,FALSE,FALSE,
D,6.54,dallas,Sweet's Auto Detailing,info@sweetsdetailing.com,info@sweetsdetailing.com,gosom_scraper,+1 214-709-6567,http://www.sweetsdetailing.com,"2750 Northaven Rd Suite 105, Dallas, TX 75229, United States",https://www.google.com/maps/place/Sweet%27s+Auto+Detailing/data=!4m7!3m6!1s0x864e878d2e952179:0x6c10504ae257917!8m2!3d32.9031864!4d-96.8865134!16s%2Fg%2F11qnrhf_fn!19sChIJeSGVLo2HToYRF3klrgQFwQY,,,,,,,,,,,,,,,0,,,,,,,,,,,,,151,4.9,2,10,http://www.sweetsdetailing.com/,https://www.google.com/maps/place/Sweet%27s+Auto+Detailing/data=!4m7!3m6!1s0x864e878d2e952179:0x6c10504ae257917!8m2!3d32.9031864!4d-96.8865134!16s%2Fg%2F11qnrhf_fn!19sChIJeSGVLo2HToYRF3klrgQFwQY?authuser=0&hl=en&rclk=1,,FALSE,,FALSE,,1,FALSE,FALSE,
D,6.5,dallas,Cash Upholstery,,,,+1 972-245-5744,http://www.cashupholstery.com,"1325 W Whitlock Ln # 101, Carrollton, TX 75006, United States",https://www.google.com/maps/place/Cash+Upholstery/data=!4m7!3m6!1s0x864c2604e9ae2f89:0xb731adc671153dd2!8m2!3d32.9682265!4d-96.912162!16s%2Fg%2F1tgf3m82!19sChIJiS-u6QQmTIYR0j0VccatMbc,,,,,,,,,,,,,,,0,,,,,,,,,,,,,43,4.5,3,31,http://www.cashupholstery.com/,https://www.google.com/maps/place/Cash+Upholstery/data=!4m7!3m6!1s0x864c2604e9ae2f89:0xb731adc671153dd2!8m2!3d32.9682265!4d-96.912162!16s%2Fg%2F1tgf3m82!19sChIJiS-u6QQmTIYR0j0VccatMbc?authuser=0&hl=en&rclk=1,,FALSE,,FALSE,,0,FALSE,FALSE,
D,6.47,dallas,MT TIRE SHOP,,,,+1 972-213-2356,,"5205 W Jefferson Blvd, Dallas, TX 75211, United States",https://www.google.com/maps/place/MT+TIRE+SHOP/data=!4m7!3m6!1s0x864e9ad0c2255555:0x4e983b34b5847db0!8m2!3d32.7463731!4d-96.9119041!16s%2Fg%2F11f50k82cv!19sChIJVVUlwtCaToYRsH2EtTQ7mE4,,,,,,,,,,,,,,,0,,,,,,,,,,,,,143,4.9,2,10,,https://www.google.com/maps/place/MT+TIRE+SHOP/data=!4m7!3m6!1s0x864e9ad0c2255555:0x4e983b34b5847db0!8m2!3d32.7463731!4d-96.9119041!16s%2Fg%2F11f50k82cv!19sChIJVVUlwtCaToYRsH2EtTQ7mE4?authuser=0&hl=en&rclk=1,,FALSE,,FALSE,,0,FALSE,FALSE,
D,6.47,dallas,Prestige Collision Repair,,,,+1 214-577-5927,http://www.prestigecollisionrepairdallas.com,"10203 Plano Rd #104, Dallas, TX 75238, United States",https://www.google.com/maps/place/Prestige+Collision+Repair/data=!4m7!3m6!1s0x864ea088aa0f4a31:0x24a2ebe2e3e2f0e6!8m2!3d32.8880527!4d-96.701474!16s%2Fg%2F11b7m9l1s0!19sChIJMUoPqoigToYR5vDi4-LroiQ,,,,,,,,,,,,,,,0,,,,,,,,,,,,,143,5,2,10,http://www.prestigecollisionrepairdallas.com/,https://www.google.com/maps/place/Prestige+Collision+Repair/data=!4m7!3m6!1s0x864ea088aa0f4a31:0x24a2ebe2e3e2f0e6!8m2!3d32.8880527!4d-96.701474!16s%2Fg%2F11b7m9l1s0!19sChIJMUoPqoigToYR5vDi4-LroiQ?authuser=0&hl=en&rclk=1,,FALSE,,FALSE,,0,FALSE,FALSE,
D,6.37,dallas,North Texas Fleet Services by Merx Truck & Trailer,,,,+1 972-278-2400,https://www.merxtt.com,"2938 Oakland Ave, Garland, TX 75041, United States",https://www.google.com/maps/place/North+Texas+Fleet+Services+by+Merx+Truck+%26+Trailer/data=!4m7!3m6!1s0x864ea0ca32136bc5:0x384e124ebd7130ce!8m2!3d32.875166!4d-96.6732758!16s%2Fg%2F1tdq_3nh!19sChIJxWsTMsqgToYRzjBxvU4STjg,,,,,,,,,,,,,,,0,,,,,,,,,,,,,21,4.3,8,15,https://www.merxtt.com/,https://www.google.com/maps/place/North+Texas+Fleet+Services+by+Merx+Truck+%26+Trailer/data=!4m7!3m6!1s0x864ea0ca32136bc5:0x384e124ebd7130ce!8m2!3d32.875166!4d-96.6732758!16s%2Fg%2F1tdq_3nh!19sChIJxWsTMsqgToYRzjBxvU4STjg?authuser=0&hl=en&rclk=1,,FALSE,,FALSE,,0,FALSE,FALSE,
D,6.35,dallas,Highlife Audio Fabrication,,,,+1 469-466-8060,https://www.highlife-audio.com,"9959 Royal Ln #1, Dallas, TX 75231, United States",https://www.google.com/maps/place/Highlife+Audio+Fabrication/data=!4m7!3m6!1s0x864ea1ff4c21fecf:0x1144fdce5b450dd7!8m2!3d32.8947457!4d-96.7190905!16s%2Fg%2F11nnlznh7k!19sChIJz_4hTP-hToYR1w1FW879RBE,,,,,,,,,,,,,,,0,,,,,,,,,,,,,131,4.9,2,122,https://www.highlife-audio.com/,https://www.google.com/maps/place/Highlife+Audio+Fabrication/data=!4m7!3m6!1s0x864ea1ff4c21fecf:0x1144fdce5b450dd7!8m2!3d32.8947457!4d-96.7190905!16s%2Fg%2F11nnlznh7k!19sChIJz_4hTP-hToYR1w1FW879RBE?authuser=0&hl=en&rclk=1,,FALSE,,FALSE,,0,FALSE,FALSE,
D,6.32,dallas,Detail Werkz Dallas LLC,,,,+1 972-880-7277,http://www.detailwerkz.com,"1611 Tantor Rd Ste B, Dallas, TX 75229, United States",https://www.google.com/maps/place/Detail+Werkz+Dallas+LLC/data=!4m7!3m6!1s0x864c2789b0a7e2df:0x20c6abbfe72e93d9!8m2!3d32.8914684!4d-96.9176989!16s%2Fg%2F1tdk0_0w!19sChIJ3-KnsIknTIYR2ZMu57-rxiA,,,,,,,,,,,,,,,0,,,,,,,,,,,,,69,4.7,2,10,http://www.detailwerkz.com/,https://www.google.com/maps/place/Detail+Werkz+Dallas+LLC/data=!4m7!3m6!1s0x864c2789b0a7e2df:0x20c6abbfe72e93d9!8m2!3d32.8914684!4d-96.9176989!16s%2Fg%2F1tdk0_0w!19sChIJ3-KnsIknTIYR2ZMu57-rxiA?authuser=0&hl=en&rclk=1,,FALSE,,FALSE,,0,FALSE,FALSE,
D,6.32,dallas,M&V Auto Parts,MVAutoParts14@gmail.com,MVAutoParts14@gmail.com,gosom_scraper,+1 214-545-7627,http://www.mvautoparts.net,"2343 Cartwright St Suite #130, Dallas, TX 75212, United States",https://www.google.com/maps/place/M%26V+Auto+Parts/data=!4m7!3m6!1s0x864e9b351a19b40f:0xfc34cdb25b79b91f!8m2!3d32.7734917!4d-96.9194163!16s%2Fg%2F11fxcf1xpl!19sChIJD7QZGjWbToYRH7l5W7LNNPw,,,,,,,,,,,,,,,0,,,,,,,,,,,,,51,4.6,4,37,http://www.mvautoparts.net/,https://www.google.com/maps/place/M%26V+Auto+Parts/data=!4m7!3m6!1s0x864e9b351a19b40f:0xfc34cdb25b79b91f!8m2!3d32.7734917!4d-96.9194163!16s%2Fg%2F11fxcf1xpl!19sChIJD7QZGjWbToYRH7l5W7LNNPw?authuser=0&hl=en&rclk=1,,FALSE,,FALSE,,0,FALSE,FALSE,
D,6.3,dallas,Trinity Auto Leather and Accessories,,,,+1 972-272-2722,http://trinityleatherandaccessories.com,"1616 Range Dr #109, Mesquite, TX 75149, United States",https://www.google.com/maps/place/Trinity+Auto+Leather+and+Accessories/data=!4m7!3m6!1s0x864ea0dd8423551f:0x9e0e9fd6339eaff2!8m2!3d32.785932!4d-96.5983049!16s%2Fg%2F11cnrhlfnh!19sChIJH1UjhN2gToYR8q-eM9afDp4,,,,,,,,,,,,,,,0,,,,,,,,,,,,,50,4.6,3,40,http://trinityleatherandaccessories.com/,https://www.google.com/maps/place/Trinity+Auto+Leather+and+Accessories/data=!4m7!3m6!1s0x864ea0dd8423551f:0x9e0e9fd6339eaff2!8m2!3d32.785932!4d-96.5983049!16s%2Fg%2F11cnrhlfnh!19sChIJH1UjhN2gToYR8q-eM9afDp4?authuser=0&hl=en&rclk=1,,FALSE,,FALSE,,0,FALSE,FALSE,
D,6.24,dallas,Concours Paint & Body,,,,+1 972-247-4700,http://concoursdallas.com,"11415 Anaheim Dr, Dallas, TX 75229, United States",https://www.google.com/maps/place/Concours+Paint+%26+Body/data=!4m7!3m6!1s0x864c2790cbd5e941:0x6fdb9f7463f6efbc!8m2!3d32.9056189!4d-96.8907238!16s%2Fg%2F1thlzvmb!19sChIJQenVy5AnTIYRvO_2Y3Sf228,,,,,,,,,,,,,,,0,,,,,,,,,,,,,65,4.7,45,52,http://concoursdallas.com/,https://www.google.com/maps/place/Concours+Paint+%26+Body/data=!4m7!3m6!1s0x864c2790cbd5e941:0x6fdb9f7463f6efbc!8m2!3d32.9056189!4d-96.8907238!16s%2Fg%2F1thlzvmb!19sChIJQenVy5AnTIYRvO_2Y3Sf228?authuser=0&hl=en&rclk=1,,FALSE,,FALSE,,0,FALSE,FALSE,
D,6.14,dallas,Metroplex Collision Center - Auto Body Shop Dallas TX,,,,+1 214-810-1511,https://www.autobodyshopdallastx.com,"3740 W Ledbetter Dr, Dallas, TX 75233, United States",https://www.google.com/maps/place/Metroplex+Collision+Center+-+Auto+Body+Shop+Dallas+TX/data=!4m7!3m6!1s0x864e90613074575d:0xcb87d15e294f3ff9!8m2!3d32.6908798!4d-96.88252!16s%2Fg%2F11j4fdk7px!19sChIJXVd0MGGQToYR-T9PKV7Rh8s,,,,,,,,,,,,,,,0,,,,,,,,,,,,,82,4.8,3,11,https://www.autobodyshopdallastx.com/,https://www.google.com/maps/place/Metroplex+Collision+Center+-+Auto+Body+Shop+Dallas+TX/data=!4m7!3m6!1s0x864e90613074575d:0xcb87d15e294f3ff9!8m2!3d32.6908798!4d-96.88252!16s%2Fg%2F11j4fdk7px!19sChIJXVd0MGGQToYR-T9PKV7Rh8s?authuser=0&hl=en&rclk=1,,FALSE,,FALSE,,0,FALSE,FALSE,
D,6.14,dallas,Official Vehicle Inspection Station,,,,,,"18093 Coit Rd, Dallas, TX 75252, United States",https://www.google.com/maps/place/Official+Vehicle+Inspection+Station/data=!4m7!3m6!1s0x864c221783d8ee65:0xf1e18144017dcb58!8m2!3d32.9972058!4d-96.7683594!16s%2Fg%2F11gglt84t3!19sChIJZe7YgxciTIYRWMt9AUSB4fE,,,,,,,,,,,,,,,0,,,,,,,,,,,,,24,4.4,12,20,,https://www.google.com/maps/place/Official+Vehicle+Inspection+Station/data=!4m7!3m6!1s0x864c221783d8ee65:0xf1e18144017dcb58!8m2!3d32.9972058!4d-96.7683594!16s%2Fg%2F11gglt84t3!19sChIJZe7YgxciTIYRWMt9AUSB4fE?authuser=0&hl=en&rclk=1,,FALSE,,FALSE,,0,FALSE,TRUE,malformed
D,6.06,dallas,Compean Auto Works,compeanautoworks637@gmail.com,compeanautoworks637@gmail.com,gosom_scraper,+1 469-650-8043,http://compeanautobody.com,"11111 Shady Trail, Dallas, TX 75229, United States",https://www.google.com/maps/place/Compean+Auto+Works/data=!4m7!3m6!1s0x864c27927fa8101b:0xe01743aa95f74143!8m2!3d32.8845301!4d-96.8909193!16s%2Fg%2F11ggkz474h!19sChIJGxCof5InTIYRQ0H3lapDF-A,,,,,,,,,,,,,,,0,,,,,,,,,,,,,105,4.9,2,10,http://compeanautobody.com/,https://www.google.com/maps/place/Compean+Auto+Works/data=!4m7!3m6!1s0x864c27927fa8101b:0xe01743aa95f74143!8m2!3d32.8845301!4d-96.8909193!16s%2Fg%2F11ggkz474h!19sChIJGxCof5InTIYRQ0H3lapDF-A?authuser=0&hl=en&rclk=1,,FALSE,,FALSE,,1,FALSE,FALSE,
D,5.95,dallas,L & R Paint & Body Shop,,,,+1 972-484-3595,,"12130 Harry Hines Blvd, Dallas, TX 75234, United States",https://www.google.com/maps/place/L+%26+R+Paint+%26+Body+Shop/data=!4m7!3m6!1s0x864c27be62f96bf9:0x68eabc2fb5908270!8m2!3d32.9140405!4d-96.8962645!16s%2Fg%2F1tgjlpql!19sChIJ-Wv5Yr4nTIYRcIKQtS-86mg,,,,,,,,,,,,,,,0,,,,,,,,,,,,,52,4.7,33,40,,https://www.google.com/maps/place/L+%26+R+Paint+%26+Body+Shop/data=!4m7!3m6!1s0x864c27be62f96bf9:0x68eabc2fb5908270!8m2!3d32.9140405!4d-96.8962645!16s%2Fg%2F1tgjlpql!19sChIJ-Wv5Yr4nTIYRcIKQtS-86mg?authuser=0&hl=en&rclk=1,,FALSE,,FALSE,,0,FALSE,FALSE,
D,5.94,dallas,Lone Star Trim,,,,+1 972-721-1317,https://rogerslonestartrim.com,"1011 Regal Row, Dallas, TX 75247, United States",https://www.google.com/maps/place/Lone+Star+Trim/data=!4m7!3m6!1s0x864e83535d7e6dc7:0xe083112231a1d51a!8m2!3d32.82675!4d-96.8886362!16s%2Fg%2F1tsyq5qq!19sChIJx21-XVODToYRGtWhMSIRg-A,,,,,,,,,,,,,,,0,,,,,,,,,,,,,38,4.6,1,29,https://rogerslonestartrim.com/,https://www.google.com/maps/place/Lone+Star+Trim/data=!4m7!3m6!1s0x864e83535d7e6dc7:0xe083112231a1d51a!8m2!3d32.82675!4d-96.8886362!16s%2Fg%2F1tsyq5qq!19sChIJx21-XVODToYRGtWhMSIRg-A?authuser=0&hl=en&rclk=1,,FALSE,,FALSE,,1,FALSE,FALSE,
D,5.93,dallas,Dallas Glass and Auto,info@dallasglassandauto.com,info@dallasglassandauto.com,gosom_scraper,+1 972-900-7194,http://dallasglassandauto.com,,https://www.google.com/maps/place/Dallas+Glass+and+Auto/data=!4m7!3m6!1s0x864c221f9b820ccf:0x7740cbd7e5fff7e4!8m2!3d32.9596524!4d-96.8245621!16s%2Fg%2F1pp2x6ck1!19sChIJzwyCmx8iTIYR5Pf_5dfLQHc,,,,,,,,,,,,,,,0,,,,,,,,,,,,,95,5,2,10,http://dallasglassandauto.com/,https://www.google.com/maps/place/Dallas+Glass+and+Auto/data=!4m7!3m6!1s0x864c221f9b820ccf:0x7740cbd7e5fff7e4!8m2!3d32.9596524!4d-96.8245621!16s%2Fg%2F1pp2x6ck1!19sChIJzwyCmx8iTIYR5Pf_5dfLQHc?authuser=0&hl=en&rclk=1,,FALSE,,FALSE,,0,FALSE,FALSE,
D,5.9,dallas,"iCandy Auto Body- Dallas, TX",,,,+1 214-924-0959,http://www.icandyautobody.net,"1908 W Mockingbird Ln, Dallas, TX 75235, United States","https://www.google.com/maps/place/iCandy+Auto+Body-+Dallas,+TX/data=!4m7!3m6!1s0x864e9e9a5827f94b:0x51813263e98e423b!8m2!3d32.8216756!4d-96.8520609!16s%2Fg%2F12q4xv291!19sChIJS_knWJqeToYRO0KO6WMygVE",,,,,,,,,,,,,,,0,,,,,,,,,,,,,68,4.8,3,11,http://www.icandyautobody.net/,"https://www.google.com/maps/place/iCandy+Auto+Body-+Dallas,+TX/data=!4m7!3m6!1s0x864e9e9a5827f94b:0x51813263e98e423b!8m2!3d32.8216756!4d-96.8520609!16s%2Fg%2F12q4xv291!19sChIJS_knWJqeToYRO0KO6WMygVE?authuser=0&hl=en&rclk=1",,FALSE,,FALSE,,0,FALSE,FALSE,
D,5.89,dallas,A&M Glass Service,,,,+1 214-327-9988,http://www.amglassservice.com,"12243 Shiloh Rd, Dallas, TX 75228, United States",https://www.google.com/maps/place/A%26M+Glass+Service/data=!4m7!3m6!1s0x864ea0d255f52c81:0x6eedc1f89bc761ce!8m2!3d32.8650257!4d-96.6661204!16s%2Fg%2F12qfbb8z3!19sChIJgSz1VdKgToYRzmHHm_jB7W4,,,,,,,,,,,,,,,0,,,,,,,,,,,,,92,4.9,62,70,http://www.amglassservice.com/,https://www.google.com/maps/place/A%26M+Glass+Service/data=!4m7!3m6!1s0x864ea0d255f52c81:0x6eedc1f89bc761ce!8m2!3d32.8650257!4d-96.6661204!16s%2Fg%2F12qfbb8z3!19sChIJgSz1VdKgToYRzmHHm_jB7W4?authuser=0&hl=en&rclk=1,,FALSE,,FALSE,,0,FALSE,FALSE,
D,5.89,dallas,AUTO SPA PROS,,,,+1 866-979-6685,https://app.urable.com/form/GlW16BBgLQum4noUzmwD/MHbdPIDATHVpYoZcgcf9,"2533 Farrington St, Dallas, TX 75207, United States",https://www.google.com/maps/place/AUTO+SPA+PROS/data=!4m7!3m6!1s0x864e9b280acb1fb7:0x33e246df4a9d1bcd!8m2!3d32.8008809!4d-96.8410398!16s%2Fg%2F11t4cpx30f!19sChIJtx_LCiibToYRzRudSt9G4jM,,,,,,,,,,,,,,,0,,,,,,,,,,,,,92,4.9,36,44,,https://www.google.com/maps/place/AUTO+SPA+PROS/data=!4m7!3m6!1s0x864e9b280acb1fb7:0x33e246df4a9d1bcd!8m2!3d32.8008809!4d-96.8410398!16s%2Fg%2F11t4cpx30f!19sChIJtx_LCiibToYRzRudSt9G4jM?authuser=0&hl=en&rclk=1,,FALSE,,FALSE,,0,FALSE,TRUE,metro_mismatch
D,5.8,dallas,Auto Glass Garland,,,,+1 214-884-9999,https://autoglassgarland.com,"9837 Walnut St, Dallas, TX 75243, United States",https://www.google.com/maps/place/Auto+Glass+Garland/data=!4m7!3m6!1s0x864c1fb7ed9f7037:0x90087d134e3be32a!8m2!3d32.9233123!4d-96.7125916!16s%2Fg%2F1tdf1rqv!19sChIJN3Cf7bcfTIYRKuM7ThN9CJA,,,,,,,,,,,,,,,0,,,,,,,,,,,,,63,4.8,3,11,https://autoglassgarland.com/,https://www.google.com/maps/place/Auto+Glass+Garland/data=!4m7!3m6!1s0x864c1fb7ed9f7037:0x90087d134e3be32a!8m2!3d32.9233123!4d-96.7125916!16s%2Fg%2F1tdf1rqv!19sChIJN3Cf7bcfTIYRKuM7ThN9CJA?authuser=0&hl=en&rclk=1,,FALSE,,FALSE,,0,FALSE,FALSE,
D,5.79,dallas,JD 24/7 Tire Shop,,,,+1 682-560-7214,,"3383 Lombardy Ln, Dallas, TX 75220, United States",https://www.google.com/maps/place/JD+24%2F7+Tire+Shop/data=!4m7!3m6!1s0x864e9db439466aab:0xfda987f633b1ab39!8m2!3d32.8668463!4d-96.8666215!16s%2Fg%2F11z67txkty!19sChIJq2pGObSdToYROauxM_aHqf0,,,,,,,,,,,,,,,0,,,,,,,,,,,,,85,4.9,61,69,,https://www.google.com/maps/place/JD+24%2F7+Tire+Shop/data=!4m7!3m6!1s0x864e9db439466aab:0xfda987f633b1ab39!8m2!3d32.8668463!4d-96.8666215!16s%2Fg%2F11z67txkty!19sChIJq2pGObSdToYROauxM_aHqf0?authuser=0&hl=en&rclk=1,,FALSE,,FALSE,,0,FALSE,FALSE,
D,5.71,dallas,A-Z Complete Truck & Trailer Repair,service@azcompleterepair.com,service@azcompleterepair.com;dispatch@azcompleterepair.com,gosom_scraper;gosom_scraper,+1 346-291-6545,http://azcompleterepair.com,"211 N Ervay St Ste 351, Dallas, TX 75201, United States",https://www.google.com/maps/place/A-Z+Complete+Truck+%26+Trailer+Repair/data=!4m7!3m6!1s0x864e77be74e6ffb5:0x910eac4eb4259110!8m2!3d32.7822112!4d-96.7975932!16s%2Fg%2F11t847z2nc!19sChIJtf_mdL53ToYREJEltE6sDpE,,,,,,,,,,,,,,,0,,,,,,,,,,,,,80,5,2,10,http://azcompleterepair.com/,https://www.google.com/maps/place/A-Z+Complete+Truck+%26+Trailer+Repair/data=!4m7!3m6!1s0x864e77be74e6ffb5:0x910eac4eb4259110!8m2!3d32.7822112!4d-96.7975932!16s%2Fg%2F11t847z2nc!19sChIJtf_mdL53ToYREJEltE6sDpE?authuser=0&hl=en&rclk=1,,FALSE,,FALSE,,0,FALSE,TRUE,metro_mismatch
D,5.64,dallas,1st Stop Inspections,,,,+1 972-900-9687,,"1153 S Hampton Rd, Dallas, TX 75208, United States",https://www.google.com/maps/place/1st+Stop+Inspections/data=!4m7!3m6!1s0x864e9bcbaa7171df:0xf54866cc6ee5fb81!8m2!3d32.7332829!4d-96.8572019!16s%2Fg%2F11gr4bf92f!19sChIJ33FxqsubToYRgfvlbsxmSPU,,,,,,,,,,,,,,,0,,,,,,,,,,,,,56,4.8,35,43,,https://www.google.com/maps/place/1st+Stop+Inspections/data=!4m7!3m6!1s0x864e9bcbaa7171df:0xf54866cc6ee5fb81!8m2!3d32.7332829!4d-96.8572019!16s%2Fg%2F11gr4bf92f!19sChIJ33FxqsubToYRgfvlbsxmSPU?authuser=0&hl=en&rclk=1,,FALSE,,FALSE,,0,FALSE,FALSE,
D,5.6,dallas,Economy Paint & Body,,,,+1 214-827-0704,https://www.economypaintandbody.com,"1820 S Haskell Ave, Dallas, TX 75223, United States",https://www.google.com/maps/place/Economy+Paint+%26+Body/data=!4m7!3m6!1s0x864ea2755ddecdcf:0x48df73b8f4879efc!8m2!3d32.7835429!4d-96.7491548!16s%2Fg%2F1thtdk1h!19sChIJz83eXXWiToYR_J6H9Lhz30g,,,,,,,,,,,,,,,0,,,,,,,,,,,,,54,4.8,34,42,https://www.economypaintandbody.com/,https://www.google.com/maps/place/Economy+Paint+%26+Body/data=!4m7!3m6!1s0x864ea2755ddecdcf:0x48df73b8f4879efc!8m2!3d32.7835429!4d-96.7491548!16s%2Fg%2F1thtdk1h!19sChIJz83eXXWiToYR_J6H9Lhz30g?authuser=0&hl=en&rclk=1,,FALSE,,FALSE,,0,FALSE,FALSE,
D,5.57,dallas,Amazing Auto Upholstery,,,,+1 214-780-7013,,"1245 E Illinois Ave, Dallas, TX 75216, United States",https://www.google.com/maps/place/Amazing+Auto+Upholstery/data=!4m7!3m6!1s0x864e9910bb75a23b:0xa89a16f8393839b7!8m2!3d32.7205428!4d-96.8059578!16s%2Fg%2F11s4tf0pbf!19sChIJO6J1uxCZToYRtzk4OfgWmqg,,,,,,,,,,,,,,,0,,,,,,,,,,,,,72,4.9,1,69,,https://www.google.com/maps/place/Amazing+Auto+Upholstery/data=!4m7!3m6!1s0x864e9910bb75a23b:0xa89a16f8393839b7!8m2!3d32.7205428!4d-96.8059578!16s%2Fg%2F11s4tf0pbf!19sChIJO6J1uxCZToYRtzk4OfgWmqg?authuser=0&hl=en&rclk=1,,FALSE,,FALSE,,0,FALSE,FALSE,
D,5.36,dallas,Auto Interiors of Dallas,,,,+1 214-766-6842,,"2409 Fabens Rd, Dallas, TX 75229, United States",https://www.google.com/maps/place/Auto+Interiors+of+Dallas/data=!4m7!3m6!1s0x864e9d0a29e46977:0xb672ea57efc93fa4!8m2!3d32.8916476!4d-96.8972699!16s%2Fg%2F1hc4wjm2j!19sChIJd2nkKQqdToYRpD_J71fqcrY,,,,,,,,,,,,,,,0,,,,,,,,,,,,,45,4.8,1,35,,https://www.google.com/maps/place/Auto+Interiors+of+Dallas/data=!4m7!3m6!1s0x864e9d0a29e46977:0xb672ea57efc93fa4!8m2!3d32.8916476!4d-96.8972699!16s%2Fg%2F1hc4wjm2j!19sChIJd2nkKQqdToYRpD_J71fqcrY?authuser=0&hl=en&rclk=1,,FALSE,,FALSE,,0,FALSE,FALSE,
D,5.24,dallas,DTIS Direct - Diesel Parts,sales@dtisdirect.com,sales@dtisdirect.com,gosom_scraper,+1 469-586-4095,https://dtisdirect.com,"4816 Alexander Ln, Dallas, TX 75247, United States",https://www.google.com/maps/place/DTIS+Direct+-+Diesel+Parts/data=!4m7!3m6!1s0x864e8398a3b25c21:0x3b06537c3df88e58!8m2!3d32.805546!4d-96.875977!16s%2Fg%2F11t_v8vff_!19sChIJIVyyo5iDToYRWI74PXxTBjs,,,,,,,,,,,,,,,0,,,,,,,,,,,,,56,4.9,39,47,https://dtisdirect.com/,https://www.google.com/maps/place/DTIS+Direct+-+Diesel+Parts/data=!4m7!3m6!1s0x864e8398a3b25c21:0x3b06537c3df88e58!8m2!3d32.805546!4d-96.875977!16s%2Fg%2F11t_v8vff_!19sChIJIVyyo5iDToYRWI74PXxTBjs?authuser=0&hl=en&rclk=1,,FALSE,,FALSE,,0,FALSE,FALSE,
D,5.17,dallas,Empire Auto and Detail,EmpireAutoAndDetail@gmail.com,EmpireAutoAndDetail@gmail.com,gosom_scraper,+1 469-427-1172,https://empireautoanddetailtx.com,"2750 Northaven Rd #109, Dallas, TX 75229, United States",https://www.google.com/maps/place/Empire+Auto+and+Detail/data=!4m7!3m6!1s0x864e9d3912786a0d:0xb9f8c5e593422e2a!8m2!3d32.9029116!4d-96.8865714!16s%2Fg%2F11q95sx8bq!19sChIJDWp4EjmdToYRKi5Ck-XF-Lk,,,,,,,,,,,,,,,0,,,,,,,,,,,,,53,4.9,2,10,https://empireautoanddetailtx.com/,https://www.google.com/maps/place/Empire+Auto+and+Detail/data=!4m7!3m6!1s0x864e9d3912786a0d:0xb9f8c5e593422e2a!8m2!3d32.9029116!4d-96.8865714!16s%2Fg%2F11q95sx8bq!19sChIJDWp4EjmdToYRKi5Ck-XF-Lk?authuser=0&hl=en&rclk=1,,FALSE,,FALSE,,0,FALSE,FALSE,
D,5.14,dallas,Other Side Customs,,,,+1 214-905-3233,,"7111 John W. Carpenter Fwy, Dallas, TX 75247, United States",https://www.google.com/maps/place/Other+Side+Customs/data=!4m7!3m6!1s0x864e9c65b14bce87:0x8d47c4d1abbf2c7!8m2!3d32.8157051!4d-96.8696048!16s%2Fg%2F1tj9cdss!19sChIJh85LsWWcToYRx_K7Gk181Ag,,,,,,,,,,,,,,,0,,,,,,,,,,,,,28,4.7,2,19,,https://www.google.com/maps/place/Other+Side+Customs/data=!4m7!3m6!1s0x864e9c65b14bce87:0x8d47c4d1abbf2c7!8m2!3d32.8157051!4d-96.8696048!16s%2Fg%2F1tj9cdss!19sChIJh85LsWWcToYRx_K7Gk181Ag?authuser=0&hl=en&rclk=1,,FALSE,,FALSE,,0,FALSE,FALSE,
D,5.07,dallas,C & S Upholstery,,,,+1 201-238-0186,https://www.cutnsew.net,"17618 Davenport Rd Suite #4, Dallas, TX 75252, United States",https://www.google.com/maps/place/C+%26+S+Upholstery/data=!4m7!3m6!1s0x864c2373da7277a5:0x3b9610d139b8b36!8m2!3d32.9886983!4d-96.793449!16s%2Fg%2F11yfvjmg1d!19sChIJpXdy2nMjTIYRNoubEw1huQM,,,,,,,,,,,,,,,0,,,,,,,,,,,,,36,4.8,2,32,https://www.cutnsew.net/,https://www.google.com/maps/place/C+%26+S+Upholstery/data=!4m7!3m6!1s0x864c2373da7277a5:0x3b9610d139b8b36!8m2!3d32.9886983!4d-96.793449!16s%2Fg%2F11yfvjmg1d!19sChIJpXdy2nMjTIYRNoubEw1huQM?authuser=0&hl=en&rclk=1,,FALSE,,FALSE,,0,FALSE,TRUE,metro_mismatch
D,4.96,dallas,REVIVE CHAMPIONS AUTO BODY SHOP,,,,+1 945-346-9222,https://revivechampions.com,"10423 Sparkman Rd, Dallas, TX 75220, United States",https://www.google.com/maps/place/REVIVE+CHAMPIONS+AUTO+BODY+SHOP/data=!4m7!3m6!1s0x864e9d5222559a8f:0x6435679ad7c57fa4!8m2!3d32.8658629!4d-96.8855837!16s%2Fg%2F11y0ps4wvx!19sChIJj5pVIlKdToYRpH_F15pnNWQ,,,,,,,,,,,,,,,0,,,,,,,,,,,,,45,4.9,2,10,https://revivechampions.com/,https://www.google.com/maps/place/REVIVE+CHAMPIONS+AUTO+BODY+SHOP/data=!4m7!3m6!1s0x864e9d5222559a8f:0x6435679ad7c57fa4!8m2!3d32.8658629!4d-96.8855837!16s%2Fg%2F11y0ps4wvx!19sChIJj5pVIlKdToYRpH_F15pnNWQ?authuser=0&hl=en&rclk=1,,FALSE,,FALSE,,0,FALSE,FALSE,
D,4.87,dallas,Pro Collision Center,,,,+1 214-782-9534,,"11219 Shady Trail, Dallas, TX 75229, United States",https://www.google.com/maps/place/Pro+Collision+Center/data=!4m7!3m6!1s0x864c27f6f7321159:0x5479756fe3870e2e!8m2!3d32.8894517!4d-96.8909212!16s%2Fg%2F11rg8yr78q!19sChIJWREy9_YnTIYRLg6H4291eVQ,,,,,,,,,,,,,,,0,,,,,,,,,,,,,42,4.9,25,33,,https://www.google.com/maps/place/Pro+Collision+Center/data=!4m7!3m6!1s0x864c27f6f7321159:0x5479756fe3870e2e!8m2!3d32.8894517!4d-96.8909212!16s%2Fg%2F11rg8yr78q!19sChIJWREy9_YnTIYRLg6H4291eVQ?authuser=0&hl=en&rclk=1,,FALSE,,FALSE,,0,FALSE,FALSE,
D,4.87,dallas,Fleet Advisor - Dallas,nate@gofleetadvisor.com,nate@gofleetadvisor.com,gosom_scraper,+1 214-471-5211,https://gofleetadvisor.com,"850 N Lake Dr, Coppell, TX 75019, United States",https://www.google.com/maps/place/Fleet+Advisor+-+Dallas/data=!4m7!3m6!1s0x4160e6debc04be91:0x531cd3f354ced6ff!8m2!3d32.949962!4d-96.9901549!16s%2Fg%2F11ldj9fcwj!19sChIJkb4EvN7mYEER_9bOVPPTHFM,,,,,,,,,,,,,,,0,,,,,,,,,,,,,42,5,34,42,https://gofleetadvisor.com/,https://www.google.com/maps/place/Fleet+Advisor+-+Dallas/data=!4m7!3m6!1s0x4160e6debc04be91:0x531cd3f354ced6ff!8m2!3d32.949962!4d-96.9901549!16s%2Fg%2F11ldj9fcwj!19sChIJkb4EvN7mYEER_9bOVPPTHFM?authuser=0&hl=en&rclk=1,,FALSE,,FALSE,,0,FALSE,FALSE,
D,4.79,dallas,Infinity Paint & Body,,,,+1 214-826-2772,,"1661 S Fitzhugh Ave, Dallas, TX 75223, United States",https://www.google.com/maps/place/Infinity+Paint+%26+Body/data=!4m7!3m6!1s0x864ea2759ba14229:0xb885253400c7e978!8m2!3d32.7816042!4d-96.7487523!16s%2Fg%2F1tksj68f!19sChIJKUKhm3WiToYReOnHADQlhbg,,,,,,,,,,,,,,,0,,,,,,,,,,,,,29,4.8,8,16,,https://www.google.com/maps/place/Infinity+Paint+%26+Body/data=!4m7!3m6!1s0x864ea2759ba14229:0xb885253400c7e978!8m2!3d32.7816042!4d-96.7487523!16s%2Fg%2F1tksj68f!19sChIJKUKhm3WiToYReOnHADQlhbg?authuser=0&hl=en&rclk=1,,FALSE,,FALSE,,0,FALSE,FALSE,
D,4.74,dallas,"A-1 State Inspection Service, LLC",,,,+1 214-376-0111,https://www.a-1stateinspectionservicetx.com,"3575 Wilhurt Ave, Dallas, TX 75216, United States","https://www.google.com/maps/place/A-1+State+Inspection+Service,+LLC/data=!4m7!3m6!1s0x864e97f7acb977a3:0xba0ce287418f4901!8m2!3d32.7152693!4d-96.7614013!16s%2Fg%2F1vk6zmyt!19sChIJo3e5rPeXToYRAUmPQYfiDLo",,,,,,,,,,,,,,,0,,,,,,,,,,,,,28,4.8,9,17,https://www.a-1stateinspectionservicetx.com/,"https://www.google.com/maps/place/A-1+State+Inspection+Service,+LLC/data=!4m7!3m6!1s0x864e97f7acb977a3:0xba0ce287418f4901!8m2!3d32.7152693!4d-96.7614013!16s%2Fg%2F1vk6zmyt!19sChIJo3e5rPeXToYRAUmPQYfiDLo?authuser=0&hl=en&rclk=1",,FALSE,,FALSE,,0,FALSE,FALSE,
D,4.56,dallas,SAG Transmissions,,,,,https://sagtransmissions.com,"3404 Irving Blvd, Dallas, TX 75247, United States",https://www.google.com/maps/place/SAG+Transmissions/data=!4m7!3m6!1s0x864e9d789d862683:0x5382bf39d88f9f88!8m2!3d32.8077286!4d-96.8756656!16s%2Fg%2F11yt76fwql!19sChIJgyaGnXidToYRiJ-P2Dm_glM,,,,,,,,,,,,,,,0,,,,,,,,,,,,,33,5,0,29,https://sagtransmissions.com/,https://www.google.com/maps/place/SAG+Transmissions/data=!4m7!3m6!1s0x864e9d789d862683:0x5382bf39d88f9f88!8m2!3d32.8077286!4d-96.8756656!16s%2Fg%2F11yt76fwql!19sChIJgyaGnXidToYRiJ-P2Dm_glM?authuser=0&hl=en&rclk=1,,FALSE,,FALSE,,1,FALSE,TRUE,malformed
D,4.33,dallas,Hunter Auto Performance,,,,+1 214-919-5136,,"7801 Villa Cliff Dr, Dallas, TX 75228, United States",https://www.google.com/maps/place/Hunter+Auto+Performance/data=!4m7!3m6!1s0x864ea37fcde2c51d:0x78aab21d66a68fed!8m2!3d32.8018373!4d-96.7178341!16s%2Fg%2F11t5rbpd38!19sChIJHcXizX-jToYR7Y-mZh2yqng,,,,,,,,,,,,,,,0,,,,,,,,,,,,,15,4.7,1,12,,https://www.google.com/maps/place/Hunter+Auto+Performance/data=!4m7!3m6!1s0x864ea37fcde2c51d:0x78aab21d66a68fed!8m2!3d32.8018373!4d-96.7178341!16s%2Fg%2F11t5rbpd38!19sChIJHcXizX-jToYR7Y-mZh2yqng?authuser=0&hl=en&rclk=1,,FALSE,,FALSE,,0,FALSE,FALSE,
D,4.32,dallas,LS Truck Repair,contact@lstruckrepair.com,contact@lstruckrepair.com,gosom_scraper,+1 469-945-2489,https://lstruckrepair.com,"12720 Eastgate Dr, Balch Springs, TX 75180, United States",https://www.google.com/maps/place/LS+Truck+Repair/data=!4m7!3m6!1s0x864ea563fc9a231d:0x6c61ec1c64defd9e!8m2!3d32.726007!4d-96.603831!16s%2Fg%2F11z2hfx_lh!19sChIJHSOa_GOlToYRnv3eZBzsYWw,,,,,,,,,,,,,,,0,,,,,,,,,,,,,11,4.6,4,12,https://lstruckrepair.com/,https://www.google.com/maps/place/LS+Truck+Repair/data=!4m7!3m6!1s0x864ea563fc9a231d:0x6c61ec1c64defd9e!8m2!3d32.726007!4d-96.603831!16s%2Fg%2F11z2hfx_lh!19sChIJHSOa_GOlToYRnv3eZBzsYWw?authuser=0&hl=en&rclk=1,,FALSE,,FALSE,,0,FALSE,FALSE,
D,4.3,dallas,All Fleet Truck Service and Truck Parking,,,,+1 214-682-6161,,"12010 C F Hawn Fwy, Dallas, TX 75253, United States",https://www.google.com/maps/place/All+Fleet+Truck+Service+and+Truck+Parking/data=!4m7!3m6!1s0x864ebbfc004883cd:0x49a4065bc38fae91!8m2!3d32.6835368!4d-96.619466!16s%2Fg%2F11sppcxcn2!19sChIJzYNIAPy7ToYRka6Pw1sGpEk,,,,,,,,,,,,,,,0,,,,,,,,,,,,,20,4.8,2,10,,https://www.google.com/maps/place/All+Fleet+Truck+Service+and+Truck+Parking/data=!4m7!3m6!1s0x864ebbfc004883cd:0x49a4065bc38fae91!8m2!3d32.6835368!4d-96.619466!16s%2Fg%2F11sppcxcn2!19sChIJzYNIAPy7ToYRka6Pw1sGpEk?authuser=0&hl=en&rclk=1,,FALSE,,FALSE,,0,FALSE,FALSE,
D,4.29,dallas,Luis Paint and Body Shop,,,,+1 469-930-9666,,"8050 Forney Rd, Dallas, TX 75227, United States",https://www.google.com/maps/place/Luis+Paint+and+Body+Shop/data=!4m7!3m6!1s0x864ea324e532b545:0x8e63b45ac3ac3f5f!8m2!3d32.7778556!4d-96.6836861!16s%2Fg%2F11pd7f9g2j!19sChIJRbUy5SSjToYRXz-sw1q0Y44,,,,,,,,,,,,,,,0,,,,,,,,,,,,,27,4.9,12,20,,https://www.google.com/maps/place/Luis+Paint+and+Body+Shop/data=!4m7!3m6!1s0x864ea324e532b545:0x8e63b45ac3ac3f5f!8m2!3d32.7778556!4d-96.6836861!16s%2Fg%2F11pd7f9g2j!19sChIJRbUy5SSjToYRXz-sw1q0Y44?authuser=0&hl=en&rclk=1,,FALSE,,FALSE,,0,FALSE,FALSE,
D,4.19,dallas,Dallas Best Car Detailing,bestdallasdetail@gmail.com,bestdallasdetail@gmail.com,gosom_scraper,+1 404-380-2787,https://dallasbestdetail.com,"7865 Firefall Way, Dallas, TX 75230, United States",https://www.google.com/maps/place/Dallas+Best+Car+Detailing/data=!4m7!3m6!1s0xa0f024746c114757:0x19a48431d6fdc792!8m2!3d32.8821527!4d-96.7711593!16s%2Fg%2F11xrv9j_bc!19sChIJV0cRbHQk8KARksf91jGEpBk,,,,,,,,,,,,,,,0,,,,,,,,,,,,,25,5,2,10,https://dallasbestdetail.com/,https://www.google.com/maps/place/Dallas+Best+Car+Detailing/data=!4m7!3m6!1s0xa0f024746c114757:0x19a48431d6fdc792!8m2!3d32.8821527!4d-96.7711593!16s%2Fg%2F11xrv9j_bc!19sChIJV0cRbHQk8KARksf91jGEpBk?authuser=0&hl=en&rclk=1,,FALSE,,FALSE,,0,FALSE,TRUE,metro_mismatch
D,4.14,dallas,Big Truck Fleet Services,,,,+1 469-688-0820,https://www.bigtruckfleetservices.com,"7241 S Central Expy, Dallas, TX 75216, United States",https://www.google.com/maps/place/Big+Truck+Fleet+Services/data=!4m7!3m6!1s0x864e99739cc7388b:0x92e5753995ce1007!8m2!3d32.7200714!4d-96.7583806!16s%2Fg%2F11x65266kv!19sChIJizjHnHOZToYRBxDOlTl15ZI,,,,,,,,,,,,,,,0,,,,,,,,,,,,,24,5,9,17,https://www.bigtruckfleetservices.com/,https://www.google.com/maps/place/Big+Truck+Fleet+Services/data=!4m7!3m6!1s0x864e99739cc7388b:0x92e5753995ce1007!8m2!3d32.7200714!4d-96.7583806!16s%2Fg%2F11x65266kv!19sChIJizjHnHOZToYRBxDOlTl15ZI?authuser=0&hl=en&rclk=1,,FALSE,,FALSE,,0,FALSE,FALSE,
D,4.09,dallas,Hidden Mobile Car Detailing Dallas,,,,+1 214-761-6410,https://hiddencardetailingtx.site,"1700 Pacific Ave, Dallas, TX 75201, United States",https://www.google.com/maps/place/Hidden+Mobile+Car+Detailing+Dallas/data=!4m7!3m6!1s0x864e99b60c2232fb:0x791eace820b5162f!8m2!3d32.782268!4d-96.7967576!16s%2Fg%2F11z2yv2xsj!19sChIJ-zIiDLaZToYRLxa1IOisHnk,,,,,,,,,,,,,,,0,,,,,,,,,,,,,23,5,14,22,https://hiddencardetailingtx.site/,https://www.google.com/maps/place/Hidden+Mobile+Car+Detailing+Dallas/data=!4m7!3m6!1s0x864e99b60c2232fb:0x791eace820b5162f!8m2!3d32.782268!4d-96.7967576!16s%2Fg%2F11z2yv2xsj!19sChIJ-zIiDLaZToYRLxa1IOisHnk?authuser=0&hl=en&rclk=1,,FALSE,,FALSE,,0,FALSE,FALSE,
D,3.97,dallas,R C Auto Customizing,,,,+1 972-669-8272,https://www.rcautocustomizing.com,"13540 Vargon St, Dallas, TX 75243, United States",https://www.google.com/maps/place/R+C+Auto+Customizing/data=!4m7!3m6!1s0x864c1f8646f3c509:0xd9bd05beb0478cfa!8m2!3d32.9322006!4d-96.7456404!16s%2Fg%2F1vs5x3gp!19sChIJCcXzRoYfTIYR-oxHsL4Fvdk,,,,,,,,,,,,,,,0,,,,,,,,,,,,,21,4.9,0,15,https://www.rcautocustomizing.com/,https://www.google.com/maps/place/R+C+Auto+Customizing/data=!4m7!3m6!1s0x864c1f8646f3c509:0xd9bd05beb0478cfa!8m2!3d32.9322006!4d-96.7456404!16s%2Fg%2F1vs5x3gp!19sChIJCcXzRoYfTIYR-oxHsL4Fvdk?authuser=0&hl=en&rclk=1,,FALSE,,FALSE,,0,FALSE,FALSE,
D,3.84,dallas,Fleet Reconditioning Services LLC,,,,+1 949-351-9272,https://reconmyfleet.com,"10240 Bickham Rd Suite 100, Dallas, TX 75220, United States",https://www.google.com/maps/place/Fleet+Reconditioning+Services+LLC/data=!4m7!3m6!1s0x864e9d54f8e7fd5b:0xe1e3be59d7d8c18d!8m2!3d32.8621835!4d-96.9052889!16s%2Fg%2F11w_k_d1bm!19sChIJW_3n-FSdToYRjcHY11m-4-E,,,,,,,,,,,,,,,0,,,,,,,,,,,,,19,5,11,19,https://reconmyfleet.com/,https://www.google.com/maps/place/Fleet+Reconditioning+Services+LLC/data=!4m7!3m6!1s0x864e9d54f8e7fd5b:0xe1e3be59d7d8c18d!8m2!3d32.8621835!4d-96.9052889!16s%2Fg%2F11w_k_d1bm!19sChIJW_3n-FSdToYRjcHY11m-4-E?authuser=0&hl=en&rclk=1,,FALSE,,FALSE,,0,FALSE,TRUE,metro_mismatch
D,3.3,dallas,TJ Auto Glass Repair,,,,+1 214-971-8167,http://tjglassrepair.com,"1133 N Zang Blvd, Dallas, TX 75203, United States",https://www.google.com/maps/place/TJ+Auto+Glass+Repair/data=!4m7!3m6!1s0x864e999d6fd003f9:0x5608b60189e8ed5c!8m2!3d32.7483316!4d-96.8023707!16s%2Fg%2F11jk2jksqf!19sChIJ-QPQb52ZToYRXO3oiQG2CFY,,,,,,,,,,,,,,,0,,,,,,,,,,,,,5,4.6,1,2,http://tjglassrepair.com/,https://www.google.com/maps/place/TJ+Auto+Glass+Repair/data=!4m7!3m6!1s0x864e999d6fd003f9:0x5608b60189e8ed5c!8m2!3d32.7483316!4d-96.8023707!16s%2Fg%2F11jk2jksqf!19sChIJ-QPQb52ZToYRXO3oiQG2CFY?authuser=0&hl=en&rclk=1,,FALSE,,FALSE,,0,FALSE,FALSE,
D,3.24,dallas,EC STATE INSPECTION,,,,+1 214-200-1202,,"2910 W Davis St, Dallas, TX 75211, United States",https://www.google.com/maps/place/EC+STATE+INSPECTION/data=!4m7!3m6!1s0x864e9a518ffd239b:0x23844582b08c7983!8m2!3d32.7493592!4d-96.8692558!16s%2Fg%2F1tcx_7cs!19sChIJmyP9j1GaToYRg3mMsIJFhCM,,,,,,,,,,,,,,,0,,,,,,,,,,,,,12,4.9,4,12,,https://www.google.com/maps/place/EC+STATE+INSPECTION/data=!4m7!3m6!1s0x864e9a518ffd239b:0x23844582b08c7983!8m2!3d32.7493592!4d-96.8692558!16s%2Fg%2F1tcx_7cs!19sChIJmyP9j1GaToYRg3mMsIJFhCM?authuser=0&hl=en&rclk=1,,FALSE,,FALSE,,0,FALSE,FALSE,
D,3.24,dallas,DNA Custom Trucks,,,,+1 469-381-9313,http://dnacustomtrucks.com,"10429 Garland Rd Ste B, Dallas, TX 75218, United States",https://www.google.com/maps/place/DNA+Custom+Trucks/data=!4m7!3m6!1s0x864ea1fbb2aacf1d:0x1d04525af8f36c43!8m2!3d32.8428927!4d-96.6916434!16s%2Fg%2F11s4wj36nl!19sChIJHc-qsvuhToYRQ2zz-FpSBB0,,,,,,,,,,,,,,,0,,,,,,,,,,,,,12,5,0,6,http://dnacustomtrucks.com/,https://www.google.com/maps/place/DNA+Custom+Trucks/data=!4m7!3m6!1s0x864ea1fbb2aacf1d:0x1d04525af8f36c43!8m2!3d32.8428927!4d-96.6916434!16s%2Fg%2F11s4wj36nl!19sChIJHc-qsvuhToYRQ2zz-FpSBB0?authuser=0&hl=en&rclk=1,,FALSE,,FALSE,,0,FALSE,FALSE,
D,3.12,dallas,RNA AUTO PARTS,,,,+1 469-363-3057,,"2615 Winnequah St, Dallas, TX 75212, United States",https://www.google.com/maps/place/RNA+AUTO+PARTS/data=!4m7!3m6!1s0x864e9bc7071bc2b3:0xbd934a0d27c4d231!8m2!3d32.7763238!4d-96.9199268!16s%2Fg%2F11g4g8bfrp!19sChIJs8IbB8ebToYRMdLEJw1Kk70,,,,,,,,,,,,,,,0,,,,,,,,,,,,,11,5,3,9,,https://www.google.com/maps/place/RNA+AUTO+PARTS/data=!4m7!3m6!1s0x864e9bc7071bc2b3:0xbd934a0d27c4d231!8m2!3d32.7763238!4d-96.9199268!16s%2Fg%2F11g4g8bfrp!19sChIJs8IbB8ebToYRMdLEJw1Kk70?authuser=0&hl=en&rclk=1,,FALSE,,FALSE,,0,FALSE,FALSE,
D,3.0,dallas,XCLUSIVE AUTO CUSTOMS LLC,,,,+1 214-448-4228,,"7820 E R L Thornton Fwy SUITE:102, Dallas, TX 75228, United States",https://www.google.com/maps/place/XCLUSIVE+AUTO+CUSTOMS+LLC/data=!4m7!3m6!1s0x864ea3cca16685d5:0xe67611d414c6b63e!8m2!3d32.7929543!4d-96.7054656!16s%2Fg%2F11crzgb72j!19sChIJ1YVmocyjToYRPrbGFNQRduY,,,,,,,,,,,,,,,0,,,,,,,,,,,,,10,5,0,5,,https://www.google.com/maps/place/XCLUSIVE+AUTO+CUSTOMS+LLC/data=!4m7!3m6!1s0x864ea3cca16685d5:0xe67611d414c6b63e!8m2!3d32.7929543!4d-96.7054656!16s%2Fg%2F11crzgb72j!19sChIJ1YVmocyjToYRPrbGFNQRduY?authuser=0&hl=en&rclk=1,,FALSE,,FALSE,,0,FALSE,FALSE,
D,2.54,dallas,M.F.S. Mobile Fleet Services LLC,,,,+1 214-966-5853,,,https://www.google.com/maps/place/M.F.S.+Mobile+Fleet+Services+LLC/data=!4m7!3m6!1s0x864e918045571a59:0xdb84b9d982854c00!8m2!3d32.6425936!4d-96.816791!16s%2Fg%2F11glfw56qw!19sChIJWRpXRYCRToYRAEyFgtm5hNs,,,,,,,,,,,,,,,0,,,,,,,,,,,,,7,5,0,5,,https://www.google.com/maps/place/M.F.S.+Mobile+Fleet+Services+LLC/data=!4m7!3m6!1s0x864e918045571a59:0xdb84b9d982854c00!8m2!3d32.6425936!4d-96.816791!16s%2Fg%2F11glfw56qw!19sChIJWRpXRYCRToYRAEyFgtm5hNs?authuser=0&hl=en&rclk=1,,FALSE,,FALSE,,0,FALSE,FALSE,
D,2.33,dallas,JAPPii,,,,+1 469-571-3919,https://www.jappii.com,"2983 Black Hills Blvd, Heath, TX 75126, United States",https://www.google.com/maps/place/JAPPii/data=!4m7!3m6!1s0x864ead3001cda9f1:0x3c43a658b45656dc!8m2!3d32.810269!4d-96.472796!16s%2Fg%2F11x64b7yy5!19sChIJ8anNATCtToYR3FZWtFimQzw,,,,,,,,,,,,,,,0,,,,,,,,,,,,,6,5,0,6,https://www.jappii.com/,https://www.google.com/maps/place/JAPPii/data=!4m7!3m6!1s0x864ead3001cda9f1:0x3c43a658b45656dc!8m2!3d32.810269!4d-96.472796!16s%2Fg%2F11x64b7yy5!19sChIJ8anNATCtToYR3FZWtFimQzw?authuser=0&hl=en&rclk=1,,FALSE,,FALSE,,0,FALSE,FALSE,
D,2.1,dallas,"ProFleetX, Inc",Sales@profleetx.com,Sales@profleetx.com;service@profleetsolutions.net,gosom_scraper;gosom_scraper,+1 214-714-0017,https://www.profleetsolutions.net,"2588 N Houston St, Dallas, TX 75219, United States","https://www.google.com/maps/place/ProFleetX,+Inc/data=!4m7!3m6!1s0x864e990dc7a89f7b:0x5c3be549591226a0!8m2!3d32.7908236!4d-96.8090658!16s%2Fg%2F11ym0lwhty!19sChIJe5-oxw2ZToYRoCYSWUnlO1w",,,,,,,,,,,,,,,0,,,,,,,,,,,,,5,5,0,4,https://www.profleetsolutions.net/,"https://www.google.com/maps/place/ProFleetX,+Inc/data=!4m7!3m6!1s0x864e990dc7a89f7b:0x5c3be549591226a0!8m2!3d32.7908236!4d-96.8090658!16s%2Fg%2F11ym0lwhty!19sChIJe5-oxw2ZToYRoCYSWUnlO1w?authuser=0&hl=en&rclk=1",,FALSE,,FALSE,,1,FALSE,FALSE,
D,1.81,dallas,Fleet Services,,,,+1 972-721-0061,,"1400 Irene Dr, Irving, TX 75061, United States",https://www.google.com/maps/place/Fleet+Services/data=!4m7!3m6!1s0x864e9ccf0fe3a527:0x2d74295e7886c6db!8m2!3d32.8281522!4d-96.9114483!16s%2Fg%2F1thl1852!19sChIJJ6XjD8-cToYR28aGeF4pdC0,,,,,,,,,,,,,,,0,,,,,,,,,,,,,4,5,0,3,,https://www.google.com/maps/place/Fleet+Services/data=!4m7!3m6!1s0x864e9ccf0fe3a527:0x2d74295e7886c6db!8m2!3d32.8281522!4d-96.9114483!16s%2Fg%2F1thl1852!19sChIJJ6XjD8-cToYR28aGeF4pdC0?authuser=0&hl=en&rclk=1,,FALSE,,FALSE,,0,FALSE,FALSE,
D,0.9,dallas,River Run Fleet Services - Truck & Trailer Mobile Repair,,,,+1 682-246-8885,https://riverruntx.com,"5473 Blair Rd #100, Dallas, TX 75231, United States",https://www.google.com/maps/place/River+Run+Fleet+Services+-+Truck+%26+Trailer+Mobile+Repair/data=!4m7!3m6!1s0x864e9fe0c30c2087:0xc5e56fba1ff0379!8m2!3d32.885257!4d-96.7664999!16s%2Fg%2F11y6nxdpmj!19sChIJhyAMw-CfToYReQP_oftWXgw,,,,,,,,,,,,,,,0,,,,,,,,,,,,,2,5,1,3,https://riverruntx.com/,https://www.google.com/maps/place/River+Run+Fleet+Services+-+Truck+%26+Trailer+Mobile+Repair/data=!4m7!3m6!1s0x864e9fe0c30c2087:0xc5e56fba1ff0379!8m2!3d32.885257!4d-96.7664999!16s%2Fg%2F11y6nxdpmj!19sChIJhyAMw-CfToYReQP_oftWXgw?authuser=0&hl=en&rclk=1,,FALSE,,FALSE,,0,FALSE,FALSE,
D,0.0,dallas,Official Vehicle Inspection Station,,,,,,"6935 S Polk St, Dallas, TX 75232, United States",https://www.google.com/maps/place/Official+Vehicle+Inspection+Station/data=!4m7!3m6!1s0x864e9129630ce979:0x26c0f01fe9d79bae!8m2!3d32.6636519!4d-96.8406928!16s%2Fg%2F11gmyw9srp!19sChIJeekMYymRToYRrpvX6R_wwCY,,,,,,,,,,,,,,,0,,,,,,,,,,,,,1,5,1,2,,https://www.google.com/maps/place/Official+Vehicle+Inspection+Station/data=!4m7!3m6!1s0x864e9129630ce979:0x26c0f01fe9d79bae!8m2!3d32.6636519!4d-96.8406928!16s%2Fg%2F11gmyw9srp!19sChIJeekMYymRToYRrpvX6R_wwCY?authuser=0&hl=en&rclk=1,,FALSE,,FALSE,,0,FALSE,TRUE,malformed
D,0.0,dallas,Parts Warehouse Dallas Dc,,,,+1 214-330-8171,http://4mparts.com,"4130 Platinum Way, Dallas, TX 75237, United States",https://www.google.com/maps/place/Parts+Warehouse+Dallas+Dc/data=!4m7!3m6!1s0x864e9101f74b0d3b:0xa8ff1b92f0f2cdaf!8m2!3d32.6816726!4d-96.8879658!16s%2Fg%2F11krq0vf_l!19sChIJOw1L9wGRToYRr83y8JIb_6g,,,,,,,,,,,,,,,0,,,,,,,,,,,,,1,5,0,0,http://4mparts.com/,https://www.google.com/maps/place/Parts+Warehouse+Dallas+Dc/data=!4m7!3m6!1s0x864e9101f74b0d3b:0xa8ff1b92f0f2cdaf!8m2!3d32.6816726!4d-96.8879658!16s%2Fg%2F11krq0vf_l!19sChIJOw1L9wGRToYRr83y8JIb_6g?authuser=0&hl=en&rclk=1,,FALSE,,FALSE,,0,FALSE,FALSE,
C,18.52,dallas,Budget Car Rental,custserv@budget.com,custserv@budget.com,gosom_scraper,+1 214-353-4940,https://www.budget.com/en/locations/us/tx/dallas/dal,"7020 Cedar Springs Rd, Dallas, TX 75235, United States",https://www.google.com/maps/place/Budget+Car+Rental/data=!4m7!3m6!1s0x864e9c2f60409927:0x1421ff2fca6c1f13!8m2!3d32.8370912!4d-96.842382!16s%2Fg%2F1tczqs62!19sChIJJ5lAYC-cToYREx9syi__IRQ,,,,,,,,,,,,,,,0,,,,,,,,,,,,,2361,2.8,10,11,https://www.budget.com/en/locations/us/tx/dallas/dal?utm_source=google&utm_medium=gbp&utm_campaign=budget_gbp,https://www.google.com/maps/place/Budget+Car+Rental/data=!4m7!3m6!1s0x864e9c2f60409927:0x1421ff2fca6c1f13!8m2!3d32.8370912!4d-96.842382!16s%2Fg%2F1tczqs62!19sChIJJ5lAYC-cToYREx9syi__IRQ?authuser=0&hl=en&rclk=1,,TRUE,dso_email_domain:budget.com,FALSE,,3,FALSE,FALSE,
C,17.64,dallas,Hertz Car Rental - Dallas - Dallas Fort Worth International Airport (DFW),,,,+1 972-453-4600,https://www.hertz.com/us/en/location/unitedstates/texas/dallas/dfwt20,"2424 E 38th St, Dallas, TX 75261, United States",https://www.google.com/maps/place/Hertz+Car+Rental+-+Dallas+-+Dallas+Fort+Worth+International+Airport+%28DFW%29/data=!4m7!3m6!1s0x864e81b895e8d389:0xaa24d3d96430f047!8m2!3d32.8576452!4d-97.0351017!16s%2Fg%2F1tf7h23l!19sChIJidPolbiBToYRR_AwZNnTJKo,,,,,,,,,,,,,,,0,,,,,,,,,,,,,3021,3.1,12,12,https://www.hertz.com/us/en/location/unitedstates/texas/dallas/dfwt20?utm_campaign=gmb-Hertz-Car-Rental---Dallas---Dallas-Fort-Worth-International-Airport--DFW-&utm_medium=gmb-websitelink&utm_source=Google,https://www.google.com/maps/place/Hertz+Car+Rental+-+Dallas+-+Dallas+Fort+Worth+International+Airport+%28DFW%29/data=!4m7!3m6!1s0x864e81b895e8d389:0xaa24d3d96430f047!8m2!3d32.8576452!4d-97.0351017!16s%2Fg%2F1tf7h23l!19sChIJidPolbiBToYRR_AwZNnTJKo?authuser=0&hl=en&rclk=1,,TRUE,known_dso,FALSE,,0,FALSE,FALSE,
C,17.37,dallas,Hertz Car Rental - Dallas - Ross Avenue,,,,+1 214-979-9494,http://www.hertz.com/rentacar/location/unitedstates/texas/dallas/dfwc03,"1200 Ross Ave, Dallas, TX 75202, United States",https://www.google.com/maps/place/Hertz+Car+Rental+-+Dallas+-+Ross+Avenue/data=!4m7!3m6!1s0x864e99204e1fb377:0x5a2710c5c94b08e!8m2!3d32.783159!4d-96.803509!16s%2Fg%2F12cnz63vn!19sChIJd7MfTiCZToYRjrCUXAxxogU,,,,,,,,,,,,,,,0,,,,,,,,,,,,,527,2.6,9,11,,https://www.google.com/maps/place/Hertz+Car+Rental+-+Dallas+-+Ross+Avenue/data=!4m7!3m6!1s0x864e99204e1fb377:0x5a2710c5c94b08e!8m2!3d32.783159!4d-96.803509!16s%2Fg%2F12cnz63vn!19sChIJd7MfTiCZToYRjrCUXAxxogU?authuser=0&hl=en&rclk=1,,TRUE,known_dso,FALSE,,0,FALSE,FALSE,
C,15.15,dallas,Hertz Car Rental - Dallas - Dallas Love Field Airport (DAL),,,,+1 214-350-7071,https://www.hertz.com/us/en/location/unitedstates/texas/dallas/dalt11,"7212 Cedar Springs Rd, Dallas, TX 75235, United States",https://www.google.com/maps/place/Hertz+Car+Rental+-+Dallas+-+Dallas+Love+Field+Airport+%28DAL%29/data=!4m7!3m6!1s0x864e9c26f2cf3f89:0x6248a759b902620c!8m2!3d32.8378926!4d-96.8431551!16s%2Fg%2F1td1q8xc!19sChIJiT_P8iacToYRDGICuVmnSGI,,,,,,,,,,,,,,,0,,,,,,,,,,,,,1524,3.5,7,11,https://www.hertz.com/us/en/location/unitedstates/texas/dallas/dalt11?utm_campaign=gmb-Hertz-Car-Rental---Dallas---Dallas-Love-Field-Airport--DAL-&utm_medium=gmb-websitelink&utm_source=Google,https://www.google.com/maps/place/Hertz+Car+Rental+-+Dallas+-+Dallas+Love+Field+Airport+%28DAL%29/data=!4m7!3m6!1s0x864e9c26f2cf3f89:0x6248a759b902620c!8m2!3d32.8378926!4d-96.8431551!16s%2Fg%2F1td1q8xc!19sChIJiT_P8iacToYRDGICuVmnSGI?authuser=0&hl=en&rclk=1,,TRUE,known_dso,FALSE,,0,FALSE,FALSE,
D,14.3,dallas,Avis Car Rental,custserv@avis.com,custserv@avis.com,gosom_scraper,+1 214-357-1711,https://www.avis.com/en/locations/nam/us/tx/dallas/dal,"7020 Herb Kelleher Way, Dallas, TX 75235, United States",https://www.google.com/maps/place/Avis+Car+Rental/data=!4m7!3m6!1s0x864e9c31ff0f5231:0xdb888480c11fde83!8m2!3d32.8370697!4d-96.8425405!16s%2Fg%2F1thw_vyh!19sChIJMVIP_zGcToYRg94fwYCEiNs,,,,,,,,,,,,,,,0,,,,,,,,,,,,,3690,4,6,10,https://www.avis.com/en/locations/nam/us/tx/dallas/dal?utm_source=google&utm_medium=gbp&utm_campaign=avis_gbp,https://www.google.com/maps/place/Avis+Car+Rental/data=!4m7!3m6!1s0x864e9c31ff0f5231:0xdb888480c11fde83!8m2!3d32.8370697!4d-96.8425405!16s%2Fg%2F1thw_vyh!19sChIJMVIP_zGcToYRg94fwYCEiNs?authuser=0&hl=en&rclk=1,,TRUE,known_dso,FALSE,,0,FALSE,FALSE,
D,13.71,dallas,SIXT Car Rental - Dallas/Fort Worth International Airport (DFW),,,,+1 888-749-8227,https://www.sixt.com/car-rental/usa/dallas/dfw-dallas-fort-worth-airport/?c1=US&c2=dallas&c3=dfw-dallas-fort-worth-airport,"Rental Car Center, 2500 S Garage Dr, Dallas, TX 75261, United States",https://www.google.com/maps/place/SIXT+Car+Rental+-+Dallas%2FFort+Worth+International+Airport+%28DFW%29/data=!4m7!3m6!1s0x864e84e2db5acb47:0x4bb66c5dc540a756!8m2!3d32.8559735!4d-97.0358799!16s%2Fg%2F11b728qrjc!19sChIJR8ta2-KEToYRVqdAxV1stks,,,,,,,,,,,,,,,0,,,,,,,,,,,,,4344,4.2,5,11,https://www.sixt.com/car-rental/usa/dallas/dfw-dallas-fort-worth-airport/?utm_source=google_business&utm_medium=organic&utm_campaign=Listings&c1=US&c2=dallas&c3=dfw-dallas-fort-worth-airport,https://www.google.com/maps/place/SIXT+Car+Rental+-+Dallas%2FFort+Worth+International+Airport+%28DFW%29/data=!4m7!3m6!1s0x864e84e2db5acb47:0x4bb66c5dc540a756!8m2!3d32.8559735!4d-97.0358799!16s%2Fg%2F11b728qrjc!19sChIJR8ta2-KEToYRVqdAxV1stks?authuser=0&hl=en&rclk=1,,TRUE,known_dso,FALSE,,0,FALSE,TRUE,metro_mismatch
D,13.53,dallas,Enterprise Rent-A-Car,noSub_enerpriserentalcar@lexisnexis.com,noSub_enerpriserentalcar@lexisnexis.com,gosom_scraper,+1 833-635-0439,https://www.enterprise.com/en/car-rental-locations/us/tx/dallas-ft-worth-international-airport-09y1.html?mcid=yext%3A245709,"2424 E 38th St, Dallas, TX 75261, United States",https://www.google.com/maps/place/Enterprise+Rent-A-Car/data=!4m7!3m6!1s0x864e81d1358225a5:0x185e4b35077beeda!8m2!3d32.8593882!4d-97.0358668!16s%2Fg%2F1tghdk06!19sChIJpSWCNdGBToYR2u57BzVLXhg,,,,,,,,,,,,,,,0,,,,,,,,,,,,,6959,4.4,2,10,https://www.enterprise.com/en/car-rental-locations/us/tx/dallas-ft-worth-international-airport-09y1.html?mcid=yext:245709,https://www.google.com/maps/place/Enterprise+Rent-A-Car/data=!4m7!3m6!1s0x864e81d1358225a5:0x185e4b35077beeda!8m2!3d32.8593882!4d-97.0358668!16s%2Fg%2F1tghdk06!19sChIJpSWCNdGBToYR2u57BzVLXhg?authuser=0&hl=en&rclk=1,,TRUE,known_dso,FALSE,,0,FALSE,TRUE,metro_mismatch
D,13.2,dallas,AutoZone Auto Parts,,,,+1 214-398-0621,https://www.autozone.com/locations/tx/dallas/1339-s-buckner-blvd.html?cmpid=LOC%3AUS%3AEN%3AAD%3ANL%3A1000000%3AGEN%3A5789,"1339 S Buckner Blvd, Dallas, TX 75217, United States",https://www.google.com/maps/place/AutoZone+Auto+Parts/data=!4m7!3m6!1s0x864ea3471b9f7bfd:0x95c2651a62391d42!8m2!3d32.7357145!4d-96.6835487!16s%2Fg%2F1v831j39!19sChIJ_XufG0ejToYRQh05YhplwpU,,,,,,,,,,,,,,,0,,,,,,,,,,,,,1590,4,240,751,https://www.autozone.com/locations/tx/dallas/1339-s-buckner-blvd.html?cmpid=LOC:US:EN:AD:NL:1000000:GEN:5789,https://www.google.com/maps/place/AutoZone+Auto+Parts/data=!4m7!3m6!1s0x864ea3471b9f7bfd:0x95c2651a62391d42!8m2!3d32.7357145!4d-96.6835487!16s%2Fg%2F1v831j39!19sChIJ_XufG0ejToYRQh05YhplwpU?authuser=0&hl=en&rclk=1,,TRUE,known_dso,FALSE,,0,FALSE,FALSE,
D,13.09,dallas,Enterprise Rent-A-Car,noSub_enerpriserentalcar@lexisnexis.com,noSub_enerpriserentalcar@lexisnexis.com,gosom_scraper,+1 833-635-0436,https://www.enterprise.com/en/car-rental-locations/us/tx/dallas-love-field-airport-09y4.html?mcid=yext%3A245709,"7366 Cedar Springs Rd, Dallas, TX 75235, United States",https://www.google.com/maps/place/Enterprise+Rent-A-Car/data=!4m7!3m6!1s0x864e9c28c2414ff9:0x5efab75329b2bb9a!8m2!3d32.8387304!4d-96.8440136!16s%2Fg%2F1vxdypm5!19sChIJ-U9BwiicToYRmruyKVO3-l4,,,,,,,,,,,,,,,0,,,,,,,,,,,,,2700,4.2,2,10,https://www.enterprise.com/en/car-rental-locations/us/tx/dallas-love-field-airport-09y4.html?mcid=yext:245709,https://www.google.com/maps/place/Enterprise+Rent-A-Car/data=!4m7!3m6!1s0x864e9c28c2414ff9:0x5efab75329b2bb9a!8m2!3d32.8387304!4d-96.8440136!16s%2Fg%2F1vxdypm5!19sChIJ-U9BwiicToYRmruyKVO3-l4?authuser=0&hl=en&rclk=1,,TRUE,known_dso,FALSE,,0,FALSE,TRUE,metro_mismatch
D,12.83,dallas,National Car Rental,,,,+1 833-635-0434,https://www.nationalcar.com/en/car-rental-locations/us/tx/dallas-love-field-airport-09y6.html?mcid=yext%3A245709,"7366 Cedar Springs Rd, Dallas, TX 75235, United States",https://www.google.com/maps/place/National+Car+Rental/data=!4m7!3m6!1s0x864e9c28ed147671:0x65c27eaa27e79692!8m2!3d32.8385642!4d-96.843841!16s%2Fg%2F1pp2vbr1_!19sChIJcXYU7SicToYRkpbnJ6p-wmU,,,,,,,,,,,,,,,0,,,,,,,,,,,,,1617,4.1,2,10,https://www.nationalcar.com/en/car-rental-locations/us/tx/dallas-love-field-airport-09y6.html?mcid=yext:245709,https://www.google.com/maps/place/National+Car+Rental/data=!4m7!3m6!1s0x864e9c28ed147671:0x65c27eaa27e79692!8m2!3d32.8385642!4d-96.843841!16s%2Fg%2F1pp2vbr1_!19sChIJcXYU7SicToYRkpbnJ6p-wmU?authuser=0&hl=en&rclk=1,,TRUE,known_dso,FALSE,,20,FALSE,TRUE,metro_mismatch
D,12.55,dallas,Enterprise Rent-A-Car,noSub_enerpriserentalcar@lexisnexis.com,noSub_enerpriserentalcar@lexisnexis.com,gosom_scraper,+1 214-371-4635,https://www.enterprise.com/en/car-rental-locations/us/tx/dallas-oak-cliff-0932.html?mcid=yext%3A245709,"3939 S Polk St Ste 102, Dallas, TX 75224, United States",https://www.google.com/maps/place/Enterprise+Rent-A-Car/data=!4m7!3m6!1s0x864e90b40481a243:0x1eaa4e7cceca6554!8m2!3d32.6967961!4d-96.8404873!16s%2Fg%2F1tg5vgbd!19sChIJQ6KBBLSQToYRVGXKznxOqh4,,,,,,,,,,,,,,,0,,,,,,,,,,,,,384,3.7,4,11,https://www.enterprise.com/en/car-rental-locations/us/tx/dallas-oak-cliff-0932.html?mcid=yext:245709,https://www.google.com/maps/place/Enterprise+Rent-A-Car/data=!4m7!3m6!1s0x864e90b40481a243:0x1eaa4e7cceca6554!8m2!3d32.6967961!4d-96.8404873!16s%2Fg%2F1tg5vgbd!19sChIJQ6KBBLSQToYRVGXKznxOqh4?authuser=0&hl=en&rclk=1,,TRUE,known_dso,FALSE,,0,FALSE,FALSE,
D,12.5,dallas,AutoZone Auto Parts,,,,+1 214-328-0663,https://www.autozone.com/locations/tx/dallas/10418-garland-rd.html?cmpid=LOC%3AUS%3AEN%3AAD%3ANL%3A1000000%3AGEN%3A1522,"10418 Garland Rd, Dallas, TX 75218, United States",https://www.google.com/maps/place/AutoZone+Auto+Parts/data=!4m7!3m6!1s0x864ea110c62f47f1:0xd02ada1f77d4ae11!8m2!3d32.8418212!4d-96.6908472!16s%2Fg%2F1vnnjtl7!19sChIJ8UcvxhChToYREa7Udx_aKtA,,,,,,,,,,,,,,,0,,,,,,,,,,,,,1255,4.1,199,695,https://www.autozone.com/locations/tx/dallas/10418-garland-rd.html?cmpid=LOC:US:EN:AD:NL:1000000:GEN:1522,https://www.google.com/maps/place/AutoZone+Auto+Parts/data=!4m7!3m6!1s0x864ea110c62f47f1:0xd02ada1f77d4ae11!8m2!3d32.8418212!4d-96.6908472!16s%2Fg%2F1vnnjtl7!19sChIJ8UcvxhChToYREa7Udx_aKtA?authuser=0&hl=en&rclk=1,,TRUE,known_dso,FALSE,,0,FALSE,FALSE,
D,12.35,dallas,Alamo Rent A Car,,,,+1 833-635-0435,https://www.alamo.com/en/car-rental-locations/us/tx/dallas-love-field-airport-09y5.html?mcid=yext%3A245709,"7366 Cedar Springs Rd, Dallas, TX 75235, United States",https://www.google.com/maps/place/Alamo+Rent+A+Car/data=!4m7!3m6!1s0x864e9c28ed147671:0xf6bda195020d13ab!8m2!3d32.8385641!4d-96.8439872!16s%2Fg%2F1jgm4q9_z!19sChIJcXYU7SicToYRqxMNApWhvfY,,,,,,,,,,,,,,,0,,,,,,,,,,,,,1126,4.1,6,11,https://www.alamo.com/en/car-rental-locations/us/tx/dallas-love-field-airport-09y5.html?mcid=yext:245709,https://www.google.com/maps/place/Alamo+Rent+A+Car/data=!4m7!3m6!1s0x864e9c28ed147671:0xf6bda195020d13ab!8m2!3d32.8385641!4d-96.8439872!16s%2Fg%2F1jgm4q9_z!19sChIJcXYU7SicToYRqxMNApWhvfY?authuser=0&hl=en&rclk=1,,TRUE,known_dso,FALSE,,0,FALSE,TRUE,metro_mismatch
D,12.2,dallas,Carnation Auto Spa,,,,+1 972-777-5170,https://carnationautospa.com/carnation-locations/dallas-lemmon,"4915 Lemmon Ave, Dallas, TX 75219, United States",https://www.google.com/maps/place/Carnation+Auto+Spa/data=!4m7!3m6!1s0x864e9f481c508957:0x37ecd86551fdcdbb!8m2!3d32.8225265!4d-96.8188115!16s%2Fg%2F11q959xz7b!19sChIJV4lQHEifToYRu839UWXY7Dc,,,,,,,,,,,,,,,0,,,,,,,,,,,,,3409,4.5,4,10,https://carnationautospa.com/carnation-locations/dallas-lemmon/?utm_source=google&utm_medium=organic&utm_campaign=gmb,https://www.google.com/maps/place/Carnation+Auto+Spa/data=!4m7!3m6!1s0x864e9f481c508957:0x37ecd86551fdcdbb!8m2!3d32.8225265!4d-96.8188115!16s%2Fg%2F11q959xz7b!19sChIJV4lQHEifToYRu839UWXY7Dc?authuser=0&hl=en&rclk=1,,TRUE,shared_hostname_carnationautospa.com_2x,FALSE,,0,FALSE,FALSE,
D,11.99,dallas,Auto Fit,,,,+1 214-638-1100,https://www.autofitparts.com,"8223 N Stemmons Fwy, Dallas, TX 75247, United States",https://www.google.com/maps/place/Auto+Fit/data=!4m7!3m6!1s0x864e9c7ce2a2aa6b:0xd2837478ae0d66d2!8m2!3d32.8250829!4d-96.8737039!16s%2Fg%2F1tnssb7f!19sChIJa6qi4nycToYR0mYNrnh0g9I,,,,,,,,,,,,,,,0,,,,,,,,,,,,,7325,4.8,74,1000,https://www.autofitparts.com/,https://www.google.com/maps/place/Auto+Fit/data=!4m7!3m6!1s0x864e9c7ce2a2aa6b:0xd2837478ae0d66d2!8m2!3d32.8250829!4d-96.8737039!16s%2Fg%2F1tnssb7f!19sChIJa6qi4nycToYR0mYNrnh0g9I?authuser=0&hl=en&rclk=1,,TRUE,shared_hostname_autofitparts.com_2x,FALSE,,0,FALSE,FALSE,
D,11.85,dallas,AutoZone Auto Parts,,,,+1 214-350-6768,https://www.autozone.com/locations/tx/dallas/2522-inwood-rd.html?cmpid=LOC%3AUS%3AEN%3AAD%3ANL%3A1000000%3AGEN%3A1537,"2522 Inwood Rd, Dallas, TX 75235, United States",https://www.google.com/maps/place/AutoZone+Auto+Parts/data=!4m7!3m6!1s0x864e9ea08034a30f:0xfdbc83039b290a6b!8m2!3d32.8218444!4d-96.8348962!16s%2Fg%2F1tnqhdhq!19sChIJD6M0gKCeToYRawopmwODvP0,,,,,,,,,,,,,,,0,,,,,,,,,,,,,763,4.1,108,441,https://www.autozone.com/locations/tx/dallas/2522-inwood-rd.html?cmpid=LOC:US:EN:AD:NL:1000000:GEN:1537,https://www.google.com/maps/place/AutoZone+Auto+Parts/data=!4m7!3m6!1s0x864e9ea08034a30f:0xfdbc83039b290a6b!8m2!3d32.8218444!4d-96.8348962!16s%2Fg%2F1tnqhdhq!19sChIJD6M0gKCeToYRawopmwODvP0?authuser=0&hl=en&rclk=1,,TRUE,known_dso,FALSE,,0,FALSE,FALSE,
D,11.82,dallas,Alamo Rent A Car,,,,+1 833-635-0437,https://www.alamo.com/en/car-rental-locations/us/tx/dallas-ft-worth-international-airport-09y2.html?mcid=yext%3A245709,"2424 E 38th St, Dallas, TX 75261, United States",https://www.google.com/maps/place/Alamo+Rent+A+Car/data=!4m7!3m6!1s0x864c2a8fef5cd31d:0x30a34f8196b0c0cb!8m2!3d32.8593882!4d-97.0358668!16s%2Fg%2F1thvt31c!19sChIJHdNc748qTIYRy8CwloFPozA,,,,,,,,,,,,,,,0,,,,,,,,,,,,,2545,4.5,3,10,https://www.alamo.com/en/car-rental-locations/us/tx/dallas-ft-worth-international-airport-09y2.html?mcid=yext:245709,https://www.google.com/maps/place/Alamo+Rent+A+Car/data=!4m7!3m6!1s0x864c2a8fef5cd31d:0x30a34f8196b0c0cb!8m2!3d32.8593882!4d-97.0358668!16s%2Fg%2F1thvt31c!19sChIJHdNc748qTIYRy8CwloFPozA?authuser=0&hl=en&rclk=1,,TRUE,known_dso,FALSE,,0,FALSE,TRUE,metro_mismatch
D,11.75,dallas,Omar's Wheels & Tires,,,,+1 214-388-7995,https://www.instagram.com/omarswheels,"3760 Buckner Blvd, Dallas, TX 75227, United States",https://www.google.com/maps/place/Omar%27s+Wheels+%26+Tires/data=!4m7!3m6!1s0x864ea39f01d8671f:0x3caaad02c75943ff!8m2!3d32.7690152!4d-96.6822536!16s%2Fg%2F1260fz897!19sChIJH2fYAZ-jToYR_0NZxwKtqjw,,,,,,,,,,,,,,,0,,,,,,,,,,,,,3296,4.6,2,10,https://www.instagram.com/omarswheels/?hl=en,https://www.google.com/maps/place/Omar%27s+Wheels+%26+Tires/data=!4m7!3m6!1s0x864ea39f01d8671f:0x3caaad02c75943ff!8m2!3d32.7690152!4d-96.6822536!16s%2Fg%2F1260fz897!19sChIJH2fYAZ-jToYR_0NZxwKtqjw?authuser=0&hl=en&rclk=1,,TRUE,shared_hostname_instagram.com_2x,FALSE,,0,FALSE,FALSE,
D,11.59,dallas,AutoZone Auto Parts,,,,+1 214-827-8994,https://www.autozone.com/locations/tx/dallas/4920-ross-ave.html?cmpid=LOC%3AUS%3AEN%3AAD%3ANL%3A1000000%3AGEN%3A1534,"4920 Ross Ave, Dallas, TX 75206, United States",https://www.google.com/maps/place/AutoZone+Auto+Parts/data=!4m7!3m6!1s0x864e9f34b987c5ed:0x5acd1580a124579d!8m2!3d32.8064378!4d-96.775187!16s%2Fg%2F1tgx702p!19sChIJ7cWHuTSfToYRnVckoYAVzVo,,,,,,,,,,,,,,,0,,,,,,,,,,,,,850,4.2,113,488,https://www.autozone.com/locations/tx/dallas/4920-ross-ave.html?cmpid=LOC:US:EN:AD:NL:1000000:GEN:1534,https://www.google.com/maps/place/AutoZone+Auto+Parts/data=!4m7!3m6!1s0x864e9f34b987c5ed:0x5acd1580a124579d!8m2!3d32.8064378!4d-96.775187!16s%2Fg%2F1tgx702p!19sChIJ7cWHuTSfToYRnVckoYAVzVo?authuser=0&hl=en&rclk=1,,TRUE,known_dso,FALSE,,0,FALSE,FALSE,
D,11.38,dallas,Discount Tire,,,,+1 214-520-1566,https://www.discounttire.com/store/tx/dallas/s/1281,"3524 Inwood Rd, Dallas, TX 75209, United States",https://www.google.com/maps/place/Discount+Tire/data=!4m7!3m6!1s0x864e9e9992d4743b:0x1cf57f4869676c51!8m2!3d32.8300571!4d-96.8255185!16s%2Fg%2F1v27vxnn!19sChIJO3TUkpmeToYRUWxnaUh_9Rw,,,,,,,,,,,,,,,0,,,,,,,,,,,,,1338,4.4,4,10,,https://www.google.com/maps/place/Discount+Tire/data=!4m7!3m6!1s0x864e9e9992d4743b:0x1cf57f4869676c51!8m2!3d32.8300571!4d-96.8255185!16s%2Fg%2F1v27vxnn!19sChIJO3TUkpmeToYRUWxnaUh_9Rw?authuser=0&hl=en&rclk=1,,TRUE,known_dso,FALSE,,0,FALSE,FALSE,
D,11.18,dallas,Avis Car Rental,custserv@avis.com,custserv@avis.com,gosom_scraper,+1 214-571-9290,https://www.avis.com/en/locations/nam/us/tx/dallas/d5l,"1303 Commerce St, Dallas, TX 75202, United States",https://www.google.com/maps/place/Avis+Car+Rental/data=!4m7!3m6!1s0x864e991851064d2b:0x70d446dd59736c87!8m2!3d32.7797!4d-96.80064!16s%2Fg%2F1tj6v771!19sChIJK00GURiZToYRh2xzWd1G1HA,,,,,,,,,,,,,,,0,,,,,,,,,,,,,248,3.9,7,10,https://www.avis.com/en/locations/nam/us/tx/dallas/d5l?utm_source=google&utm_medium=gbp&utm_campaign=avis_gbp,https://www.google.com/maps/place/Avis+Car+Rental/data=!4m7!3m6!1s0x864e991851064d2b:0x70d446dd59736c87!8m2!3d32.7797!4d-96.80064!16s%2Fg%2F1tj6v771!19sChIJK00GURiZToYRh2xzWd1G1HA?authuser=0&hl=en&rclk=1,,TRUE,known_dso,FALSE,,0,FALSE,FALSE,
D,11.17,dallas,Glass Doctor of Dallas Metroplex,,,,+1 972-437-8244,https://glassdoctor.com/dallas?cid=LSTL_MGD000191,"2001 Midway Rd #121, Carrollton, TX 75006, United States",https://www.google.com/maps/place/Glass+Doctor+of+Dallas+Metroplex/data=!4m7!3m6!1s0x864c26b5d2624865:0x6c4d126c14948d26!8m2!3d32.9614066!4d-96.8390537!16s%2Fg%2F1tjz8bry!19sChIJZUhi0rUmTIYRJo2UFGwSTWw,,,,,,,,,,,,,,,0,,,,,,,,,,,,,2864,4.7,4,11,https://glassdoctor.com/dallas?cid=LSTL_MGD000191&utm_source=gmb&utm_campaign=local&utm_medium=organic,https://www.google.com/maps/place/Glass+Doctor+of+Dallas+Metroplex/data=!4m7!3m6!1s0x864c26b5d2624865:0x6c4d126c14948d26!8m2!3d32.9614066!4d-96.8390537!16s%2Fg%2F1tjz8bry!19sChIJZUhi0rUmTIYRJo2UFGwSTWw?authuser=0&hl=en&rclk=1,,TRUE,known_dso,FALSE,,0,FALSE,FALSE,
D,11.17,dallas,Budget Car Rental,custserv@budget.com,custserv@budget.com,gosom_scraper,+1 214-760-9739,https://www.budget.com/en/locations/us/tx/dallas/dt6,"1303 Commerce St, Dallas, TX 75202, United States",https://www.google.com/maps/place/Budget+Car+Rental/data=!4m7!3m6!1s0x864e9918571d75fb:0xb17208a2b1d15330!8m2!3d32.7797!4d-96.80064!16s%2Fg%2F1tf2y65x!19sChIJ-3UdVxiZToYRMFPRsaIIcrE,,,,,,,,,,,,,,,0,,,,,,,,,,,,,98,3.6,6,10,https://www.budget.com/en/locations/us/tx/dallas/dt6?utm_source=google&utm_medium=gbp&utm_campaign=budget_gbp,https://www.google.com/maps/place/Budget+Car+Rental/data=!4m7!3m6!1s0x864e9918571d75fb:0xb17208a2b1d15330!8m2!3d32.7797!4d-96.80064!16s%2Fg%2F1tf2y65x!19sChIJ-3UdVxiZToYRMFPRsaIIcrE?authuser=0&hl=en&rclk=1,,TRUE,dso_email_domain:budget.com,FALSE,,3,FALSE,FALSE,
D,11.01,dallas,Budget Car Rental,custserv@budget.com,custserv@budget.com,gosom_scraper,+1 214-324-1780,https://www.budget.com/en/locations/us/tx/dallas/dt9,"11822 E NW Hwy, Dallas, TX 75218, United States",https://www.google.com/maps/place/Budget+Car+Rental/data=!4m7!3m6!1s0x864ea0da5d7491d7:0x8e9a7cec7c914f48!8m2!3d32.863777!4d-96.675896!16s%2Fg%2F1tfc2f9h!19sChIJ15F0XdqgToYRSE-RfOx8mo4,,,,,,,,,,,,,,,0,,,,,,,,,,,,,217,3.9,57,60,,https://www.google.com/maps/place/Budget+Car+Rental/data=!4m7!3m6!1s0x864ea0da5d7491d7:0x8e9a7cec7c914f48!8m2!3d32.863777!4d-96.675896!16s%2Fg%2F1tfc2f9h!19sChIJ15F0XdqgToYRSE-RfOx8mo4?authuser=0&hl=en&rclk=1,,TRUE,dso_email_domain:budget.com,FALSE,,3,FALSE,FALSE,
D,10.99,dallas,DriveTime Used Cars,,,,+1 972-572-5800,https://www.drivetime.com?reg=dfw&vend=google&camn=10302,"39510 Lyndon B Johnson Fwy, Dallas, TX 75232, United States",https://www.google.com/maps/place/DriveTime+Used+Cars/data=!4m7!3m6!1s0x864e91ad68d5c803:0xafc0db79c980aa6e!8m2!3d32.6435114!4d-96.8519006!16s%2Fg%2F1tfgdn7w!19sChIJA8jVaK2RToYRbqqAyXnbwK8,,,,,,,,,,,,,,,0,,,,,,,,,,,,,4606,4.9,2,10,https://www.drivetime.com/?reg=dfw&source=local&vend=google&camn=10302&utm_content=website,https://www.google.com/maps/place/DriveTime+Used+Cars/data=!4m7!3m6!1s0x864e91ad68d5c803:0xafc0db79c980aa6e!8m2!3d32.6435114!4d-96.8519006!16s%2Fg%2F1tfgdn7w!19sChIJA8jVaK2RToYRbqqAyXnbwK8?authuser=0&hl=en&rclk=1,,TRUE,known_dso,FALSE,,0,FALSE,FALSE,
D,10.96,dallas,Enterprise Rent-A-Car,,,,+1 214-522-0395,https://www.enterprise.com/en/car-rental-locations/us/tx/dallas-uptown-09d6.html?mcid=yext%3A245709,"2820 Oak Lawn Ave, Dallas, TX 75219, United States",https://www.google.com/maps/place/Enterprise+Rent-A-Car/data=!4m7!3m6!1s0x864c3391dce135fb:0x333d71464595e39a!8m2!3d32.8071852!4d-96.8102355!16s%2Fg%2F1tgm38bn!19sChIJ-zXh3JEzTIYRmuOVRUZxPTM,,,,,,,,,,,,,,,0,,,,,,,,,,,,,385,4.1,2,10,https://www.enterprise.com/en/car-rental-locations/us/tx/dallas-uptown-09d6.html?mcid=yext:245709,https://www.google.com/maps/place/Enterprise+Rent-A-Car/data=!4m7!3m6!1s0x864c3391dce135fb:0x333d71464595e39a!8m2!3d32.8071852!4d-96.8102355!16s%2Fg%2F1tgm38bn!19sChIJ-zXh3JEzTIYRmuOVRUZxPTM?authuser=0&hl=en&rclk=1,,TRUE,known_dso,FALSE,,0,FALSE,FALSE,
D,10.68,dallas,King of Tires,,,,+1 469-533-3309,https://www.facebook.com/pages/King-of-Tires/196353773714503,"3525 W Ledbetter Dr A, Dallas, TX 75233, United States",https://www.google.com/maps/place/King+of+Tires/data=!4m7!3m6!1s0x864e9061c1c991c9:0x53b5096455117b52!8m2!3d32.6916499!4d-96.878966!16s%2Fg%2F1tvym5cw!19sChIJyZHJwWGQToYRUnsRVWQJtVM,,,,,,,,,,,,,,,0,,,,,,,,,,,,,424,4.2,16,22,,https://www.google.com/maps/place/King+of+Tires/data=!4m7!3m6!1s0x864e9061c1c991c9:0x53b5096455117b52!8m2!3d32.6916499!4d-96.878966!16s%2Fg%2F1tvym5cw!19sChIJyZHJwWGQToYRUnsRVWQJtVM?authuser=0&hl=en&rclk=1,,TRUE,shared_hostname_facebook.com_4x,FALSE,,0,FALSE,FALSE,
D,10.61,dallas,O'Reilly Auto Parts,,,,+1 214-363-5601,https://locations.oreillyauto.com/en-us/tx/dallas/autoparts-1718.html,"7028 Greenville Ave, Dallas, TX 75231, United States",https://www.google.com/maps/place/O%27Reilly+Auto+Parts/data=!4m7!3m6!1s0x864e9fed2b63a949:0xc117ae9f2f149acb!8m2!3d32.8738345!4d-96.7622384!16s%2Fg%2F1v6p97v_!19sChIJSaljK-2fToYRy5oUL5-uF8E,,,,,,,,,,,,,,,0,,,,,,,,,,,,,400,4.2,43,208,,https://www.google.com/maps/place/O%27Reilly+Auto+Parts/data=!4m7!3m6!1s0x864e9fed2b63a949:0xc117ae9f2f149acb!8m2!3d32.8738345!4d-96.7622384!16s%2Fg%2F1v6p97v_!19sChIJSaljK-2fToYRy5oUL5-uF8E?authuser=0&hl=en&rclk=1,,TRUE,known_dso,FALSE,,0,FALSE,FALSE,
D,10.51,dallas,Christian Brothers Automotive North Dallas,,,,+1 469-267-6149,https://www.cbac.com/north-dallas,"11870 N Central Expy, Dallas, TX 75243, United States",https://www.google.com/maps/place/Christian+Brothers+Automotive+North+Dallas/data=!4m7!3m6!1s0x864c201309f32013:0x2f91a5e2423c994f!8m2!3d32.9106363!4d-96.7677402!16s%2Fg%2F1ptwd_7m1!19sChIJEyDzCRMgTIYRT5k8QuKlkS8,,,,,,,,,,,,,,,0,,,,,,,,,,,,,934,4.5,6,10,https://www.cbac.com/north-dallas/?utm_source=GMB&utm_medium=organic&utm_campaign=north-dallas&utm_content=website-cta,https://www.google.com/maps/place/Christian+Brothers+Automotive+North+Dallas/data=!4m7!3m6!1s0x864c201309f32013:0x2f91a5e2423c994f!8m2!3d32.9106363!4d-96.7677402!16s%2Fg%2F1ptwd_7m1!19sChIJEyDzCRMgTIYRT5k8QuKlkS8?authuser=0&hl=en&rclk=1,,TRUE,known_dso,FALSE,,0,FALSE,FALSE,
D,10.44,dallas,Advance Auto Parts,,,,+1 214-623-0778,https://stores.advanceautoparts.com/tx/dallas/2484-w-illinois-ave,"2484 W Illinois Ave, Dallas, TX 75233, United States",https://www.google.com/maps/place/Advance+Auto+Parts/data=!4m7!3m6!1s0x864e9a72fbcc4403:0xd6581377be738f3d!8m2!3d32.7197576!4d-96.8587209!16s%2Fg%2F11b807hk2p!19sChIJA0TM-3KaToYRPY9zvncTWNY,,,,,,,,,,,,,,,0,,,,,,,,,,,,,260,4.1,47,164,https://stores.advanceautoparts.com/tx/dallas/2484-w-illinois-ave?utm_medium=local&utm_source=yext-gmb&utm_content=gmb-2016-12-29&utm_campaign=aap,https://www.google.com/maps/place/Advance+Auto+Parts/data=!4m7!3m6!1s0x864e9a72fbcc4403:0xd6581377be738f3d!8m2!3d32.7197576!4d-96.8587209!16s%2Fg%2F11b807hk2p!19sChIJA0TM-3KaToYRPY9zvncTWNY?authuser=0&hl=en&rclk=1,,TRUE,known_dso,FALSE,,0,FALSE,FALSE,
D,10.38,dallas,O'Reilly Auto Parts,,,,+1 214-821-5199,https://locations.oreillyauto.com/en-us/tx/dallas/autoparts-663.html,"4409 Live Oak St, Dallas, TX 75204, United States",https://www.google.com/maps/place/O%27Reilly+Auto+Parts/data=!4m7!3m6!1s0x864e98ce96059727:0xbb38b46d4a4e0b8a!8m2!3d32.7991505!4d-96.777468!16s%2Fg%2F1vfn71mh!19sChIJJ5cFls6YToYRigtOSm20OLs,,,,,,,,,,,,,,,0,,,,,,,,,,,,,457,4.3,41,240,,https://www.google.com/maps/place/O%27Reilly+Auto+Parts/data=!4m7!3m6!1s0x864e98ce96059727:0xbb38b46d4a4e0b8a!8m2!3d32.7991505!4d-96.777468!16s%2Fg%2F1vfn71mh!19sChIJJ5cFls6YToYRigtOSm20OLs?authuser=0&hl=en&rclk=1,,TRUE,known_dso,FALSE,,0,FALSE,FALSE,
D,10.33,dallas,O'Reilly Auto Parts,,,,+1 214-443-9764,https://locations.oreillyauto.com/en-us/tx/dallas/autoparts-550.html,"5211 Lemmon Ave, Dallas, TX 75209, United States",https://www.google.com/maps/place/O%27Reilly+Auto+Parts/data=!4m7!3m6!1s0x864e9e962a74df53:0x7ba4f53d2f737dc5!8m2!3d32.8249188!4d-96.8215699!16s%2Fg%2F1wf2283b!19sChIJU990KpaeToYRxX1zLz31pHs,,,,,,,,,,,,,,,0,,,,,,,,,,,,,441,4.3,38,256,,https://www.google.com/maps/place/O%27Reilly+Auto+Parts/data=!4m7!3m6!1s0x864e9e962a74df53:0x7ba4f53d2f737dc5!8m2!3d32.8249188!4d-96.8215699!16s%2Fg%2F1wf2283b!19sChIJU990KpaeToYRxX1zLz31pHs?authuser=0&hl=en&rclk=1,,TRUE,known_dso,FALSE,,0,FALSE,FALSE,
D,10.29,dallas,Caliber Collision,Dallas@CaliberCollision.com,Dallas@CaliberCollision.com,gosom_scraper,+1 214-352-4041,https://www.caliber.com/find-a-location/dallas,"3201 Manor Way, Dallas, TX 75235, United States",https://www.google.com/maps/place/Caliber+Collision/data=!4m7!3m6!1s0x864e9c26c79d25d1:0x17fe10b72e5d710b!8m2!3d32.8321852!4d-96.8355187!16s%2Fg%2F1tffdm0b!19sChIJ0SWdxyacToYRC3FdLrcQ_hc,,,,,,,,,,,,,,,0,,,,,,,,,,,,,1069,4.6,2,10,https://www.caliber.com/find-a-location/dallas?utm_source=google&utm_medium=gbp-profile&utm_campaign=webform-GBPwebsite&utm_content=&utm_term=&utm_id=0966,https://www.google.com/maps/place/Caliber+Collision/data=!4m7!3m6!1s0x864e9c26c79d25d1:0x17fe10b72e5d710b!8m2!3d32.8321852!4d-96.8355187!16s%2Fg%2F1tffdm0b!19sChIJ0SWdxyacToYRC3FdLrcQ_hc?authuser=0&hl=en&rclk=1,,TRUE,known_dso,FALSE,,0,FALSE,FALSE,
D,10.24,dallas,Carnation Auto Spa,hello@carnationautospa.com,hello@carnationautospa.com,gosom_scraper,+1 972-777-5155,https://carnationautospa.com/carnation-locations/dallas-mockingbird,"6140 E Mockingbird Ln, Dallas, TX 75214, United States",https://www.google.com/maps/place/Carnation+Auto+Spa/data=!4m7!3m6!1s0x864e9f593f7fe72d:0xff7fcc357ee3a3ac!8m2!3d32.8360939!4d-96.7594822!16s%2Fg%2F11n_z42mzv!19sChIJLed_P1mfToYRrKPjfjXMf_8,,,,,,,,,,,,,,,0,,,,,,,,,,,,,1398,4.7,52,60,https://carnationautospa.com/carnation-locations/dallas-mockingbird/?utm_source=google&utm_medium=organic&utm_campaign=gmb,https://www.google.com/maps/place/Carnation+Auto+Spa/data=!4m7!3m6!1s0x864e9f593f7fe72d:0xff7fcc357ee3a3ac!8m2!3d32.8360939!4d-96.7594822!16s%2Fg%2F11n_z42mzv!19sChIJLed_P1mfToYRrKPjfjXMf_8?authuser=0&hl=en&rclk=1,,TRUE,shared_hostname_carnationautospa.com_2x,FALSE,,0,FALSE,FALSE,
D,10.21,dallas,NAPA Auto Parts,,,,+1 214-357-4334,https://www.napaonline.com/en/TX/Dallas/store/23993?cid=pl_gpc_google_dac_23993_ao,"10429 Harry Hines Blvd, Dallas, TX 75220, United States",https://www.google.com/maps/place/NAPA+Auto+Parts/data=!4m7!3m6!1s0x864e9d0b41c38b61:0x6e1467b39e7f4b86!8m2!3d32.865799!4d-96.88231!16s%2Fg%2F1vv2sn9k!19sChIJYYvDQQudToYRhkt_nrNnFG4,,,,,,,,,,,,,,,0,,,,,,,,,,,,,294,4.2,39,154,,https://www.google.com/maps/place/NAPA+Auto+Parts/data=!4m7!3m6!1s0x864e9d0b41c38b61:0x6e1467b39e7f4b86!8m2!3d32.865799!4d-96.88231!16s%2Fg%2F1vv2sn9k!19sChIJYYvDQQudToYRhkt_nrNnFG4?authuser=0&hl=en&rclk=1,,TRUE,known_dso,FALSE,,0,FALSE,FALSE,
D,10.21,dallas,Auto Fit,,,,+1 214-646-6666,https://www.autofitparts.com,"12710 Executive Dr, Dallas, TX 75238, United States",https://www.google.com/maps/place/Auto+Fit/data=!4m7!3m6!1s0x864ea199e9ce32c1:0xc3d70b2c8040aa9!8m2!3d32.8681815!4d-96.6773315!16s%2Fg%2F11t2cnq58s!19sChIJwTLO6ZmhToYRqQoEyLJwPQw,,,,,,,,,,,,,,,0,,,,,,,,,,,,,2529,4.9,21,1000,https://www.autofitparts.com/,https://www.google.com/maps/place/Auto+Fit/data=!4m7!3m6!1s0x864ea199e9ce32c1:0xc3d70b2c8040aa9!8m2!3d32.8681815!4d-96.6773315!16s%2Fg%2F11t2cnq58s!19sChIJwTLO6ZmhToYRqQoEyLJwPQw?authuser=0&hl=en&rclk=1,,TRUE,shared_hostname_autofitparts.com_2x,FALSE,,0,FALSE,FALSE,
D,10.07,dallas,Elite Auto Salvage,,,,+1 469-987-3018,,"10019 Beckleycrest Ave, Dallas, TX 75232, United States",https://www.google.com/maps/place/Elite+Auto+Salvage/data=!4m7!3m6!1s0x864e96acc27076df:0x28c1cc285db5919e!8m2!3d32.6275924!4d-96.8340181!16s%2Fg%2F11c2rbw0js!19sChIJ33ZwwqyWToYRnpG1XSjMwSg,,,,,,,,,,,,,,,0,,,,,,,,,,,,,42,3.6,12,29,,https://www.google.com/maps/place/Elite+Auto+Salvage/data=!4m7!3m6!1s0x864e96acc27076df:0x28c1cc285db5919e!8m2!3d32.6275924!4d-96.8340181!16s%2Fg%2F11c2rbw0js!19sChIJ33ZwwqyWToYRnpG1XSjMwSg?authuser=0&hl=en&rclk=1,,TRUE,brand_repeats_3x_in_dataset,FALSE,,0,FALSE,FALSE,
D,9.93,dallas,AAMCO Transmissions & Total Car Care,,,,+1 214-972-0648,https://www.aamcodallastx.com,"2899 Irving Blvd, Dallas, TX 75207, United States",https://www.google.com/maps/place/AAMCO+Transmissions+%26+Total+Car+Care/data=!4m7!3m6!1s0x864e9e9a05b79c2b:0xf3adbf53e9acf65f!8m2!3d32.808722!4d-96.850489!16s%2Fg%2F1tdn4hs9!19sChIJK5y3BZqeToYRX_as6VO_rfM,,,,,,,,,,,,,,,0,,,,,,,,,,,,,440,4.4,53,389,https://www.aamcodallastx.com/?utm_source=G&utm_medium=local&utm_campaign=google-local,https://www.google.com/maps/place/AAMCO+Transmissions+%26+Total+Car+Care/data=!4m7!3m6!1s0x864e9e9a05b79c2b:0xf3adbf53e9acf65f!8m2!3d32.808722!4d-96.850489!16s%2Fg%2F1tdn4hs9!19sChIJK5y3BZqeToYRX_as6VO_rfM?authuser=0&hl=en&rclk=1,,TRUE,known_dso,FALSE,,0,FALSE,FALSE,
D,9.76,dallas,Enterprise Rent-A-Car,noSub_enerpriserentalcar@lexisnexis.com,noSub_enerpriserentalcar@lexisnexis.com,gosom_scraper,+1 214-219-3455,https://www.enterprise.com/en/car-rental-locations/us/tx/dallas-knox-henderson-09kx.html?mcid=yext%3A245709,"3001 Knox St #101, Dallas, TX 75205, United States",https://www.google.com/maps/place/Enterprise+Rent-A-Car/data=!4m7!3m6!1s0x864e9f26c53aa763:0xba24c51d3ed89226!8m2!3d32.820904!4d-96.7873877!16s%2Fg%2F1v76_1y_!19sChIJY6c6xSafToYRJpLYPh3FJLo,,,,,,,,,,,,,,,0,,,,,,,,,,,,,209,4.2,12,20,https://www.enterprise.com/en/car-rental-locations/us/tx/dallas-knox-henderson-09kx.html?mcid=yext:245709,https://www.google.com/maps/place/Enterprise+Rent-A-Car/data=!4m7!3m6!1s0x864e9f26c53aa763:0xba24c51d3ed89226!8m2!3d32.820904!4d-96.7873877!16s%2Fg%2F1v76_1y_!19sChIJY6c6xSafToYRJpLYPh3FJLo?authuser=0&hl=en&rclk=1,,TRUE,known_dso,FALSE,,0,FALSE,FALSE,
D,9.64,dallas,The Transmission Shop,,,,+1 972-494-0911,https://thetransmissionshop.com,"1403 Forest Ln, Garland, TX 75042, United States",https://www.google.com/maps/place/The+Transmission+Shop/data=!4m7!3m6!1s0x864c1df16e83fc4f:0x25a84ec4f329ba8f!8m2!3d32.9100036!4d-96.648674!16s%2Fg%2F1tjv3xt5!19sChIJT_yDbvEdTIYRj7op88ROqCU,,,,,,,,,,,,,,,0,,,,,,,,,,,,,478,4.5,40,371,https://thetransmissionshop.com/,https://www.google.com/maps/place/The+Transmission+Shop/data=!4m7!3m6!1s0x864c1df16e83fc4f:0x25a84ec4f329ba8f!8m2!3d32.9100036!4d-96.648674!16s%2Fg%2F1tjv3xt5!19sChIJT_yDbvEdTIYRj7op88ROqCU?authuser=0&hl=en&rclk=1,,TRUE,shared_hostname_thetransmissionshop.com_2x,FALSE,,0,FALSE,FALSE,
D,9.58,dallas,Dallas Auto Sunroof and Trim,,,,+1 972-243-6879,https://benzautosunroof.wixsite.com/mysite,"10923 Indian Trail Ste 103, Dallas, TX 75229, United States",https://www.google.com/maps/place/Dallas+Auto+Sunroof+and+Trim/data=!4m7!3m6!1s0x864e9d6211e12503:0xdd7f9aefc4310cab!8m2!3d32.8973563!4d-96.8846232!16s%2Fg%2F1thmldhl!19sChIJAyXhEWKdToYRqwwxxO-af90,,,,,,,,,,,,,,,0,,,,,,,,,,,,,134,4.1,26,116,,https://www.google.com/maps/place/Dallas+Auto+Sunroof+and+Trim/data=!4m7!3m6!1s0x864e9d6211e12503:0xdd7f9aefc4310cab!8m2!3d32.8973563!4d-96.8846232!16s%2Fg%2F1thmldhl!19sChIJAyXhEWKdToYRqwwxxO-af90?authuser=0&hl=en&rclk=1,,TRUE,brand_repeats_4x_in_dataset,FALSE,,0,FALSE,FALSE,
D,9.46,dallas,Texas Collision Centers,tcc05frontoffice@tcctexas.com,tcc05frontoffice@tcctexas.com,gosom_scraper,+1 972-528-9398,https://texascollisioncenters.com/locations/love-field,"6125 Peeler St, Dallas, TX 75235, United States",https://www.google.com/maps/place/Texas+Collision+Centers/data=!4m7!3m6!1s0x864e9f936002e25b:0xc41f359a591f7a8b!8m2!3d32.8300626!4d-96.8326831!16s%2Fg%2F11sf7sghx6!19sChIJW-ICYJOfToYRi3ofWZo1H8Q,,,,,,,,,,,,,,,0,,,,,,,,,,,,,1425,4.9,2,10,https://texascollisioncenters.com/locations/love-field/,https://www.google.com/maps/place/Texas+Collision+Centers/data=!4m7!3m6!1s0x864e9f936002e25b:0xc41f359a591f7a8b!8m2!3d32.8300626!4d-96.8326831!16s%2Fg%2F11sf7sghx6!19sChIJW-ICYJOfToYRi3ofWZo1H8Q?authuser=0&hl=en&rclk=1,,TRUE,shared_hostname_texascollisioncenters.com_2x,FALSE,,0,FALSE,FALSE,
D,9.3,dallas,New Image Autosports & Window Tint,,,,+1 972-233-7500,http://www.newimageautosports.com,"5656 Alpha Rd, Dallas, TX 75240, United States",https://www.google.com/maps/place/New+Image+Autosports+%26+Window+Tint/data=!4m7!3m6!1s0x864c20e6ce05d86f:0x303132528cc0bb58!8m2!3d32.9324175!4d-96.8101991!16s%2Fg%2F1ydpr59ts!19sChIJb9gFzuYgTIYRWLvAjFIyMTA,,,,,,,,,,,,,,,0,,,,,,,,,,,,,928,4.8,33,769,http://www.newimageautosports.com/,https://www.google.com/maps/place/New+Image+Autosports+%26+Window+Tint/data=!4m7!3m6!1s0x864c20e6ce05d86f:0x303132528cc0bb58!8m2!3d32.9324175!4d-96.8101991!16s%2Fg%2F1ydpr59ts!19sChIJb9gFzuYgTIYRWLvAjFIyMTA?authuser=0&hl=en&rclk=1,,TRUE,shared_hostname_newimageautosports.com_2x,FALSE,,0,FALSE,FALSE,
D,9.16,dallas,RAW Wheels & Tires,info@rentawheel.com,info@rentawheel.com,gosom_scraper,+1 214-398-0400,https://rentawheel.com,"1442 Buckner Blvd, Dallas, TX 75217, United States",https://www.google.com/maps/place/RAW+Wheels+%26+Tires/data=!4m7!3m6!1s0x864ea346d5245921:0x8533fff44c665957!8m2!3d32.7375129!4d-96.6824439!16s%2Fg%2F1tfl0mbp!19sChIJIVkk1UajToYRV1lmTPT_M4U,,,,,,,,,,,,,,,0,,,,,,,,,,,,,450,4.6,3,10,https://rentawheel.com/?utm_source=gmb&utm_medium=yext,https://www.google.com/maps/place/RAW+Wheels+%26+Tires/data=!4m7!3m6!1s0x864ea346d5245921:0x8533fff44c665957!8m2!3d32.7375129!4d-96.6824439!16s%2Fg%2F1tfl0mbp!19sChIJIVkk1UajToYRV1lmTPT_M4U?authuser=0&hl=en&rclk=1,,TRUE,shared_hostname_rentawheel.com_2x,FALSE,,0,FALSE,FALSE,
D,9.05,dallas,Maaco Auto Body Shop & Painting,,,,+1 469-250-0929,https://www.maaco.com/locations/tx/dallas-12849,"2520 W Northwest Hwy, Dallas, TX 75220, United States",https://www.google.com/maps/place/Maaco+Auto+Body+Shop+%26+Painting/data=!4m7!3m6!1s0x864e9d08428f9c35:0x1cb68005b8a2cd4e!8m2!3d32.857604!4d-96.879879!16s%2Fg%2F11f0_gthp4!19sChIJNZyPQgidToYRTs2iuAWAthw,,,,,,,,,,,,,,,0,,,,,,,,,,,,,304,4.5,4,10,https://www.maaco.com/locations/tx/dallas-12849/?utm_source=google&utm_medium=organic&utm_campaign=gbp_website,https://www.google.com/maps/place/Maaco+Auto+Body+Shop+%26+Painting/data=!4m7!3m6!1s0x864e9d08428f9c35:0x1cb68005b8a2cd4e!8m2!3d32.857604!4d-96.879879!16s%2Fg%2F11f0_gthp4!19sChIJNZyPQgidToYRTs2iuAWAthw?authuser=0&hl=en&rclk=1,,TRUE,known_dso,FALSE,,0,FALSE,FALSE,
D,8.95,dallas,KING WHEEL & TIRE-THORNTON,,,,+1 214-943-7427,http://www.kingwheelntire.com,"628 S R L Thornton Freeway Service Rd, Dallas, TX 75203, United States",https://www.google.com/maps/place/KING+WHEEL+%26+TIRE-THORNTON/data=!4m7!3m6!1s0x864e99bd04930e95:0xbba569fb9dd83592!8m2!3d32.7454028!4d-96.8113422!16s%2Fg%2F1vg6v4ct!19sChIJlQ6TBL2ZToYRkjXYnftppbs,,,,,,,,,,,,,,,0,,,,,,,,,,,,,282,4.5,2,10,http://www.kingwheelntire.com/,https://www.google.com/maps/place/KING+WHEEL+%26+TIRE-THORNTON/data=!4m7!3m6!1s0x864e99bd04930e95:0xbba569fb9dd83592!8m2!3d32.7454028!4d-96.8113422!16s%2Fg%2F1vg6v4ct!19sChIJlQ6TBL2ZToYRkjXYnftppbs?authuser=0&hl=en&rclk=1,,TRUE,shared_hostname_kingwheelntire.com_2x,FALSE,,0,FALSE,FALSE,
D,8.84,dallas,XL Parts,websitecontact@maah.global,websitecontact@maah.global,gosom_scraper,+1 214-420-4010,http://www.xlparts.com,"2527 Willowbrook Rd, Dallas, TX 75220, United States",https://www.google.com/maps/place/XL+Parts/data=!4m7!3m6!1s0x864e9d0dcbe6cd1d:0x9f58aa9d2096151f!8m2!3d32.8628073!4d-96.8870539!16s%2Fg%2F11cmrn3cxk!19sChIJHc3myw2dToYRHxWWIJ2qWJ8,,,,,,,,,,,,,,,0,,,,,,,,,,,,,190,4.4,66,70,http://www.xlparts.com/,https://www.google.com/maps/place/XL+Parts/data=!4m7!3m6!1s0x864e9d0dcbe6cd1d:0x9f58aa9d2096151f!8m2!3d32.8628073!4d-96.8870539!16s%2Fg%2F11cmrn3cxk!19sChIJHc3myw2dToYRHxWWIJ2qWJ8?authuser=0&hl=en&rclk=1,,TRUE,shared_hostname_xlparts.com_2x,FALSE,,0,FALSE,FALSE,
D,8.72,dallas,KING WHEEL & TIRE-HAMPTON,,,,+1 469-729-9890,https://kingwheelntire.com,"3203 S Hampton Rd #3615, Dallas, TX 75224, United States",https://www.google.com/maps/place/KING+WHEEL+%26+TIRE-HAMPTON/data=!4m7!3m6!1s0x864e9098ad837661:0x9ab572ee0259014d!8m2!3d32.7054758!4d-96.8574667!16s%2Fg%2F11bxc61kt5!19sChIJYXaDrZiQToYRTQFZAu5ytZo,,,,,,,,,,,,,,,0,,,,,,,,,,,,,236,4.5,4,10,https://kingwheelntire.com/,https://www.google.com/maps/place/KING+WHEEL+%26+TIRE-HAMPTON/data=!4m7!3m6!1s0x864e9098ad837661:0x9ab572ee0259014d!8m2!3d32.7054758!4d-96.8574667!16s%2Fg%2F11bxc61kt5!19sChIJYXaDrZiQToYRTQFZAu5ytZo?authuser=0&hl=en&rclk=1,,TRUE,shared_hostname_kingwheelntire.com_2x,FALSE,,0,FALSE,FALSE,
D,8.62,dallas,RAW Wheels & Tires,,,,+1 214-948-6665,https://rentawheel.com,"4017 W Camp Wisdom Rd, Dallas, TX 75237, United States",https://www.google.com/maps/place/RAW+Wheels+%26+Tires/data=!4m7!3m6!1s0x864c1e2ad77b236f:0x37dc02c3c3bb6632!8m2!3d32.6623442!4d-96.885063!16s%2Fg%2F1td6gwxf!19sChIJbyN71yoeTIYRMma7w8MC3Dc,,,,,,,,,,,,,,,0,,,,,,,,,,,,,298,4.6,3,10,https://rentawheel.com/?utm_source=gmb&utm_medium=yext,https://www.google.com/maps/place/RAW+Wheels+%26+Tires/data=!4m7!3m6!1s0x864c1e2ad77b236f:0x37dc02c3c3bb6632!8m2!3d32.6623442!4d-96.885063!16s%2Fg%2F1td6gwxf!19sChIJbyN71yoeTIYRMma7w8MC3Dc?authuser=0&hl=en&rclk=1,,TRUE,shared_hostname_rentawheel.com_2x,FALSE,,0,FALSE,FALSE,
D,8.46,dallas,Elite Auto Body Shop,,,,+1 469-496-2789,https://eliteautobodyshop.com,"2341 Royal Ln Ste C, Dallas, TX 75229, United States",https://www.google.com/maps/place/Elite+Auto+Body+Shop/data=!4m7!3m6!1s0x864c273e88e53167:0x78f9a3b887317c76!8m2!3d32.8961825!4d-96.9003534!16s%2Fg%2F11qwsblcyl!19sChIJZzHliD4nTIYRdnwxh7ij-Xg,,,,,,,,,,,,,,,0,,,,,,,,,,,,,663,5,2,10,https://eliteautobodyshop.com/,https://www.google.com/maps/place/Elite+Auto+Body+Shop/data=!4m7!3m6!1s0x864c273e88e53167:0x78f9a3b887317c76!8m2!3d32.8961825!4d-96.9003534!16s%2Fg%2F11qwsblcyl!19sChIJZzHliD4nTIYRdnwxh7ij-Xg?authuser=0&hl=en&rclk=1,,TRUE,brand_repeats_3x_in_dataset,FALSE,,0,FALSE,FALSE,
D,8.4,dallas,Dallas Auto Body Repair,,,,+1 972-243-4009,http://www.dallasautobodyrepair.com,"11055 Harry Hines Blvd A, Dallas, TX 75229, United States",https://www.google.com/maps/place/Dallas+Auto+Body+Repair/data=!4m7!3m6!1s0x864e9d7cbb3cca3d:0xa388a9b4426914f6!8m2!3d32.884486!4d-96.8874723!16s%2Fg%2F1tdmf8xx!19sChIJPco8u3ydToYR9hRpQrSpiKM,,,,,,,,,,,,,,,0,,,,,,,,,,,,,629,4.9,2,10,http://www.dallasautobodyrepair.com/,https://www.google.com/maps/place/Dallas+Auto+Body+Repair/data=!4m7!3m6!1s0x864e9d7cbb3cca3d:0xa388a9b4426914f6!8m2!3d32.884486!4d-96.8874723!16s%2Fg%2F1tdmf8xx!19sChIJPco8u3ydToYR9hRpQrSpiKM?authuser=0&hl=en&rclk=1,,TRUE,brand_repeats_4x_in_dataset,FALSE,,0,FALSE,FALSE,
D,8.37,dallas,New Image Autosports,,,,+1 214-827-6000,http://www.newimageautosports.com,"415 S Carroll Ave, Dallas, TX 75223, United States",https://www.google.com/maps/place/New+Image+Autosports/data=!4m7!3m6!1s0x864e98bc00101c33:0x2f197a5c0b16f40e!8m2!3d32.789403!4d-96.765369!16s%2Fg%2F1tf71bjr!19sChIJMxwQALyYToYRDvQWC1x6GS8,,,,,,,,,,,,,,,0,,,,,,,,,,,,,618,4.9,18,462,http://www.newimageautosports.com/,https://www.google.com/maps/place/New+Image+Autosports/data=!4m7!3m6!1s0x864e98bc00101c33:0x2f197a5c0b16f40e!8m2!3d32.789403!4d-96.765369!16s%2Fg%2F1tf71bjr!19sChIJMxwQALyYToYRDvQWC1x6GS8?authuser=0&hl=en&rclk=1,,TRUE,shared_hostname_newimageautosports.com_2x,FALSE,,0,FALSE,FALSE,
D,8.32,dallas,Crash Champions Collision Repair North Dallas,,,,+1 214-210-0968,https://crashchampions.com/locations/north-dallas,"10720 N Central Expy, Dallas, TX 75231, United States",https://www.google.com/maps/place/Crash+Champions+Collision+Repair+North+Dallas/data=!4m7!3m6!1s0x864e9fe057e9b62f:0xa9ddf29e659162fb!8m2!3d32.8929656!4d-96.7676766!16s%2Fg%2F1tdy4wq9!19sChIJL7bpV-CfToYR-2KRZZ7y3ak,,,,,,,,,,,,,,,0,,,,,,,,,,,,,237,4.6,3,10,,https://www.google.com/maps/place/Crash+Champions+Collision+Repair+North+Dallas/data=!4m7!3m6!1s0x864e9fe057e9b62f:0xa9ddf29e659162fb!8m2!3d32.8929656!4d-96.7676766!16s%2Fg%2F1tdy4wq9!19sChIJL7bpV-CfToYR-2KRZZ7y3ak?authuser=0&hl=en&rclk=1,,TRUE,known_dso,FALSE,,4,FALSE,FALSE,
D,8.3,dallas,Elite Auto Solution,,,,+1 214-774-9407,https://eliteautosolution.com,"1101 N Riverfront Blvd, Dallas, TX 75207, United States",https://www.google.com/maps/place/Elite+Auto+Solution/data=!4m7!3m6!1s0x864c1fab8ae287df:0x8e72276489325a64!8m2!3d32.7872107!4d-96.8187071!16s%2Fg%2F11ght07qk4!19sChIJ34fiiqsfTIYRZFoyiWQnco4,,,,,,,,,,,,,,,0,,,,,,,,,,,,,431,4.8,5,10,https://eliteautosolution.com/,https://www.google.com/maps/place/Elite+Auto+Solution/data=!4m7!3m6!1s0x864c1fab8ae287df:0x8e72276489325a64!8m2!3d32.7872107!4d-96.8187071!16s%2Fg%2F11ght07qk4!19sChIJ34fiiqsfTIYRZFoyiWQnco4?authuser=0&hl=en&rclk=1,,TRUE,brand_repeats_3x_in_dataset,FALSE,,0,FALSE,FALSE,
D,8.26,dallas,Super Lube and Tires Plus,,,,+1 214-484-7500,,"7407 Harry Hines Blvd, Dallas, TX 75235, United States",https://www.google.com/maps/place/Super+Lube+and+Tires+Plus/data=!4m7!3m6!1s0x864e9c40b573f835:0x73cb678bba0b90b2!8m2!3d32.829239!4d-96.8579438!16s%2Fg%2F11c30tmsw1!19sChIJNfhztUCcToYRspALuotny3M,,,,,,,,,,,,,,,0,,,,,,,,,,,,,122,4.4,3,10,,https://www.google.com/maps/place/Super+Lube+and+Tires+Plus/data=!4m7!3m6!1s0x864e9c40b573f835:0x73cb678bba0b90b2!8m2!3d32.829239!4d-96.8579438!16s%2Fg%2F11c30tmsw1!19sChIJNfhztUCcToYRspALuotny3M?authuser=0&hl=en&rclk=1,,TRUE,known_dso,FALSE,,0,FALSE,FALSE,
D,8.01,dallas,The Transmission Shop,,,,+1 972-422-7767,https://www.thetransmissionshop.com,"1508 N Central Expy, Plano, TX 75074, United States",https://www.google.com/maps/place/The+Transmission+Shop/data=!4m7!3m6!1s0x864c197000000001:0x8a5f7a055bdd96a4!8m2!3d33.0203689!4d-96.7087828!16s%2Fg%2F1tfzmr5q!19sChIJAQAAAHAZTIYRpJbdWwV6X4o,,,,,,,,,,,,,,,0,,,,,,,,,,,,,343,4.8,15,289,https://www.thetransmissionshop.com/,https://www.google.com/maps/place/The+Transmission+Shop/data=!4m7!3m6!1s0x864c197000000001:0x8a5f7a055bdd96a4!8m2!3d33.0203689!4d-96.7087828!16s%2Fg%2F1tfzmr5q!19sChIJAQAAAHAZTIYRpJbdWwV6X4o?authuser=0&hl=en&rclk=1,,TRUE,shared_hostname_thetransmissionshop.com_2x,FALSE,,0,FALSE,FALSE,
D,8.01,dallas,O'Reilly Auto Parts,,,,+1 469-904-1550,https://locations.oreillyauto.com/en-us/tx/dallas/autoparts-5566.html,"9835 Walnut Hill Ln, Dallas, TX 75238, United States",https://www.google.com/maps/place/O%27Reilly+Auto+Parts/data=!4m7!3m6!1s0x864ea066323e9da5:0x97475b92b071a7ee!8m2!3d32.879313!4d-96.716537!16s%2Fg%2F11g9vxtw9p!19sChIJpZ0-MmagToYR7qdxsJJbR5c,,,,,,,,,,,,,,,0,,,,,,,,,,,,,186,4.6,7,104,,https://www.google.com/maps/place/O%27Reilly+Auto+Parts/data=!4m7!3m6!1s0x864ea066323e9da5:0x97475b92b071a7ee!8m2!3d32.879313!4d-96.716537!16s%2Fg%2F11g9vxtw9p!19sChIJpZ0-MmagToYR7qdxsJJbR5c?authuser=0&hl=en&rclk=1,,TRUE,known_dso,FALSE,,0,FALSE,FALSE,
D,7.78,dallas,AAMCO Transmissions & Total Car Care,,,,+1 469-304-2624,https://www.aamcodallas-garland.com,"12113 Garland Rd Ste A, Dallas, TX 75218, United States",https://www.google.com/maps/place/AAMCO+Transmissions+%26+Total+Car+Care/data=!4m7!3m6!1s0x864ea154a3cc467f:0x1f2f8d7c1ade6592!8m2!3d32.862741!4d-96.673209!16s%2Fg%2F11q93j2rp2!19sChIJf0bMo1ShToYRkmXeGnyNLx8,,,,,,,,,,,,,,,0,,,,,,,,,,,,,156,4.6,14,126,https://www.aamcodallas-garland.com/?utm_source=G&utm_medium=local&utm_campaign=google-local,https://www.google.com/maps/place/AAMCO+Transmissions+%26+Total+Car+Care/data=!4m7!3m6!1s0x864ea154a3cc467f:0x1f2f8d7c1ade6592!8m2!3d32.862741!4d-96.673209!16s%2Fg%2F11q93j2rp2!19sChIJf0bMo1ShToYRkmXeGnyNLx8?authuser=0&hl=en&rclk=1,,TRUE,known_dso,FALSE,,0,FALSE,FALSE,
D,7.59,dallas,XL Parts,websitecontact@maah.global,websitecontact@maah.global,gosom_scraper,+1 214-631-7178,http://www.xlparts.com,"1120 Security Dr, Dallas, TX 75247, United States",https://www.google.com/maps/place/XL+Parts/data=!4m7!3m6!1s0x864e9bb95b20da47:0x71d55c42f8cc7829!8m2!3d32.8034585!4d-96.8561577!16s%2Fg%2F11cmrnsl6_!19sChIJR9ogW7mbToYRKXjM-EJc1XE,,,,,,,,,,,,,,,0,,,,,,,,,,,,,99,4.5,42,48,http://www.xlparts.com/,https://www.google.com/maps/place/XL+Parts/data=!4m7!3m6!1s0x864e9bb95b20da47:0x71d55c42f8cc7829!8m2!3d32.8034585!4d-96.8561577!16s%2Fg%2F11cmrnsl6_!19sChIJR9ogW7mbToYRKXjM-EJc1XE?authuser=0&hl=en&rclk=1,,TRUE,shared_hostname_xlparts.com_2x,FALSE,,0,FALSE,FALSE,
D,7.27,dallas,Dallas Detailing And Buffing,,,,+1 214-400-7287,http://facebook.com/dallasdetailing,"16284 Midway Rd, Addison, TX 75001, United States",https://www.google.com/maps/place/Dallas+Detailing+And+Buffing/data=!4m7!3m6!1s0x864c20bdf8a4cd63:0x9e31a704cb899cc4!8m2!3d32.9725357!4d-96.8424282!16s%2Fg%2F1pzpjt5dt!19sChIJY82k-L0gTIYRxJyJywSnMZ4,,,,,,,,,,,,,,,0,,,,,,,,,,,,,266,4.9,3,11,,https://www.google.com/maps/place/Dallas+Detailing+And+Buffing/data=!4m7!3m6!1s0x864c20bdf8a4cd63:0x9e31a704cb899cc4!8m2!3d32.9725357!4d-96.8424282!16s%2Fg%2F1pzpjt5dt!19sChIJY82k-L0gTIYRxJyJywSnMZ4?authuser=0&hl=en&rclk=1,,TRUE,shared_hostname_facebook.com_4x,FALSE,,0,FALSE,FALSE,
D,7.14,dallas,Texas Collision Centers,tcc12frontoffice@tcctexas.com,tcc12frontoffice@tcctexas.com,gosom_scraper,+1 214-239-1200,https://www.texascollisioncenters.com/locations/nw-dallas,"11565 Reeder Rd, Dallas, TX 75229, United States",https://www.google.com/maps/place/Texas+Collision+Centers/data=!4m7!3m6!1s0x864c274f1eb865df:0x189c7de900ceb4a0!8m2!3d32.9029687!4d-96.8965635!16s%2Fg%2F11y498hmtl!19sChIJ32W4Hk8nTIYRoLTOAOl9nBg,,,,,,,,,,,,,,,0,,,,,,,,,,,,,239,5,2,10,,https://www.google.com/maps/place/Texas+Collision+Centers/data=!4m7!3m6!1s0x864c274f1eb865df:0x189c7de900ceb4a0!8m2!3d32.9029687!4d-96.8965635!16s%2Fg%2F11y498hmtl!19sChIJ32W4Hk8nTIYRoLTOAOl9nBg?authuser=0&hl=en&rclk=1,,TRUE,shared_hostname_texascollisioncenters.com_2x,FALSE,,0,FALSE,FALSE,
D,7.05,dallas,AA AUTO BODY SHOP,,,,+1 214-541-2788,https://www.facebook.com/share/16vRwwj7ZM/?mibextid=wwXIfr,"11310 Newkirk St suite B, Dallas, TX 75229, United States",https://www.google.com/maps/place/AA+AUTO+BODY+SHOP/data=!4m7!3m6!1s0x864c27322fd96c41:0xae7cd28a5d1b8715!8m2!3d32.8933779!4d-96.9073814!16s%2Fg%2F11gvrq5jjd!19sChIJQWzZLzInTIYRFYcbXYrSfK4,,,,,,,,,,,,,,,0,,,,,,,,,,,,,224,5,2,10,,https://www.google.com/maps/place/AA+AUTO+BODY+SHOP/data=!4m7!3m6!1s0x864c27322fd96c41:0xae7cd28a5d1b8715!8m2!3d32.8933779!4d-96.9073814!16s%2Fg%2F11gvrq5jjd!19sChIJQWzZLzInTIYRFYcbXYrSfK4?authuser=0&hl=en&rclk=1,,TRUE,shared_hostname_facebook.com_4x,FALSE,,0,FALSE,FALSE,
D,6.29,dallas,Boss Auto Body Shop,,,,+1 469-778-8060,https://www.facebook.com/Boss-Auto-Body-Paint-Shop-1340282529385844,"1907 Rhome St, Dallas, TX 75229, United States",https://www.google.com/maps/place/Boss+Auto+Body+Shop/data=!4m7!3m6!1s0x864c27fbd792a3c7:0xde5db9ab68983523!8m2!3d32.8935371!4d-96.9134734!16s%2Fg%2F11df0x0hm9!19sChIJx6OS1_snTIYRIzWYaKu5Xd4,,,,,,,,,,,,,,,0,,,,,,,,,,,,,92,4.8,55,62,https://www.facebook.com/Boss-Auto-Body-Paint-Shop-1340282529385844/,https://www.google.com/maps/place/Boss+Auto+Body+Shop/data=!4m7!3m6!1s0x864c27fbd792a3c7:0xde5db9ab68983523!8m2!3d32.8935371!4d-96.9134734!16s%2Fg%2F11df0x0hm9!19sChIJx6OS1_snTIYRIzWYaKu5Xd4?authuser=0&hl=en&rclk=1,,TRUE,shared_hostname_facebook.com_4x,FALSE,,0,FALSE,FALSE,
D,6.26,dallas,Dallas Auto Collision Repair,dallasautocollisionrepair@gmail.com,dallasautocollisionrepair@gmail.com,gosom_scraper,+1 214-335-5777,https://dallasautocollisionrepair.netlify.app,"2726 Lombardy Ln, Dallas, TX 75220, United States",https://www.google.com/maps/place/Dallas+Auto+Collision+Repair/data=!4m7!3m6!1s0x864e9db24545f59d:0x973a0630a2ce4ba9!8m2!3d32.8658154!4d-96.8804126!16s%2Fg%2F11wpp607mz!19sChIJnfVFRbKdToYRqUvOojAGOpc,,,,,,,,,,,,,,,0,,,,,,,,,,,,,122,5,2,10,https://dallasautocollisionrepair.netlify.app/,https://www.google.com/maps/place/Dallas+Auto+Collision+Repair/data=!4m7!3m6!1s0x864e9db24545f59d:0x973a0630a2ce4ba9!8m2!3d32.8658154!4d-96.8804126!16s%2Fg%2F11wpp607mz!19sChIJnfVFRbKdToYRqUvOojAGOpc?authuser=0&hl=en&rclk=1,,TRUE,brand_repeats_4x_in_dataset,FALSE,,0,FALSE,FALSE,
D,4.43,dallas,L.C KUSTOMZ,,,,+1 469-793-2075,https://www.instagram.com/l.c_kustomz,"8201 Scyene Rd, Dallas, TX 75227, United States",https://www.google.com/maps/place/L.C+KUSTOMZ/data=!4m7!3m6!1s0x864e996d59f4f505:0x65885971d0974ccf!8m2!3d32.7637779!4d-96.679933!16s%2Fg%2F11xdzz1qck!19sChIJBfX0WW2ZToYRz0yX0HFZiGU,,,,,,,,,,,,,,,0,,,,,,,,,,,,,30,5,0,28,https://www.instagram.com/l.c_kustomz/,https://www.google.com/maps/place/L.C+KUSTOMZ/data=!4m7!3m6!1s0x864e996d59f4f505:0x65885971d0974ccf!8m2!3d32.7637779!4d-96.679933!16s%2Fg%2F11xdzz1qck!19sChIJBfX0WW2ZToYRz0yX0HFZiGU?authuser=0&hl=en&rclk=1,,TRUE,shared_hostname_instagram.com_2x,FALSE,,0,FALSE,FALSE,
D,1.81,dallas,Dallas Auto Paint,info@dallasautopaint.com,info@dallasautopaint.com,gosom_scraper,+1 469-789-2474,https://www.dallasautopaint.com,"11111 Denton Dr, Dallas, TX 75229, United States",https://www.google.com/maps/place/Dallas+Auto+Paint/data=!4m7!3m6!1s0x864e9d7c66be9c99:0xbf522a73ae887149!8m2!3d32.8850106!4d-96.8856241!16s%2Fg%2F11f15cw31_!19sChIJmZy-ZnydToYRSXGIrnMqUr8,,,,,,,,,,,,,,,0,,,,,,,,,,,,,4,5,3,4,https://www.dallasautopaint.com/,https://www.google.com/maps/place/Dallas+Auto+Paint/data=!4m7!3m6!1s0x864e9d7c66be9c99:0xbf522a73ae887149!8m2!3d32.8850106!4d-96.8856241!16s%2Fg%2F11f15cw31_!19sChIJmZy-ZnydToYRSXGIrnMqUr8?authuser=0&hl=en&rclk=1,,TRUE,brand_repeats_4x_in_dataset,FALSE,,0,FALSE,FALSE,
