tier,quality_score,service_fit_score,metro,title,phone,website,address,owner_name,owner_title,owner_linkedin,additional_team,pocs,primary_contact,primary_contact_channel,top_pain_category,pain_breadth_count,pain_quote_1,pain_quote_2,pain_quote_1_original,pain_quote_2_original,pain_quote_1_rating,pain_quote_2_rating,recommended_service,all_pain_categories,review_count,rating,negative_reviews_1_3_star
A,90.0,50.0,phoenix,"Merlins AC and Plumbing ""Showroom""",+1 602-726-1680,https://www.acandheatingaz.com,"2906 W Fairmount Ave, Phoenix, AZ 85017, United States",Carl Weaver,Owner,,,Carl Weaver,Carl Weaver,,calls_unanswered,4,"I have tried to reach Merlin's and have had no luck. We have had problems with the hvac since we purchased it. The unit is only 2 yrs old and we purchased additional services including insulation, duct cleaning and an extra updraft. The expense was costly.  I am dissapointed because initially they seemed dependable and professional.  I did my due diligence and chose Merlins after much investigation. Now we are sitting in a hot house trying to get someone from Merlins to help us.",Do not use these guys. Have a contract with them and can't even get a call back. Every # i have is A.I. Had some duct work repair work done and didn't do the job right. My master bedroom is still hottest room in the house and I wasted $4000 dollars. Not to mention they 3rd partied this work out. They came and work out out of chevy cruz car. No materials. Just disappointed.  They use to be really good.  👎,,,1,1,AssistantDial 24/7 AI Receptionist — every call answered,booking_friction;calls_unanswered;followup_dropped;frontline_communication,53,3.7,9
B,73.33,30.33,phoenix,Air Command Heating & Cooling,+1 480-222-3131,http://www.aircommandac.com,,Keith P Kaminsky,Owner,,,Keith P Kaminsky;Christine M Kaminsky,Keith P Kaminsky,,calls_unanswered,4,"DO NOT USE THIS COMPANY! As some of the previous reviews, Air Command has no clue what they are doing, scam you on needing Freon and push the acid was cleaning. I went through my home warranty company and they assigned me to Air Command. Keith and another guy showed up on time on Friday at around 1015am. They diagnosed the problem, supposedly added 4 lbs of Freon and left with 20 minutes. They did not come into the house to check any temperatures of air coming in (should be 15-20 degree differential) and did not check for any leaks beyond right at the unit itself. Two hours after they left, my house, which was at 76 degrees when they left, was not at 93 degrees and rose to 97 degrees by 7pm. Calls to the company went unanswered the rest of the afternoon and did not receive any call back on Saturday or Sunday to try to resolved the problem Another company came in, replaced the capacitor that went kaput right after Air Command left, and had to add 5 lbs of Freon. A/C units do not need Freon if there are no leaks and the fact that Air Command said they added 4lbs is a joke. The fact that they did not come into my house or go into the attic for a complete diagnosis when this is what they are paid to do is unacceptable. The MO is to come to the house, ""put in Freon"" and get out within 20 minutes to get to the next house. Their customer service is terrible, they do NOT take responsibility for their customer at all. Run and run fast from this company!","Update. So air command over - filled my ac with refrigerant so much so that it pushed the compressor and blower to over 300 degrees. To a point where it could have arced and caused a fire. Our current reputable company said if we had not called them it’s likely that it would have caught fire. (He showed us the temp reading.). Now we have to replace the blower and compressor due to their negligence. (Our home warranty company has been unable to reach anyone at air command to rectify this.)
If this company did that to you, I strongly urge you to spend the money to have a reputable company like all American heating and cooling (who have been awesome) come out to check it. For your own safety.
Air command put my home and family in danger with their last service. DO NOT USE THEM!!!!",,,1,1,AssistantDial 24/7 AI Receptionist — every call answered,billing_or_intake_errors;calls_unanswered;frontline_communication;service_quality_in_session,216,4.3,7
B,73.21,33.21,phoenix,Reyna Heating and Air Conditioning,+1 602-442-8866,http://reynaairconditioning.com,"3144 Grand Ave, Phoenix, AZ 85017, United States",Martin Valdez,Owner,,,Martin Valdez,Martin Valdez,,booking_friction,3,"I had my new a/c install on June of 2021 after almost a year I noticed the air was scaping the furnace and noticed that my two end rooms were not cooling. I called the company for service this is going on the second week waiting on someone to come and repair it. I phoned the company several times and I have been answered  by the owner impolitely  and he's not willing to take responsibility to send some one out here to repair. He tried to keep sending Antonio Hernandez and he has not been responsible with the times and dates that he said he would come. Overall this company does not have good customer service and does not care for the customer needs, when it comes to repairing their mistakes. I would be submitting a complaint to the registrar of contracts and civil suit for the cost of repairing it myself.","Called for a service call due to AC problems. Understandably during busy season and new customer status was scheduled for two days later for 9-11am. At 10.45am day of appointment I called and was told ""let me check with technician"". Then at call back was told ""tech was installing compressor and would not be able to get to our home until 2 or 3PM"". I was then promised a call 30 minuets out from this new appointment time. At 3pm with another no-show, I called and left a message. Another message at 4pm then 5:30pm. Here it is next day and never received even a courtesy call. I hope they are safe and it is just a case of no follow up. But I have asked myself should I trust this company with  hard earned money to install a new unit that cost thousands? I cannot do that.",,,1,1,AssistantDial Appointment Booking + Calendar Sync,booking_friction;calls_unanswered;frontline_communication,89,4.4,6
B,66.5,24.5,phoenix,Island Breeze Air Conditioning & Heating LLC,+1 623-692-6013,https://islandbreeze-ac.com,"809 E Fairmount Ave, Phoenix, AZ 85014, United States",Darrel Deokielal,Owner/Operator,https://www.linkedin.com/in/darrel-deokielal-6424b065/,,Darrel Deokielal,Darrel Deokielal,https://www.linkedin.com/in/darrel-deokielal-6424b065/,frontline_communication,3,"My husband and I reached out to Island Breeze after learning they supported the Phoenix Cat Cafe with a new HVAC system. A tech came out to our historical home in April to investigate an attic that was somehow cooler than the home. The tech found tape on our duct work and after taking the tape off, left us with a completely dismantled duct. We were left with the option to pay the company $900 for repairs or be left with no AC. We paid the company, had the repairs done, and were told we would need to repair the remainder of duct work soon.

Fast forward 7 months and we asked for a tech to come out to repair the remaining duct work. The tech texted my husband, stating that the fix would be a simple seal and would be quick. He even offered to service our system while he was out, as we pay into Island Breeze’s maintenance program. Come to find out, this service tech texted my husband these updates without yet checking out our attic. 30 minutes later, he’s pressuring us to completely reduct the entire system and tells us he doesn’t have time to service the system. We told him we would need to see a quote before agreeing to anything. We were promised a quote later that evening, but were only sent a $120 bill for his visit. When we called the office to follow up, they seemed confused and said they would need to send another tech out to investigate.

A week later another tech comes to visit us. He’s ready to start the reduct project. We had to clarify that we were still waiting on a quote. We also asked if there was any other solution, and we were finally given the option to just repair the second half of the ductwork (the option originally marketed to us from the first tech) Another week goes by before we call the office and finally get a quote, $3157 for the reduct without acknowledgement of the $900 we were charged earlier for forced repairs. We asked if we could have a quote for the repair and are still waiting.

After several weeks of playing the run around game with Island Breeze, we still have no answers. Honestly, we should have known this company wasn’t it after they forced us into a $900 repair in September.","I normally try to give companies the benefit of the doubt and address concerns privately first, but I want other homeowners to understand what they may be signing up for with the Peak Performance Plan at Island Breeze AC & Heating.

My experience in September when I joined the Performance Plan for both my home and a rental home that we own.  The first services/tune-ups were okay, nothing stellar.  They were able to identify a few things needing repairs, able to tell me things that were wrong, and what needed to be fixed.  The cost to fix was a bit more than I would have preferred, but I did not have much choice, as it needed to be fixed.

Things started to go downhill with a thermostat wiring issue this winter that cost about $250.  When I talked to the owner, he told me the amount of work that went into it justified the cost; however, another HVAC company handled the same thing for free during a tune-up at another home. During that save visit, it was also discovered that our 2-stage unit had actually been wired as a single-stage system, despite being inspected by the same company only a few months earlier, without this being identified. I was then quoted around $300 to rewire it and another $300 to program the thermostat for a 2-stage unit (personally believe this is part of setting it up as a 2-stage unit). To the owner’s credit, after discussing my concerns, he did reduce the pricing to what I felt was more reasonable.

However, what ultimately pushed me to leave this review was the value I received from the maintenance/tune-up plan itself.
The “tune-ups” mainly consisted of videos of the technician wiping a white cloth on vents, blower components, and coils to show that things were dusty/dirty (we live in Phoenix — of course there is dust). Beyond repeatedly being told the system was “dirty” and being encouraged to purchase additional cleaning services, I received almost no meaningful education about the actual condition or performance of my heat pumps/AC systems.  I still could not tell you: actual system readings, refrigerant status, capacitor measurements, temperature split, whether anything was performing well or poorly, what was inspected beyond “it’s dirty.”  The overall experience felt much more sales-focused than maintenance-focused. I completely understand that systems sometimes need additional cleaning or repairs, but I expected a tune-up to provide meaningful preventative maintenance, inspection feedback, and education — not primarily upsells tied to dust buildup.

I’m sharing this so other homeowners better understand what they are getting when signing up for the maintenance plan.",,,1,3,AssistantDial AI Receptionist — consistent frontline,billing_or_intake_errors;followup_dropped;frontline_communication,629,4.9,6
B,66.5,21.5,phoenix,CASM Inc,+1 480-633-9559,http://www.casm-inc.com,"219 S William Dillard Dr Ste 101, Gilbert, AZ 85233, United States",David John Wesley Joesten,President,https://www.linkedin.com/in/david-joesten-0a93514a,,David John Wesley Joesten;Donald Gene Joesten,David John Wesley Joesten,https://www.linkedin.com/in/david-joesten-0a93514a,frontline_communication,3,"Never use this company!  They charge starting on the way there (hourly) and send techs that don't know what they are doing. I was charged 3.75 hours to diagnose and change a capacitor in my 3 door freezer.  2 trips charged to swap a capacitor and my freezer still doesn't work.  Tech installed capacitor and freezer still doesn't work. Now the problem is the digital controller and said it need to be ordered.  Finally got an invoice stating part is no longer available and invoice is due.  Lady answering the phone is the worst.  Lack or communication, professionalism, and knowledge made this one of my worst experiences with a business.  The lady answering the phone is even worst.  Good luck if you ever choose to use them.","This Company Has very disrespectful Employees that don't care about anything but to take your money, good luck getting them to actually fix anything as they have been out 4 times to my location and I'm still having the same issue after they said ""it's all good to go"" they continue to try to charge me for the fact THEIR technician did not properly fix the unit and even addmitted that. DO NOT TRUST THIS COMPANY USE ANY OTHER COMPANY.",,,1,1,AssistantDial AI Receptionist — consistent frontline,billing_or_intake_errors;followup_dropped;frontline_communication,10,3.2,3
B,66.22,26.22,phoenix,Action Mechanical Services,+1 480-405-5059,https://actionmechanicalservice.com,"2602 W Lone Cactus Dr Ste F, Phoenix, AZ 85027, United States",Seth K. Kist,Owner,,,Seth K. Kist,Seth K. Kist,,calls_unanswered,3,"I wish I could give zero stars.

The technician arrived promptly and completed the HVAC evaluation in a reasonable amount of time. Unfortunately, my experience after that raised serious concerns.

The estimate included a line item for a ""coil modification"" costing nearly $1,000. After receiving the estimate, which I had to follow up and request myself, the company seemed more focused on selling me an entirely new HVAC system than replacing the faulty coil.

When I called to ask what the coil modification charge covered, a manager told me the owner sets the pricing and could not explain what work was included in that charge. I found that response frustrating and unprofessional.

I decided to get a second opinion. The company I ultimately hired replaced the coil and charged only for the coil and necessary materials. There was no modification required because the replacement was a straightforward bolt-in installation.

Based on my experience, I would encourage others to ask detailed questions about any unexplained charges before agreeing to repairs.

Update: In response to the owner...

Thank you for your response.

My review was never about the price. It was about transparency and the inability of your company to explain a significant charge on the estimate.

When I called to ask what the nearly $1,000 ""coil modification"" charge included, your employee could not explain the work involved. I was told that the owner reviews the repair orders and sets the pricing. I asked to speak with you directly, and when you were unavailable, I requested a return call. That call never happened.

I also requested a copy of the estimate from your company and was unable to obtain one despite asking for it.

Regarding the coil replacement, the Goodman-authorized dealer I hired sourced and installed a replacement coil. I was told the replacement was a newer compatible unit. This was not a small operation or an unauthorized contractor. The repair was completed successfully without any coil modification being required.

My review reflects my experience as a customer. Had someone been able to clearly explain the purpose of the additional charge and the work being performed, my concerns likely would have been resolved. Instead, I was left with unanswered questions and ultimately obtained a second opinion.

I stand by my review and encourage homeowners to ask for detailed explanations of any charges they do not understand before authorizing repairs.","Austin came by. Appt was between 10am and 2pm. I had to sit in this hot house and wait as the company provided no text or phone call advising of a more exact time (like the olden days). He changed out thermostat and said it will start in about 5 min.  An hour later nothing started and it’s hotter in here on this 105 degree day. No emergency number, no contact number for the tech., nothing. 😡. Since it’s Saturday we will have to wait two more days for anyone in the office to answer their phone.",,,1,1,AssistantDial 24/7 AI Receptionist — every call answered,billing_or_intake_errors;calls_unanswered;frontline_communication,486,4.8,5
B,65.45,25.45,phoenix,Air Conditioning by Roberts,+1 602-258-6650,https://acbyroberts.godaddysites.com,"1421 E McDowell Rd, Phoenix, AZ 85006, United States",Robert Perale Bentancourt,President,,,Robert Perale Bentancourt,Robert Perale Bentancourt,,frontline_communication,4,"Do not use.  They didn’t show up and called towards the end of the day to tell me they won’t make it and they be there first thing the next morning.  Didn’t show up until 1130a to tell me the service call is $65 but the tech didn’t have the right equipment to diagnose the A/C.  Said they would be out the next day.  Didn’t show up again until later to tell me it’s another $150 to try and find the problem.  Eventually find the problem asked for $215 and a/c is not fixed.  Tried to call, text and email only to get very slow responses if any.  It’s been almost a week and my ac is not fixed.  They then said my warranty is no longer valid and this will cost me $1500 to fix.  Asked for an invoice so I could see what I’m paying for which took a couple of days just
To get this and it was poorly written and very vague.  I would not trust this company to come out again nor should you.  I’m out $215 but would rather use someone else then deal with these guys.","I called them to come fill in my freon gas. The maintenance person comes in and said that the freon gas level is all good, but I need to change the capacitor. He charged me $265 for the service. There was absolutely zero improvement in the cooling and I called them again. Another person comes in and says that my Freon gas level is very low and they want the additional $250 to fill in the gas. I escalated to the supervisor (Babao) at the office and he goes on an aggressive mode saying that I have a new capacitor now, which I never asked for in the first place. He goes on INSULTING me and my RELIGION and hung up saying he is not going to do anything more to fix the issue. Please be aware as this could happen to you too. Very unprofessional behavior.",,,1,1,AssistantDial AI Receptionist — consistent frontline,billing_or_intake_errors;calls_unanswered;frontline_communication;service_quality_in_session,24,3.8,18
B,65.38,23.38,phoenix,KAPPA-AIR LLC,+1 480-673-8311,http://www.kappa-air.com,"3101 W Thomas Rd #102, Phoenix, AZ 85017, United States",Phillip Martin Kappell,Owner,https://www.linkedin.com/in/phillipkappell/,,Phillip Martin Kappell,Phillip Martin Kappell,https://www.linkedin.com/in/phillipkappell/,calls_unanswered,3,They were sent through our home warranty.  Three weeks later and they don’t return any of our phone calls. They seem to keep part time hours.  I would not recommend them.  We paid $100 per warranty and so far have received zippo.  Let’s see if they return another message from my husband.  Really awful.,"We were contracted with them for our AC from our home warranty company. It started out great, then quickly went to terrible when we got scheduled, the technician never showed up to the property, got rescheduled and then never showed up again. Hopefully people have better luck.",,,1,,AssistantDial 24/7 AI Receptionist — every call answered,booking_friction;calls_unanswered;service_quality_in_session,566,4.2,5
B,64.2,24.2,phoenix,Arizona Family Air,+1 480-304-2665,https://azfamilyair.com,,David Michael Sweetman,"Manager/Member (Arizona Family Air, LLC)",,,David Michael Sweetman,David Michael Sweetman,,booking_friction,2,"It took him 3 misses appointments to actually show up.
When he did he burned out the compressor and started a small fire.
He has the audacity to still try and bill me for it.  The whole time he was a jerk!!
DO NOT DO BUSINESS WITH THIS PRRSON!!",,,,1,,AssistantDial Appointment Booking + Calendar Sync,booking_friction;frontline_communication,19,1.6,1
B,64.18,21.18,phoenix,Sea Breeze Cooling,+1 623-444-6400,http://seabreezecooling.com,"17972 W Cardinal Dr, Goodyear, AZ 85338, United States",Muhammad Quaid Usmani,Owner,,,Muhammad Quaid Usmani;Ahsan Waqar,Muhammad Quaid Usmani,,frontline_communication,2,"Zero stars if possible. They are very rude on the phone and just argue and read a script with you, even when their answer has literally nothing to do with what I asked. They send out garbage technicians that do not  even do the basics of their job. We ended up having to call Emergency Air to come fix the problem because they ""couldn't"" figure it out...in the 5 minutes he was at the house. He left his tools up there left a wire exposed. We call the company back because after he left it went down just like we told him, what does Sea breeze say? We can come back on Tuesday...it was Friday in June in Arizona. We have kids and pets. We told them it usually happens in the afternoon, maybe the switch is overheating. What do they do? Schedule the next appointment in the morning... This place is just comically pathetic. This is Arizona, find one of the 1000 other AC companies instead of these people.",,,,1,,AssistantDial AI Receptionist — consistent frontline,booking_friction;frontline_communication,346,4.2,3
B,63.42,21.42,phoenix,Brewer’s Air Conditioning & Heating,+1 480-725-5454,https://www.brewersac.com,"8830 S Hardy Dr Ste 102, Tempe, AZ 85284, United States",Mark Justin Ybarra,Owner,https://www.linkedin.com/in/mark-ybarra-sr-09884140,,Mark Justin Ybarra,Mark Justin Ybarra,https://www.linkedin.com/in/mark-ybarra-sr-09884140,calls_unanswered,2,"Brewers charged over $300 for a capacitor that is $18. I trusted the technician. Reviewing the cost later that day, we found the up charge. Tried to call, no answer. Called the next day, no answer and left a message. No call back. Called again the following day and no answer. I will not use them again.

Update: We have had some additional issues with our AC, no fault of Brewers just age of the unit. However, we have been in touch with multiple AC companies and all have said $300 is average cost of capacitor replacement because of the factors listed in Brewers response. I have increased the rating but still feel we could have worked this all out if they would have called me back. It is frustrating that I was only able to get a response through a review.","To start off, I wish this could be a positive post. Unfortunately, it is not. Back in October of 24 the a/c went out at the Chandler house. My wife & I called Brewer’s A/C out.
Brewer’s A/C Company is not that great of a company to deal with. When they replaced the A/C, they tore a tile out along with a vent cap. The owner Mark was “Oh well”.

They put the condensation line over the patio where water would drip into the path where one is walking.

I had the tech come back out and move the condensation line. Did he put it where I asked? No. Instead he took its straight down, sent to the right and over the patio. In doing so he put more clamps into the tile and blocking the water flow in the tile. With all the holes he put in the roof, it could lead to water leaking.

Brewers may know how to repair a/c units but they have no knowledge or experience in roofing. I cannot recommend this company. If your a/c is on the roof, do not call Brewers!",,,3,1,AssistantDial 24/7 AI Receptionist — every call answered,calls_unanswered;frontline_communication,583,4.8,4
B,63.32,20.32,phoenix,Delta Home Services,+1 623-240-9892,https://deltahomeservices.com,"1745 W Deer Valley Rd Ste 104, Phoenix, AZ 85027, United States",Brenda Ruiz-Monreal,Owner,,,Brenda Ruiz-Monreal;Carlos Monreal,Brenda Ruiz-Monreal,,frontline_communication,4,"We bought a brand new unit from Delta and had problems that took over 15 visits to figure out. Not sure if they even figured out why the heater didn’t work. Every winter it fails to work for the last 5 years. The blower motor failed under warranty and they expected us to pay for the repair because they feel we have called them too many times. It took over 2 months for them to get the part and we went from January to March without a heater in the house. They still expected us to pay for labor even though it’s under warranty. When they installed the unit, they did not seal the ducting in the roof very well because the first rain we had, the ceiling in our master bedroom collapsed because the rain was just leaking through the poorly installed ducting. $15000 later they still took no accountability for their terrible installed. Basically told us “that’s what insurance is for.” I would not recommend using them or buying any of there products. When they come out to try and fix our heater, they try to bully us into doing other services and when we decline them, they say they can void our warranty any time they want. Terrible customer service and very shady. I would give a 0 star review if that were possible.

Update. Just went on the roof to clean the unit and found missing screws and washers. Found them scattered on my roof. Not even sure if the motor was replaced. It has rust on it.","The technician completed the work in four hours, before I could return home to see anything…disappointed because the Delta AC (salesman) estimated 6-7 hrs.  I was told there would be before and after pictures which I have not received (same salesman);  and there was dirt on my kitchen furniture and in one duct (see pics);    My granite countertops hid the dirt on them.  This service was expensive and was lacking attention to detail…sorry to say. This was a duct cleaning",,,1,2,AssistantDial AI Receptionist — consistent frontline,billing_or_intake_errors;followup_dropped;frontline_communication;service_quality_in_session,988,4.8,4
B,61.62,19.62,phoenix,Collins Comfort Masters,+1 480-212-9220,https://collinscomfort.com,"102 W Julie Dr, Tempe, AZ 85283, United States",James Molina,President,https://www.linkedin.com/in/bft200clubltf/,,James Molina,James Molina,https://www.linkedin.com/in/bft200clubltf/,booking_friction,2,"Had to drop our score down to a one star because of Ty the water guy. He sold us an idea of following through and keeping promises but failed to keep those promises. Overall, the system is working great. However, I asked about alkaline water for our drinking water. That's what I already had and I told Ty this on the day he came to our consultation. He told me that he be able to get us the alkaline attachment and comp it as a customer complaint issue. When I followed up on that he was very avoidant and acted as if he didn't remember telling me that. He then told me to follow up with him after our 30-day follow-up appointment, which he was late to by the way, the day that he was supposed to originally come he completely ghosted me didn't show up and had to reschedule and then blamed it on his trainee, and when I did, he ghosted again. These guys are good at telling you what you need to hear to get the sale and then ghosting in my lived experience.

We had a wonderful experience today with a sales agent named Ty ""The Water Guy"" through the Costco program with Collins Comfort Masters. From start to finish, Ty was a true professional.

What stood out most was how much he respected our specific requests and truly listened to our concerns. Instead of a one-size-fits-all pitch, he worked with us to create a customized package that actually fit our needs and budget.

Ty guided us through the entire process, clearly explaining everything from the initial installation to long-term maintenance. We actually made our decision to move forward yesterday specifically because of his professionalism, his deep knowledge of the subject, and his genuine passion for clean water.

If you are looking for a seamless experience and someone who actually cares about the quality of your home's water, we cannot recommend Ty and the team at Collins Comfort Masters enough!",,,,1,,AssistantDial Appointment Booking + Calendar Sync,booking_friction;followup_dropped,11135,4.8,3
B,61.44,21.44,phoenix,Air-izona LLC,+1 623-594-7428,http://air-az.com,,Donald R. Martin Jr.,Owner / Member,,,Donald R. Martin Jr.,Donald R. Martin Jr.,,calls_unanswered,3,No you don't want my feedback.  I was told the technician could stay an hour to make sure air is working.   He looked at me and said I will not stay.   I called office 3x.  No one answered to confirm he could stay.  He said i am outta here. …,"Terribleeeee experience!!!! Yesterday someone came out to help fix our AC unit , he went on the roof changed a fuse came back inside said everything was fixed and left. The AC never kicked back on once after he said this , we called almost …",,,,,AssistantDial 24/7 AI Receptionist — every call answered,calls_unanswered;frontline_communication;service_quality_in_session,598,4.8,52
B,61.4,21.4,phoenix,Alan's Air,+1 602-469-1824,https://www.alansairplumbingaz.com,"2451 W Birchwood Ave # 113, Mesa, AZ 85202, United States",Alan Schwandt,Owner,,,Alan Schwandt,Alan Schwandt,,frontline_communication,3,"I had a very disappointing experience with this company during a recent AC service, which was especially surprising given my positive experience with them in August 2022 when they installed my AC unit.

At that time, the service was professional, pricing was transparent, and the invoice provided a clear and detailed breakdown of costs. I also recall being informed that my system included a 10-year warranty on parts, which contributed to my trust in the company.

However, my recent experience was the complete opposite.

The issue involved a failed capacitor. Before proceeding, I did my own research and found that the pricing I was being charged seemed higher than typical market rates. I respectfully asked for a detailed breakdown of the charges on the invoice, but the company refused to provide any transparency and only listed a flat service cost.

Additionally, the original invoice listed a payment due date of April 1st. However, I was later pressured to pay immediately on the same day of service, which was a sudden and unexplained change in terms. When I did not comply right away, the technician sent multiple unprofessional and pressuring messages, including a statement saying they would return to remove the installed capacitor and start kit if payment was not made immediately.

This approach felt extremely inappropriate and unprofessional. Threatening to remove essential equipment that has already been installed—especially when it affects a tenant’s living conditions—is not acceptable business practice.

I was also told that the capacitor was not covered under the AC’s parts warranty, despite my understanding that I had a 10-year parts warranty on the system. This contradiction was not clearly explained and further added to my concerns about transparency and consistency.

The technician attributed these changes to a recent ownership change, but that does not excuse the lack of professionalism, unclear pricing, and aggressive communication.

Overall, this experience was frustrating and disappointing. I value clear communication, transparency, and professionalism—none of which were demonstrated in this interaction.

Unfortunately, I will not be using this company again, nor can I recommend their services based on this experience. I truly wish my experience had been consistent with the positive service I received in the past, but this situation has significantly impacted my trust in the company.",I'd give zero if it were an option.  Years ago this company really did good work for me but last year I called them out for regular service (no issues) they missed the appointment and didn't answer any of my calls till hours later.  The tech apologized and offered to do the service for free 3 weeks later ( a little annoying but hey free)  when they came out the tech made my wife feel very uncomfortable and was pretty rude.  He said the system looked great and left after checking it out.  The very next day the system stopped blowing cold air.  When we called them to do an emergency call they couldn't fit us in but we called another company and they said it was iced up from low refrigerant.  I called Alan's back because they said it was perfect and the owner got super defensive and aggressive.  After a way too long call he agreed to send someone out and test the system.  Pretty sure they just came out and added refrigerant and left because they were supposed to come back a few months later and check the dye test but refused to answer my calls.  But about 3 months after the service they started sending me a bill for the free service that started this whole thing and every month for the past 4 months I've emailed them to tell them I don't owe them any money and they say they will fix it but they never do so now I'm leaving this review.,,,1,1,AssistantDial AI Receptionist — consistent frontline,billing_or_intake_errors;calls_unanswered;frontline_communication,169,4.9,4
B,61.12,16.12,phoenix,"Tate's A/C Heating & Cooling, LLC",+1 480-988-5933,http://www.tatesac.com,"3935 E Palm St, Mesa, AZ 85215, United States",Joshua Gregory Hancock,Owner,https://www.linkedin.com/in/josh-hancock-95145318/,,Joshua Gregory Hancock;Tiffany Nicole Hancock,Joshua Gregory Hancock,https://www.linkedin.com/in/josh-hancock-95145318/,booking_friction,2,"Tate's was pushy to schedule services and refused to do so at a time that worked with my schedule, even though my availability was still within their business hours. After I made my schedule clear, they TOLD me that they were adding me to their schedule on a day that I could not be present and that they expected me to be there. Are you kidding me? Needless to say, Tate's did not get the business. Another local service company with a more professional staff and more accommodating scheduling got the job. If you want high pressure, pushy, and condescending treatment, this is the company for you. If you want to be treated with dignity and respect, go somewhere else.",,,,1,,AssistantDial Appointment Booking + Calendar Sync,booking_friction;frontline_communication,111,4.6,4
B,61.02,36.02,phoenix,All American Heating & Cooling LLC,+1 480-787-9861,,,,,,,,,,calls_unanswered,3,"DO NOT USE THIS COMPANY!!! -zero stars

Update 10/08/25: Still have not heard back from Tony the owner, however their insurance company who my warranty company had to contact, finally came out today and we estimate ALL AMERICAN HEATING AND COOLING has caused OVER $5200.00 in damage to my home!!! The incompetence of the owner and his employee are unbelievable, they really should not be in business.

Updated 9/6/25: today again my THIRD leak which has destroyed my ceiling in my loft, wood floors and a mattress, a new company came and informed us that the tech never blew out the lines when the a/c was installed and they were all clogged. Trust me when I say, ALL AMERICAN a/c has no idea what they are doing and destroyed my upstairs loft due to their complete incompetence!!!! See PHOTOS of the damage this company has caused me.

DO NOT USE THIS COMPANY! They caused severe damage to my ceiling from leaks on two separate occasions and refuse to fix it (referred through our warranty FAW). The technicians are inexperienced, and every visit brings a new person who claims the previous tech quit because the company is a disaster. The owner, Tony, is the worst business owner I have ever dealt with., who NEVER returns calls or texts. He sends unqualified kids to do the work without proper equipment. The techs look unprofessional, and he doesn’t even provide them with a uniform to show they work for the company. One tech arrived at my house without a ladder and couldn’t access the attic—we had to supply the ladder ourselves. We have had a total of three different tech come for each problem and they are blamed each other.

Every technician has confirmed the damage to my house was caused by the previous one, and none of them know what they’re doing. Just today, a random kid showed up claiming he was from All American and was told to change the drain pan from yesterday’s work. However, no one from the company had been at my house yesterday. When I explained this, the tech was annoyed and rude. Two of their employee's advised me of the complete S-show at their company

The company has also overcharged me for non-covered services through the warranty and has not refunded me. The owner has ignored every text and email I’ve sent.

Dealing with this company has been an absolute nightmare. I plan to report them to the Registrar of Contractors office and take further action to get my house repair.","This company was dispatched by our Old Republic Home warranty. Terrible communication, and no options for emergencies. Our AC went out all of a sudden last night because a fuse got fried and they couldn’t come out for 3 days during one of hottest weeks of the summer. No one answered my phone calls, and took hours to respond to text messages. I called my regular AC company and they came out same day and fixed it for $200.

If you want a quality AC service in Gilbert AZ, call Arrow Pro Services Heating and cooling!

UPDATE - Now the owner Tony is trying to shift the blame to me when I clearly asked for faster service and was told no. I would have had to pay $100 for the warranty service call and ended up paying $240 with my regular AC service company

Arrow Pro Services top notch company that ALWAYS comes through in a pinch!

UPDATE #2 - Tony just posted a response 6 months later and is trying to save face. I posted screen shots of the text communication because I couldn't get anyone on the phone.
Any reputable AC company has emergency services available for instances like this. People die every year when their AC stops working during the hottest part of the summer
In 2024, 88% of heat related indoor deaths had an AC unit present but 70% of those units were not working.
Tony couldn't care less about his customers, do yourself a favor and find a better company for your AC repairs",,,1,1,AssistantDial 24/7 AI Receptionist — every call answered,billing_or_intake_errors;calls_unanswered;frontline_communication,162,4,7
B,61.02,16.02,phoenix,APES HVAC & Plumbing,+1 623-521-1172,https://go4apes.com,"2222 W Parkside Ln Ste 105, Phoenix, AZ 85027, United States",Ralph Flores,Co-Owner / President,https://www.linkedin.com/in/ralph-flores-436780121/,,Ralph Flores;Brian Garrison,Ralph Flores,https://www.linkedin.com/in/ralph-flores-436780121/,frontline_communication,2,"***Edited- the company called me so that we could work through these complaints of mine and they let me know that the kitchen drain was intentionally left unglued so that the kitchen cabinet could more easily be set. They apologized for not communicating with us about that. I do appreciate the foresight for us setting the cabinet and understand the communication on it was just missed.

In the call they did ask how they could make it right. I did send a text with pictures about many of our concerns to our site supervisor the day the kitchen drain fell out but never received a response. Today he said he never received that text or would have been back out to fix our concerns. We were over working with the company so we fixed the easy things, we have a plan for the crossed water lines so we cut our losses and moved forward with the project hoping that we don’t have any problems in the future. It took me several weeks to calm down enough to write this review and so there really is nothing at this point that they can do to make it right. I do appreciate the phone call.***

I really want to give a good review because all the guys were nice but I just can’t. I think they wanted to do good work and I appreciate them coming back to fix the things that we asked but we cannot ever recommend Apes to anyone.

I think this company primarily does service work not install work and so maybe that is where we went wrong but I guess I would have appreciated them telling us our job was not up their alley.

The job was supposed to take 1 day, maybe a day and a half but ended up taking much, much longer. Part of the reason was because they took an emergency plumbing job over finishing ours. I’m glad they helped that family with their emergency but that put us back several days on our project.

Several days after they left the kitchen drain pipe literally fell out. They had never glued the thing in. It was a connection that would have been in the middle of a dead space in our island and we wouldn’t have realized it was leaking until a ton of damage would have already been done. This is the straw that broke the camel’s back and the reason I’m writing this review.

They crossed the hot and cold water lines to one of our vanities.

They used a crazy amount of connections in the PEX line and therefore created an unnecessarily high number of failure points in all of our lines. There must be an extra 10-15 points of failure throughout the house using a line that is flexible and doesn’t need extra elbows and connections everywhere. And that’s where we can see. We didn’t think to look at the work that closely under our slab. I’m really hoping we don’t have any issues under all the concrete we’ve already refilled or behind any of the cement backer boards that have already been put in the showers. A waste of time and material and hoping we don’t have problems later.

They also worked on our water supply to the house and never reconnected the ground line after they finished.

We needed a gas line moved. Their guy figured it out in the end but walked in and asked us how to purge the gas line. My husband said “I’m not a professional that’s why we called you” and he said “I’m not either”. My husband said “well this is how I would do it” and his response was “well I don’t want to blow myself up”. What?!? Yeah we don’t want you to blow anything up either! He ended up calling someone and getting answers but didn’t/doesn’t give us much confidence. When they finished the gas line they never secured it to the 2x6s, the line was just left flopping around in the wall.

One of the copper lines was never secured to its 2x4 simply because the screw they used to secure the 2x4 was in the way….while not something that would cause a leak it’s a display of their workmanship. And it’s something that likely would have rattled inside the walls over the years.

We paid WAY too much for all the problems and really hoping it never turns into much bigger, more expensive problems.",,,,1,,AssistantDial AI Receptionist — consistent frontline,followup_dropped;frontline_communication,2572,4.9,3
B,61.01,21.01,phoenix,Same Day Air,+1 623-313-0754,,,Juan Garcia,Owner,,,Juan Garcia,Juan Garcia,,frontline_communication,3,"Leo was the rudest person and had the worst attitude from the moment he walked into my home. I was as work at the time but my wife and Daughter in law said he walked in with a chip on his shoulder.
I have had 3 technicians from 3 different AC companies that were highly rated on Angie’s list come out and all tell me the same thing. Looked like some kind of vandalism happened to my unit and it needed to be replaced. Leo looked at my unit for 1 minute called me and said sorry that is not the case you need a new unit and I am going to write up my service so that the warranty company will not have to cover!!! I said how do you even know what my warranty will or will not cover??? He suggested I cancel my service and just get my $100 service fee back from my warranty company!! WTH???
I called my warranty company AHS told them what happened, they apologized said I have the best coverage available and do not know why the service tech would say such a thing. They are sending a new and better company tomorrow…
Not sure if Leo was having a bad day but at this point do not care. I read reviews on this company before he came out and now I totally understand why this company has so many bad reviews!!
Not sure how they are even still operating with these kinds of customer service issues!!!!","Working with this company has been terrible.  Our home warranty assigned them to us on two different occasions.  The first time they replaced our ac unit and weeks later the second unit went out.  The approval of repairs and timeline took forever.  Months later they began calling and texting daily about needing to come back out to hook up a furnace.  I am not sure why that was not completed in the summer when they were out multiple times.  Today, we scheduled the furnace hook up.  To prepare, we had to remove all items from the attic once again so they could get to the unit.  The guy came out and said he didn't know why he was there it was already done.  So we took the day off and waited 5 hours for a technician to come to our home today for an unneeded service.  If you have a choice, pick someone else.",,,1,1,AssistantDial AI Receptionist — consistent frontline,billing_or_intake_errors;frontline_communication;service_quality_in_session,16,3,12
B,60.95,17.95,phoenix,Climate Pro LLC,+1 480-485-7151,https://climateprollc.com,"375 E Elliot Rd, Chandler, AZ 85225, United States",Dan Ozment,Co-founder / Owner,,,Dan Ozment;Erica Ozment;Amanda G. Lee,Dan Ozment,,frontline_communication,2,"Worst company ever. Came at 9am today, May 13th, 2026. Installed two brand new Lennox units, over 20,000 spent. One for upstairs and one for downstairs.

Not only did these guys take 12+ hours to install (not complaining, although quite long for two vertical units)

They were also aware of my 13 year old German Shepherd who they visibly could see was struggling. One tech even said “I feel so bad for the dog, it’s panting like crazy” to which they kept telling me the air would be on shortly.

They took the entire 12+ hours to tell me the upstairs unit won’t work today because they ended up stripping brand new bolts on the BRAND NEW UNIT. So not only did I pay over $20,000 - I don’t have a working upstairs unit, they damaged the A/C bays, drywall and doors as well.

After all, they left with no working A/C unit, left damaged drywall, left my A/C handler door off and left a copper wire sticking 3 feet out of the door.

Unacceptable, unbelievable and terrible, terrible company.",I had Climate Pro come out to troubleshoot a gas furnace that was not heating during an unusually cold winter week last winter and during that initial visit I was impressed by the level of service and communication. I signed up for their Gold Club Membership looking at the long term savings. I decided to cancel that membership after it took multiple attempts to fix my furnace across nearly a week time frame where I had to inquire about time frames and seek updates because Climate Pro began to delay communication while I had no heat in half of my home. I received email confirmation in January that my membership had been cancelled from Katie Barone in Accounts Receivable but magically my credit card was charged in March. The charge was reversed in April but I feel like I need to get a new card as Climate Pro might charge my card again without my permission.,,,1,1,AssistantDial AI Receptionist — consistent frontline,billing_or_intake_errors;frontline_communication,3265,4.9,4
B,60.91,20.91,phoenix,Frigid Air Heating and Cooling,+1 623-299-5696,,"4252 N Verrado Way, Buckeye, AZ 85396, United States",Iosif N. Tsivgadellis,Owner,,,Iosif N. Tsivgadellis,Iosif N. Tsivgadellis,,followup_dropped,3,I contracted this company to replace my 2 heat and ac units. I had to settle for less efficiency because they said they couldn’t get the units I wanted.  They were supposed to make my cold air returns larger for the new units to operate properly. They did not complete this work. They were supposed to come back and at the very least replace my vent covers. We had an appointment to fix. Joe didn’t show up. Now Joe won’t respond to my messages. I would not recommend this company to anyone.They don’t complete the job and I am very sorry I used them,"In August, 2020, when we were in a record-breaking heat wave of 118+ temperatures, my fan motor went out and I called Joe who advised me he would be out the next morning. When he still hadn't come by that afternoon, after numerous phone calls he told me he was too busy to come out until the following week. 118+ temperatures are not livable and I called a local contractor, copy attached, who came out that same day and repaired the unit. I had to pay cash as he is not affiliated with Frigidaire, and Joe advised me he would talk to the contractor and assist me with a warranty claim.

After several weeks of calling and texting Joe, he finally told me that he was not assisting any more with the claim and it would be processed by Frigidaire. Since that time I and my wife have attempted to call him, left messages, texted, monthly, weekly and daily, dozens and dozens of calls, asking him for a copy of our receipt and information as to the status of the warranty or information that would allow me to submit the claim myself.",,,1,1,AssistantDial Call Summaries + Auto Contact Creation,calls_unanswered;delivery_quality;followup_dropped,17,4.3,5
B,60.2,17.2,phoenix,Heat Slayer HVAC Co.,+1 480-673-3693,http://heatslayerhvacco.com,,Richard Bartynski,Owner,,,Richard Bartynski;Lea Bartynski,Richard Bartynski,,calls_unanswered,3,"Sadly the company can not service existing customers.  I have used for 2 years.  The company is currently ghosting customers.  Setting appointments then to no show no call no text. Phone # Seems to be out of service.  I was on a service contact,  they never showed for winter service in November.  I called, texted emailed and left voice mail.  I canceled the contract in writing.  He still charged my card. I disputed all the charges that cover the winter service.",,,,1,,AssistantDial 24/7 AI Receptionist — every call answered,billing_or_intake_errors;calls_unanswered;followup_dropped,163,4.9,63
B,60.19,15.19,phoenix,R & K Air Conditioning and Heating,+1 623-535-4332,https://www.randkhvac.net,"3054 N 145th Ave, Goodyear, AZ 85395, United States",Enrique Francisco Vega,Owner,,,Enrique Francisco Vega;Kymberly Anne Vega,Enrique Francisco Vega,randkachtg@yahoo.com,calls_unanswered,2,"Worst company to ever deal with! We have recently purchased a new home where R&K had done some work. We have no heat, so I reached out. I was told he had some work in the mountains but would be by. We waited all day to get a message that it would have to be the next day. But they they went ghost and ignored all our messages and calls. We have traveled 1800 miles to have a house with no heat! DO NOT COUNT ON THIS COMPANY!!! Terrible customer service.",,,,1,,AssistantDial 24/7 AI Receptionist — every call answered,calls_unanswered;frontline_communication,3,3.7,1
B,60.03,20.03,phoenix,J and J HVAC LLC,+1 480-290-2521,,,Jonathon J Morgan,Owner,,,Jonathon J Morgan,Jonathon J Morgan,https://www.facebook.com/jandjhvacllc/,calls_unanswered,3,"Do not use this business!! Multiple people have had their money taken from Jon with no work being done. The owner Jon has been called many times with no response including a letter sent to him. It has been months since he was given 6,000 for a new AC unit. The person this is happening to is someone that is close to me and it breaks my heart because they gave him all of the money they saved for this unit. When I was searching on line I saw another review with a similar situation.    I don’t know what is going on with Jon but at this point I would not use this company!!!!","I purchased a 3-ton packaged 14 SEER air conditioner (Model GPH1436H41) from J AND J HVAC LLC on August 22, 2019. The unit came with a 10-year warranty on all parts, which greatly influenced my decision to go with this dealer.

Unfortunately, on August 28th, the unit failed due to a leak in the liquid line, causing a complete loss of Freon. The timing was awful as it happened around 5 PM, making the situation quite urgent. Despite multiple attempts to contact J AND J HVAC LLC via phone and email for warranty service, I have received no response.

I had no choice but to consult another service provider, who quoted me $2500 for the necessary repairs. It’s extremely frustrating to be faced with such high repair costs for an issue that should be covered under warranty.

I strongly urge potential customers to reconsider doing business with J AND J HVAC LLC. The lack of responsiveness and failure to honor warranty commitments are significant red flags. I’m now left with no choice but to explore legal options to resolve this issue, which is an unnecessary burden for a customer dealing with a product that is still under warranty.",,,1,1,AssistantDial 24/7 AI Receptionist — every call answered,calls_unanswered;delivery_quality;followup_dropped,19,4.6,12
B,59.84,19.84,phoenix,Cardinal State,+1 480-461-8447,http://www.cardinalstatehvac.com,"1730 N Stapley Dr, Mesa, AZ 85203, United States",Michael C Stinebuck,Owner,,,Michael C Stinebuck,Michael C Stinebuck,https://www.facebook.com/CardinalStateHVAC,booking_friction,3,"They never showed up. Kim is horrible to work with. Waited two days for them with no AC. A different company DID show up and installed a new $10,000 system that this company could have if they kept appointments.",Double charged. Won't answer my calls,,,1,,AssistantDial Appointment Booking + Calendar Sync,billing_or_intake_errors;booking_friction;calls_unanswered,16,4.1,6
B,59.61,16.61,phoenix,MAGMA HVAC,+1 602-960-3949,https://magmahvac.com,"1855 W Greenway Rd, Phoenix, AZ 85023, United States",Edward Greenberg,Owner,,,Edward Greenberg;Roman Petrosyan,Edward Greenberg,,calls_unanswered,1,"The serviceman was nice and professional. Those running the company are NOT honest people. Twice they had me sleeping in a hot house, because they were supposedly coming that day. (I work nights and sleep during the day.) They lied on Friday morning and said the serviceman was running late. When he never showed up, I called and they said they had just received the compressor for my unit. Why did they make an appointment to fix it if they didn't have the parts!?!? They said they would come Saturday morning. They never came nor did they call me to cancel. Again. I slept in a hot house for no reason. I called them 5 times. They never answered. I then called them on Monday. They tried to blame the home warranty company by saying the warranty company bought the wrong part. I do not believe the warranty company is ordering specific parts. They lie. You would think that due to their dishonesty and incompetence that they would give me a discount, but no. Nothing. Again, the serviceman was good. But those answering the phone. who I believe to be the owner ir manager, are dishonest and do not apparently care if they provide good customer service.",Could not believe how unprofessional these people are. All they do is give you the runaround. Had a scheduled appointment for a new AC unit. Was told they needed to push back my appointment 2 hours. They never showed up. Had to take a day off of work for no reason.  Called numerous of times and no return phone call. Not sure how this company is even in business. Quite comical they only respond to the positive reviews. Do better.,,,1,1,AssistantDial 24/7 AI Receptionist — every call answered,calls_unanswered,175,4.6,4
B,59.43,14.43,phoenix,Dial One Mears Air Conditioning & Heating Inc,+1 602-997-5701,https://www.mearsac.com,"743 E Dunlap Ave, Phoenix, AZ 85020, United States",Gary Kenneth Mears,Owner,https://www.linkedin.com/in/gary-mears-260ba22b/,,Gary Kenneth Mears;Susan Diane Mears,Gary Kenneth Mears,https://www.linkedin.com/in/gary-mears-260ba22b/,followup_dropped,2,"We have been loyal Dial One Mears customers for many years across multiple properties, but the quality of their customer service has declined significantly over the past two years, and we will not be returning.

It started when they sold us an annual maintenance plan, which covered our seasonal checkups and came with additional perks. Prior to that, they had always sent us postcard reminders to schedule those checkups. Once we were on the plan, the postcards suspiciously stopped. Given our busy schedules, we didn't think to schedule the appointments ourselves, and we ended up not using any of the services we had paid for upfront. By the time we called again (because our unit was having problems) the plan had already expired.

The recent service experience made things worse. The first technician they sent out was friendly but inexperience and missed multiple issues. A couple of weeks later, our unit had the same problems and we had to call back. The second technician was more experienced and caught what the first had missed, but then verbally quoted us a very costly repair estimate. When we requested a written itemized estimate, the technician repeatedly stepped outside to call his boss (Adam) and ultimately told us that Adam wouldn't provide one. When I called Adam directly and pointed out that this was unprofessional, he agreed to send an estimate, but hours later, we still hadn't received it.

To make matters worse, when we first discovered the recurring problem on a weekend and called the on-call technician, he was rude and unprofessional. He complained about the distance he'd have to drive, made it clear he didn't want to come, and tried to discourage us from requesting service.

We are moving forward with a different company (which confirmed that they always provide written estimates before completing any work). It's a shame, because we were loyal customers for years. But between the maintenance plan, the inexperienced initial technician, the rude on-call experience, and the refusal to provide a written estimate, the trust is gone.",,,,2,,AssistantDial Call Summaries + Auto Contact Creation,followup_dropped;frontline_communication,128,5,3
B,59.18,14.18,phoenix,Magic Touch Mechanical,+1 480-855-8789,https://fireandairaz.com,"942 W 1st Ave, Mesa, AZ 85210, United States",Rich Morgan,Founder / President / CEO,https://www.linkedin.com/in/magictouch/,,Rich Morgan;Michele Morgan,Rich Morgan,https://www.linkedin.com/in/magictouch/,frontline_communication,2,"I was scammed. The tech showed up to repair my gas fire pit and never took anything apart or looked into a single thing but charged me $139. The charge was supposed to be for a diagnosis which he never did and no diagnosis was determined. He walked around the yard and took pics of the outside of the firepit without removing a single thing and went to his truck to what he said was “ make some calls”. He came back 15-20 minutes later then quoted me a $1207.50 price to fix what he had no idea was wrong with my fire pit. -Again, he took nothing apart or looked into ANYTHING! Later, I had another company come to my home that diagnosed the problem and repaired the burner for $225. The pic below shows the firepit before and after he left. Nothing was touched!  Do NOT hire these guys!!

In addition I had stated he helped remove the rock but when he was in his truck worried about pricing I removed the majority. He was not there for an hour diagnosing for he was in his truck for 20 minutes and what was the diagnosis? All I received was a quote for $1207.5 with no explanation as to what it was for. How do you quote a price with no actual diagnosis? Look at the pics you can see it was never touched outside of removing the rock. In order to properly diagnose something you actually have to get underneath that board and look. I’m writing this to warn others and I actually never paid for any work outside of the $139 which they can keep because I don’t need the money and it’s worth it to let others know. I’m just a normal guy and have no financial problems with everything I own paid off so again I don’t need the money. This is a complete spin of the truth from the President commenting to save his business. I NEVER file complaints but this couldn’t go without because I’m warning others of this scam.",,,,1,,AssistantDial AI Receptionist — consistent frontline,frontline_communication;service_quality_in_session,741,4.8,3
B,59.11,16.11,phoenix,2C's Cooling & Heating,+1 602-881-5378,,,Marco Carvalho,Owner,,,Marco Carvalho;Randy Craven,Marco Carvalho,,calls_unanswered,3,"Do not waste your money.. This company is not honest and takes advantage of there customers. First they were late, second they charged me $75 for a service and did nothing.  I guess if you just travel around getting on people's roofs and charging the $75 for nothing it could be profitable.  I also called before they came out and asked them if the could clean a dryer vent. The girl in the office could not answer my question then the guy comes out and can't clean the vent either I have been in Az my whole life and have my ac serviced every 2 years and never had a company do this to me. I would of been happy to pay more to have to have it serviced but I guess they just want to make money and do nothing. I called back to speak to a manager and they will not take my call now.",,,,1,,AssistantDial 24/7 AI Receptionist — every call answered,billing_or_intake_errors;calls_unanswered;frontline_communication,15,4.7,3
B,59.03,16.03,phoenix,ADG AIR INC,+1 602-500-7959,http://adgairac.com,,Erick Galaviz-Verdusco,Owner,,,Erick Galaviz-Verdusco;Diana Figueroa,Erick Galaviz-Verdusco,,calls_unanswered,1,"●M 30th Old Rep Service Request to ADG Air
●T 31st a.m., ""Diana"" said, ""... I'll call you and let you know Wednesday what our schedule is for Thursday..."".
●W 1st a.m. & p.m. Called ADG -no answer
•Old Republic called several times- left voice messages
•Old Rep. e-mailed- left messages
●Thurs ZERO RESPONSE from ADG Air-
~ Until this Google Review & Post",,,,1,,AssistantDial 24/7 AI Receptionist — every call answered,calls_unanswered,76,4.5,53
B,58.95,13.95,phoenix,AirTime Cooling and Heating,+1 480-776-7993,http://azairtime.com,"1540 S Gilbert Rd, Mesa, AZ 85204, United States",Brian Boyer,"Owner (QP/Member, AirTime Cooling & Heating LLC)",https://www.linkedin.com/in/brian-boyer-48a2753/,,Brian Boyer;Tricia Jo Boyer,Brian Boyer,https://www.linkedin.com/in/brian-boyer-48a2753/,booking_friction,1,"I have a maintenance agreement with Airtime so I called on March 26th to have my unit serviced. I was told that the earliest that someone could get out here was May 14th. That was quite some time down the road, but since I’m not having any …",,,,,,AssistantDial Appointment Booking + Calendar Sync,booking_friction,1771,4.9,2
B,58.55,13.55,phoenix,Liberty Cooling & Heating Inc,+1 602-470-9950,http://www.libertycooling.com,"4825 S 32nd St, Phoenix, AZ 85040, United States",Robert Hoxie,President,https://www.linkedin.com/in/robert-hoxie-6894ba65,,Robert Hoxie;Timothy Dale Shicky,Robert Hoxie,https://www.linkedin.com/in/robert-hoxie-6894ba65,frontline_communication,1,"I contacted your team regarding a unit that was installed just under four years ago (approaching four years this July). During my initial call, I was informed that the serial number I provided for the coil was incorrect. I was also told your system had previously been down and that records would need to be retrieved from paper copies. The representative stated that a supervisor would need to follow up with me, as none were available at that time.

Shortly after, I was transferred to a supervisor named Christian. Unfortunately, the interaction was unprofessional and unproductive. During the conversation, I was told that both the previous company and multiple supply houses were incorrect in their assessment of the equipment, despite them verifying the serial number.

After further investigation, it was determined that the unit had been retrofitted with a different coil that did not originally come with the system in order to make it compatible with an AirTemp setup. This information was not initially communicated, which contributed to the confusion.

From a professional standpoint, this experience does not reflect the level of communication and support expected in this industry. In my role, I manage field operations for a large organization, and when my team encounters issues, they have direct access to me and receive timely support. Clear communication and accountability are essential in resolving situations like this.",,,,1,,AssistantDial AI Receptionist — consistent frontline,frontline_communication,122,4.4,4
B,58.38,15.38,phoenix,J&L Plumbing and Air,+1 480-720-7809,http://www.jlplumbingaz.com,"535 W Iron Ave, Mesa, AZ 85210, United States",James Reed,Owner,,,James Reed;Tyrell Skinner,James Reed,,frontline_communication,2,"This is the 2nd company that was sent out by my home warranty company to diagnosis the reason for water leaking from my upstairs bathroom into the garage. The first plumber who came out stated that in order to see where the water was leaking from a water restoration company would need to come out and deconstruct to show pipes and places water damage affected under the tile etc. I had that done and the first plumber never came back so this company was sent out. Mason their plumber seemed OK and looked around the bathroom and said here's your problem its the pipe gasket that is connected to the tubs drainage. I then asked him to look at another issue outside where my dog bent the pipe that connects to the water hose. He says uea that's an easy fix I'll get an estimate to you by the end of the day. The estimate never came, so the next day I called the office and was told oh he got busy but I assure you the estimate will be given by the end of the day. Now on Day 3 of not receiving an estimate I called again and was told oh he was busy and it slipped his mind..I then asked about the diagnosis being sent to my home warranty company which was done either. Then the receptionist tells me Mason said in order to get a diagnosis the bathroom had to be put back together so he could see where the leak was coming from...So I asked her to repeat what she said slowly so she could actually hear the words coming out her mouth. Then I said in what world does that make sense ro put dry wall back up and the tub back in so you can xray vision where the leak is coming from. Then after x ray seeing the problem deconstruct the bathroom again so you can fix it? I could tell she understood how crazy that sounded but she stood by her man. I said well maybe I need to get a new plumber and she ok with a sigh of relief. I then got a quote minutes later for the water hose pipe of 650.00. Mind you I had the issue fixed the day before and only paid 340. I called Parker and Sons. The guy came out quoted it and fixed it within 1.5 hours for less than half. Im not that guy thats not understanding hey things happen I get that. But a Man's word is his bond and for Mason to go back on his word twice shows little to no character professionalism or integrity. This company has a decent rating but if you look at the reviews all of the 1 stars come from home warranty company customers. It's apparent they don't want their business but will take the call out fee. Save yourself the time frustration and call Parker and Sons you won't be disappointed.",,,,1,,AssistantDial AI Receptionist — consistent frontline,followup_dropped;frontline_communication,766,4.7,13
B,58.35,13.35,phoenix,Affirmative Air Conditioning,+1 480-405-0906,https://www.affirmativeairconditioning.com,"1528 W San Pedro St Ste 3, Gilbert, AZ 85233, United States",Michael Constantin Rozanoff,Owner,https://www.linkedin.com/in/mike-rozanoff-a5a725235/,,Michael Constantin Rozanoff;Joseph C Rozanoff,Michael Constantin Rozanoff,https://www.linkedin.com/in/mike-rozanoff-a5a725235/,calls_unanswered,1,"I called AMERICAN HOME SHEILD because I needed some work done on my AC back in late May. They assigned AFFIRMATIVE AIR to come out to fix a leak in my drain pan from my AC. They came out diagnosed the situation and said that they had to fabricate a new drain pan because mine was leaking and they don't make that particular one anymore. So after a few days they came back and installed the new pan. The Technician said this ""should"" work and don't think I have to do any adjustments to it. I took his word for it, then he proceeded to tape up the access panels with metal tape, and said this should hold everthing together and secure. Fast Forward Aug 21st I heard dripping again and I opened up my return intake vent that is right below where the ""New"" drain pan was installed and saw that my drywall and floor were completely soaked from the water dripping from the pan. I opened up the panel that they had taped up and saw that my drain pan was full and overflowing with water. So immediately I called AMERICAN HOME SHEILD and told them about my situation. They had a different AC company come out 4 days later on Aug 25th to check the situation out. Their technician said that whoever installed the drain pan did it incorrectly, it was not draining properly and should have had a condensation pump installed. So they put this all in writing in their report to AMERICAN HOME SHEILD and said they couldn't do the work because they didn't want to be liable for what Affirmative Air had done. So now I am coming into the holiday weekend with water still leaking that I am having to drain by hand. AMERICAN HOME SHEILD has tried to reach out to AFFIRMATIVE AIR to rectify their mistake for the past 3 days via email and calls and no answer. Now I am faced with the possibility of drywall damage, mold development and allergens related into the air. Having a wife with a compromised immune system makes it that more dangerous.  Do the right thing AFFIRMATIVE AIR and don't let this escalate even further where we have to get the news involved! I would never ever use AFFIRMATIVE AIR again!",,,,1,,AssistantDial 24/7 AI Receptionist — every call answered,calls_unanswered,118,4.2,3
B,58.23,13.23,phoenix,Viking Heating and Air Conditioning,+1 480-689-5167,https://www.viking-hvac.com,"3225 N Arizona Ave Ste. C12, Chandler, AZ 85225, United States",Nicole E Bridge,Owner,https://www.linkedin.com/in/nikki-bridge-59529b274/,,Nicole E Bridge;Kelly Bridge,Nicole E Bridge,https://www.linkedin.com/in/nikki-bridge-59529b274/,frontline_communication,2,"I had some work done by Viking and they sent me a text asking for a review. I’m a little surprised that they actually want a review from me, but sure, why not.
We wanted to get a swamp cooler put on our house and we called 3 different companies to get a quote. We told each company the same thing; we weren’t sure what exactly we needed to get it done. We have 2 AC units; one that mostly covers the front of the house and one that mostly covers the  back. We weren’t sure if we would need 1 swamp cooler connecting to both sets of duct work, or 2 swamp coolers, one for each set of duct work, or 1 cooler with new duct work separate from the AC duct work.
One company wanted to charge thousands of dollars to install a swamp cooler on the roof that just came straight down into one vent for the whole house. We rejected that plan because it’s stupid; we can get a 5100CFM cooler from Home Depot for $650 and just put it right outside our back door and get the same thing.
Viking said they’d put in a 5500 CFM cooler attached to the AC ducts in the back of the house; he said there would be some loss of power and it would feel like 4500 CFM. I was concerned that the front of the house wouldn’t cool down without any air going through the front ducts; the manager assured me that if we crack the windows to force the air to flow that way it would be sufficient – this is important for later.
We paid almost $9000 for Viking to install our cooler to our AC ducts, and it would not cool off any of the house at all – not even the back where it was installed.. It felt like 1000 CFM. Doing some research online, it sounds like any competent technician should have known this wouldn’t work; AC duct work is much smaller than duct work for a swamp cooler.
When I called to complain the manager implied more than once I should have to pay extra to fix the duct issues – the issues they were supposed to think through before giving the original quote. When I reminded him he said it would be sufficient for our house he said, “Well the cooler is sufficient,” trying to gas light me into thinking he had never made any claims about the sufficiency of the duct work, despite the fact that I explicitly asked about that and the whole point of the initial consultation was to get a quote to get a working system, not a decoration on the roof.
He said more than once he should have “managed expectations” better. So let me help manage expectations: Viking will lie about what they will deliver and then try to get more money out of you to fix their mistakes.
They finally removed the cooler from the AC duct work and just have it coming out of one vent – the stupid plan we had rejected from another company; the same thing we could accomplish with a cooler from Home Depot for $650.
I just want to make sure you appropriately manage your expectations if you have Viking do any work for you.",,,,2,,AssistantDial AI Receptionist — consistent frontline,billing_or_intake_errors;frontline_communication,419,4.9,3
B,58.1,18.1,phoenix,Sonoran Air Solutions LLC,+1 480-617-1455,,"902 E Beryl Ave, Phoenix, AZ 85020, United States",Jeffrey McCormick,Owner,,,Jeffrey McCormick,Jeffrey McCormick,,calls_unanswered,2,Called twice this morning for service and left message because no one answers. No call back. Great way to do business. Unbelievable,"Jeff was quick to come and diagnose a hvac issue for me which is the positive. Things I didn’t appreciate is that he charged a $89 diagnosis fee on top of a $49 service fee to diagnose a leak. He tried to charge $40 for ice removal which I did not ask for but he did remove that charge upon questioning. He recommended a complete replacement of my unit and quoted me $12,000 initially and then quickly dropped to $9500. Very expensive and I felt he was trying to take advantage of homeowners hoping they take the first price. I had the work done for half the price from a very reputable company with great reviews.",,,1,3,AssistantDial 24/7 AI Receptionist — every call answered,billing_or_intake_errors;calls_unanswered,11,4,3
B,58.03,15.03,phoenix,Sunstate Heating and Cooling,+1 602-616-8148,http://sunstateheatingandcooling.com,,Cesar R. Ayon Sr.,Owner,,,Cesar R. Ayon Sr.;Alma Castillo,Cesar R. Ayon Sr.,,calls_unanswered,2,Sunstate installed the hvac system in my new home.  Have had multiple problems and they continue with sunstate not fixing it properly. Also very difficult to get a hold of and they rarely return phone calls.  Had local hvac contractor come out and fix the problems immediately.,Had an issue with AC. Tech said his office would contact us for next steps then never responded. They submitted a report to warranty company that was completely different than what he said so it was denied. Of course no one calls at all from the office and see why they can only get business from a warranty company.,,,1,,AssistantDial 24/7 AI Receptionist — every call answered,calls_unanswered;followup_dropped,35,4.3,17
B,57.97,12.97,phoenix,"John's Heating, Cooling, and Plumbing",+1 480-648-0921,https://www.justcalljohns.com,"211 E 10th Dr, Mesa, AZ 85210, United States",Andrew John,"Owner / Vice President (second-generation, took over from founder Chris John)",https://www.linkedin.com/in/andrew-john-86219215/,,Andrew John;Ashley Price,Andrew John,https://www.linkedin.com/in/andrew-john-86219215/,frontline_communication,1,"I am writing to express our extremely disappointing experience with John’s Heating and Cooling. Our AC coils failed during the intense Arizona summer heat. Since the unit was under warranty, we contacted them for repair.
They set an expectation that the replacement part would arrive from the manufacturer within one week. They made no attempt to source it elsewhere, expedite shipping, or provide updates. We endured a full week with indoor temperatures exceeding 90 degrees, which posed real safety risks in Phoenix heat.
On the expected day, they called to say the part would now take an additional 1–2 weeks or longer, with no tracking or firm timeline. Communication was virtually nonexistent, and they offered no temporary solutions like a loaner unit or portable cooling.

When we voiced our frustration and safety concerns about living without AC in triple-digit Arizona heat, their only offer was a couple hundred dollars off plus expedited shipping—still with no confirmed delivery date. They attempted to shift blame to the manufacturer, and while they eventually acknowledged their poor communication, it was already far too late.
This service falls far short of professional standards for an essential repair during Arizona’s hottest months. We felt unsupported, uninformed, and dismissed. I strongly recommend considering other providers",,,,1,,AssistantDial AI Receptionist — consistent frontline,frontline_communication,3336,4.9,3
B,57.91,14.91,phoenix,Honest Air Inc.,+1 480-934-0407,https://honestairconditioning.net,"2942 N Greenfield Rd Ste 147, Mesa, AZ 85215, United States",Jeff Scott Scarberry,Owner,,,Jeff Scott Scarberry;Paola Scarberry,Jeff Scott Scarberry,,booking_friction,2,Called about getting a grill vent replaced for an ac unit. Was told that they would call me back and never did. I called them the next day and they apologized then told me that they could not do that type of work until the winter months  because they were too busy. It's March 19th. Horrible customer service. Stay away.,,,,1,,AssistantDial Appointment Booking + Calendar Sync,booking_friction;followup_dropped,146,4.8,13
B,57.69,14.69,phoenix,Velocity Mechanical,+1 480-688-7078,http://www.velocityac.net,,Troy Michael Aubuchon,Owner,,,Troy Michael Aubuchon;Amber Mae Aubuchon,Troy Michael Aubuchon,https://www.facebook.com/velocitymechanical,frontline_communication,2,"Run! I was referred to the service by my property managers because my office major had discrepancies in the temperature and the different rooms. Velocity came out and gave us a quote and stated that they just needed to balance the system. After the first time they had come out, and the issue was still not resolved. We called to tell them that it was not working and we told that we were “idiots”  if we thought that it only took one time to adjust it. after the second time they came out and it was still not working. We were told that additional services needed would need to be done on the valves that controlled flow. We were told that we would receive a quote for this and never did. When we called to follow up several weeks later their office manager Amber called my office manager a liar and said that they were never going to do that. So after paying almost $2000 we have no resolution to our issues, they quoted us for something that could not be done and then tried to get additional money for other services. Their office is horrible to deal with, their staff treat customers atrociously, and worst of all they cannot do the work that they quote. Do not use the service if you value your time, your sanity, or your money!","I should've Known when they answered the phone “What?!?” Stay away from these guys. Rude and unprofessional, not to mention cowardly owner.",,,1,,AssistantDial AI Receptionist — consistent frontline,followup_dropped;frontline_communication,22,4.5,13
B,57.6,15.6,phoenix,"Cool Blew, Inc.",+1 623-872-2900,,"15911 N 174th Ave, Surprise, AZ 85388, United States",Robert Leon Proctor,Owner,https://www.linkedin.com/in/bob-proctor-5162b141/,,Robert Leon Proctor,Robert Leon Proctor,https://www.linkedin.com/in/bob-proctor-5162b141/,followup_dropped,3,"I gave it since January this company never wanted to deal with there employee , my Rolex was stolen they claim he didn’t do it not even sure if they questioned him, no one called me back this is the picture of him
He didn’t even fix the plumbing issue by the way I guess he snatched the watch and left. I gave them too long now I will be filing reports","This company is taking advantage of customers by adding unexplainable charges. After installing their water heater, we checked with three different, local companies that provide the same service, and it turns out that we were overcharged by $960.

Also, the initial appointment was btw 10 am - 2 pm (4 hours), the service person came at 4:40 pm. We took time off work, and it turned into a terrible experience.",,,1,1,AssistantDial Call Summaries + Auto Contact Creation,billing_or_intake_errors;followup_dropped;service_quality_in_session,69,4.1,48
B,57.55,14.55,phoenix,Cool Blew Inc.,+1 623-872-2900,http://coolblew.com,"8927 W Bloomfield Rd #135, Peoria, AZ 85381, United States",Robert Proctor,Owner,,,Robert Proctor;Tim Palmer,Robert Proctor,https://www.facebook.com/coolblewinc/,frontline_communication,2,"🚨Fraud warning🚨
Company was assigned to a repair a tub handle from a home warranty work order.  After sending pictures and conversing with the company on the phone they told me the problem would be covered and an easy fix. Now enter the bait-n-switch.
After arriving at our house and looking at the issue, the technician called the home warranty company stating he could not repair because there was no handle. Same handle pictured and discussed during the previous phone call. The technician told the home warranty company they would handle the repair and left. Taking the deductible money with him.
Questionable red flag 🚩because our warranty company has fixed handles on facets/tubs multiple times throughout our house.🚩🚩 came when the technician returned knocking at the door 10 minutes later saying even though he could not fix the issue under the warranty and my deductible was forfeited, he would be happy to give an estimate for him to fix it for an additional cost not covered by the warranty company.
Could not have been more of a scam job!!!",,,,1,,AssistantDial AI Receptionist — consistent frontline,billing_or_intake_errors;frontline_communication,1051,4.8,3
B,57.37,17.37,phoenix,Comfort Systems USA Southwest,+1 480-940-8400,http://csusasw.com,"6875 W Galveston St, Chandler, AZ 85226, United States",Nate Nelson,President,,,Nate Nelson,Nate Nelson,,calls_unanswered,2,Extremely poor customer service could not have anyone return six messages over a week period. they do not deserve your (or) my business!,"A friend of mine suggested a few different companies to get a new HVAC. So, I called Comfort Systems USA for a quote. Their prices are OUTRAGEOUS.

I asked for an explanation of the quote and I was treated rudely.

The way the company handles their customer's requests, especially in light of their fees is shocking.

At least that is my experience with Comfort Systems USA.",,,1,1,AssistantDial 24/7 AI Receptionist — every call answered,calls_unanswered;frontline_communication,56,4,23
B,57.27,17.27,phoenix,Perfect Choice Cooling & Heating,+1 480-228-5196,https://m.facebook.com/perfectchoicecoolingandheating,"857 N Gaylord Cir, Mesa, AZ 85213, United States",James West,Owner,,,James West,James West,,calls_unanswered,1,"Used you all two times before this.... First time I was told the problem was fixed got super excited and very impressed... until two weeks later when you all had to come back because the same problem ( a leak ) was happening again and  your guy says “I thought I fixed it  but it’s fixed now”..... so I figured ok things happen. NOW.... my AC is out again I call you because my home warranty says you have to come fix it again. Talked to you yesterday and you stated you would be out to my house today and that I didn’t need to be home and you would leave me a detailed voicemail of the issue.... NO SHOW AND NO PHONE CALL AND WOUDLNT ANSWER MY THREE CALLS THIS EVENING! My house is now in the 90’s with two children under 5! It’s Az and 115 in the day and you think it’s ok to not show up, give notice, or anything at all....

Following your awful review! One the person I talked to must have forgotten that piece of information about no longer working with the warranty company.... so fail again! Second we do change the filters and I am from Arizona, so watch yourself and how you want to snap back at me.  Third you don’t know what’s going on with it if you weren’t here to look and your technician or you yourself said it was a leak in the piping, so.... again FAIL! Lastly we just bought the house and were doing our best to try and get things up to date as needed. Not one time (from the both times) you all came out was a filter mentioned, possibly because I changed them! So blame everyone else as usual do instead of saying I’m sorry to hear and our communication was off.","This was the second time using them. First experience was great they were early, fixed the issue right away and  the price was reasonable.
This time around I am very disappointed I have been waiting for hours for them to show up and have messaged and called them several time and haven't gotten a reply or call back. Just a no show. I am seriously disappointed they could have at least let me know if they couldn't have made it out.",,,1,1,AssistantDial 24/7 AI Receptionist — every call answered,calls_unanswered,11,3.5,5
B,57.1,17.1,phoenix,AFR Dynamics,+1 480-275-7535,https://afrdynamics.com,"502 E Ingram St, Mesa, AZ 85203, United States",Mohammad A.,Owner,,,Mohammad A.,Mohammad A.,,calls_unanswered,2,"We got Mohammed's number from a friend who said he did good work at a reasonable price when we needed a new hot water heater installed. He installed it without even telling us they are not a plumbing company, and his copper pipe work was terrible.  We soon developed a leak, and he promised to call us to repair it, but did not.  We left messages for almost a week, threatening to call the BBB, but he never called back.  Finally deciding we did not want him to attempt a repair at all, we had a professional plumber come out.
Yes, he was cheaper than the big names in town, but if you're not a plumbing company, you shouldn't do plumbing on the side!","Be careful !!! I had installed AC from Mr Mohd Afridi 4-5 years back. I had issues and contacted him and he acted very irresponsible. Never visited or rectified his low quality work on installation on my AC. In recent last week, I had contacted for a help to replace ADP evaporator coil which was under warranty, he did not do anything good for me. I will never recommend his service either new AC or any repair work. My experience with his is pathetic. I am verified buyer of Rheem AC. Thanks, Rahul",,,1,1,AssistantDial 24/7 AI Receptionist — every call answered,calls_unanswered;followup_dropped,11,3.8,3
B,57.08,14.08,phoenix,Hendel's Air Conditioning Inc.,+1 480-813-1700,https://www.hendels.com,"3434 N Arizona Ave, Chandler, AZ 85225, United States",Rob Hendel,General Manager,,,Rob Hendel;Laurie Hendel,Rob Hendel,,frontline_communication,2,"Spent 14k for two units from Hendels and had them come out every year to do the inspections.  After a fee years my compressor on one of our condensors starting making a lot of noise.  I was told that was normal and the women I spoke with even said hers does the same. If that were normal wouldn't it have done it from day one?  They said the only fix was a new compressor but it's under warranty right?  Technically yes but it still will cost $2200 to pay for freon!!! It doesn't need freon, they should be evac and recharging the freon.
For those that dont know AC systems are a closed system and should not need freon unless there is a leak. Mine does not have a leak. So essentially they want to charge me for my own freon. UNACCEPTABLE.

We also had a lot of problems during install with the the attic portion making noises in the house and they didn't believe us and although they eventually fixed it it wss unpleasant to say the least.

Judge a company of how they handle things when things go wrong not when everything goes right.",,,,2,,AssistantDial AI Receptionist — consistent frontline,billing_or_intake_errors;frontline_communication,271,4.5,3
B,56.79,14.79,phoenix,"Reeis Air Conditioning, Plumbing & Electrical",+1 480-581-5683,http://reeis.com,"3525 E Corona Ave, Phoenix, AZ 85040, United States",Todd Russo,Owner / President,https://www.linkedin.com/in/todd-russo-18a2a16/,,Todd Russo,Todd Russo,https://www.linkedin.com/in/todd-russo-18a2a16/,billing_or_intake_errors,2,"Very Dissatisfied With REEis.
In addition to the lack of customer service and the many frustrations we have faced, we have had numerous problems.

12 years ago we purchased two new air-conditioners with a 10 year maintenance contract from REEis and for 10 years REEis treated us well.  Recently one of our air conditioners stopped working, and without hesitation, we called REEis as a returning customer.

We were only going to buy one because the other air conditioner was working fine, but he told us that if we bought two we would save more money. He gave us a discount for both units and we signed the contract for $26,996.10.

After the installation of the A/C units, they told us the electrical panel needed to be replaced and that it was very dangerous.  I was terrified and scared when he said it could damage the units and even start a fire.

We asked how much the panel would cost, and they told us $6,400.  However, the final cost was $6,800.
My neighbors have the same panel. They were shocked at how they pressured and intimidated us into selling something we didn't need.

The a/c units were supposed to be like new. However, the rear end looked yellowed, almost aged, as if it had been exposed to the sun. Furthermore, the rear radiator fins were damaged. After we complained, they sent someone to fix the radiator fins with a “radiator fin comb”.

Three months after the install, at 9pm, we noticed one of our AC units was not blowing cold air.  The next day they sent someone who had no idea how to fix it. He called his manager, who explained the repairs step by step over the phone.  By the end of the day, it still wasn’t working and they needed to come back the next day.
We were told the original installation was incorrectly configured and they didn’t install the correct amount of refrigerant.

When we bought the air conditioners, we were told the units had a 10 year manufacture’s warranties.

About two months after the install we called about the warranties.  We were told they would look into it and get back to us.  They eventually called back and told us they forgot to get photos of the serial numbers on the units and had to send someone to take the pictures.  Two weeks later we find out the technician didn’t get the correct photos and they had to come back.

In Summary
My husband and I were very frustrated and upset since we got the two units that is why I decided to write this review about the serious decline in customer service from REEis.  Very different from our prior experience.

UPDATE March 23, 2026
Mr. Russo, the owner of REEis, called me several times; he wanted to talk to me.
I agreed to speak with Mr. Russo on Saturday February 28, 2026.
He called and asked me what he could do to find a solution that would make me happy.
We discussed both units. We paid for new units, but the grilles are damaged and look pretty bad.
He said he'd send his best technician, Dennis, to examine the units.
We also discussed the electrical panel, which I paid $6,800 for (it didn't need replacing).
He agreed to reimburse me $4,800, and he said Dennis was going to bring the check.
Dennis came and inspected the units.  I asked him about the check he was supposed to give me.  He said he didn't know anything about it.
I sent an email Monday march 9th  to Mr. Russo why he hadn't given me the promised check and how he planned to resolve my issues.
I am still waiting for his response.
It's terrible that after agreeing to something there has been no follow-up.  His word is worthless.  This reflects very poorly on the company.
Don't hire this company.  If the owner doesn't keep his promises, what can you expect? I was going to update my review to a positive one if they had honored their word; but he didn't, even after repeatedly asking me what he could do to find a satisfactory solution.

Today is Monday March 23th, and I still haven't heard from Mr. Russo.","Victor Reyes, technician with REEIS was great!
He explained everything well, checked everything in & out side my home & was very pleasant & polite.
The price I had to pay for the blower motor was outrageous at $1700.00 when I found the same item online for $355.00!!!
I understand there's overhead, but really this much over the price I found???",,,1,3,AssistantDial structured call intake,billing_or_intake_errors;followup_dropped,1782,4.9,4
B,56.79,13.79,phoenix,Bruce's Air Conditioning,+1 602-824-8919,https://brucesac.com,"650 S 79th St, Chandler, AZ 85226, United States",Dan Novak,"Owner (Member, Bruce's Air Conditioning)",,,Dan Novak;Kathleen Marie Novak,Dan Novak,,frontline_communication,1,"Paid over $10K for an AC unit 3 years ago. The crew left damage behind, but when I brought it up, one of the “owners” told me I signed off and refused to help. They said everyone gets the same service whether they spend $500 or $50K which was terrible service...

More recently, I paid $80 for a tech to diagnose an issue. When I asked for the capacitor size, they refused to tell me because I told them my buddy will do it. I was told to “just Google it, you have the unit #"" I paid them for this basic info.

Hundreds of HVAC companies in the Valley — do yourself a favor and skip these guys.",,,,1,,AssistantDial AI Receptionist — consistent frontline,frontline_communication,522,4.8,4
B,56.59,11.59,phoenix,Bumble Bee Air Conditioning,+1 480-966-2901,https://www.bumblebeeairconditioning.com,"1004 E Vista Del Cerro Dr, Tempe, AZ 85281, United States",Lisa Bayne,Owner,https://www.linkedin.com/in/lisa-bayne-b75a3854/,,Lisa Bayne;Jimmy Clark,Lisa Bayne,https://www.linkedin.com/in/lisa-bayne-b75a3854/,frontline_communication,1,"Scam Alert - These guys sent a technician to my home that treated me like garbage, charged me $501.74 to clean out our a/c condensation line, then proceeded to tell me that I needed a new a/c system, which they could sell to me for $7k, since mine was still under warranty.... I checked with a different A/C company and they said my system was fine.  Now, a year later, I just had another check up and the system is still well within the typical ranges.  In fact, they did the same service including cleaning out the same condensation line as a courtesy, for free...  Beware and don't get Bumble Scammed.",,,,1,,AssistantDial AI Receptionist — consistent frontline,frontline_communication,933,4.9,3
B,56.57,16.57,phoenix,The Cool Guy,+1 480-793-9330,https://www.thecoolguyaz.com,"3611 E Riggs Rd, Queen Creek, AZ 85142, United States",Josh Burciaga,Owner,,,Josh Burciaga,Josh Burciaga,,frontline_communication,2,"I initially appreciated The Cool Guys’ quick response when they were able to replace my AC unit on short notice. The installation itself appeared to go smoothly and was completed efficiently.
Unfortunately, my experience changed after the technicians left.

I discovered that a decorative towel from a matching set I have owned for years was missing from my bathroom. You can see in my photo a set of three blue towels. I immediately raised this concern with one of the technicians at the time, but was told he did not have any knowledge of it. I later reviewed photos taken prior to the service visit and confirmed that the towel was present before work began.

I know my home well and did not move the towel myself. I am confident it was removed during the visit, whether accidentally or otherwise. Regardless, no accountability, apology, or proper replacement was provided.

In addition, I found that a bathroom light fixture had been bent/damaged during the visit—neither issue was communicated to me before the technicians left the property.

What was most disappointing was not the individual items themselves, but the lack of communication and accountability surrounding them. While I understand that mistakes can happen during service work, I expect transparency and basic respect when vendors are working inside my home.

I made multiple attempts to resolve the matter and was informed that management would follow up. The company did indicate they would replace the towel set; however, after speaking with the leasing manager, I was later told they did not want to move forward with assisting me further in order to maintain a good relationship with the leasing office. I did not receive any meaningful direct communication afterward.

Although there were eventually some efforts made to address the situation, I felt my concerns were not taken seriously or handled with appropriate urgency.

I take great pride in my home and expect any company working within it to treat it with care and professionalism. Based on this experience, I would be hesitant to use this company again.",,,,2,,AssistantDial AI Receptionist — consistent frontline,followup_dropped;frontline_communication,315,4.8,3
B,56.48,16.48,phoenix,Aire1,+1 480-673-8311,https://www.aire1llc.com,,Joseph Matthew Garcia,Owner,,,Joseph Matthew Garcia,Joseph Matthew Garcia,,calls_unanswered,1,"I used Aire 1 LLC for a couple years, despite some minor frustrations I had with them throughout my time using them. I'm a heavy advocate for supporting small businesses, and will always go to a family owned biz before a chain or larger conglomerate, and signed up for their ""club"" after their first visit to assist me, paying a monthly fee for white glove service. That being said, I cancelled my ""club membership"" last year, and will absolutely never call them back for assistance moving forward.

Office/Scheduling - I repeatedly had trouble scheduling maintenance with them. If someone didn't answer when I called in, and I had to leave a voicemail, I would never get a call back. I had to be strategic to try and call when I knew someone would answer in real time. There were also at least two times to note where we would schedule a service window, and the technicians would not arrive within that window.

Services - Every time the technicians came by, they were always very kind and friendly. I have no grievances with the staff as individuals. I first hired them to fix a leak in my A/C vent because the water was not draining through my wall to my bathroom correctly. They installed a motorized pump to force the water over the wall because the original installers laid the inner wall piping over a support beam in the wall, and the water essentially needed to ""drain uphill"", which was the cause of it coming back out my vent. Shortly after that, my A/C crapped out on me entirely, and I ended up hiring Aire 1 to replace the entire unit, inside my condo and on the roof. The very same day they replaced it, I needed to call them back in a couple hours due to an error that popped up on my (new) thermostat that the unit had shut off. The motorized pump they installed has a failsafe that will automatically shut off the A/C if it's imbalanced in any way as a safety precaution, and the pump was not staying as flat as it needed to be. They re-leveled it, and assured me it would not be an issue again. I ended up having to call them back out a few more times about this issue due to waking up too many times drenched in sweat because my A/C shut off in the night. They finally mentioned they could turn that setting off, so it wouldn't shut the unit off, and that resolved that issue.

Final Straw - Last year I started to experience a water leak in my front door frame. This took weeks to diagnose where the water was coming from, if it was plumbing from my unit, from the unit above mine, etc. They finally were able to track the leak down to the drainage tube from my A/C into the wall that they replaced the previous year when installing my new unit. The technician had simply cut the tube 6-10 ft in length, pushing it all the way through the PVC pipe in the wall, thinking that would be sufficient to have the water drain downwards without coming back up. They did not bother to seal the PVC pipe at the end, where the tube was inserted (picture below). They came back, with their brother (since it's a family owned biz), to fix the leak. While they were here, they verbally admitted that they screwed that up and should have sealed that correctly when installing my new unit, and that it was ""their bad"". Mind you, I needed to submit a home insurance claim to fix this leak in my door frame, and this involved a drying and restoration company, and Aire 1. While everything was covered, I was still responsible for paying a deductible, which I assumed could be reimbursed by the party at fault. Fast forward to now, several months later, and Aire 1 is completely denying fault, and since I have no written admittance because the technician was careful to only admit fault verbally to me in person, I have no grounds to fight their claim.","Unreliable and Unresponsive - Avoid Aire 1!

Rating: 1/5

I'm extremely disappointed and frustrated with Aire 1's service. Despite monthly payments for their repair and tune-up package, they failed to deliver on their promises. My AC unit broke down, and when I needed them most, they vanished!

Repeated phone calls and messages have gone unanswered, leaving me sweltering in the heat. Their negligence and lack of communication are unacceptable. It's clear they're more interested in collecting payments than providing actual service.

Don't make the same mistake I did. Look elsewhere for reliable air conditioning services. Aire 1 has lost a customer and gained a vocal critic.",,,1,1,AssistantDial 24/7 AI Receptionist — every call answered,calls_unanswered,114,4.5,6
B,56.45,16.45,phoenix,FACT HVAC,+1 480-360-6560,https://facthvac.com,"1000 E Vista Del Cerro Dr, Tempe, AZ 85281, United States",Terry L Jauss,Owner,,,Terry L Jauss,Terry L Jauss,https://www.facebook.com/FACTHVAC,followup_dropped,2,"If you don’t read this all the way through, I suggest you go look at their yelp reviews for a better rating on this company.

I have hesitated writing a review for this company with fear of further cooperation and communication issues. I had FACT install a brand new Bosch unit and an allstyle air handler 3 years ago. Long story very short, I have had issues with it from the start, never cooling quite effectively and actually creating humidity levels of 60% sometimes IN THE DRY DESERT. Last summer it was intermittently blowing 90 degree air!! They have been out over 15 times over the last 3 summers and still cannot figure out the issue. They seem to tinker with the same settings expecting a different outcome each time. They slowly started to be less and less communicative and cooperative. I’m still waiting on my service call reports so I can transfer to another company. It has gotten to the point where I have gotten Bosch involved for a more expert eye, and have considered legal action. Bosch has even tried to reach out to them and it seems their phone lines have been disconnected. I highly recommend NOT using this company. Not sure how they still have 4.8 stars in google but I suggest you go look at their yelp reviews (most recent).","Title: Good Technicians but Somewhat Broken Processes

⭐⭐⭐

I recently purchased an AC unit from FACT HVAC, and overall, my experience has been a mixed bag. First, the positive: the installation process was smooth, and the technician who came to handle the job was impressive. Not only was he highly skilled and knowledgeable, but he also went above and beyond to ensure that everything was working as it should, and I was completely satisfied.

However, the situation took a downturn when it came to the installation of the new air handler, a process which required some drywall in my home to be broken. I was prepared for this, as I was informed in advance, and accepted it as part of the process.

The problem, however, lies in the aftermath. It has been three weeks since the AC install and my drywall is still in a state of disrepair. Numerous calls and emails to the company have resulted in a chorus of assurances that the situation would be addressed promptly, but as of yet, no action has been taken.

I understand that in the grand scheme of things, this may seem like a minor inconvenience. But it's frustrating to have to constantly follow up and live with an eyesore in my otherwise neat home.

To conclude, while I highly commend the technical expertise and the quality of the AC unit itself, I am left disappointed with the after-sales service and the handling of the drywall issue. For a company that prides itself on its quality, this oversight seems out of character. I hope that my feedback can prompt some process improvements and customer communication refinements at FACT HVAC. I still have faith in their services but would appreciate a swifter resolution to problems in the future.",,,1,3,AssistantDial Call Summaries + Auto Contact Creation,followup_dropped;frontline_communication,603,4.8,6
B,56.37,14.37,phoenix,Service 1st Home Maintenance,+1 602-898-4663,https://www.service1sthvac.com,,Jimmy LeForce,Owner,,,Jimmy LeForce,Jimmy LeForce,info@service1sthvac.com,frontline_communication,1,"Our experience with this HVAC company was very disappointing. Communication was inconsistent, and the work took far longer with little proactive follow-up or accountability. I often had to reach out multiple times just to get basic updates.

Customer service was lacking throughout the process. Concerns were not handled professionally, and when issues were raised, they were dismissed rather than addressed. Pricing also felt unreasonable given the delays and overall quality of service. Demands to use them was outrageous. They seem to only care about money, then genuinely helping others.

Most concerning was the owner’s behavior, which I found to be extremely rude, condescending and unprofessional. Respectful communication is essential in any service business, and that standard was not met here at all.

Based on our experience, I would not recommend this company to anyone looking for reliable service, timely work, and professional customer care.",,,,1,,AssistantDial AI Receptionist — consistent frontline,frontline_communication,26,4.4,4
B,56.24,11.24,phoenix,Gryphon Air Repair,+1 480-371-8800,http://www.gryphonairrepair.com,,Art Johnson,Owner,,,Art Johnson;Ali Johnson,Art Johnson,gryphonairrepair@yahoo.com,calls_unanswered,1,"I was able to call Gryphon Air and they would pick up EVERY time before my unit was installed.
I have since tried to call them a handful of times and my calls are ignored. Coincidence? Maybe.... I'll update this when I get ahold of them.

But now - I was promised I would have a much more efficient unit than my 14 year old one. My electricity bill has not gone down AT ALL. I realize the temps are warmer this year but I'm also paying more than I did last year.

Don't waste your money with these guys. Semper-Fi was going to beat Gryphons price and I went with the mom and pop shop to support them (As they convinced me to trust them). Needless to say I really regret that 13k dollar decision.

Go elsewhere. Pay less. Get the longer warranty.

Fun game: Take a guess of when the AC unit was installed (See attached image). Bet you can't tell.",,,,1,,AssistantDial 24/7 AI Receptionist — every call answered,calls_unanswered,23,4.3,14
B,56.22,11.22,phoenix,newACunit,+1 480-418-5452,https://www.newacunit.com,"3045 N Colorado St Ste 3, Chandler, AZ 85225, United States",Bodie J. Bryan,CEO,,,Bodie J. Bryan;Erik Bryan;Gina Bryan,Bodie J. Bryan,,frontline_communication,1,"I purchased a Midea A/C unit through New AC Unit and had it installed by their recommended installer, Guarantee Guys. Within hours of installation, the unit stopped cooling and only circulated air. This has happened multiple times since.

The installer recommended a $500 hard start kit as a fix, claiming it was necessary due to a “power grid issue,” even though the new unit draws the same startup amperage as my old A/C, which never had this problem. When I asked for a proper diagnostic, I was told they cannot identify the root cause unless they are there at the exact moment of failure, and even then they could only check if the compressor is overheated.

Both New AC Unit and Guarantee Guys have refused to take any action until the unit fails completely, leaving me with a brand-new A/C that does not work properly and no solution except paying for an expensive add-on.

I would not recommend this company or installer. The lack of support and unwillingness to properly address installation or product issues is extremely concerning.",,,,1,,AssistantDial AI Receptionist — consistent frontline,frontline_communication,361,4.7,3
B,55.95,12.95,phoenix,2 Brothers Mechanical,+1 480-204-9753,,,Michael Green Jr.,Owner,,,Michael Green Jr.;Jessica Green,Michael Green Jr.,,calls_unanswered,2,This company has been very unresponsive and unprofessional when it comes to following up. I set up an appointment with the owner two months ago and he never showed up or called to explain why. I’ve called weekly and left voicemails and no one has called me back from the company. This is very reckless and unprofessional behavior. I can’t understand why there’s been no response for weeks. I’m very disappointed. I would not recommend this company if you want someone that can be responsive when you need maintenance or have questions. I wonder what this means for my warranty now. Very disappointed. do not book with them.,,,,1,,AssistantDial 24/7 AI Receptionist — every call answered,calls_unanswered;followup_dropped,7,4.4,1
B,55.92,12.92,phoenix,Sun Energy Inc.,+1 602-943-6865,https://sunenergyinc.com,"2259 W Shangri La Rd #6A, Phoenix, AZ 85029, United States",Richard R. Tarango,Owner,,,Richard R. Tarango;Charlene Kelly,Richard R. Tarango,,calls_unanswered,1,Apparently either not in business or just doesn't have a working number. Will have to find a new company to service my A/C.,,,,1,,AssistantDial 24/7 AI Receptionist — every call answered,calls_unanswered,2,3,1
B,55.88,12.88,phoenix,Andrews Refrigeration Inc.,+1 602-992-9560,https://www.andrewsaz.com,"5800 W Missouri Ave, Glendale, AZ 85301, United States",Jayson Wagner,President,,,Jayson Wagner;Jon Phillips,Jayson Wagner,,billing_or_intake_errors,1,"We were recommended Andrews Refrigeration by So Low Environmental Equipment to change the battery on our -80°C freezer.  Andrews told us that they would bill us for the trip to our facility in Scottsdale to evaluate our freezer --- around $150.  We would then be responsible for the cost of the battery or any labor needed to repair anything.  While at our clinic, the service technician told us it would be around $70 to replace the battery.  There were no problems with our freezer.  We told the tech that $70 was fine for the specific battery needed.  A few hours later, he returned, replaced the battery, and billed my card $739.32 without confirmation, approval, or justification for the charges.  This company is fraudulent, and we will never use their services again.  I am filing a complaint with the BBB and will be disputing this charge with my credit card.  They are not transparent with their billing.  BEWARE!",,,,1,,AssistantDial structured call intake,billing_or_intake_errors,105,3.3,5
B,55.84,10.84,phoenix,Morehart Air Conditioning and Heating,+1 623-738-4004,https://morehartac.com,"8853 N 78th Ave, Peoria, AZ 85345, United States",Joshua Patrick Morehart,Owner / Member,https://www.linkedin.com/in/josh-morehart-a417a8132/,,Joshua Patrick Morehart;Janah M Morehart,Joshua Patrick Morehart,https://www.linkedin.com/in/josh-morehart-a417a8132/,frontline_communication,1,"I had an absolutely terrible experience with Moreheart. On 4/11/2025, they preformed a duct cleaning service on my home. A few days later, the inside of my house felt unusually humid. On 4/29, I called and expressed my concerns. They didn't offer to send anyone out and said it was probably an issue with my doors and windows.

Well, the joke's on me. This year, I decided to try a different company for my spring tuning. And wouldn't you know it, the condensation line was disconnected and my unit is full of mold.

The technicians who cleaned my ducts were pretty unprofessional, so I had already planned to not use Moreheart again.

If after reading this review, you still choose to use them, go ahead and get a follow up to make sure they did everything correctly.",,,,1,,AssistantDial AI Receptionist — consistent frontline,frontline_communication,186,4.6,3
B,55.8,15.8,phoenix,FN Air Conditioning & Heating LLC,+1 602-579-5614,,,Adam Christian Slucher,Owner,,,Adam Christian Slucher,Adam Christian Slucher,,frontline_communication,3,"If I could give zero stars, I absolutely would. This company’s communication is the worst I’ve ever encountered. Do yourself a favor and go with any other company to avoid the endless headaches.

My AC broke in June 2024 during the scorching Arizona summer, and I was connected with FN AC through my home warranty, Old Republic Home Protection. From the start, there were multiple no-shows, poor communication, and delays—both with FN AC and the warranty company.
Not only was I quoted several thousand dollars more than another company, but Adam, the point of contact, eventually stopped responding and failed to show up for the installation. It took until October for my AC to finally get fixed.

I paid Adam for the installation and equipment, but when the equipment arrived damaged (which wasn’t his fault), the process to reorder it became a nightmare due to more miscommunication between FN AC and the warranty company. After weeks of trying to get a refund, I had to threaten small claims court just to get my money back.

Avoid this company at all costs if you value your time and money.","FN does not honor their contracts once they have installed the AC and have their money. FN seemed to be a great company with fair prices and honest owners but once the AC is installed, they ignore calls and texts for their promised followup inspections. So, if you initially hire them, just know that once they leave, even with many calls and texts to try to reach them, you'll never see them again. They ended up being very disappointing.",,,1,2,AssistantDial AI Receptionist — consistent frontline,billing_or_intake_errors;followup_dropped;frontline_communication,61,4.5,5
B,55.7,13.7,phoenix,AZ Coolers Only,+1 623-680-1612,https://azcoolersonly.com,,David Seaton,Owner,https://www.linkedin.com/in/azcoolersonly/,,David Seaton,David Seaton,https://www.linkedin.com/in/azcoolersonly/,booking_friction,2,"Had them replaced the blower wheel, pulley and shaft last year in June.  Cleaned it up, turned it on, motor dies.  Now they didn't replace it, but since they did a lot of work last year called and asked them to look at it.  They don't have time this year for residential.  Even to check their work.",I made an appointment with a person named James on Tuesday May 27 and they said they'd come the next day between 10a and 12p. I waited all day and finally called them at c 12.30 when Noone showed. James answered and said the owner was coming out because he lived near me. He said he'd text me. I never heard another word. 😕 …,,,,,AssistantDial Appointment Booking + Calendar Sync,booking_friction;followup_dropped,26,4.6,15
B,55.53,12.53,phoenix,Below Zero Air,+1 480-405-9580,https://belowzeroair.com,,Erez Khteeb,Director (Below Zero Air Corp),,,Erez Khteeb;Zach Simeonoff,Erez Khteeb,,calls_unanswered,1,"Been on hold 15 min now to cancel an appt. Horrible waiting time to get through. Will not reach out or recommend. That is very poor customer service,",,,,,,AssistantDial 24/7 AI Receptionist — every call answered,calls_unanswered,22,3.9,16
B,55.47,12.47,phoenix,Rechaza A/C LLC,+1 623-925-9535,https://rechazaac.com,"6218 N 59th Ave, Glendale, AZ 85301, United States",Paulo Harris,Owner,,,Paulo Harris;Sandra Muniz,Paulo Harris,https://www.facebook.com/RechazaAC/,calls_unanswered,1,"If you’re looking for a professional company, run!!!  This company was recommended to me by the contractor who took over my renovations. Paulo who is the owner has the worst communication along with his “assistant” Sandy. It’s been 2 years and I’m still trying to get them to send me paperwork in regards to what exactly they did because nothing is functioning! First, one of his many workers fell through the roof and left a huge extremely noticeable hole damaging a lot of my items since my garage was used as storage while the renovations were happening. I confronted them and he said none of his workers told him or let him know. He did pay for damages and fixed it, but then they damaged the brand new ceiling in my living room which they never fixed or payed for. Also, when I moved in they came three times and fix the thermostat because it was then placed incorrectly , then lines were placed mixed up, then another one just didn’t work! They were supposed to install all new vents and air ducts to accommodate the expansion. He sent different workers, multiple times and who knows what they did. The air barely blows into the house. They promised to come every week for a month or two with no show. When I called the office and demanded the work order and completion receipt because another company was coming to inspect their work Sandy just said Paulo was in “Mexico” which has been the excuse for two years. Then she said she’d call me back. I called hours later and once she heard my voice she pretended to not hear me and hung up. I texted, no response. Called, my phone number had now been blocked. They’re the most unprofessional company and people who I’ve dealt with in my life. No accountability for any of their work.",,,,1,,AssistantDial 24/7 AI Receptionist — every call answered,calls_unanswered,53,4.2,34
B,55.35,15.35,phoenix,Degree's AC & Heating,+1 480-983-3012,https://www.degreeac.com,"1817 S Horne #6, Mesa, AZ 85204, United States",Bob Wrathall,Owner,,,Bob Wrathall,Bob Wrathall,,booking_friction,2,"I had to use this company because of my warranty. It took them 2 days to initially come out to look at my AC. The technician replaced a part but didn't stay to make sure the unit was working again, and it never fixed the issue. Then took another 2 days to come back out and look at the unit.. maybe more if they no-show like the last 2 times. Going on 4 days with no air and it's 115 degrees outside.  Other companies in the area offer same day repair service. I'll be canceling my warranty because of my experience with this claim/contractor.","This was my conversation with Bob after arriving to my home for Warranty work on a 4 year old Rheem system. FYI, It cost me over 6k for the new/replacement unit (Installed by Degree), connected to the Warranty work. The warranty repair/ was a $40 Capacitor replacement part.

When Degree (Bob & Ryan) arrived to my home on a 114 outside temp,  (inside my home 93)., i directed them to the AC unit. Moments later Bob asked me how does $750 sound?¿ I replied not good at all especially for warranty work on a 4 year old system you just installed. His response was, letbme talk to my partner and follow up. Okay was my reply and followed immediately.

After their conversation, it went to, how does $360 sound was Bob's demand... we came on a service call so you are paying for that while removing the warranty replacement agreement out without fail.

I paid the $360 for the sake of restoring my AC service while they are exempting the warranty agreement while over charging for warranted and protected fees from consumers.

I do not rwcommend this company. Please stay with connected LEGITIMATE AC Heating companies with well deserved reputations.",,,1,1,AssistantDial Appointment Booking + Calendar Sync,billing_or_intake_errors;booking_friction,55,4.1,44
B,54.92,14.92,phoenix,Top Tier Refrigeration Service Inc,+1 623-329-2333,,,Maximiliano L Esqueda,President,,,Maximiliano L Esqueda,Maximiliano L Esqueda,,calls_unanswered,1,They never called me back,"Max NEVER RETURNS PHONE CALLS! IS HER IN BUSINESS OR NOT IN BUSINESS, I BOUGHT A NEW A/C FROM HIM JULY 2020 N N I SERVICE
WHERE IS MAX",,,1,2,AssistantDial 24/7 AI Receptionist — every call answered,calls_unanswered,8,4.1,3
B,54.53,14.53,phoenix,Apex Refrigeration & Boiler Co.,+1 602-864-1600,http://apexrefrig.com,"2801 W Willetta St, Phoenix, AZ 85009, United States",Joel Wayne Weisheit,President,,,Joel Wayne Weisheit,Joel Wayne Weisheit,,frontline_communication,2,They didn't want to deal with me regarding a simple question about my condenser over phone. Just wanted to clarify one little issue before dispatching a tech to come fix my ac unit. Look elsewhere everyone!,Horrible they deliberately leave things half finished I was cooking in the heat because the ac was under maintenance they went home and my ac still wasn't working they do it on purpose,,,1,1,AssistantDial AI Receptionist — consistent frontline,delivery_quality;frontline_communication,14,3.4,4
B,54.32,11.32,phoenix,"Manny's Air, LLC.",+1 602-434-2002,http://www.mannysair.com,"39 S Country Club Dr, Mesa, AZ 85210, United States",Manuel I Maynez,Owner,,,Manuel I Maynez;Edith J Maynez,Manuel I Maynez,info@mannysair.com,followup_dropped,1,"BUYER BEWARE!

Manny's Air provides TERRIBLE installation and customer service.

REPLYING TO MANNY'S RESPONSE BELOW:  I want to clarify that my review is NOT about maintenance or timing issues. The concern stems from an improper installation that has not been addressed despite my FOUR calls to your team. It’s disappointing that no one took the time to come and inspect the installation or discuss our concerns without us needing to pay for a visit. This lack of follow-up and support is what I consider poor customer service.

ORIGINAL REVIEW:
I want to share my beyond-disappointing experience with Manny's Air. We bought our home in early 2020, and a 4 Ton 16 Seer Split Heat Pump had been installed by Manny's Air less than a year before for the previous owner. Earlier this year, we noticed water leaking from the top pipe outside and had a maintenance company inspect it. We were shocked to discover the unit was installed incorrectly.

Here’s a list of SOME of the issues we found:
•	The unit was tilted away from the primary drain, causing water to drip into the secondary drain pan, which is now rusting.
•	No return plenum was installed, even though the manufacturer recommended it. The return ductwork is connected directly to the case coil, creating a 90-degree kink that restricts airflow.
•	The inner air conduit is partially exposed, with the return collar plate appearing undersized, reused, and patched with mastic tape and duct sealant.
•	The electrical entry wasn’t secured with a non-metallic cable connector, leaving it out of code.
•	Over an inch of water sits in the primary drain pan, with half an inch at the front. The blower cabinet insulation is soaked, and rust is already spreading on the coil, case coil cabinet, blower housing, and electrical section.
•	An incorrect trap was used instead of the manufacturer-recommended P-trap with a 2"" minimum drop.

To be sure, we had two more companies inspect the unit independently without sharing the findings of the others. BOTH confirmed the installation was incorrect. We have paperwork, photos, and videos documenting all of this.

Manny’s Air’s response? ABSOLUTELY UNACCEPTABLE. Despite multiple attempts to contact them, they repeatedly brushed us off and demanded a $95 service fee just to come out, even though it was their poor installation at fault. When I asked to speak to the owner, I was told ""maybe"" Manny would call back, but he was always ""too busy."" Finally, they claimed they had no responsibility since we didn’t install the unit; the previous owners did.

This company DOES NOT stand behind its work and refuses to acknowledge its mistakes. This is very disappointing for a family-run business!

Keep this in mind before considering Manny’s Air.",,,,1,,AssistantDial Call Summaries + Auto Contact Creation,followup_dropped,182,4.2,4
B,54.23,14.23,phoenix,Klimate King A/C & Heating,+1 623-933-4127,http://www.klimateking.com,"11713 W Thunderbird Rd, El Mirage, AZ 85335, United States",Mike Mule,Owner,,,Mike Mule,Mike Mule,,frontline_communication,3,"Our landlord arranged for their technician to set up the wiring, but it was not functioning properly. We raised our concerns at the time, and the technician said it would take two hours to fully charge and then left — but it never worked, and no one ever returned to complete the job.

Despite being charged \$355, the service was never properly delivered. We've called multiple times to follow up, but our concerns have been completely ignored. It’s been an incredibly frustrating experience — once they received the payment, they simply stopped responding. We’re requesting that this issue be resolved, as we paid for a service that was never completed.",,,,1,,AssistantDial AI Receptionist — consistent frontline,delivery_quality;followup_dropped;frontline_communication,36,4.8,25
B,54.02,14.02,phoenix,JR Heating & Cooling LLC,+1 602-373-3453,http://www.jrheatingandcooling.com,,Jesus Reynaga,Owner,,,Jesus Reynaga,Jesus Reynaga,,frontline_communication,1,Rude,,,,1,,AssistantDial AI Receptionist — consistent frontline,frontline_communication,3,2.3,2
B,53.79,11.79,phoenix,"Rite Way Heating, Cooling & Plumbing: Phoenix",+1 480-725-8510,https://ritewayac.com/phoenix,"1320 W Boxwood Ave, Gilbert, AZ 85233, United States",Rick Walter,Owner,https://www.linkedin.com/in/richard-walter-18762099/,,Rick Walter,Rick Walter,https://www.linkedin.com/in/richard-walter-18762099/,service_quality_in_session,1,Not a good experience today.  Waited all day for technician to arrive.  Inspection of AC was fine but the technician left greasy handprints on the ceiling at both crawl space entrances.  Tried to clean it off but looks like some painting will need to be done to cover it.  In general there technicians seem to be pushing more work than may be needed.  I am not an AC expert by any means but I am just getting bad “vibes”.   I have switched to another company for future work.,,,,2,,AssistantDial demo line,service_quality_in_session,5218,4.9,3
B,53.39,13.39,phoenix,Fusion Air,+1 480-383-3440,https://fusionairaz.com,,Edmund Jean Maro,Owner,,,Edmund Jean Maro,Edmund Jean Maro,,booking_friction,2,Called Edmond on a Monday at 8am and he said he would get me on his schedule. Didn't hear back from him until Tues afternoon saying he could schedule me Wednesday between 9am-11am. I reached out at 10:45am to see if anyone was coming and I was told he would check with his technician. By 1:10pm I still hadn't heard anything from him or his technician. I wasted 3 days just to have to start back from square one. I understand that things happen and this is a busy season for them. But communication goes a long way.,,,,1,,AssistantDial Appointment Booking + Calendar Sync,booking_friction;followup_dropped,36,4.8,26
B,53.36,28.36,phoenix,Purification LLC,+1 602-903-9375,,"3118 E Redfield Rd, Gilbert, AZ 85234, United States",,,,,,,,calls_unanswered,1,Nick agreed on a contract to service us monthly however he never did and when I reached out to Heather she made excuses and now neither one of them will return an email or a phone call. We now have broken equipment with no help or answers from the owner Nick. Very unprofessional!!!,This company has horrible customer service. They will not answer or get back to calls and emails about broken equipment. Once they have your money you will be on your own with absolutely no help.,,,1,1,AssistantDial 24/7 AI Receptionist — every call answered,calls_unanswered,3,1,3
B,53.36,13.36,phoenix,Just Air LLC,+1 602-595-8544,http://justairllc.com,"15211 N Cave Creek Rd Ste E, Phoenix, AZ 85032, United States",James Edward Mattingly,Owner,,,James Edward Mattingly,James Edward Mattingly,,frontline_communication,1,One of the most rudest owners. Talks over you when trying to explain the problem.  Questioned what I do for a living  . Questioned if I have ever worked in outside.. Also the owner Jason hung up on my wife twice . Very Unprofessional Does …,,,,,,AssistantDial AI Receptionist — consistent frontline,frontline_communication,350,4.8,2
B,53.18,13.18,phoenix,Minuteman Home Services,+1 602-279-0942,,"1533 N Alma School Rd, Mesa, AZ 85201, United States",Ernest Merrill Jr.,Owner,,,Ernest Merrill Jr.,Ernest Merrill Jr.,,booking_friction,1,"They were nice on the phone, had to reschedule me two times but when they showed up they declined to service due to my house being two stories and the AC was on the roof. I wish they told me that on the phone or asked if I had a two story …",,,,,,AssistantDial Appointment Booking + Calendar Sync,booking_friction,74,4.1,14
B,53.12,13.12,phoenix,Desert state heating and air,+1 623-227-6846,,,Nathan D Tallant,Owner,,,Nathan D Tallant,Nathan D Tallant,,frontline_communication,2,"never responds or sends updates. says he will be there at a certain time and never shows up. have been without air for a week in 100+ degree heat. if i could give zero stars i would, do not recommend!!",,,,,,AssistantDial AI Receptionist — consistent frontline,deadline_missed;frontline_communication,24,4,16
B,53.08,13.08,phoenix,Cold Stinger Heating And Air Conditioning Phoenix Arizona,+1 623-521-6448,https://coldstingerheatingandairconditioning.com,"1720 E Wood St, Phoenix, AZ 85040, United States",Christopher E Stingley,Owner,,,Christopher E Stingley,Christopher E Stingley,,calls_unanswered,2,"So the sales person Chris was supposed to show up in my house. I even confirmed with him over the phone and via text. He never showed up. He never helped or called or anything. I went to their website multiple times and sent inquiries no one responded. I just kept trying to respond via email and no one responded. I called, but it kept going to Chris’s cell phone number in which he never picks up and his voicemail is full. I will be taking my business elsewhere",,,,1,,AssistantDial 24/7 AI Receptionist — every call answered,calls_unanswered;followup_dropped,37,4.9,30
B,53.07,11.07,phoenix,Steadfast Mechanical,+1 480-919-5309,https://www.steadfastmech.com,,Brandon Hayward,Owner,https://www.linkedin.com/in/brandon-hayward-26389835a,,Brandon Hayward,Brandon Hayward,https://www.linkedin.com/in/brandon-hayward-26389835a,booking_friction,1,"Wanted to make me wait over 36 hours for an emergency ac appointment. Had no air in my home and infant children. Its not even hitting 110 outside and they say they are that busy? I call BS. I am a renter and understand I cant control the management company and when they send the service request, but that is still horrendous. I got someone out the same night and it was fixed in 15 minutes.",,,,1,,AssistantDial Appointment Booking + Calendar Sync,booking_friction,125,4.9,3
B,52.68,12.68,phoenix,Farnsworth Heating Cooling & Plumbing,+1 480-830-6200,,"460 S Greenfield Rd Ste 5, Mesa, AZ 85206, United States",Joseph Farnsworth Sr.,President,,,Joseph Farnsworth Sr.,Joseph Farnsworth Sr.,,calls_unanswered,1,"If there was a -5 stars I would rate them at that! Called, spoken to, and left multiple messages regarding our one year new unit THEY installed and 7 weeks into it still no response. We understand that summer is a busy time for A/C …",,,,,,AssistantDial 24/7 AI Receptionist — every call answered,calls_unanswered,295,4.7,5
B,52.38,10.38,phoenix,Great American Air Conditioning,+1 480-500-8311,https://www.greatamericanairconditioning.com,"1510 E Bell Rd B300, Phoenix, AZ 85022, United States",David Bubar,Owner,,,David Bubar,David Bubar,admin@azgaac.com,booking_friction,1,My home warranty company assigned this company to come out and figure out what was wrong with my AC. Unfortunately my AC broke on a Saturday and I had to wait until Monday before they were able to come out. When the technician came out he told me he couldn’t diagnose the problem because the coils needed to be cleaned first and it’s not covered by the warranty company and will cost me over $500. When asked if he could do it that day I was told no it would have to be done in the morning hours only and they were booked tomorrow. I was told I would have to wait for the scheduler to call me to schedule the cleaning then after that they could diagnose the problem. My house was over 90 degrees inside and I had already been without AC for 3 days and I have to wait a couple more days for them to come back out to figure out what was wrong? I called another company for a 2nd opinion and they came out the next day diagnosed and fixed the problem and only charged me $150 to clean my coils. I wish my experience was better but it seems like they were out to get more money from me.,,,,1,,AssistantDial Appointment Booking + Calendar Sync,booking_friction,66,4.9,3
B,52.36,10.36,phoenix,Fair Air Heating & Cooling,+1 602-551-0771,,,Karla Karina Estrada-Paredes,Owner,,,Karla Karina Estrada-Paredes,Karla Karina Estrada-Paredes,https://www.facebook.com/PHXAC,billing_or_intake_errors,2,"Quoted 1 price over the phone 5 days ago, now on day of work I'm told double the price by the tech for the same job, nothing extra, the tech just didn't want to drive to Goodyear because his jobs today were in Phoenix. I wouldn't leave this bad review if they were upfront about that, but instead I've spent 5 days under the impression the headache would be taken care of, now I have to go back to calling around, scheduling, and waiting. This company might just completely waste your time like they did mine.","The a/c repair man rushed the job was in here 20 minutes said it was fixed. Had to come back out again days later and then said unit no good now and needs to be replaced , no Freon and would cost $500 to add. Said he doesn’t get paid to do …",,,1,,AssistantDial structured call intake,billing_or_intake_errors;service_quality_in_session,22,4.3,14
B,52.33,10.33,phoenix,Ellsworth Air and Plumbing,+1 623-323-4466,https://ellsworthhomeservices.com,"700 N Neely St #1, Gilbert, AZ 85233, United States",Clint Ellsworth,Owner,,,Clint Ellsworth,Clint Ellsworth,https://www.facebook.com/BBB.Contractor/,followup_dropped,1,"Cooper & Angel were good.  They did what I needed which was a H2O heater flushed, since it wasn't completed in a  while.  They provided me with a verbal quote for a replacement of an outside hose bib.  I'm still waiting on the quote to be emailed to me.  That is why that I rated them as average.  I'm in sales.  If you make a prospect wait on a quote, you may lose that prospect.",,,,3,,AssistantDial Call Summaries + Auto Contact Creation,followup_dropped,459,4.8,5
B,52.28,12.28,phoenix,Discovery Mechanical,+1 480-791-9487,http://www.discoverymechanicalaz.com,"51 Monroe Ave #386, Buckeye, AZ 85326, United States",Erik Martinez,Owner,,,Erik Martinez,Erik Martinez,,frontline_communication,2,"UPDATE: unfortunately I need to change this to 1 star.

Since my install of 2 identical units in late 2023 the bedroom unit was never generating enough air flow. Leaving half my house hotter, $500+ ac bills and the bedroom unit always running.

I expressed this concern but was told multiple times from Erik that it is set the same and that is just how the unit blows.

after living with this for almost 2 years. I finally had someone else come out and take a look and they fixed the issue within five minutes. It was a simple fundamental wiring that was mis wired. Even though they wired the other unit correctly!

The blower was not wired correctly for when the thermostat called for cool to engage the blower into cool mode (faster cfm speed) it was running in auxiliary fan mode (very low) the entire time for 2 years!

To me, this is a simple fundamental thing you should know as an AC professional.

on top of that nothing was configured correctly with my dip switches for the outdoor units nor was my intake sized correctly to meet the demands of this unit.

Had I known all the other stuff that goes into installing new units I would’ve not gone this route  or asked more questions.

Do not use this company for your AC needs and if you do just know it’ll prbly be done half way making you feel crazy when you know your air conditioning should definitely be putting out more air.","Was really disappointed in the service that was given. Eric came out and said he fixed the problem. Our air conditioner pan in the unit was off balance leaking into the 2nd pan which folded and leaked into ceiling. After he left the first time we didn’t feel like we had action steps on how to fix the issue. Texted to ask what he would suggest. Said he would get back to me and never did. 2 days later the pans overflowed again and leaked into our ceiling. Called him back out. He said he must not of seen the other crack in the pan after cleaning out all the rust. Explained that we would need a new unit. Said he would go home and work on an estimate for a new unit. Nice guy but could not answer our questions about how much things cost. Did not seem knowledgeable in the moment with prices and action steps. Never got back to us with an estimate. Went with another company who could answer all of our questions and seemed more confident. Unfortunately, would not recommend this company as I do not feel they are competent.",,,1,3,AssistantDial AI Receptionist — consistent frontline,followup_dropped;frontline_communication,7,4.1,3
B,52.12,12.12,phoenix,Comair Service Systems,+1 623-878-9454,https://gocomair.net,"8450 W Washington St, Peoria, AZ 85345, United States",Michael Baldwin,Owner,,,Michael Baldwin,Michael Baldwin,,frontline_communication,1,"DON’T DO IT!!!! The guys who come out to “fix” your furnace are rude, slamming doors, swearing very aggressive. We’ve had to call them several times and each time they are more irritated than the last. Trying to come up with excuses as to why they can’t help. Like showing up to do their job is a burden.  The secretary has the patience of a toddler and speaks to you with a super fun condescending tone which is always professional. FIND SOMEONE ELSE WHO ACTUALLY KNOWS WHAT THEY'RE DOING!! RUN!!!!",,,,1,,AssistantDial AI Receptionist — consistent frontline,frontline_communication,7,3.9,1
B,52.08,12.08,phoenix,"Polaris Refrigeration, Inc.",+1 602-484-4519,,"3619 N 35th Ave, Phoenix, AZ 85017, United States",John Upperman,Owner,,,John Upperman,John Upperman,,frontline_communication,1,"the lady who answers the phone is ridiculously rude, its amazing companys like this even exist",,,,,,AssistantDial AI Receptionist — consistent frontline,frontline_communication,20,3.5,9
B,52.06,10.06,phoenix,Vineyard Heating & Cooling,+1 623-399-8683,https://vineyardheatingandcooling.com,"6133 N 171st Ln, Waddell, AZ 85355, United States",Diana Vineyard,Owner,,,Diana Vineyard,Diana Vineyard,https://www.facebook.com/vineyardheatingandcooling/,booking_friction,1,"I had an air conditioner compressor replaced with this company in 5/18 and they were great. I had trouble with a different unit. Called them, I made an appointment, and they just cancelled because they are too busy. …",,,,,,AssistantDial Appointment Booking + Calendar Sync,booking_friction,36,4.8,22
B,52.05,10.05,phoenix,Always Fair Heating and Air,+1 602-844-6600,https://alwaysfairac.com?tm_medium=organic,"9210 W Peoria Ave #6, Peoria, AZ 85345, United States",Bradlee Michel Woods,Owner,,,Bradlee Michel Woods,Bradlee Michel Woods,wearealwaysfair@gmail.com,frontline_communication,1,"Rude and unprofessional. I was collecting quotes for a new a/c and found these guys on Angi’s list. They sent an immediate quote, that was a good price. I let them know I was looking at options. Austin emailed me and wanted to schedule a …",,,,,,AssistantDial AI Receptionist — consistent frontline,frontline_communication,90,4.6,3
B,51.69,11.69,phoenix,Gotham Air,+1 602-820-5102,https://www.gothamairaz.com,"6730 W Frier Dr Ste 102, Glendale, AZ 85301, United States",Antonio Hugo Guerrero,Owner,,,Antonio Hugo Guerrero,Antonio Hugo Guerrero,,frontline_communication,1,"Can't give 0 stars. The owner is rude and is not concerned with your issue. Their theory is that you ac either works or it doesn't. A majority of their revenue must come from home warranty programs who pay them to ""certify"" that your ac is …",Rude. Arrogant. DO NOT let them handle your HVAC concerns. They were out to our house twice and had attitude both times. Once they left without doing anything other than gaslight my wife and flaunt their incompetence. Continue reading if …,,,,,AssistantDial AI Receptionist — consistent frontline,frontline_communication,30,4.5,12
B,51.36,9.36,phoenix,Bleuwave HVAC,+1 480-863-5855,https://bleuwaveacrepair.com,"2350 E Germann Rd Ste 26A, Chandler, AZ 85286, United States",JJ Levenske,"CEO & Co-Founder, Bleuwave (parent company)",https://www.linkedin.com/in/jjlevenske/,,JJ Levenske,JJ Levenske,https://www.linkedin.com/in/jjlevenske/,delivery_quality,1,"One star so I can review.  BleuWave bid commercial exhaust fan work , didn't go with bother-in-law because I thought he would flake in middle and what do I get....  You guessed it!  After a hole in the roof with a round piece of ducting through it and now covered in plastic (leaking) and months of the parts are not available or parts came in wrong etc.   They refunded my deposit, told me to file a claim with my insurance company and they would work with their insurance company, so now what trying to scam my insurance......  make my rates go up, I have a high deductible such BS.  Why would I contact my insurance company for a hole they put in my roof.......  This company is a joke and should not even be in business......  All I asked for was for them to fix the hole they put in the roof, they refuse to even do that.  I would not let them touch anything I own.......",,,,1,,,delivery_quality,300,4.7,3
B,51.36,8.36,phoenix,AC Solutions Air Conditioning and Heating,+1 602-788-0909,http://www.acsolutionsinc.net,"23131 N Lake Pleasant Pkwy Ste 117, Peoria, AZ 85383, United States",David Estrada,Owner,,,David Estrada;Kassie Estrada,David Estrada,,service_quality_in_session,1,When I called the company and paid for the tune-up I mentioned about noice in the ac blower. The technician did not check properly and instead mentioned there is nothing he could do at that point. Then within  2 weeks the ac stopped working.  When I again called him to check he was on time however was charging more for the job and when I asked for discount he turned back saying he got bigger project. Then I had to call other provider and got the job done for 30% less price. Dont trust this company pricing and they are not being professional. If you challenge their pricing then they will not provide service and you will loose couple of days to conatct other companies. So better dont call them in first place for any ac service unless you can wait for longer time and pay higher price.,,,,3,,AssistantDial demo line,service_quality_in_session,220,4.9,3
B,51.33,9.33,phoenix,Nash & Son Refrigeration Inc,+1 480-748-9313,http://www.nashandson.com,,Nashwan H Affas,Owner,,,Nashwan H Affas,Nashwan H Affas,nashandson@yahoo.com,calls_unanswered,1,If they are busy they will just hang up the phone in the face.  Great service guys!,,,,,,AssistantDial 24/7 AI Receptionist — every call answered,calls_unanswered,10,4.6,2
B,51.31,11.31,phoenix,Az Ac Service,+1 602-367-6109,https://www.azacservice.com,,Shawn Adams,Owner,,,Shawn Adams,Shawn Adams,,frontline_communication,1,"Wow I don't even know where to begin. I went here last week to get my car's AC fixed and was thrilled to come here after I was quoted a more reasonable price than a commercial company. I ordered parts to get replaced and they said they replace the parts for me. I brought my car in today and unfortunately the parts weren't the right size. I COMPLETELY understand that is not the company's fault as I am the one who ordered the parts. However, what I don't understand is the way I was treated. I dropped my car off around 8 AM and had heard nothing by 1 PM. So I called at 1:24 PM to ask for an update on my car and was told that it had not been taken back yet. Just 27 minutes later, I was called back at 1:51 PM. I answered the phone to an overly aggressive and rude man explaining to me why my car wasn't going to be fixed and that I was still going to be charged. Keep in mind I had not said anything at this point and was being talked down to as if I was inferior and dumb. To reemphasize I completely understand I brought in the wrong part, but I was immediately attacked when I answered the phone. Then I asked if I could speak and explained I understood why the part could not be replaced. But I also made a point that I didn't deserve to be talked to so barbarously. Once I got off the phone I received another call to reiterate to me, yet again, that the part was wrong (as if I was stupid and did not understand that before) and they refused to work on my car since I ""went off on them."" As a woman, apparently I am just supposed to take being talked at as if I am less than and it is outrageous and hysterical for me to stand up for myself. It is 2022, get with it. Women are not lesser than, and should not be treated as so. I can't speak to how they fix cars because they did not fix mine. I can however speak on how they treat people. If you want to be talked to like you are a subordinate, talked over, and insulted, then this is the place to go. Otherwise, I would suggest going somewhere where you will be treated kindly. It is free to be kind to people, I still paid the cost for labor and they still couldn't be courteous.",,,,1,,AssistantDial AI Receptionist — consistent frontline,frontline_communication,21,4.5,9
B,51.29,11.29,phoenix,Western States Home Services,+1 602-878-2293,https://www.westernstateshomeservices.com,"3065 N Norfolk, Mesa, AZ 85215, United States",Randy S Williams,Owner,,,Randy S Williams,Randy S Williams,,followup_dropped,1,"I've sent emails,  no response.  You guys put the wrong machine on my roof and fully admitted it. But now after taking 2 days pay off you want to charge me 1800 to make it work right. Hope about you come take this one off, put the right one on and all will be fine no cutting into my home, no extra ducting, and no more charges",,,,,,AssistantDial Call Summaries + Auto Contact Creation,followup_dropped,1527,4.9,22
B,51.2,9.2,phoenix,Airamedics Heating and Air Conditioning LLC,+1 480-629-5985,https://airamedics.com,"3215 N Arizona Ave, Chandler, AZ 85225, United States",Joshua Mitchell Cooley,Owner,https://www.linkedin.com/in/josh-cooley-25444a64/,,Joshua Mitchell Cooley,Joshua Mitchell Cooley,https://www.linkedin.com/in/josh-cooley-25444a64/,billing_or_intake_errors,1,They sent by homewarranty. Their diagnostic was leakage on the high pressure side. This was not covered by home warranty and they asked $1100 for replacing 9 lb of freon which was $90 per pound. (Normally every company I called charges …,,,,,,AssistantDial structured call intake,billing_or_intake_errors,191,4.6,12
B,51.12,9.12,phoenix,"Pro-Tec Refrigeration, Inc",+1 602-222-9881,http://www.protecref.com,"5621 S 24th St, Phoenix, AZ 85040, United States","Kenneth ""Kenny"" Prodan",Owner,https://www.linkedin.com/in/kenny-prodan-982952a/,,"Kenneth ""Kenny"" Prodan","Kenneth ""Kenny"" Prodan",https://www.linkedin.com/in/kenny-prodan-982952a/,followup_dropped,1,"Our experience with Pro-Tec refrigeration was terrible.  We hired them to fix a commercial freezer, that was operating, but wouldn't reach sub-zero temps.  After their tech worked on it, the unit would no longer reach temps below the high 30's rendering it completely unusable.  I contacted the office the next day (Sat.) and was promised that a technician would be at our place of business first thing Tuesday morning.  No one showed up and we have been unable to get a return call. However, Pro Tec did charge our credit card over $1200.    We were never given an invoice, any supporting docs or shown any old parts.  I called another company and their tech was out the following day and completed the original repair, but also repaired the damage apparently caused by the Pro Tec (which is why it would no longer reach freezing temps after his 'repair').  I understand that people make mistakes, but Pro-Tec's complete lack of customer support and follow through, after the sale, is completely inexcusable in my book.",,,,1,,AssistantDial Call Summaries + Auto Contact Creation,followup_dropped,13,4,3
B,50.97,10.97,phoenix,Ice Cold Air LLC,+1 602-380-1345,http://www.icecoldairllc.com,"8584 E McDonald Dr, Scottsdale, AZ 85250, United States",Jeremy W. Pratt,Owner,,,Jeremy W. Pratt,Jeremy W. Pratt,,calls_unanswered,1,"Jeremy Pratt enthusiastically sold us a York unit about 4 years ago. Every summer since, we’ve had issues and now when we call him he’s NEVER available.  If I call from a different # he’ll answer promptly.  Otherwise he lets the call go to voicemail and requests that you text him and once you do text him, he follows up with “he’s too busy and to call around and locate an A/C guy that works on York”.  What good is ‘a warranty on parts for 10 years’ if we can’t even find a contractor that works on that brand?  CONFIDENCE TRICKSTER is what comes to mind….oh and don’t give me started on the cheap thermostat he sold us.  On a positive note, he’s very polite and prompt when it comes to selling you a new unit.",,,,1,,AssistantDial 24/7 AI Receptionist — every call answered,calls_unanswered,18,4.3,9
B,50.88,10.88,phoenix,A/C Experts,+1 480-386-6980,http://acexpertsaz.com,"331 S River Dr #4, Tempe, AZ 85288, United States",Russell Allen Ward,Owner,,,Russell Allen Ward,Russell Allen Ward,,frontline_communication,1,"The unit they installed  is noisy  supposed  to be the best  hard to sleep  when  we sit  outside   that's  all we hear been bull s by techs blaming  the government  and manufacture we live Peoria. *update. Your service tech came by yesterday for the very same reason I initially complained about.  He did not announce himself when he arrived, took his ladder through our open garage through our backyard without permission, this is inexcusable. In addition he was rude when I  complained about the noise and made excuses. I have requested that he never is sent to my property again. Your office is aware of my address and the situation that still needs to be addressed.",,,,1,,AssistantDial AI Receptionist — consistent frontline,frontline_communication,263,4.7,3
B,50.85,10.85,phoenix,Biltmore Mechanical Heating And Cooling LLC,+1 602-885-7328,http://www.biltmoremechanical.com,"5021 N 20th St #10533, Phoenix, AZ 85064, United States",David,Owner,,,David,David,sales@biltmoremechanical.com,frontline_communication,2,"Poor communication. Good service once they got here.

A trip fee is completely understandable, but failing to communicate that there is one when talking over the phone then dropping a $90 charge in your customer’s lap is a problem. And this is after I specifically told you guys the problem I was having (fried indoor blower motor).

Christian brothers had better pricing options anyways. They offered me a whole maintenance plan (which included multiple free checkups throughout the year) that also includes the labor I need done for slightly less than the estimate I was given here. Oh, and they came out to check on my unit and give an estimate for free.",,,,2,,AssistantDial AI Receptionist — consistent frontline,billing_or_intake_errors;frontline_communication,47,4.9,13
B,50.75,10.75,phoenix,A/C Handyman LLC,+1 480-343-2530,https://www.air-conditioning-arizona.com,"104 S Pomeroy, Mesa, AZ 85210, United States",Bradley Wood Stansbury,Owner,,,Bradley Wood Stansbury,Bradley Wood Stansbury,,booking_friction,1,"Couldn't figure out why AC wasn't working on a Sunday morning. Scorching heat outside at 102* and I was calling up every company in the area for someone to come out but they all gave me the runaround with their schedulers. Bradley picked up the phone immediately and showed up within 20 minutes, had my AC working again in 10.",,,,,,AssistantDial Appointment Booking + Calendar Sync,booking_friction,37,4.6,24
B,50.73,10.73,phoenix,Jeffers Air Conditioning and Heating,+1 480-332-8642,http://www.jeffersair.com,"7442 E Diamond Ave, Mesa, AZ 85208, United States",Joel James Jeffers,Owner,,,Joel James Jeffers,Joel James Jeffers,,calls_unanswered,1,"This Company is top notch. I placed a call into them late Friday afternoon because my ac was down for two days and I was left hanging by the Company who I had just bought the unit from 6 months ago! Wont name names, however their name is a …",,,,,,AssistantDial 24/7 AI Receptionist — every call answered,calls_unanswered,67,4.8,22
B,50.57,10.57,phoenix,Cooling Kings Mechanical,+1 602-753-4333,http://www.coolingkingsaz.com,"4325 W Purdue Ave, Glendale, AZ 85302, United States",Frank John Beck,Owner,,,Frank John Beck,Frank John Beck,,booking_friction,1,"What a horrible company. When they called me to set up an appointment, they said they would have an opening the next day. I asked them if I could call back and schedule I was sure I knew my schedule to have them come out. I was going to call them the next day after work, but instead I got a call during work, and they were at my house. No warning about it. The tech seemed pretty upset that there was nobody home at this time I had no idea about ahead of time.

I eventually set up an appointment for them, and they did not show up, nor did they ever call me to say it was cancelled, or try to reschedule.",,,,1,,AssistantDial Appointment Booking + Calendar Sync,booking_friction,17,4.4,9
B,50.37,25.37,phoenix,AC WERX LLC,+1 480-980-7791,,,,,,,,,,calls_unanswered,3,"Brandon was assigned to me by my home warranty company and he came out and did some work on the unit. However he did not fix the AC, after he left the temp when down instead of up. I texted him several times and called him about the issue and he said that he would be back the next day. That was the last I heard of him, 4 days later and my AC is still down with no return call or text from him.

I finally got another company to come out to work on my unit and will never use this company again. If he would have come back and fixed the issue or even responded to me he would have been given 5 stars. But he has never responded back to my urgent texts and voicemails once he had my money for my deductible. .","NOT LICENSED!!!! PAID THROUGH A CONTRACTOR IN FULL, NEVER FINISHED THE JOB!!! DIDN'T BOTHER TO RUN THE FLEX THAT CONNECTED THE NEW UNIT TO THE REST OF THE HOUSE , NEVER SHOWED TO FINISH. NOT EVEN ANSWERING HIS PHONE. I WILL BE REPORTING TO THE ROC AND PRESSING CHARGES.",,,1,,AssistantDial 24/7 AI Receptionist — every call answered,calls_unanswered;delivery_quality;followup_dropped,14,3.4,9
B,50.34,10.34,phoenix,United Air Conditioning & Refrigeration,+1 602-218-1848,,,Alejandro Ortiz Millan,Owner,,,Alejandro Ortiz Millan,Alejandro Ortiz Millan,,frontline_communication,1,Extremely poor customer service. Rude is an understatement. Don't give them any business.,,,,1,,AssistantDial AI Receptionist — consistent frontline,frontline_communication,4,3.5,1
B,50.27,10.27,phoenix,Gorilla Air,+1 602-578-5001,https://gorillaair-llc.com,"2401 S 18th St #2, Phoenix, AZ 85034, United States",Guillermo Escobedo Vargas,Owner,,,Guillermo Escobedo Vargas,Guillermo Escobedo Vargas,info@gorillaair-llc.com,calls_unanswered,1,"This place must be out of business. I’ve called him 100 times and their email is getting rejected. they gave great prices on AC units and installed them with good quality. I don’t know what happened to them. I know my AC unit is still under warranty, but I didn’t have any paperwork on it. Why do good businesses go out of business? I don’t understand.",,,,1,,AssistantDial 24/7 AI Receptionist — every call answered,calls_unanswered,32,4.7,13
B,50.23,10.23,phoenix,JDL Refrigeration,+1 480-833-2665,https://jdlrefrigeration.com,"627 W 2nd Ave, Mesa, AZ 85210, United States",Jeffery D Lihosit,Owner,https://www.linkedin.com/company/101849871,,Jeffery D Lihosit,Jeffery D Lihosit,https://www.linkedin.com/company/101849871,frontline_communication,1,"0 Stars , NATHAN WHITE, the manager, was completely unhelpful and condescending when I told him the temperature in the house was unsafe for my INFANT CHILD. …",,,,,,AssistantDial AI Receptionist — consistent frontline,frontline_communication,268,4.9,12
B,50.18,10.18,phoenix,State 48 Air Conditioning and Heating LLC,+1 602-718-7752,http://www.state48acandheating.com,"4331 W Greenway Rd, Glendale, AZ 85306, United States",Ruben Ramirez-Zepeda,Business Manager,,,Ruben Ramirez-Zepeda,Ruben Ramirez-Zepeda,,calls_unanswered,1,Fast and courteous in person. Once the job is done adios… their lack of communication to get rebate paperwork non existent…2 calls with voicemails left and 2 emails with no response. This is the reason for 2 stars. If it was their money they would not be happy either.,,,,2,,AssistantDial 24/7 AI Receptionist — every call answered,calls_unanswered,55,4.9,4
B,50.18,7.18,phoenix,Grizzly Mechanical Heating & Cooling,+1 623-252-7517,http://grizzlyair.com,"6946 W Columbine Dr, Peoria, AZ 85381, United States",Troy D Ruebke,Owner,,,Troy D Ruebke;Forrest D Rodems;Misty A Rodems,Troy D Ruebke,,billing_or_intake_errors,1,"Company is APPARENTLY not looking for repeat business - seems they took advantage of the fact that we were out of town and had my son home with the credit card for emergencies.

$500 to swap a single $35 capacitor on a condensing unit - was in and out in less than an hour and didn’t even have to go in the attic.

Didn’t bother to call me with the estimate - if they had, I would’ve told em to pound sand.

Really difficult to find honest HVAC guys here in Phoenix - so, IF you’re looking for one that won’t rip you off or take advantage of you, probably best to keep looking.

That is unless you think $500+/hour labor rate is reasonable!",,,,1,,AssistantDial structured call intake,billing_or_intake_errors,55,4.8,3
B,50.14,10.14,phoenix,"Desert Freeze AC, LLC",+1 480-797-3616,https://www.desertfreezeac.com,"19358 E Oriole Way, Queen Creek, AZ 85142, United States",Esteffon Dorn,Owner,,,Esteffon Dorn,Esteffon Dorn,,calls_unanswered,1,"I set an appointment via phone for Friday at 1-4. I waited the whole 3 hours and no one showed up. I called and texted the technician, still nothing. No follow up emails, phone calls, nothing. Don’t know what happened, but I’m not impressed.",,,,,,AssistantDial 24/7 AI Receptionist — every call answered,calls_unanswered,39,4.8,26
B,50.12,7.12,phoenix,Gateway Heating & Cooling LLC,+1 480-655-5678,,"21525 S 217th St, Queen Creek, AZ 85142, United States",Stephen B McDowell,Owner,,,Stephen B McDowell;John S McDowell,Stephen B McDowell,,followup_dropped,1,Great on the front end of the sale; poor on the follow thru and installation.  There were many install problems and corners cut.  These could have been resolved quickly had there been some follow up afterwards.  This was last summer.  The …,,,,,,AssistantDial Call Summaries + Auto Contact Creation,followup_dropped,24,4.8,12
B,50.1,10.1,phoenix,CFR Mechanical Queen Creek Air Conditioning Service,+1 602-526-6869,,"20504 E Riggs Rd, Queen Creek, AZ 85142, United States",Christopher L. Cole,Owner,,,Christopher L. Cole,Christopher L. Cole,https://www.facebook.com/cfrmechanical/,frontline_communication,1,"I purchased a new Carrier A/C unit from them four years ago, three years out of the one-year warranty, and since then, they have had to come out every year. The fan quit on the new unit the first time; the second time, they had to replace the relay on the new unit; the third time, the relay was bad in the handler in the attic, and now it is not working again.
I have an 83-year-old grandmother living with us who is completely bedridden. and cannot deal with the high temperature in the house. When we contacted the owner, he responded, ""It is actually four years old. This is the 3rd issue in 4yrs. Call someone else.
This is absurd. Do not spend your money or your time with this company. They do not stand behind their product; I should not have to have a brand new unit that was completely replaced, including the handler, fixed every year.",,,,1,,AssistantDial AI Receptionist — consistent frontline,frontline_communication,11,3.9,2
B,50.1,10.1,phoenix,Indoor Comfort Supply,+1 602-997-1256,http://www.indoorcomfortsupply.com,"12031 N Cave Creek Rd, Phoenix, AZ 85020, United States",Bryan Robert,Owner,,,Bryan Robert,Bryan Robert,,frontline_communication,1,"I will never shop here again and I will spend my money at Home Depot across the street .
I didn’t know names of parts and the condescending clerk Eddie made sure to make this point and he made this my last visit .",,,,,,AssistantDial AI Receptionist — consistent frontline,frontline_communication,94,4.6,63
B,50.0,50.0,phoenix,"R&J Cooling And Heating, LLC ROC 293357",,,"11813 W Yuma St, Avondale, AZ 85323, United States",,,,,,,,booking_friction,4,This is the most incompetent company I have dealt with. They were my assigned vendor through American Home Shield so I had no choice but to attempt to work with them. I say attempt because over the course of a week they cancelled two appointments with me. They just give excuses. They said a work truck broke down and they told American Home Shield a tech had a heat stroke. I think it just boils down to they don't make that much money working with American Home Shield so they push those appointments out last to take private customers. Instead of just being straightforward and honest so I could find another vendor they just lie. I went a week with no AC in Phoenix with temperatures over 100 degrees. I finally was able to get another vendor assigned. The worse part is this is a rental property for me with a mom and 5 year old kid. I had to move my tenants somewhere else because it was just too hot. If a home warranty company assigns this company to you good luck. You are going to need it. If you are a private customer I would recommend looking elsewhere. They are not professional and I would never work with them on any level at all. Trash company and trash employees. I think the positive reviews they have some of them must be fake.,"This contractor got assigned by my home warranty company. This worst company i have ever seen. if option to rate, i will give him zero star. he came couple of days after got assigned and heard sound from blower motor, it was loud and said he said he will get part 2mrw and come in next couple of days to replace this motor. After this he have me 4 appointment and never came. He stopped taking my call and his voice mail is full. Contacted AHS and they try to contact him and nothing happened. After 4 call to AHS they reassigned to different contractor. its more than a month and he never called back.",,,1,1,AssistantDial Appointment Booking + Calendar Sync,booking_friction;calls_unanswered;followup_dropped;frontline_communication,21,2.9,13
C,49.92,9.92,phoenix,Dalton Air Conditioning,+1 602-997-1970,,"1544 E Mescal St, Phoenix, AZ 85020, United States",Larry Dalton,Owner,,,Larry Dalton,Larry Dalton,,calls_unanswered,1,"My Ac Died. By the time these guys returned my call, another company from WAY across town had already came, fixed the problem, and left. Do yourself a favor and call ANYONE ELSE!",,,,1,,AssistantDial 24/7 AI Receptionist — every call answered,calls_unanswered,5,4.2,1
C,49.78,9.78,phoenix,Steve Ferguson Cooling and Heating LLC,+1 602-621-5323,,,Steve Dewayne Ferguson,Owner,,,Steve Dewayne Ferguson,Steve Dewayne Ferguson,,billing_or_intake_errors,1,Charged my family member over 360 dollars to install a 40 dollar thermostat.  Should have been home but had to work.  Called them up after the fact and they basically told me that was half of the going rate to install a thermostat in the valley. Would not recommend this company to anyone.,"The worst AC company in the history. They were hired to do AC tuneup, called me I set up an appointment everything seemed professional then things started feeling unprofessional when I received a call when I was at work for one of the guys saying he’s in front of my property and he was wondering if I was home? I explained to him that I did set up an appointment. Next day another calls saying I’m close by I said the same thing I HAVE AN APPT . They got the job done then a few days later charged me $75 fee for missing an appt they lied just because you’re in the area DOESN'T MEAN it’s a missed appointment.",,,1,1,AssistantDial structured call intake,billing_or_intake_errors,13,3.8,5
C,49.78,9.78,phoenix,Air One Tech HVAC LLC,+1 602-425-2425,http://aironetecheastvalley.com,,Houshang Kargari,Owner,,,Houshang Kargari,Houshang Kargari,,calls_unanswered,1,"A few weeks ago, I reported an issue with the air conditioning system in my rented house to ORHP company. They sent a technician from Air One Tech to fix the problem. After all, I called Air One Tech to inquire if the issue had been resolved, and they said yes. However, the next day, the tenant of my house called me and said that the problem was still recurring and had not been fixed. I called Air One Tech, but they didn't answer the phone. I left a voicemail hoping they would call me back, but they still haven't. Everyone should be cautious when expecting them to repair your air conditioning unit.",,,,1,,AssistantDial 24/7 AI Receptionist — every call answered,calls_unanswered,6,4.3,1
C,49.75,9.75,phoenix,RJH Mechanical,+1 480-205-8250,https://www.rjhmechanical.net,"25406 S 192nd Pl, Queen Creek, AZ 85142, United States",Richard John Hanna,Owner,,,Richard John Hanna,Richard John Hanna,https://www.facebook.com/rjhmechanical/,booking_friction,1,I purchased a service contract from this company and despite repeated calls to them they have not once been out to fulfill that contract.  No value for my money!  Would not recommend!,,,,,,AssistantDial Appointment Booking + Calendar Sync,booking_friction,37,4.9,21
C,49.72,9.72,phoenix,National Heating & Cooling LLC,+1 602-615-1329,https://national-ac.com,"6626 N 58th Ave, Glendale, AZ 85301, United States",Juan Alberto Gonzalez-Solano,Owner,,,Juan Alberto Gonzalez-Solano,Juan Alberto Gonzalez-Solano,,followup_dropped,1,Terrible customer service. We’re supposed to have repairs completed today and despite reaching out to this company for the last two days we’ve gotten zero response. We’ll take our money elsewhere.,"This company did a remodle/flip of a home that I eventually bought. When I had to run the AC, and the humidity went up due to monsoon season, the AC (which was brand new) didn't work.  This company couldn't come for several days so I called a more local company to troubleshoot. I was informed that THIS company did not install the unit correctly to the ducting, and water/condensation was backing up in the air ducting and into the wood framing.  They were supposed to come out to address the findings but never called and never came.",,,1,2,AssistantDial Call Summaries + Auto Contact Creation,followup_dropped,9,4.2,2
C,49.62,7.62,phoenix,Perfect Temp AC and Heating,+1 480-861-4353,http://www.perfecttempac.com,,Chris Buchanan,Owner,,,Chris Buchanan,Chris Buchanan,perfecttempac@gmail.com,frontline_communication,1,"Anyone considering doing business with Chris at perfet temp should think twice.
Hired him  and contracted with him to replace two AC units and add a mini split as part of our home remodel. Here are a couple of the 'highlights'
Lazy and incomplete - didn't remove all ductwork during demolition. Didn't fill out SRP rebate paperwork as I requested which cost me rebate money.
Doesn't put your interest first - knowingly installed a defective unit on my home and instead of going to bat with Trane and insisting on a completely new unit, he simply 'fixed' the problem.
ZERO communication skill or customer service - Wanna talk with this guy or try to get him to fullfill a promise? Be prepared to wait a LONG time for any type of response, and/or don't expect him to respond at all. That is unless he wants payment from you. Then he's certainly willing bug you for payment.
Overall, a super poor experience with Chris. Lacks integrity. It's interesting to note that all of his other reviews were within the same time frame. They're probably friends or family of his trying to help out sub par contractor who couldn't care less about quality of work or customer service. My experience overall was not good at all and I recommend you to pick someone else.",,,,1,,AssistantDial AI Receptionist — consistent frontline,frontline_communication,13,4.7,6
C,49.58,9.58,phoenix,Ken Muncy Air Conditioning,+1 480-210-9071,https://www.kenmuncy.com,"450 E Warner Rd Ste 6, Chandler, AZ 85225, United States",Gordon Kenneth Muncy,Owner,,,Gordon Kenneth Muncy,Gordon Kenneth Muncy,,followup_dropped,1,"I reached out to Ken Muncy to get an estimate to replace our entire duct system and insulation.  A technician stopped by on March 25th to review the work that needed to be done and said that I should get a quote in 1 to 2 days. I called the office on March 27th and spoke to a lady that told me she would find out the status of the quote and give me a call right back. It has now been over 2 weeks and I have not heard from the company at all regarding this quote. It was a complete waste of my time and I would not recommend this company for any large jobs. If the job was too big for them to handle, I wish they would have just said that when I called to schedule the appointment or when I followed up on the status of the quote. I did give the company two stars because while the technician was out evaluating our system, our capacitor broke and he was able to replace it at that time.",,,,2,,AssistantDial Call Summaries + Auto Contact Creation,followup_dropped,317,5,33
C,49.53,9.53,phoenix,Am Pm Air Conditioning,+1 602-944-0678,http://ampmacaz.com,"8550 N 91st Ave Suite 92, Peoria, AZ 85345, United States",David L Sena,Owner,,,David L Sena,David L Sena,,frontline_communication,1,I called to ask them about their services and the woman hung up on me. I am sure this is not the way the owner of the company expects their employees to conduct themselves. It was very rude and unprofessional. I really hope she isn't an owner.,,,,1,,AssistantDial AI Receptionist — consistent frontline,frontline_communication,12,4.1,3
C,49.48,9.48,phoenix,Heath's Air LLC,+1 480-470-7777,https://www.heathsair.com,"555 W 2nd Ave B2, Mesa, AZ 85210, United States",Heath Bauldry,Owner,,,Heath Bauldry,Heath Bauldry,,followup_dropped,1,First service was great last year tech showed up promptly and very professional. Paid for maintenance service 150.00 for biannual service. Never received call to schedule for this summer. Called office and they were not able to find us on …,,,,,,AssistantDial Call Summaries + Auto Contact Creation,followup_dropped,288,4.9,12
C,49.34,9.34,phoenix,Hicken Air,+1 480-686-1919,https://www.hickenair.com,"971 N Gilbert Rd #203, Gilbert, AZ 85234, United States",Ryan Hicken,Owner,,,Ryan Hicken,Ryan Hicken,https://www.facebook.com/hickenair/,delivery_quality,1,"This is not a company to use for a large project. For one, they do not honor their work that has to do with warranties. Very bad install issues at the apartment complex they were contracted to do work. I contacted various people within this company to help with furnace warranty issues. They are too cheap to send a tech out to northern AZ to correct the issues with items they installed. Just trying to pass off the work to any other company. If they can't honor warranty work, maybe Ryan shouldn't have bid on the project. They may be a good company for small residential jobs. But that's about it. They short cut and use cheap materials. This pic is an example of their work.

Update: Here are 3 more pictures of hicken's poor install. Each and every one of the 52 furnaces this company installed has issues like this. One of the pictures is of an exhaust vent, not connected in the way it should be. For this reason, the AZ ROC will be contacted. Please take into consideration of the pictures provided if you plan to choose this company. Like I've mentioned before, hicken might be good for residential jobs. But definitely not for a large project.",,,,1,,,delivery_quality,402,4.8,3
C,49.34,7.34,phoenix,Desert State Air,+1 480-912-4822,https://desertstateairaz.com,,Michael Conklin,Owner,https://www.linkedin.com/in/michael-conklin-36542210a/,,Michael Conklin,Michael Conklin,https://www.linkedin.com/in/michael-conklin-36542210a/,followup_dropped,1,"We’re very disappointed with our experience. We continue to have the same HVAC issue despite two service visits, and the problem was never resolved.

My husband called on January 28th to follow up and was offered additional services at a ""special"" rate, which we declined since the original issue was still ongoing. He then requested service documentation via email so we could pursue a warranty claim through our builder and/ or attempt to sell, but never received a response.

After researching options, I followed up by email on February 2nd and again on February 6th and we have yet to hear back. Being ghosted after multiple attempts to resolve an unresolved HVAC issue is extremely frustrating and unprofessional.

I would not recommend this company.",,,,1,,AssistantDial Call Summaries + Auto Contact Creation,followup_dropped,40,4.9,4
C,49.33,9.33,phoenix,All Aire Air Conditioning & Heat,+1 623-533-4938,,"13209 N 56th Ave, Glendale, AZ 85304, United States",John R. Hagman,Owner,,,John R. Hagman,John R. Hagman,,calls_unanswered,1,Line is disconnected,,,,1,,AssistantDial 24/7 AI Receptionist — every call answered,calls_unanswered,10,4.6,2
C,49.32,9.32,phoenix,"Arizona Boy Air Conditioning & Heating, LLC",+1 480-561-8532,,,Eric R Cummins,Owner,,,Eric R Cummins,Eric R Cummins,,frontline_communication,1,"No show. No communication. Am going with another service. And after  leaving a review that the service I received was terrible, I was sent an email from their corporate office, excited that I enjoyed my experience. Really? …",,,,,,AssistantDial AI Receptionist — consistent frontline,frontline_communication,25,4.4,11
C,49.28,9.28,phoenix,Steve Dick AC LLC,+1 602-526-0242,,"130 S Meridian Rd, Apache Junction, AZ 85120, United States",Stephen M. Dick,Owner,,,Stephen M. Dick,Stephen M. Dick,,booking_friction,1,Needed yearly AC checkup and found it difficult to set up an appointment.  Had been happy with the service they previously provided us last year. After 2 weeks of phone calls just to unsuccessfully make an appointment we just ended up going  with another company.,,,,1,,AssistantDial Appointment Booking + Calendar Sync,booking_friction,13,4.7,3
C,49.28,9.28,phoenix,Grace Aire AC & Heating LLC,+1 480-809-0470,http://www.gotaireacandheat.com,,Benjamin Carbonell,Owner,,,Benjamin Carbonell,Benjamin Carbonell,,service_quality_in_session,1,"I would not recommend this business to anyone. My property management company sent them out early in the summer to service the AC to ensure that it would run efficiently through the summer, however, the tech came and left within 5 minutes. I was perplexed by the time spent on the unit as in previous years, with a different HVAC business, the tech would spend about 1.5 - 2 hours cleaning the debris out, and replacing any worn parts. However, to my disadvantage, I trusted the tech and did not check his work. Fast forward to the end of September/Early October, the AC started to blow hot air off and on. The property management company sent the same tech from Grace Aire, “the vendor that they contract with”, and surprise surprise, he comes at 6:18 pm and leaves by 6:27 pm. He told my boyfriend and I, “don’t turn the AC on as it will cause an electric fire, it was amping very high, and we needed a whole new unit.” Mind you, the unit was replaced in 2015, but the tech kept telling me that it was the original unit from when the house was built in 1988, but the unit even had the origination date of 2015, on the side of the unit on the serial number plaque. I did not argue, and I asked the tech what could be done as it was over 90 degrees in the house, and he said nothing, he had a date in Phoenix but would put the work order in for a new unit and be in touch on  Monday as it was Saturday evening. I let the property management know, and the actual landlord called another company, Comfortable Air, the tech was very surprised that the previous tech did not give any options to help me as it was dangerously hot in the house, and if it was at risk for an electrical fire, the lines should have been cut to prevent any hazard. The tech checked the unit out and confirmed that it was over amping by 1 amp above the units required ampules, the unit requires 24.4 max and it was at 25 even, the unit was filthy with debris, dirt, mud, lint from the dryer vent that empties in the vicinity, and the capacitor was the root cause of the problem. A very simple and cheap fix. The tech cleaned the unit out, which took about and hour, but now with the cleaning that was supposed to have been completed at the start of summer, and the new capacitor, the unit is amping at 18 ampules and works like brand new. But that’s not all, I get a call from the tech from Grace Aire, questioning what the other tech did, and that he replaced the capacitor during the scheduled routine cleaning at the beginning of summer, of course I did not argue, just said ok, and let my property management company know about the call. My property management company insisted that their vendor come check the unit as they wanted to make sure the unit was working to par, I agreed provided it was not the same tech, but of course it was, and I would not let him on the property as I was afraid that he would sabotage the unit in order to justify his claims of a new unit. He refused to leave at first as he wanted to let the property management company know that I was refusing service,  but I stood firm as I do not trust this man and felt intimidated and threatened. I also read his rude and condescending comments on another persons negative review, which was unprofessional in my opinion.","These guys were scheduled by the property management company. They were supposed to see why the AC unit was not working properly. Problem 1 was they were supposed to call to schedule a time to come over. What they did instead was call me out of the blue several days after getting the service request when I was at work and said we're on the way. Not great scheduleing....

The tech they sent did not bother to do basic stuff such as measuring air flow, or inlet or outlet temperatures. Instead he went on the roof for 15 minutes and claimed to change a rotted out thermostat wire and some capaciters. When he said he had changed out some blown capaciters I knew the tech was lying, major parts of the ac unit would have been down if that was the case. Overall unprofessional and dishonest service.",,,1,1,AssistantDial demo line,service_quality_in_session,6,3.7,3
C,49.22,9.22,phoenix,J's Heating & Cooling LLC,+1 602-677-4544,,"4127 W Virginia Ave, Phoenix, AZ 85009, United States",Juvencio Quijada,Owner,,,Juvencio Quijada,Juvencio Quijada,,calls_unanswered,1,"Installed A/C (2018) repeatedly is breaking down every AZ summer (when most needed).  They respond but not within a timely manner, had another issue this weekend, left voicemail have yet to hear from them!  Had to hire another company, they advised that work was extremely sloppy, pipes were not even glued causing water leak through my ceiling on 2 separate occasions.  Steer clear of these thieves!!!",,,,1,,AssistantDial 24/7 AI Receptionist — every call answered,calls_unanswered,9,4.6,2
C,49.12,7.12,phoenix,"Link Mechanical, Inc.",+1 480-389-8034,http://www.linkmechanicalhvac.com,"8037 E Plymouth, Mesa, AZ 85207, United States",Buck Link,Owner,,,Buck Link,Buck Link,service@linkmechanicalhvac.com,followup_dropped,1,"Terrible!  Installed new unit at my house 2 years ago.  Never did the ""maintenance "" and wanted to charge $185 to come and look at their work.  Alot of good companies out there.  This is not one of them.",,,,1,,AssistantDial Call Summaries + Auto Contact Creation,followup_dropped,7,4.4,1
C,49.02,9.02,phoenix,Airspeed Mechanical,+1 480-704-6000,http://airspeedmechanical.com,"440 E Warner Rd Ste 5, Chandler, AZ 85225, United States",Steven Boyd Flanagan,Owner,,,Steven Boyd Flanagan,Steven Boyd Flanagan,,frontline_communication,1,"Had a service visit for a work order that was previously placed by my complex. One of the technicians made insulting remarks about me in Spanish, apparently assuming I wouldn't understand. I speak & understand fluently. This was …",,,,,,AssistantDial AI Receptionist — consistent frontline,frontline_communication,47,4.7,31
C,48.7,6.7,phoenix,"Dawn till Dusk Air Conditioning & Heating, Inc.",+1 480-292-2763,http://www.dawntillduskac.com,"90 N William Dillard Dr c117, Gilbert, AZ 85233, United States",Ken Rowlett,Owner,https://www.linkedin.com/in/ken-rowlett-4a914445/,,Ken Rowlett,Ken Rowlett,https://www.linkedin.com/in/ken-rowlett-4a914445/,billing_or_intake_errors,1,"I called Dawn till Dusk on July 4th because my tenants said my AC wasn’t cooling below 80.  Ken came out and told me I needed a new condenser fan motor and a pole contractor TOTAL COST $490. My tenants moved out a week later so the house was empty for two week before my new tenants moved in. First day the new tenants were there they complained about the same issue, AC not cooling below 80.  I called Dawn till Dusk and told them the same issue was happening.  I was told I would NOT be a charge a service fee because they warranty their work.  Ken came out again but this time he told me I had a bad compressor and everything he installed was fine and I of course I was CHARGED the $70 service fee-
SO he is telling me I was having the SAME issues LESS than a month ago but NOW it’s a $1,000 compressor?!? It seems shady and unethical way to get $70 more out",,,,1,,AssistantDial structured call intake,billing_or_intake_errors,19,4.6,11
C,48.31,8.31,phoenix,Briggs Air Conditioning Heating & Refrigeration,+1 623-474-5069,http://www.briggsairconditioning.com,"24710 W Dove Trail, Buckeye, AZ 85326, United States",Chauncey Briggs,Owner,,,Chauncey Briggs,Chauncey Briggs,,frontline_communication,1,"Called to have someone come out for an emergency A/C issue. I informed the man on the phone that my a/c started acting up around 2pm and a few places I've called couldn't come out until tomorrow. Guy raised his voice and said, ""Well if you would've called me at 2pm, I would've come out. Now you have to wait until tomorrow."" 😲 Rude and so uncalled for. I even apologized for bothering him. Lol. Maybe I caught him at a bad time. 🤷‍♀️ Nonetheless I guess they aren't 24hrs. Work on your costumer service skills.",,,,1,,AssistantDial AI Receptionist — consistent frontline,frontline_communication,18,4.6,6
C,48.24,8.24,phoenix,Blue Ox Heating & Cooling,+1 602-995-6727,http://blueoxhvac.com,"7601 N 177th Ave, Waddell, AZ 85355, United States",Charles Gorby,Owner,,,Charles Gorby,Charles Gorby,,frontline_communication,1,"Very unprofessional rude ,didn't even check our ac right the first time DO NOT RECOMMEND AT ALL!!!!!!!!!!!",,,,,,AssistantDial AI Receptionist — consistent frontline,frontline_communication,17,4.6,6
C,48.09,8.09,phoenix,Absolute Comfort Cooling & Heating INC,+1 602-278-0211,http://www.absolutecomfortcooling.com,,Lance B. Boyajian,Owner,,,Lance B. Boyajian,Lance B. Boyajian,office@absolutecomfortcooling.com,followup_dropped,1,"Worst service call ever.

I would go one NEGATIVE star if I could. Request a service call and agree to $85 for it and I ask for a proposal to replace two 3.5 ton AC units. Guy comes out, never get on roof, never looks at anything, just talks, tell me he's pretty sure it's a capacitor so I said if that all it is I will fix it. He says pay $85. I asked aren't you going to look at anything, he says I'm pretty sure it's a capacitor. I said you should go look for the service charge of $85.

He tells us: ""The $85 is just to look at my pretty face, if I go up on the roof, is $195 per hour with a 1 hour minimum."" I paid him for nothing, and we were supposed to get a quote.

One week later, my wife calls his office manager. The office manager said he told her your husband said he would fix it, she said how could he fix it with no diagnosis by your ""technician"" and where is my quote. The office manager, Bobby said oh, it's right here on my desk, I will send it. Several days since and still no quote.

Makes no difference. I wouldn't do business with these people if this were hell and they were the only ice cube vendor. Making it even worse a good friend recommended them because he knew he retired owner, whose son took over the business. I guess the son pays no attention.

No Service and No quality.  The only thing that would rate 1/10th star is he was on time.  That's not worth $85

This is easily a $20-30K job they pissed away.",,,,1,,AssistantDial Call Summaries + Auto Contact Creation,followup_dropped,59,4.8,14
C,48.03,8.03,phoenix,78 Degrees Inc,+1 602-315-9309,http://www.78degreesinc.com,"13418 N 18th Pl, Phoenix, AZ 85022, United States",Kazimierz J. Kenjora,Owner,,,Kazimierz J. Kenjora,Kazimierz J. Kenjora,,frontline_communication,1,Very rude,,,,,,AssistantDial AI Receptionist — consistent frontline,frontline_communication,14,4.6,6
C,48.0,23.0,phoenix,EL SENOR DE LOS AIRES LLC,+1 602-206-7325,,"7535 E Ray Rd, Mesa, AZ 85212, United States",,,,,,,,calls_unanswered,1,"Please do not trust this business. He's been dodging calls and owes me $7000 worth of work! Beware of his unprofessionalism and business scam! You have been warned.
El Señor de las promesas falsas. Nos debe $7000 de trabajo y ninguna digna respuesta tiene. Que profesionalismo 🫡 0 estrellas!","Please do not trust this business. He's been dodging calls and owes me $7,000 worth of work! Beware of his unprofessionalism and business scam! You have been warned. …",,,1,,AssistantDial 24/7 AI Receptionist — every call answered,calls_unanswered,1,1,2
C,47.99,7.99,phoenix,"Comfort Aire HVAC Services, LLC",+1 480-634-1118,http://comfortairehvac.com,"1829 S Horne #15, Mesa, AZ 85204, United States",Tammy M Smith,Owner,,,Tammy M Smith,Tammy M Smith,,frontline_communication,1,"These people are horrible. we had an appointment for today had my daughter not call they would have never notified us that they were not coming. They are overpriced and these unit are horrible not sure why Costco would have them as a vendor, but I do plan to complain to Costco about them. Units are horrible and overpriced. I speak because I used to work in the industry, do your research and you will find better vendors that will not waste your time. For getting 2 new units from them at 78 the house still feels hot.",,,,1,,AssistantDial AI Receptionist — consistent frontline,frontline_communication,25,4.8,18
C,47.83,7.83,phoenix,"Sysko Services, LLC",+1 602-814-3086,http://syskoservices.com,,"Francisco Manuel ""Frank"" Espendez",Owner,,,"Francisco Manuel ""Frank"" Espendez","Francisco Manuel ""Frank"" Espendez",support@syskoservices.com,followup_dropped,1,"If I could leave 0 stars I would. Absolutely TERRIBLE experience. I have three gigantic holes in my ceiling courtesy of these guys (one of which involved cutting my smoke detector out). They’ve ghosted me and my home warranty company to get this resolved. Meanwhile, my air handler is open with moldy insulation hanging down and water leaking into multiple buckets. Absolutely insane.",,,,1,,AssistantDial Call Summaries + Auto Contact Creation,followup_dropped,46,4.8,24
C,47.61,22.61,phoenix,At Your Service HVAC & Appliance Repair,+1 623-561-7706,,,,,,,,,,frontline_communication,4,"Carlos was the best teck we've had at our house regarding our refrigerator. He said we need a new compresser and some other parts. When you let us now when parts are in, we only want Carlos to make the repairs. He explained every thing to us, which no other explained nothing.",Missed first and only scheduled appointment. Finally showed up 8 hours late and acted put out by the challenge presented with our repair. Very negative service man. Will never use again.,,,,,AssistantDial AI Receptionist — consistent frontline,billing_or_intake_errors;followup_dropped;frontline_communication;service_quality_in_session,376,4.8,62
C,47.1,7.1,phoenix,Aaahhh!! Home Services Air Conditioning & Heating,+1 623-824-4511,http://fixmyairconditioningphoenix.com,,Oscar Hugo Manzo,Owner,,,Oscar Hugo Manzo,Oscar Hugo Manzo,,billing_or_intake_errors,1,"I put in a request to fix the ac gate with my warranty. Somebody showed up and without actually checking my coverage, just drilled two holes and screwed it shut.

I expected professional service, but received 2 screws for $65 and was told I can unscrew it to replace the filter. We did not request this.

The issue wasn't address when I spoke to management either as he said this was normal. This is one of those instances where they need to ask themselves - if they would be satisfied with the exact same service. -",,,,1,,AssistantDial structured call intake,billing_or_intake_errors,11,4.3,3
C,46.98,21.98,phoenix,Sunstate Mechanical Services,+1 480-998-9620,https://www.sunstatemechanical.com,"2507 W Erie Dr Suite 103, Tempe, AZ 85282, United States",,,,,,,,calls_unanswered,3,"Terrible organization. They worked on our system for roughly 11-12 hours and never solved the problem. They were here until 11:00pm one night. Their ""fix"" cause more problems and wasn't done right.  We asked to speak to a manager twice and no one called us back except the front desk attempting to collect $2,300.00 from us. Expect to pay through the nose We called another pro who quickly diagnosed the problem and said it should've easily been fixed in 2 hours.","This is by far the worst company I have encountered. I live in the Scottsdale Shadows condos, where they completed work for us. Currently, I have a leak in my unit. Throughout my 25 years in the HVAC industry, I've never had such a poor experience. My father company government contracting has 1700 employs so I am very versatile in hvac. I’m dealing with an issue that may have originated from their work, but that's not the main point. Each time I try to get a quote to fix this problem, I reach their operator, William, who seems disengaged. I get transferred to a technician who says he’s unsure why I was sent to him, then I have to call back again. The next technician claims he doesn't handle that issue either. This has happen 4 times. Finally i spoke to some one 4 weeks ago and never got back to me. From what I've seen of their work in my building, the quality is subpar. I can’t decide if the customer service, workmanship, or pricing is worse. I’m relieved that they were eventually removed from my HOA. If you are thinking about hiring this company, I strongly advise getting at least two quotes from different firms; you might be surprised by the differences. It appears they have little concern for their service quality, likely because they mainly focus on industrial work rather than building customer relationships. When I called again today to inquire about the delay in getting a simple water shut-off quote, they accused me of being rude and hung up. I have never experienced a company that hangs up on a customer. Although I've dealt with difficult customers myself, I believe in prioritizing customer service. In my opinion, they charge excessively for their services. Seems to change based on customer to cosutmer.  I typically don’t leave negative reviews, understanding the challenges in this industry, but in this case, I have been courteous, yet they continue to treat the situation lightly. I have reached out over and over to have this worked out and get no were. Also on line there is no corporate number I can reach so not sure if they truly have one. They have very little concern so I agreed to do the same. Changed a simple compressive issue into a problem.",,,1,1,AssistantDial 24/7 AI Receptionist — every call answered,calls_unanswered;followup_dropped;frontline_communication,21,3.3,4
C,46.87,6.87,phoenix,Thermal Pros,+1 623-975-0077,https://thermalprosac.com,,Zach J. Allison II,Owner,,,Zach J. Allison II,Zach J. Allison II,,service_quality_in_session,1,If I could do 0 stars I would. This man came to my house. Spent 5 minutes on the roof and stated nothing was wrong and took my money. 30 minutes later it's blowing hot again so I call him back he says he is too far but it's probably the …,,,,,,AssistantDial demo line,service_quality_in_session,56,4.9,47
C,46.83,6.83,phoenix,Glendale Air Inc.,+1 623-939-5014,,,Arthur Arriola Gonzales,Owner,,,Arthur Arriola Gonzales,Arthur Arriola Gonzales,,followup_dropped,1,"Michael is a liar, and a cheat and doesn’t follow through with his word, he came over to check our system and he broke our ECOBEE (digital thermostat) without telling us, we ended up getting a new unit, (not by him) and I called to tell him he broke the ECOBEE and he admitted he did and promised to replace it for us! Well it’s been 2 months and I’ve called him and he says every excuse in the book not to bring it by, I even said drop it at my door step and you don’t even have to face me if that’s the issue? And he won’t reply and or make it right like he said he would do! I’ll never do business with him again! He’s an absolute awful person!",,,,1,,AssistantDial Call Summaries + Auto Contact Creation,followup_dropped,10,4.6,3
C,46.75,6.75,phoenix,Mechanical Brothers Heating and Cooling LLC,+1 602-864-8888,https://mbrothersac.com,"3339 W Juniper Ave, Phoenix, AZ 85053, United States",Salty H Sayegh,Owner,,,Salty H Sayegh,Salty H Sayegh,https://www.facebook.com/mechanicalbrothersheatingandcooling/,billing_or_intake_errors,1,How did this company get a 5 star review. Is it the family posting these reviews? This company is unethical. They will quote you one price on the phone and a higher price once they come to the house and do the work.,,,,1,,AssistantDial structured call intake,billing_or_intake_errors,50,4.9,4
C,46.67,6.67,phoenix,Buenos Air LLC,+1 602-931-2835,,"2308 W Freeway Ln, Phoenix, AZ 85021, United States",Ariel Anaya Ortiz,Owner,,,Ariel Anaya Ortiz,Ariel Anaya Ortiz,,billing_or_intake_errors,1,Used them at the last minute because my warranty company couldn't get me a sooner appointment. I regret that I just didn't wait. They said they'd be to me between 3 and 5 and where late and came and went in my back yard for 10 minutes flat them came back to my door and told me they changed the capacitor and cleaned the coil and its gonna be $235 now. WHAT! No quote first? My husband bought a capacitor for our previous unit and it was only $15 ! So they charged me all this money for what 10 minutes of labor? Extremly dissatisfied!,,,,1,,AssistantDial structured call intake,billing_or_intake_errors,10,4.4,2
C,46.03,6.03,phoenix,"Mountain Air Mechanical, LLC",+1 480-530-1628,,"32616 N 225th Ave, Wittmann, AZ 85361, United States",Aaron Dean Aliser,Owner,,,Aaron Dean Aliser,Aaron Dean Aliser,,service_quality_in_session,1,Don't speak English! I called to attempt to get an appointment but the lady that answered did not speak English.,,,,1,,AssistantDial demo line,service_quality_in_session,14,4.7,1
C,46.01,6.01,phoenix,Taylor Made Refrigeration Inc.,+1 602-466-0787,http://www.taylormaderefrigeration.com,"8749 E Thornwood Dr, Scottsdale, AZ 85251, United States",Richard Scott Thompson,Owner,,,Richard Scott Thompson,Richard Scott Thompson,,service_quality_in_session,1,"It pains me to leave this review because Scott & co. provided the best HVAC service I could fathom for a very long time. Unfortunately, over the last few years, they seemed to stop caring. After spending 13k for a new installation, I called them out about 3-4 times over the next few years due to a condensate drainage issue and they never managed to fix it. It came to the point that I felt I was inconveniencing them by calling. Any guy they sent out spent no more than 30 mins and was ready to bolt. Well, I called another company out and their tech just spent all afternoon in my attic fixing the installation issues that Taylor Made caused and never cared to fix. Used to love these guys, now, not so much. I guess it was good while it lasted.",,,,2,,AssistantDial demo line,service_quality_in_session,4,4.3,1
C,45.34,20.34,phoenix,Your Hero AC,+1 480-741-2020,https://www.yourheroac.com,,,,,,,,,calls_unanswered,3,Ive been waiting since 3/23/2025 for my AC to be fixed. I've never been so miserable in my life. They showed up and said compressor. The took my money and they said they would be back. They came out and had me turn my ac on. They randomly left and didn't say anything to me. I called a bunch and finally when I got answer they said the new compressor and I would have to wait. I waited again called a bunch and they kept saying they would come back. The said they brought the new compressor. They didn't say anything to me once again had me turn in the ac and blow hot air in my house. They randomly left again didn't say anything I once again had to call s million times. The owner promised he would come the next day when I finally got a hold of him. The day he said he would come I finally got a hold of them crying. He said he would come in a hour and he didn't. The next morning/today he texted and said 12-3  it's 3:27 and I can't get a hold of anyone. I don't know if I'm just not going to have ac. I have kids and animals. I'm freaking out. No show,,,,1,,AssistantDial 24/7 AI Receptionist — every call answered,booking_friction;calls_unanswered;frontline_communication,4,4,2
C,45.13,20.13,phoenix,Air Conditioning & Heating,+1 480-243-8470,,"1850 W Warner Rd, Chandler, AZ 85224, United States",,,,,,,,frontline_communication,3,Unable to explain issues. Stated that we would not understand what's wrong cause we don't repair AC units. Not sure if they understood the issue cause they couldn't explain it. Said that the fan was over amperage but could not say by how …,"Only called them because the original person we used couldn't make it out, very grateful they came to look at my system at 7 at night, that's why I gave them 2 stars. Unfortunately I couldn't understand the problems they found and then was …",,,,,AssistantDial AI Receptionist — consistent frontline,billing_or_intake_errors;frontline_communication;service_quality_in_session,33,3.5,20
C,44.58,19.58,phoenix,Unique Climate Solutions,+1 602-898-5104,https://uniqueclimate.cloud,"3033 W Van Buren St, Phoenix, AZ 85009, United States",,,,,,,,calls_unanswered,1,"I do NOT recommend this company they took advantage of an elderly couple and they are refusing to make this right.  My father in law is a veteran the unit was installed less than 4 years old, last summer there was an issue we were unable to get ahold of them because their phone was disconnected.  So after the a/c went out AGAIN this summer I went on a hunt
for the paperwork and found it with another number to call.  It is impossible to reach an actual human being you have to leave a message and wait for a return phone call.  They call back and say sorry nothing we can do!
Do NOT use this company for your HVAC needs",,,,1,,AssistantDial 24/7 AI Receptionist — every call answered,calls_unanswered,2,1,2
C,44.06,19.06,phoenix,Absolute Air AZ,+1 480-493-5292,http://www.absoluteairaz.com,"3100 W Ray Rd #201, Chandler, AZ 85226, United States",,,,,,,,booking_friction,3,My air conditioning needed repair on a Thursday when it was well over 100° in Phoenix and my warranty company selected Absolute Air. Turns out all I needed was an easy to get Compressor but it took them one week so we had to live elsewhere …,"If I could give this company zero stars I would. They were sent by my home warranty company because my AC went out when it was 90+ degrees out. The guy came and said my control board was completely fried. I then called to get an estimate on price and timeline, they said they weren't allowed to provide price. My home warranty then declined the claim so I called Absolute Air back to just go directly through them for the repair. They kept giving me the run around saying they were waiting for the parts warehouse to get back to them so I could know the price and timeline to get the repair as I was desperate to get some relief. Each time I called the gal, Stephanie, seemed annoyed I was checking in and said she couldn't provide a price for the part of timeline. I never ended up hearing back. Ended up going through Semper Fi who sent someone out same day and they figured out nothing was wrong with my AC, my thermostat went bad and they replaced same day and got it back up and running. The repair guy from Absolute Air completely re-wired my control board back together wrong and left it open on the roof so if it had rained, it could've fried the entire thing. Will never be using this company again. Terrible all around.",,,,1,AssistantDial Appointment Booking + Calendar Sync,booking_friction;followup_dropped;frontline_communication,42,4.4,33
C,43.83,18.83,phoenix,"AIR2DAY, LLC",+1 480-238-6753,,"19031 E Indiana Ave, Queen Creek, AZ 85142, United States",,,,,,,,calls_unanswered,1,"This is the most unprofessional A/C company in the valley! It's over 100 out, I have a A/C out and this company from the warranty coverage hasn't answered the phone or return messages on a Friday or Saturday?! I had to call a company outside of the warranty for  the A/C repairs to be done. Not to mention, pay out of pocket. I have also requested that the warranty company dump this bogus A/C company because they're useless.",,,,1,,AssistantDial 24/7 AI Receptionist — every call answered,calls_unanswered,1,1,1
C,43.2,18.2,phoenix,Bulletproof Mechanical,+1 480-201-7112,http://www.bp-mech.com,"Mesa, AZ 85212, United States",,,,,,,,calls_unanswered,3,I bought a Meritage home only 4 months old and our air conditioner went out and it was very hot on our house and I called the after hours warranty number and the guy did not called me back and when I called them he got mad at me for calling …,I had originally set up for a different company to come out for install and they dropped the ball. Literally never responded for request to find out when they'd arrive. Skylar answered and showed within an hour for install. I've been …,,,,,AssistantDial 24/7 AI Receptionist — every call answered,calls_unanswered;followup_dropped;frontline_communication,19,4.4,9
C,43.03,18.03,phoenix,WEST VALLEY REPAIR SERVICE LLC,+1 623-225-4055,,"2325 S 112th Ave, Avondale, AZ 85323, United States",,,,,,,,frontline_communication,2,"The hours on google stated 7am-4pm. I called at 7:20am and as the phone was answered the gentleman said under his breath that ""he swears people just called whenever they wanted."" I apologized for calling so early and said that I had a freezer that wasn't working properly and he was very rude about it. He mentioned that he could do an emergency visit and cancel all of his appointments, which I had never said I needed. He then stated that people usually call and make appointments for this sort of thing, which was the entire purpose of me calling. I apologized for the inconvenience to him, and his response was ""that's fine."" I was frustrated at this point and shocked that he would communicate like this to a customer who has used him many times before. Please change your hours on google if they are incorrect online. Ultimately, ended up calling another company and will not be using West Valley in the future.","Used to be very nice man enplane everything and show what it is.
May 17th They sent me few very big guys I never see. They are very rude and mean.
They told me they fill up my freon about 6lbd. It was only take them about few minutes. They took off very quickly and 5 minutes later it was all gone.  I call them back and same guys show up. And they are rude and mean till very end. NEVER USE THEM AGAIN.",,,1,1,AssistantDial AI Receptionist — consistent frontline,billing_or_intake_errors;frontline_communication,12,3.8,7
C,41.33,16.33,phoenix,Freedom Air Conditioning,+1 602-684-0462,http://www.lowermyac.com,,,,,,,,,,0,,,,,,,,,0,0.0,0
C,41.33,16.33,phoenix,Lin's AC and Refrigeration,+1 602-535-9166,,,,,,,,,,,0,,,,,,,,,0,0.0,0
C,41.33,16.33,phoenix,Air Conditioning Pros,+1 480-900-4332,,"4365 E Pecos Rd Ste 138, Gilbert, AZ 85295, United States",,,,,,,,,0,,,,,,,,,0,0.0,0
C,41.33,16.33,phoenix,"Pros for That, LLC",+1 602-843-7767,http://www.prosforthat.com,,,,,,,,,,0,,,,,,,,,0,0.0,0
C,41.33,16.33,phoenix,"Bee Happy Home Services, LLC",+1 602-517-0238,https://www.bhappy.pro,,,,,,,,,,0,,,,,,,,,0,0.0,0
C,41.33,16.33,phoenix,Total HVAC & AC Repair,+1 623-864-9753,https://totalhvacacrepair.com,"1035 E Van Buren St, Avondale, AZ 85323, United States",,,,,,,,,0,,,,,,,,,0,0.0,0
C,41.33,16.33,phoenix,"SimpliComfort, LLC",+1 602-842-2324,https://simplicomfort.com,,,,,,,,,,0,,,,,,,,,0,0.0,0
C,41.33,16.33,phoenix,TNT Classic Auto Repair and Electrical,+1 602-332-3962,,"13212 S Zuni Rd, Buckeye, AZ 85326, United States",,,,,,,,,0,,,,,,,,,0,0.0,0
C,41.33,16.33,phoenix,Air Conditioning Services & Repair,+1 602-849-5044,,"3727 W Pollack St, Phoenix, AZ 85041, United States",,,,,,,,,0,,,,,,,,,0,0.0,0
C,41.33,16.33,phoenix,"King Plumbing, Heating & AC Chandler",+1 480-907-0226,https://www.kingphac.com,,,,,,,,,,0,,,,,,,,,0,0.0,0
C,41.33,16.33,phoenix,Lions Air,+1 480-865-4211,https://lionsair.net,"312 N Alma School Rd, Chandler, AZ 85224, United States",,,,,,,,,0,,,,,,,,,0,0.0,0
C,41.33,16.33,phoenix,Top Gilbert AC Repair,+1 480-503-7619,https://topgilbertacrepair.com,"1455 W Elliot Rd, Gilbert, AZ 85233, United States",,,,,,,,,0,,,,,,,,,0,0.0,0
C,41.33,16.33,phoenix,Aldaco Air llc,+1 623-229-8822,,,,,,,,,,,0,,,,,,,,,0,0.0,0
C,41.33,16.33,phoenix,Sun City HVAC,+1 602-689-8377,https://suncity-hvac.com,,,,,,,,,,0,,,,,,,,,0,0.0,0
C,41.33,16.33,phoenix,Rafa's A/C,+1 602-483-3789,,"2712 W Buckeye Rd, Phoenix, AZ 85009, United States",,,,,,,,,0,,,,,,,,,0,0.0,0
C,41.33,16.33,phoenix,Elite HVAC Phoenix Solutions,+1 480-877-0047,https://elitehvacphoenixsolutions.com,"1202 S 40th Ave, Phoenix, AZ 85009, United States",,,,,,,,,0,,,,,,,,,0,0.0,0
C,41.33,16.33,phoenix,Reliable AC Repair Mesa,+1 602-962-9477,http://acrepairmesaaz.com,"1171 W University Dr, Mesa, AZ 85201, United States",,,,,,,,,0,,,,,,,,,0,0.0,0
C,41.33,16.33,phoenix,Professional AC Repair Tempe,+1 480-786-9543,https://professionalacrepairtempe.com,"1900 E 5th St, Tempe, AZ 85281, United States",,,,,,,,,0,,,,,,,,,0,0.0,0
C,41.33,16.33,phoenix,HVAC Mesa AZ Pros,+1 480-771-3320,,"26 S Quinn Cir, Mesa, AZ 85206, United States",,,,,,,,,0,,,,,,,,,0,0.0,0
C,41.33,16.33,phoenix,Valley Diesel Solutions,+1 623-313-5907,,,,,,,,,,,0,,,,,,,,,0,0.0,0
C,41.33,16.33,phoenix,Gene's AC,+1 480-454-6266,https://www.genesac.com/contact,"9624 E Main St, Mesa, AZ 85207, United States",,,,,,,,,0,,,,,,,,,0,0.0,0
C,41.33,16.33,phoenix,Roman Brothers HVAC,+1 480-559-7868,,"653 S Sabrina, Mesa, AZ 85208, United States",,,,,,,,,0,,,,,,,,,0,0.0,0
C,41.33,16.33,phoenix,C & C Heating and Air Conditioning,+1 480-233-0048,,,,,,,,,,,0,,,,,,,,,0,0.0,0
C,41.33,16.33,phoenix,airehomecomfortacheating.com,+1 480-584-2679,https://airehomecomfortacheating.com,,,,,,,,,,0,,,,,,,,,0,0.0,0
C,41.33,16.33,phoenix,Appliance Service Plus,+1 480-420-6698,,,,,,,,,,,0,,,,,,,,,0,0.0,0
C,41.33,16.33,phoenix,Old West Mechanic A/C & Welding LLC,+1 602-754-9445,,"6408 W Garfield St, Phoenix, AZ 85043, United States",,,,,,,,,0,,,,,,,,,0,0.0,0
C,41.33,16.33,phoenix,Desert Peaks,+1 602-349-7756,http://www.desertpeakshvac.com,,,,,,,,,,0,,,,,,,,,0,0.0,0
C,41.33,16.33,phoenix,Bills ac,+1 480-500-8484,,,,,,,,,,,0,,,,,,,,,0,0.0,0
C,41.33,16.33,phoenix,K & M Air Conditioning,+1 480-807-3140,https://kandmair.com/about-us,"3049 N Norfolk, Mesa, AZ 85215, United States",,,,,,,,,0,,,,,,,,,0,0.0,0
C,41.33,16.33,phoenix,Stay Fresh Air Conditioning,+1 602-426-3929,,,,,,,,,,,0,,,,,,,,,0,0.0,0
C,41.33,16.33,phoenix,East Valley HVAC,+1 602-587-8526,,"200 W Germann Rd, Chandler, AZ 85286, United States",,,,,,,,,0,,,,,,,,,0,0.0,0
C,41.33,16.33,phoenix,Ben the builder,+1 480-670-0703,,,,,,,,,,,0,,,,,,,,,0,0.0,0
C,41.33,16.33,phoenix,Fennominal Services,+1 480-901-6798,https://fennominalservices.com,,,,,,,,,,0,,,,,,,,,0,0.0,0
C,41.33,16.33,phoenix,Energy1 Technologies,+1 623-584-3444,,,,,,,,,,,0,,,,,,,,,0,0.0,0
C,41.33,16.33,phoenix,Aire Rite Solutions,+1 602-430-7801,,,,,,,,,,,0,,,,,,,,,0,0.0,0
C,41.33,16.33,phoenix,Optimal Heating and Cooling,+1 480-269-4701,,,,,,,,,,,0,,,,,,,,,0,0.0,0
C,41.33,16.33,phoenix,Alpha Temp Heating & Cooling,+1 602-578-9347,,,,,,,,,,,0,,,,,,,,,0,0.0,0
C,41.33,16.33,phoenix,R&N Cooler & AC Services,+1 480-410-5111,http://randncoolerandacservices.godaddysites.com,,,,,,,,,,0,,,,,,,,,0,0.0,0
C,41.33,16.33,phoenix,LG ARIZONA COOLING & HEATING LLC,+1 602-581-9543,,,,,,,,,,,0,,,,,,,,,0,0.0,0
C,41.33,16.33,phoenix,"Able Balance AZ, LLC",+1 623-980-3144,,,,,,,,,,,0,,,,,,,,,0,0.0,0
C,41.33,16.33,phoenix,SUNTECH MECHANICAL LLC,+1 602-475-8138,,"1201 N 54th Ave, Phoenix, AZ 85043, United States",,,,,,,,,0,,,,,,,,,0,0.0,0
C,41.33,16.33,phoenix,Commercial Acoustics,+1 602-233-2322,https://commercialnoisecontrol.com,,,,,,,,,,0,,,,,,,,,0,0.0,0
C,41.33,16.33,phoenix,Anytime Air & Refrigeration,+1 602-488-4001,,,,,,,,,,,0,,,,,,,,,0,0.0,0
C,41.33,16.33,phoenix,Terra Cooling LLC,+1 602-497-6066,,,,,,,,,,,0,,,,,,,,,0,0.0,0
C,41.33,16.33,phoenix,Nice Job Services,+1 480-550-8209,http://www.nicejobservices.com,,,,,,,,,,0,,,,,,,,,0,0.0,0
C,41.33,16.33,phoenix,Sun Heating & Cooling,+1 480-675-8444,,,,,,,,,,,0,,,,,,,,,0,0.0,0
C,41.33,16.33,phoenix,Golden Street Air Conditioning,+1 480-433-2004,https://goldenstreetairconditioning.com/contact-us,"2023 E Golden St, Mesa, AZ 85213, United States",,,,,,,,,0,,,,,,,,,0,0.0,0
C,41.33,16.33,phoenix,We The People HVAC,+1 480-253-9227,http://wethepeoplehvac.com,"7530 E Oasis Cir, Mesa, AZ 85207, United States",,,,,,,,,0,,,,,,,,,0,0.0,0
C,41.33,16.33,phoenix,Core Mechanical Services,+1 480-494-9224,,,,,,,,,,,0,,,,,,,,,0,0.0,0
C,41.33,16.33,phoenix,"LOMA Cooling & Heating, LLC",+1 623-703-3777,,,,,,,,,,,0,,,,,,,,,0,0.0,0
C,41.33,16.33,phoenix,AC-LAND,+1 623-295-7644,https://www.aclanderos.com,,,,,,,,,,0,,,,,,,,,0,0.0,0
C,41.33,16.33,phoenix,"Shalom solutions, Aire Acondicionado, Plomería, Electricidad.",+1 602-580-4443,,"3066 N 52nd Pkwy, Phoenix, AZ 85031, United States",,,,,,,,,0,,,,,,,,,0,0.0,0
C,41.33,16.33,phoenix,MT Air Conditioning LLC,+1 480-319-1405,,,,,,,,,,,0,,,,,,,,,0,0.0,0
C,41.33,16.33,phoenix,CASco residential,+1 602-525-7605,,,,,,,,,,,0,,,,,,,,,0,0.0,0
C,41.33,16.33,phoenix,CityAir Heating and Cooling,+1 602-586-6243,https://www.gocityair.com,,,,,,,,,,0,,,,,,,,,0,0.0,0
C,41.33,16.33,phoenix,WHICON HVAC,+1 602-725-7595,,,,,,,,,,,0,,,,,,,,,0,0.0,0
C,41.33,16.33,phoenix,Superior Phoenix HVAC Solutions,+1 480-999-2564,,"3130 W Indian School Rd, Phoenix, AZ 85017, United States",,,,,,,,,0,,,,,,,,,0,0.0,0
C,41.33,16.33,phoenix,ALL BRAND COOLING AND HEATING,+1 623-249-2555,,,,,,,,,,,0,,,,,,,,,0,0.0,0
C,41.33,16.33,phoenix,Raptor Heating and Air,+1 480-525-6909,https://raptorhvacr.com,,,,,,,,,,0,,,,,,,,,0,0.0,0
C,41.33,16.33,phoenix,HVAC Task Force LLC,+1 623-512-1847,https://hvactaskforce.com,,,,,,,,,,0,,,,,,,,,0,0.0,0
C,41.33,16.33,phoenix,"Lady G Mechanical, LLC",+1 623-236-5614,https://ladygmechanical.com,,,,,,,,,,0,,,,,,,,,0,0.0,0
C,41.33,16.33,phoenix,Arizona Maintenance,+1 602-856-4092,,,,,,,,,,,0,,,,,,,,,0,0.0,0
C,41.33,16.33,phoenix,Coker Construction Partners,+1 623-256-7875,http://www.cokerpartners.com,"6624 N 78th Ave, Glendale, AZ 85303, United States",,,,,,,,,0,,,,,,,,,0,0.0,0
C,41.33,16.33,phoenix,Solaire HVAC LLC,+1 602-566-1191,,,,,,,,,,,0,,,,,,,,,0,0.0,0
C,41.33,16.33,phoenix,Sheen Air Specialists LLC,+1 623-289-4921,,,,,,,,,,,0,,,,,,,,,0,0.0,0
C,41.33,16.33,phoenix,Air Meteor Heating & Cooling,+1 602-373-5960,,"2833 W Gardenia Ave, Phoenix, AZ 85051, United States",,,,,,,,,0,,,,,,,,,0,0.0,0
C,41.33,16.33,phoenix,Happy Solutions A/C Heating LLC,+1 480-953-4258,,"3708 W Northern Ave, Phoenix, AZ 85051, United States",,,,,,,,,0,,,,,,,,,0,0.0,0
C,41.33,16.33,phoenix,Saf​e H​o​use Ch​im​​​​​​​​​​​​ney R​​​epa​​​ir & Dry​​​er V​​e​​​nt Clea​​nin​​g,+1 480-920-6370,,"7025 N Scottsdale Rd Ste 570, Scottsdale, AZ 85253, United States",,,,,,,,,0,,,,,,,,,0,0.0,0
C,41.33,16.33,phoenix,TSM Heating & Air,+1 480-249-2822,,,,,,,,,,,0,,,,,,,,,0,0.0,0
C,41.33,16.33,phoenix,Palominos Air,+1 480-277-6701,https://palominosair.com,,,,,,,,,,0,,,,,,,,,0,0.0,0
C,41.33,16.33,phoenix,PCS Heating and Cooling,+1 602-577-4469,https://pcsheatingandcooling.com,"3264 E Carmel Ave, Mesa, AZ 85204, United States",,,,,,,,,0,,,,,,,,,0,0.0,0
C,41.33,16.33,phoenix,Honest Services AZ LLC,+1 480-526-0223,https://honestservicesazllc.com,"7302 E Main St #2, Mesa, AZ 85207, United States",,,,,,,,,0,,,,,,,,,0,0.0,0
C,41.33,16.33,phoenix,Ferrin Ryco Plumbing and Air,+1 480-834-7374,,,,,,,,,,,0,,,,,,,,,0,0.0,0
C,41.33,16.33,phoenix,Top Flight Refrigeration LLC,+1 602-358-9405,,,,,,,,,,,0,,,,,,,,,0,0.0,0
C,41.33,16.33,phoenix,Hotspots Heating&Cooling,+1 623-326-8164,,,,,,,,,,,0,,,,,,,,,0,0.0,0
C,41.33,16.33,phoenix,Marshall Mechanical Services LLC,+1 480-467-8387,,,,,,,,,,,0,,,,,,,,,0,0.0,0
C,41.33,16.33,phoenix,"AB Air Conditioning & Heating Service - HVAC Service Peoria AZ, HVAC Contractor, AC Compressor Replacement, HVAC Tune Up",+1 623-253-1002,,,,,,,,,,,0,,,,,,,,,0,0.0,0
C,41.33,16.33,phoenix,Streamline Mechanical LLC,+1 602-782-0867,https://www.streamlinemechaz.com,,,,,,,,,,0,,,,,,,,,0,0.0,0
C,41.33,16.33,phoenix,Alliance 3 HVAC,+1 602-600-5090,https://alliance3hvac.com,,,,,,,,,,0,,,,,,,,,0,0.0,0
C,41.33,16.33,phoenix,TruTek Air Conditioning & Heating,+1 480-793-1949,,,,,,,,,,,0,,,,,,,,,0,0.0,0
C,41.33,16.33,phoenix,Amored Air,+1 480-888-5576,,,,,,,,,,,0,,,,,,,,,0,0.0,0
C,41.33,16.33,phoenix,desert cool mechanical,+1 480-853-6627,,,,,,,,,,,0,,,,,,,,,0,0.0,0
C,41.33,16.33,phoenix,Maddox Heating & Air Conditioning,+1 602-900-8786,,"3121 W Peoria Ave, Phoenix, AZ 85029, United States",,,,,,,,,0,,,,,,,,,0,0.0,0
C,41.33,16.33,phoenix,Remington Air,+1 480-525-7777,,"450 N McClintock Dr #102, Chandler, AZ 85226, United States",,,,,,,,,0,,,,,,,,,0,0.0,0
C,41.33,16.33,phoenix,Charles Dalton Air Conditioning & Metal Works,+1 602-944-7951,,"1215 E Cheryl Dr, Phoenix, AZ 85020, United States",,,,,,,,,0,,,,,,,,,0,0.0,0
C,41.33,16.33,phoenix,Air Team Mechanical Heating & Cooling LLC,+1 480-476-9594,https://www.atm-az.com,,,,,,,,,,0,,,,,,,,,0,0.0,0
C,41.33,16.33,phoenix,Polar Air & Pistons LLC,+1 602-616-8281,,"1249 N Allen, Mesa, AZ 85203, United States",,,,,,,,,0,,,,,,,,,0,0.0,0
C,41.33,16.33,phoenix,Maximum Comfort Specialists,+1 623-544-0527,https://maximum-comfort-specialists.ueniweb.com,,,,,,,,,,0,,,,,,,,,0,0.0,0
C,41.33,16.33,phoenix,JC AC Pros,+1 480-201-9855,,,,,,,,,,,0,,,,,,,,,0,0.0,0
C,41.33,16.33,phoenix,Stone Cold Air LLC,+1 480-529-3137,,,,,,,,,,,0,,,,,,,,,0,0.0,0
C,41.33,16.33,phoenix,Jackson Mechanical,+1 480-440-8700,,,,,,,,,,,0,,,,,,,,,0,0.0,0
C,41.33,16.33,phoenix,Jackson Mechanical,+1 480-440-8700,,,,,,,,,,,0,,,,,,,,,0,0.0,0
C,41.33,16.33,phoenix,Surprise HVAC Stars,+1 623-267-1776,https://surprise-hvac-stars.ueniweb.com,"15831 N Bullard Ave, Surprise, AZ 85374, United States",,,,,,,,,0,,,,,,,,,0,0.0,0
C,41.33,16.33,phoenix,Singletary Plumbing and Air Conditioning,+1 623-546-3955,https://singletaryplumbingaz.com,"13200 W Foxfire Dr Ste 140, Surprise, AZ 85378, United States",,,,,,,,,0,,,,,,,,,0,0.0,0
C,41.33,16.33,phoenix,Ever Breeze Network,+1 623-321-0337,https://glendalehvacservice.top,"14202 N 58th Dr, Glendale, AZ 85306, United States",,,,,,,,,0,,,,,,,,,0,0.0,0
C,41.33,16.33,phoenix,"Limelight HVAC , LLC",+1 602-435-1791,https://limelighthvac.com,,,,,,,,,,0,,,,,,,,,0,0.0,0
C,41.33,16.33,phoenix,SaveAir Solutions,+1 602-772-5254,,"14444 N 39th Way, Phoenix, AZ 85032, United States",,,,,,,,,0,,,,,,,,,0,0.0,0
C,41.33,16.33,phoenix,J-Three HVAC,+1 602-731-8059,,"7501 E Redfield Rd, Scottsdale, AZ 85260, United States",,,,,,,,,0,,,,,,,,,0,0.0,0
C,41.33,16.33,phoenix,AAA Cooling Specialists,+1 480-481-0000,https://aaacoolingaz.com/contact,"16419 N 91st St, Scottsdale, AZ 85260, United States",,,,,,,,,0,,,,,,,,,0,0.0,0
C,41.33,16.33,phoenix,Air4You,+1 602-740-0220,https://air4you.us,,,,,,,,,,0,,,,,,,,,0,0.0,0
C,41.33,16.33,phoenix,DynamiX,+1 480-500-6221,https://dynamixhvac.com,"8324 E Hartford Dr, Scottsdale, AZ 85255, United States",,,,,,,,,0,,,,,,,,,0,0.0,0
C,41.33,16.33,phoenix,70 degrees HVAC LLC,+1 602-373-0290,,"2125 E Marco Polo Rd, Phoenix, AZ 85024, United States",,,,,,,,,0,,,,,,,,,0,0.0,0
C,41.33,16.33,phoenix,Fox Air Cooling & Heating,+1 480-666-8728,https://foxaircoolingheating.com,,,,,,,,,,0,,,,,,,,,0,0.0,0
C,41.33,16.33,phoenix,American Energy Partners,+1 602-799-0646,,"19475 N Grayhawk Dr, Scottsdale, AZ 85255, United States",,,,,,,,,0,,,,,,,,,0,0.0,0
C,41.33,16.33,phoenix,Advanced Industrial Technologies,+1 480-287-0879,,"8438 E La Senda Dr, Scottsdale, AZ 85255, United States",,,,,,,,,0,,,,,,,,,0,0.0,0
C,41.33,16.33,phoenix,Obsidian Home Services,+1 602-707-6781,https://obsidianhomeservice.com,,,,,,,,,,0,,,,,,,,,0,0.0,0
C,41.33,16.33,phoenix,C&C HVAC/Duct Clean,+1 480-757-4318,,"6216 E Turquoise Ave, Paradise Valley, AZ 85253, United States",,,,,,,,,0,,,,,,,,,0,0.0,0
C,41.33,16.33,phoenix,AC Repair Pros AZ,+1 602-361-1152,https://acrepairprosphoenix.com,"24100 N 19th Ave #2060, Phoenix, AZ 85085, United States",,,,,,,,,0,,,,,,,,,0,0.0,0
C,41.33,16.33,phoenix,"Bob West Plumbing | Residential Water Heater Replacement, Installation & Repair Service",+1 480-485-9863,,,,,,,,,,,0,,,,,,,,,0,0.0,0
C,41.33,16.33,phoenix,Temperature Care,+1 480-352-0023,,,,,,,,,,,0,,,,,,,,,0,0.0,0
C,41.33,16.33,phoenix,APS Advanced AC Tune-Up Rebate Program,+1 623-455-6988,,"E, 12409 W Indian School Rd, Avondale, AZ 85392, United States",,,,,,,,,0,,,,,,,,,0,0.0,0
C,41.33,16.33,phoenix,Rhino AC,+1 623-792-4888,,"5720 W Camelback Rd, Glendale, AZ 85301, United States",,,,,,,,,0,,,,,,,,,0,0.0,0
C,41.33,16.33,phoenix,PolarFix Air Conditioning San Francisco,+1 480-550-7507,https://polarfixairconditioning.site,"4363 N 75th St, Scottsdale, AZ 85251, United States",,,,,,,,,0,,,,,,,,,0,0.0,0
C,41.33,16.33,phoenix,ACT HVAC Services,+1 602-842-6140,,"6155 E Indian School Rd, Scottsdale, AZ 85251, United States",,,,,,,,,0,,,,,,,,,0,0.0,0
C,41.33,16.33,phoenix,Blue Flame Mechanical & Refrigeration LLC,+1 602-733-4908,,"1645 E Thomas Rd #2150, Phoenix, AZ 85016, United States",,,,,,,,,0,,,,,,,,,0,0.0,0
C,41.33,16.33,phoenix,ChristopherDLopez,+1 602-250-0419,,,,,,,,,,,0,,,,,,,,,0,0.0,0
C,41.33,16.33,phoenix,Tucker Cooling,+1 623-252-5418,,,,,,,,,,,0,,,,,,,,,0,0.0,0
C,41.33,16.33,phoenix,Standard Heating and Cooling LLC,+1 480-779-9617,https://stndhvac.com,,,,,,,,,,0,,,,,,,,,0,0.0,0
C,41.33,16.33,phoenix,UNITED DESERT COOLING & HEATING,+1 480-250-8703,https://uniteddesertac.com,,,,,,,,,,0,,,,,,,,,0,0.0,0
C,41.33,16.33,phoenix,AZ Service Pro LLC,+1 480-800-7247,http://azservicepro.com,,,,,,,,,,0,,,,,,,,,0,0.0,0
C,41.33,16.33,phoenix,Western Polar Air Conditioning and Refrigeration,+1 480-840-4211,,,,,,,,,,,0,,,,,,,,,0,0.0,0
C,41.33,16.33,phoenix,Phoenix Duct Services,+1 480-868-1532,https://www.phoenixductservices.com,"17217 W Spur Dr, Surprise, AZ 85387, United States",,,,,,,,,0,,,,,,,,,0,0.0,0
C,41.33,16.33,phoenix,AZ Perfect Comfort Heating & Cooling,+1 602-551-6223,,"24763 N 170th Ln, Surprise, AZ 85387, United States",,,,,,,,,0,,,,,,,,,0,0.0,0
C,41.33,16.33,phoenix,Air Rehab LLC,+1 602-892-4880,https://airrehabsolution.com,"3550 N Central Ave ste 1060, Phoenix, AZ 85012, United States",,,,,,,,,0,,,,,,,,,0,0.0,0
C,41.33,16.33,phoenix,Arizona Cool Refrigeration,+1 602-488-5675,,,,,,,,,,,0,,,,,,,,,0,0.0,0
C,41.33,16.33,phoenix,Nava AC & Maintenance LLC,+1 623-547-9867,,"16240 N Fox Hill Dr, Surprise, AZ 85378, United States",,,,,,,,,0,,,,,,,,,0,0.0,0
C,41.33,16.33,phoenix,Johansen air llc.,+1 602-663-7595,,"4821 W Shaw Butte Dr, Glendale, AZ 85304, United States",,,,,,,,,0,,,,,,,,,0,0.0,0
C,41.33,16.33,phoenix,vortechairconditioningllc,+1 623-321-4177,https://vortechairconditioningllc.com/contact,"8939 W Melinda Ln, Peoria, AZ 85382, United States",,,,,,,,,0,,,,,,,,,0,0.0,0
C,41.25,16.25,phoenix,MJM Refrigeration,+1 480-628-4539,https://mjmrefrigeration.com,"22214 E Camacho Rd, Queen Creek, AZ 85142, United States",,,,,,,,calls_unanswered,2,"They started out as a really nice company. Balta and his crew did a great job installing our mini split system. However, I have been trying since 2023 to get them to come out for a maintenance check and nothing. I realize the owner has had some health issues, but spoke to him about 6 weeks ago and said he was fine. He said to call him for an appointment. I did. It went to voice mail and nothing (last week). I have emailed them through the contact form on their website, and nothing. There is no customer service and the only reason I tried to contact them is it appears that the extended warranty company they use is not recognized by other Daiken dealers, so think twice before using MJM.",,,,1,,AssistantDial 24/7 AI Receptionist — every call answered,calls_unanswered;followup_dropped,2,3,1
C,40.12,15.12,phoenix,First Opinion HVAC LLC,+1 602-559-2437,http://www.firstopinionhvac.com,"2383 W Silver Creek Ln, San Tan Valley, AZ 85144, United States",,,,,,,,calls_unanswered,2,"After I had my A/C installed and paid. Tom and his wife have stopped answering my calls and text. I am trying to get a rebate on my A/C and having been trying to get ahold of them for weeks. Plus, srp has been trying to get ahold of them, to no avail. Once you have paid, they ghost you. This is the 2nd time this has happened. You have to harass them to call you back. Very unprofessional. They maybe cheaper at first and helpful, but once you have paid and you need help, good luck.",,,,1,,AssistantDial 24/7 AI Receptionist — every call answered,calls_unanswered;followup_dropped,130,4.7,3
C,40.08,15.08,phoenix,Pronto Air Conditioning,+1 623-444-7996,http://www.prontoairconditioning.com,"3702 E Roeser Rd, Phoenix, AZ 85040, United States",,,,,,,,booking_friction,2,"They installed our air conditioning, but the heater didn't work. So we called them to please come fix it. They didn't come when they said they would. My parents tried asking 3 times on 3 different days and each time they said they'd come the next day but they never did. My family got charged for a service that Pronto Air couldn't even finish and refuse to finish.",,,,1,,AssistantDial Appointment Booking + Calendar Sync,booking_friction;delivery_quality,5,3.4,1
C,40.03,15.03,phoenix,Profound Heating and Air Conditioning,+1 602-341-9654,http://profoundheatingandairconditioning.com,,,,,,,,,booking_friction,2,"My warranty company sent them out to look at my air. First go around he says it was my damper so he fixed it so he come back the following week to check on the system. I had to reach out to him and see when he was going to come out, then had to cancel on me because he was doing another job and then finally made it out again late in the evening that week. Came back and said there’s nothing wrong with the system and he can’t fix anything he can’t see. I responded OK well my house is still hot. What am I supposed to do no response I reach out to my home warranty company, who said he had not submitted any type of paperwork so they cannot send another company out to my home at this time. My house is 82 they call him he doesn’t answer so they will continue reaching out to him but unfortunately they cannot do anything until they speak to him. What am I supposed to do because he’s not responding. So yesterday I had to call a company out and pay out of my pocket to have the problem fixed and which that technician found in five minutes. Finally, the warranty company was able to get in contact with him which he said he would come out today. He then text me and said you still need for me to come out I said no. I already corrected the problem yesterday I need for you to close out so that if I have any additional issues they can come out and fix it and  it already cost me over $600 yesterday. I said the technician that came out yesterday took him five minutes to find the problem he responds. That’s awesome you’re welcome for fixing your duct work . Which we did not ask him to do, he said that might be the problem why some rooms are hot. I was more then understanding when he canceled and showed up later in the week. He was unresponsive to me and my warranty company, didn’t submit his paperwork which resulted in me having to pay out of pocket to fix the problem he had plenty of time to submit the order because this was over a week  ago he was at my home and then to respond that way is unprofessional.",,,,2,,AssistantDial Appointment Booking + Calendar Sync,booking_friction;calls_unanswered,22,4.9,10
C,39.43,14.43,phoenix,a-zone air,+1 623-383-4640,,"7000 N Cotton Ln, Waddell, AZ 85355, United States",,,,,,,,calls_unanswered,2,"This company came out through my Home Warranty as my AC had went out. I made the call on July 28th, 2021. They came out on the 29th to service my unit. The technician seemed very thorough. He told me it appeared my grounding wire compressor had gone out and they were going to need to order it and it would take a minimum of 2 weeks to receive due to Covid. I paid him his service fee and he was to follow up with the home warranty company.

At the end of the following week, I called to get an update. It rang until the voicemail came on to tell me that the mailbox was full but I could send a text. I sent a text. They responded hours later and I inquired about my work order, I was told no movement had been made and the part hadn't even been ordered. We are in Arizona and we all know how hot it gets here and we were in a heat wave. Not to mention, I work from home so every day I was dealing with my house being 99 degrees, likely more because that's as high as the thermostat goes. I had to run out and borrow and buy some portable ac units to try and keep my son and I cool during this time.

I immediately contacted my home warranty company and they tried to call and follow up and got the message as well. She advised they had reached out several times to them for the diagnostic with no response. She immediately canceled them and dispatched Greenwood Air, LLC who was here the next day, was able to follow up the same day with the home warranty and had the part the next day. They even came out on a Saturday to get my air back working after hearing that I had been without an AC for 14 days!

Do not use A-Zone Air unless you want to be ripped off, call Greenwood Air!!",,,,1,,AssistantDial 24/7 AI Receptionist — every call answered,calls_unanswered;followup_dropped,69,4.7,5
C,38.75,13.75,phoenix,Tolin Mechanical,+1 602-232-5656,https://www.tolin.com,"4325 S 30th St Ste 100, Phoenix, AZ 85040, United States",,,,,,,,,0,,,,,,,,,2,1,2
C,38.75,13.75,phoenix,BACCO Mechanical Inc.,+1 480-847-0700,http://www.baccomechanical.com,"8541 E Anderson Dr Suite 108, Scottsdale, AZ 85255, United States",,,,,,,,,0,,,,,,,,,2,1,1
C,38.62,13.62,phoenix,HVAC Mirage Inc,+1 602-571-0449,https://www.hvacmirage.us,"3550 W Clarendon Ave #5, Phoenix, AZ 85019, United States",,,,,,,,calls_unanswered,2,"3550 Location
It's 4pm all lights are off, no sign why they are closed early and phone number says its disconnected.","Wish I could give them minus 5 stars.
Our AC broke down after 3 yrs, brought from this company
Since 2 months we try to get a new one under warranty. The worse part is that we don’t have an AC and with this heat in AZ. The problem is that they lost the warranty because the guy who sold it, isn’t working there anymore. That means that all the warranties he made got lost
The customer service is really bad, there are no words for.
I don’t recommend this company at all
Don’t buy an AC from them, they are worse with there administration.",,,1,1,AssistantDial 24/7 AI Receptionist — every call answered,calls_unanswered;followup_dropped,13,4.4,5
C,38.0,13.0,phoenix,Apache Junction Air Conditioner Repair,+1 480-207-2126,,,,,,,,,,,0,,,,,,,,,1,1,1
C,38.0,13.0,phoenix,Rojo Mechanic Service,+1 602-688-9416,,"710 N 91st Ave, Tolleson, AZ 85353, United States",,,,,,,,,0,,,,,,,,,1,1,1
C,38.0,13.0,phoenix,G & R Heating and Air Phoenixland,+1 480-240-9496,https://www.grheatingcooling.com/phoenix-hvac-services,,,,,,,,,,0,,,,,,,,,1,1,1
C,38.0,13.0,phoenix,Nunez Heating and Cooling,+1 602-844-5927,https://nunezheatingandcoolingaz.com,,,,,,,,,,0,,,,,,,,,1,1,1
C,38.0,13.0,phoenix,KMD Mechanical,+1 480-654-2050,,"3846 N 54th St, Mesa, AZ 85215, United States",,,,,,,,,0,,,,,,,,,1,1,1
C,38.0,13.0,phoenix,All Air Conditioning & Heating,+1 480-988-0070,,,,,,,,,,,0,,,,,,,,,1,1,0
C,37.81,12.81,phoenix,"Airpex Cooling, Heating and Plumbing, Inc.",+1 602-777-7841,https://www.airpexmechanical.com,"575 W Chandler Blvd #225, Chandler, AZ 85225, United States",,,,,,,,frontline_communication,2,"Our experience with this AC company involved extended delays and an unresolved repair over approximately 30 days in July/August of 2025. Multiple technicians were sent at different times, and each visit resulted in explanations that the prior work had not been completed correctly, without the issue being resolved.

One technician, Jeremiah, indicated he would be able to address the problem, but the repair ultimately remained incomplete. During a visit, damage occurred to the attic access opening.

At a later point, the owner came to the property. During this interaction, communication became unproductive, and the homeowner—my elderly mother—was not directly addressed. We were advised to pursue resolution through the home warranty company, as the AC company stated they had invested significant time and resources without reimbursement.

Due to the ongoing delays, lack of resolution, and the condition of the attic access, we decided to discontinue service and pursue an alternative solution. We hired another company, paid directly, they fixed the attic entry, and had a new unit installed.

This review reflects our personal experience.","UPDATED REVIEW!   My initial review for the repair I raved about Anthony. Jermani was the next technician who came out to make repairs he diagnosed after Anthony . Well the repairs DID NOT fix my HVAC problems and they persisted after I paid over $320 for those repairs. Jermani also made a HUGE mess inside my unit , and I know this because of the company I had to call  out immediately after they were done making those repairs I paid for. He left a Hanging capacitor, wires displaced everywhere, wires spliced and barely capped , I was finding caps and wire nuts in my backyard for days.  Extremely sloppy work.  I called the company to give them feedback and spoke with an office manager named Mer and that was 4 weeks ago . She assured she would get back to me to and I never heard back.  I ended up having another company come out , EVERSONS , and they actually made the proper diagnosis and repairs. They cleaned up the mess AIRPEX made and repaired the unit !

We appreciate the speedy and efficient  service today  !! Anthony was excellent! He did an extremely thorough job diagnosing our York . We will use this company for recommended work that will remedy a warm zone in the house.   Thank you Airpex Cooling 👏",,,1,1,AssistantDial AI Receptionist — consistent frontline,followup_dropped;frontline_communication,53,4.6,4
C,37.27,12.27,phoenix,Sunbelt Rentals Climate Control,+1 602-863-2470,https://www.sunbeltrentals.com/location/az/phoenix/hvac-dehumidification-rentals/737,"3832 E Roeser Rd, Phoenix, AZ 85040, United States",,,,,,,,booking_friction,2,"Only reason why I’m leaving a review is to save someone else from experiencing what I’ve experienced under the new owners Sunbelt. I’ve rented from A-Z multiple times over the past 10 years through multiple different companies and never had an issue. Always worked with Susan out of Chandler who is AMAZING!
Back in December I had to rent a forklift from them and I was forced to go in since I couldn’t get a quote online. Paid and signed for it and they said the only way they could do this is if I rented it for a whole week from Monday- Monday since they didn’t have flexibility with their deliveries that week. I agreed to that and took a loss with renting it for a week. Never got a receipt because the rep said they changed systems and they had issues with the new one sending out receipts. My rep in Phoenix was awesome and he agreed that the new system sucked! My event passes and 4 days after I get a call on Thursday asking if I was done using the forklift? I was like yeah, it was supposed to be picked up on Monday, the only day you allowed me to have pickup. The pickup driver said I had to schedule pickups when I was done using the equipment. I said what do you mean schedule a pickup when it was scheduled before I paid because it was the only day you allowed me to have pickup. Go to look at my credit card, they charged me 2 weeks of renting a fork lift I used 1 day. Everytime I call, I get hung up on or transferred. The only person who has offered to help is Susan and they are ignoring her emails now. They sent me Mark Krooks email and never got a response from him and I’m so done at this point. 4k down the drain because of their lack of customer care. Will never use them again!",,,,1,,AssistantDial Appointment Booking + Calendar Sync,billing_or_intake_errors;booking_friction,11,4.5,1
C,37.14,12.14,phoenix,Javi Air Conditioning,+1 480-625-0822,,"545 W Broadway Rd #104, Mesa, AZ 85210, United States",,,,,,,,booking_friction,1,I do not recommend this company.  It took him one month to come back to check out a problem with the new install. One room wasn’t getting any airflow to it; and we waited patiently because he stated he was busy due to summertime volume. …,,,,,,AssistantDial Appointment Booking + Calendar Sync,booking_friction,21,4,12
C,37.08,12.08,phoenix,Castle Air,+1 602-653-8943,,"26052 W Matthew Dr, Buckeye, AZ 85396, United States",,,,,,,,,0,,,,,,,,,2,1.5,1
C,36.78,11.78,phoenix,Authority HVAC,+1 602-344-4444,http://www.authorityhvac.com,"1438 W Broadway Rd Ste 211, Tempe, AZ 85282, United States",,,,,,,,,0,,,,,,,,,13,2.2,10
C,36.66,11.66,phoenix,DB Air Conditioning,+1 602-899-0061,https://www.dbairconditioningllc.com,,,,,,,,,calls_unanswered,1,"Booked them through house warranty company. Refused to pick up our call or call back today regarding ongoing AC issues, no reassurance of resolution, took 2 people and 3 trips to take a look. Inexperienced technician needed to call superior …",,,,,,AssistantDial 24/7 AI Receptionist — every call answered,calls_unanswered,46,4.4,2
C,36.45,11.45,phoenix,Dr Appliance,+1 480-666-8906,http://www.drappliance.com/scottsdale,"3260 Hayden Rd Ste 210, Scottsdale, AZ 85251, United States",,,,,,,,,0,,,,,,,,,13,2.3,11
C,36.31,11.31,phoenix,"Alvarado's Heating and Cooling, Avondale",+1 602-571-5897,https://www.alvaradosheating-cooling.com,"2101 S 109th Ave, Avondale, AZ 85323, United States",,,,,,,,calls_unanswered,1,"My HVAC has been serviced by a another company due to their “military friendly” status. After I noticed that my emergency drain pipe was leaking, I called them right away and send numerous emails. 3 days went by and still no response; I …",,,,,,AssistantDial 24/7 AI Receptionist — every call answered,calls_unanswered,114,4.8,2
C,36.24,11.24,phoenix,Right Brothers Truck Repair,+1 602-881-9705,,"11435 West Buckeye Road St.213 2510 W Northern Ave, Phoenix, AZ 85051, Avondale, AZ 85323, United States",,,,,,,,,0,,,,,,,,,27,2.6,20
C,36.18,11.18,phoenix,Elements of AC & Heating,+1 602-217-2718,,"6348 W El Cortez Pl, Phoenix, AZ 85083, United States",,,,,,,,,0,,,,,,,,,4,2,3
C,36.03,11.03,phoenix,Dean Family Service Air Conditioning and Heating,+1 602-466-3790,http://www.deanac.com,,,,,,,,,,0,,,,,,,,,30,2.7,25
C,36.03,11.03,phoenix,Rustling Bird AC & Heating,+1 602-926-7291,https://www.rustlingair.com,,,,,,,,,calls_unanswered,1,Vary bed work try to call no answer i naver recommend any One to use this company file:///var/mobile/Library/SMS/Attachments/78/08/C081F5C3-4D6C-4D39-8104-D13EC0046E99/IMG_2185.HEIC,,,,1,,AssistantDial 24/7 AI Receptionist — every call answered,calls_unanswered,3,3.7,1
C,35.92,10.92,phoenix,Ontario refrigeration Services Inc,+1 480-350-1200,http://ontariorefrigeration.com,"5824 S 25th St, Phoenix, AZ 85040, United States",,,,,,,,followup_dropped,1,Tried for 2 weeks to get a call back just for a quote. Guess they don’t need the business!  Moving on…,,,,,,AssistantDial Call Summaries + Auto Contact Creation,followup_dropped,20,3.6,11
C,35.87,10.87,phoenix,A/C Service,+1 602-276-0203,,"702 E Broadway Rd, Phoenix, AZ 85040, United States",,,,,,,,service_quality_in_session,2,"I took my truck for an alignment. When I drove off, the truck was pulling to the right, and the steering wheel wasn't straight. I called and told them what was going on and took it in the next morning. The mechanic drove the truck and told me that my tires were causing the issue. They didn't put the truck back on their alignment machine to check their work. I took it to another shop, and they performed the alignment correctly.",It's a big  red white guy with glasses and a beard in there he's try to overprice me for my AC check I do believe it's  $38 he overcharged my card $85 and then he told me my AC diagnosis was a hose leak so I knew something was fishy when …,,,1,,AssistantDial demo line,billing_or_intake_errors;service_quality_in_session,48,4.4,33
C,35.61,10.61,phoenix,One Stop Home Services,+1 480-361-7512,,"1660 N Rosemont, Mesa, AZ 85205, United States",,,,,,,,,0,,,,,,,,,6,2.3,2
C,35.44,10.44,phoenix,Goodman Distribution,+1 480-448-3811,http://www.goodmanmfg.com,"2150 S Douglas Dr, Chandler, AZ 85286, United States",,,,,,,,calls_unanswered,1,"I have been on hold for about 30 mins. Every time I call, I am put on hold for a while, and eventually they hang up on me. I have been through this cycle 4 times now. This type of thing happens often with all Goodman locations, not just this one.",,,,1,,AssistantDial 24/7 AI Receptionist — every call answered,calls_unanswered,15,4.4,6
C,35.34,10.34,phoenix,J and R A/C Services LLC,+1 602-316-4944,,"6719 W Thomas Rd, Phoenix, AZ 85033, United States",,,,,,,,calls_unanswered,1,They don't show up when they say they're going to. They don't answer their phone or texts,,,,1,,AssistantDial 24/7 AI Receptionist — every call answered,calls_unanswered,4,4,2
C,35.22,10.22,phoenix,Polar Bear Heating And Air Conditioning LLC,+1 623-760-6798,https://www.polarbearheatingandairllc.com,"10318 W Roanoke Ave, Avondale, AZ 85392, United States",,,,,,,,calls_unanswered,1,"Very unprofessional we set an appoitment for this afternoon around 3:30 we called to make sure everything was still good,no answer we called several more times untill 6 but still no answer just a personal voicemail. They ended up leaving us high and dry without even a call to let us know the tech would not make it. If you want a flaky hvac repair guy that wont answer your calls and might show up well this is the right company for you.",,,,1,,AssistantDial 24/7 AI Receptionist — every call answered,calls_unanswered,9,4.3,2
C,35.09,10.09,phoenix,Major Appliance Parts,+1 602-547-0870,,"4217 W Bell Rd, Phoenix, AZ 85053, United States",,,,,,,,,0,,,,,,,,,201,3.6,36
C,34.86,9.86,phoenix,Solis A/C & Heating Services LLC,+1 480-228-0886,http://www.solisacandheating.com,,,,,,,,,,0,,,,,,,,,3,2.3,0
C,34.82,9.82,phoenix,Canam Steel Corporation,+1 623-386-1900,https://cscsteelusa.com,"22253 W Southern Ave, Buckeye, AZ 85326, United States",,,,,,,,,0,,,,,,,,,25,3,13
C,34.74,9.74,phoenix,"Bell Air Conditioning, LLC.",+1 623-748-3324,http://www.bellairconditioningaz.com,"18700 N 107th Ave #30, Sun City, AZ 85373, United States",,,,,,,,,0,,,,,,,,,7868,4.9,2
C,34.67,9.67,phoenix,Pat's Air Conditioning & Heating LLC,+1 623-386-4061,,"26103 W MC 85, Buckeye, AZ 85326, United States",,,,,,,,,0,,,,,,,,,1,2,1
C,34.34,9.34,phoenix,RKS Plumbing & Mechanical,+1 602-996-1866,http://www.rksplumbing.com,"23659 N 35th Dr, Glendale, AZ 85310, United States",,,,,,,,,0,,,,,,,,,40,3.3,21
C,34.28,9.28,phoenix,"Alliance Plumbing Service & Repair, LLC",+1 480-633-3020,http://www.allianceplumbingaz.com,"2626 E Elwood St, Phoenix, AZ 85040, United States",,,,,,,,,0,,,,,,,,,176,3.8,25
C,34.26,9.26,phoenix,Auto Repair Angel - Mobile Auto Repair Service,+1 602-919-8923,http://www.autorepairangel.com,"Gilbert, AZ 85297, United States",,,,,,,,,0,,,,,,,,,93,3.6,4
C,34.18,9.18,phoenix,NEW VISION AC LLC,+1 602-571-3401,,,,,,,,,,booking_friction,1,"I had a great experience with Gabriel on our house. He was professional and took care of our issue quickly. Beyond that, I used him on several of my projects. He was responsive at first but then became flaky and unresponsive. There have been multiple times that he has set up an appointment and did not show up. I do not recommend him as he is not reliable.",,,,1,,AssistantDial Appointment Booking + Calendar Sync,booking_friction,16,4.8,9
C,34.12,9.12,phoenix,Chandler Lg Repair,+1 480-428-8236,,,,,,,,,,,0,,,,,,,,,13,3,8
C,34.09,9.09,phoenix,Crispy Air and Heating Inc,+1 480-290-2700,https://crispyairinc.com,"3420 E Broadway Rd, Phoenix, AZ 85040, United States",,,,,,,,,0,,,,,,,,,935,4.4,2
C,34.06,9.06,phoenix,4A/CC-B & D LLC,+1 602-795-4405,,"10326 W Foothill Dr, Peoria, AZ 85383, United States",,,,,,,,,0,,,,,,,,,31,3.3,23
C,34.04,9.04,phoenix,Bumble Bee Home Services,+1 623-404-2566,https://bumblebeeplumbingaz.com,"7600 N 71st Ave, Glendale, AZ 85303, United States",,,,,,,,,0,,,,,,,,,4146,4.9,2
C,33.95,8.95,phoenix,Emergency Roadside Truck and Trailer Repair,+1 480-932-4860,https://www.emergencyroadsidetruckphoenix.com,"3241 W Yuma St, Phoenix, AZ 85009, United States",,,,,,,,,0,,,,,,,,,604,4.3,56
C,33.89,8.89,phoenix,"Good Works Auto Repair, LLC",+1 480-658-2172,https://goodworksautorepair.com,"2348 E Broadway Rd, Tempe, AZ 85282, United States",,,,,,,,,0,,,,,,,,,774,4.4,2
C,33.86,8.86,phoenix,True Blue Automotive,+1 623-972-5823,http://www.trueblueautomotive.com,"10111 N El Mirage Rd #9, El Mirage, AZ 85335, United States",,,,,,,,,0,,,,,,,,,221,4,13
C,33.79,8.79,phoenix,Big Brand Tire & Service,+1 623-281-3754,https://www.bigbrandtire.com/locations/goodyear-az?store_number=3013,"800 N Dysart Rd, Goodyear, AZ 85338, United States",,,,,,,,,0,,,,,,,,,1310,4.6,3
C,33.79,8.79,phoenix,Goodyear Auto Service,+1 623-536-0613,https://www.goodyear.com/en-us/goodyearautoservice,"12902 W Indian School Rd, Litchfield Park, AZ 85340, United States",,,,,,,,,0,,,,,,,,,207,4,5
C,33.7,8.7,phoenix,Diamond AC and Heating,+1 602-753-5375,https://www.diamondacandheating.com,"20801 N 19th Ave #1, Phoenix, AZ 85027, United States",,,,,,,,,0,,,,,,,,,653,4.4,3
C,33.7,8.7,phoenix,Just Better Air Conditioning and Heating LLC,+1 480-631-9418,https://justbetterair.com,"835 W 22nd St #101, Tempe, AZ 85282, United States",,,,,,,,,0,,,,,,,,,2228,4.8,2
C,33.69,8.69,phoenix,Iceman Cooling and Heating,+1 480-466-4921,,"7721 E Gray Rd Unit 201, Scottsdale, AZ 85260, United States",,,,,,,,,0,,,,,,,,,189,4,7
C,33.59,8.59,phoenix,"Patrick Riley | Isley's Cooling, Heating, Plumbing, & Electrical",+1 602-638-2465,https://patrickrileyservices.com,"1850 E Watkins St, Phoenix, AZ 85034, United States",,,,,,,,,0,,,,,,,,,1478,4.7,2
C,33.57,8.57,phoenix,Duran Ac,+1 602-768-2302,,"1922 N 25th Dr, Phoenix, AZ 85009, United States",,,,,,,,billing_or_intake_errors,1,"If I could give less stars I would .
! Be careful ! They will tell you one price over the phone and a complete other once the work is done !!!  They don’t give you anything about what they are charging you and tell you that’s just the way it is .... I will never ever go back and I hope you don’t either !",,,,1,,AssistantDial structured call intake,billing_or_intake_errors,23,4.1,9
C,33.53,8.53,phoenix,CT Power & Iceberg Enterprises,+1 623-907-9300,http://www.ctpower.com,"802 S 70th Ave, Phoenix, AZ 85043, United States",,,,,,,,,0,,,,,,,,,163,4,63
C,33.53,8.53,phoenix,M K Mechanical Inc,+1 623-934-4300,https://mkmechanicalinc.com,,,,,,,,,,0,,,,,,,,,3,2.7,0
C,33.49,8.49,phoenix,Adair Plumbing,+1 480-827-1162,,,,,,,,,,,0,,,,,,,,,34,3.5,24
C,33.48,8.48,phoenix,Same Day Air Repair,+1 602-571-1728,https://samedayairrepair.com,"1006 W Adams St, Phoenix, AZ 85007, United States",,,,,,,,,0,,,,,,,,,1824,4.8,3
C,33.47,8.47,phoenix,"Valley Heating, Cooling & Appliances",+1 480-649-0000,https://www.azvalleyservices.com,"535 W Iron Ave #130, Mesa, AZ 85210, United States",,,,,,,,,0,,,,,,,,,1793,4.8,53
C,33.43,8.43,phoenix,HOWLAIR Air Conditioning & Heating HVAC,+1 480-297-1064,https://www.howlairscottsdale.com,"6914 E Grandview Dr, Scottsdale, AZ 85254, United States",,,,,,,,frontline_communication,1,"Owner/employee is repairing my neighbors a/c unit.  They place their ladder in my driveway and enter her roof via my roof (we are flat roofed attached historically landmarked townhomes).
Their ladder damages the stucco facade on my house.  They never knocked on my door for permission to place their ladder on my house.  And they never contacted me to inform me of damage to my property.
When I finally made contact w owner, John, he laughed because I was upset at their lack of care/concern for damaged property.
When you have multiple choices for HVAC companies, I would never recommend this company.  The owner has zero customer service skills.  His immaturely to take responsibility for his mistakes speaks volumes.",,,,1,,AssistantDial AI Receptionist — consistent frontline,frontline_communication,51,4.9,13
C,33.41,8.41,phoenix,"Austin Companies, LLC",+1 623-773-2600,http://www.austinelectricservices.com,"7867 N 106th Ave, Glendale, AZ 85307, United States",,,,,,,,,0,,,,,,,,,79,3.8,36
C,33.39,8.39,phoenix,Daniels Total Car Care,+1 623-873-0949,https://www.danielstotalcarcare.com,"500 N Bullard Ave Ste 26, Goodyear, AZ 85338, United States",,,,,,,,,0,,,,,,,,,195,4.1,5
C,33.33,8.33,phoenix,Right Brothers Truck Repair,+1 602-881-9705,,"Avondale, AZ 85323, United States",,,,,,,,,0,,,,,,,,,100,3.9,73
C,33.3,8.3,phoenix,Affordable AC & Auto Repair,+1 602-272-8001,http://affordable-repair-phoenix.keeq.io,"2834 W Van Buren St #4901, Phoenix, AZ 85009, United States",,,,,,,,,0,,,,,,,,,97,3.9,64
C,33.29,8.29,phoenix,Sammy's Auto Service,+1 623-846-2245,,"4030 N 75th Ave, Phoenix, AZ 85033, United States",,,,,,,,,0,,,,,,,,,242,4.2,54
C,33.28,8.28,phoenix,"Ground Zero Plumbing, AC and Electrical - Chandler",+1 480-448-0603,https://www.groundzeroplumbingac.com,"17 S Roosevelt Ave, Chandler, AZ 85226, United States",,,,,,,,,0,,,,,,,,,2064,4.9,2
C,33.28,8.28,phoenix,A-Z Gilbert Cleaners,+1 480-530-9279,,"4785 E Queen Creek Rd, Gilbert, AZ 85297, United States",,,,,,,,,0,,,,,,,,,6,3,3
C,33.25,8.25,phoenix,A Quality HVAC and Plumbing Services LLC,+1 623-257-5406,https://aqualityhvac.org,"520 N Bullard Ave #43, Goodyear, AZ 85338, United States",,,,,,,,,0,,,,,,,,,1994,4.9,2
C,33.25,8.25,phoenix,Copper Tree Mechanical,+1 480-677-1138,,"360 W Yellowstone Way, Chandler, AZ 85248, United States",,,,,,,,frontline_communication,1,"This contractor(?) tried to charge $800 for his company to pickup the unit from his supplier, which my husband disputed the amount, not the charge. Then when my husband reached out to him for a repair he said he has my husband listed as a “POS” in his phone, not professional verbiage.",,,,1,,AssistantDial AI Receptionist — consistent frontline,frontline_communication,5,4.2,1
C,33.23,8.23,phoenix,Bucksworth Home Services,+1 480-422-8388,https://www.getyourbucksworth.com,"2073 W Houston Ave Suite 101, Apache Junction, AZ 85120, United States",,,,,,,,,0,,,,,,,,,1964,4.9,2
C,33.18,8.18,phoenix,Larson Air Conditioning,+1 480-470-1280,https://www.larsonairaz.com,"7363 E Adobe Dr Ste 101, Scottsdale, AZ 85255, United States",,,,,,,,,0,,,,,,,,,1858,4.9,2
C,33.18,8.18,phoenix,We-Fix-It Auto Repair,+1 480-637-0804,https://wefixitautorepair.com,"2700 N Scottsdale Rd, Tempe, AZ 85288, United States",,,,,,,,,0,,,,,,,,,1372,4.8,4
C,33.12,8.12,phoenix,Millennium Auto Repair,+1 602-277-0601,https://millenniumautorepairaz.com,"1843 West Campbell Ave, Phoenix, AZ 85015, United States",,,,,,,,,0,,,,,,,,,710,4.6,7
C,33.12,8.12,phoenix,Independent Air Heating & Cooling Inc.,+1 623-223-4046,,"34419 W Wood St, Tonopah, AZ 85354, United States",,,,,,,,frontline_communication,1,"Useless...Came out, checked the unit. Said everything looks good here. Told my rental company the same. Not once did anyone reach out and actually ask what's going on, what's the unit doing or not doing.",,,,1,,AssistantDial AI Receptionist — consistent frontline,frontline_communication,38,4.9,27
C,33.09,8.09,phoenix,Elite Auto Repair,+1 480-893-6884,https://eliteautorepairtempe.com,"8139 S Priest Dr #108, Tempe, AZ 85284, United States",,,,,,,,,0,,,,,,,,,684,4.6,5
C,33.09,8.09,phoenix,Sonoran Mechanical Systems,+1 480-581-7346,http://www.sonoranmechanical.com,"7902 W Gold Dust Ave, Peoria, AZ 85345, United States",,,,,,,,,0,,,,,,,,,148,4.1,52
C,33.08,8.08,phoenix,Affordable Comfort LLC,+1 602-574-1205,https://www.affordablecomfortaz.com,"18402 N 19th Ave, Phoenix, AZ 85023, United States",,,,,,,,,0,,,,,,,,,200,4.2,14
C,33.08,8.08,phoenix,Friendly Auto Centers,+1 480-830-9377,https://www.friendlyautocenters.com,"5026 E Main St #25, Mesa, AZ 85205, United States",,,,,,,,,0,,,,,,,,,1247,4.8,2
C,33.07,8.07,phoenix,Stapley Car Care,+1 480-526-9223,http://www.stapleycarcare.com,"95 N Dobson Rd, Chandler, AZ 85224, United States",,,,,,,,,0,,,,,,,,,1244,4.8,2
C,33.06,8.06,phoenix,911 Air Repair,+1 480-360-1234,https://www.911-ac.com,"19756 N John Wayne Pkwy #106, Maricopa, AZ 85139, United States",,,,,,,,,0,,,,,,,,,1672,4.9,12
C,33.04,8.04,phoenix,Adrian's Auto Repair,+1 602-772-8112,http://adrians-auto-reapair.keeq.io,"325 E Broadway Rd, Phoenix, AZ 85040, United States",,,,,,,,,0,,,,,,,,,141,4.1,75
C,33.03,8.03,phoenix,Reddi Services,+1 602-789-3910,https://www.reddiservices.com,"12268 92nd Dr, Peoria, AZ 85381, United States",,,,,,,,,0,,,,,,,,,1633,4.9,2
C,33.03,8.03,phoenix,Victor's A/C,+1 623-205-0230,,"6701 N 58th Dr, Glendale, AZ 85301, United States",,,,,,,,,0,,,,,,,,,12,3.3,9
C,33.01,8.01,phoenix,FOR Energy,+1 480-300-8517,http://www.forenergy.com,"4630 E Elwood St #9, Phoenix, AZ 85040, United States",,,,,,,,,0,,,,,,,,,1171,4.8,2
C,32.99,7.99,phoenix,TGK Automotive,+1 623-253-6206,https://www.tgkauto.com/locations/az/chandler/auto-repair-6835-w-chandler-blvd,"6835 W Chandler Blvd, Chandler, AZ 85226, United States",,,,,,,,,0,,,,,,,,,1160,4.8,3
C,32.96,7.96,phoenix,Autumn Air Heating & Cooling,+1 602-266-5247,http://www.callautumn.com,"12409 W Indian School Rd Ste C307, Avondale, AZ 85392, United States",,,,,,,,,0,,,,,,,,,1528,4.9,2
C,32.95,7.95,phoenix,HOFFMAN REFRIGERATION,+1 602-953-1234,,"1410 E Tierra Buena Ln, Phoenix, AZ 85022, United States",,,,,,,,,0,,,,,,,,,28,3.6,18
C,32.94,7.94,phoenix,True Fix Warranty Center,+1 602-262-3783,,"4434 W Glendale Ave suite b, Glendale, AZ 85301, United States",,,,,,,,,0,,,,,,,,,95,4,7
C,32.9,7.9,phoenix,Ideal Air Conditioning and Insulation,+1 480-573-7604,https://www.idealairaz.com,"4127 E University Dr, Phoenix, AZ 85034, United States",,,,,,,,,0,,,,,,,,,1441,4.9,2
C,32.89,7.89,phoenix,HACI Mechanical Contractors Inc,+1 602-944-1555,https://hacimechanical.com,"2108 W Shangri La Rd, Phoenix, AZ 85029, United States",,,,,,,,,0,,,,,,,,,36,3.7,15
C,32.88,7.88,phoenix,Hansen Family Plumbing & Air,+1 602-805-4836,https://hansenfamilyplumbing.com,"535 W Iron Ave #104, Mesa, AZ 85210, United States",,,,,,,,,0,,,,,,,,,1427,4.9,2
C,32.88,7.88,phoenix,Ino's Auto Services,+1 623-478-0113,,"106 S 91st Ave, Tolleson, AZ 85353, United States",,,,,,,,,0,,,,,,,,,90,4,64
C,32.88,7.88,phoenix,Zest Plumbing & Drain,+1 480-718-7075,https://callzestplumbing.com,"16445 N 91st St #107, Scottsdale, AZ 85260, United States",,,,,,,,,0,,,,,,,,,1417,4.9,2
C,32.84,7.84,phoenix,Your neighborhood a/c man,+1 602-399-3388,,"3128 E Villa Rita Dr, Phoenix, AZ 85032, United States",,,,,,,,,0,,,,,,,,,4,3,2
C,32.84,7.84,phoenix,3A Automotive & Diesel Repair,+1 602-704-5658,https://www.3aautorepair.com,"1539 W Hatcher Rd, Phoenix, AZ 85021, United States",,,,,,,,,0,,,,,,,,,741,4.7,4
C,32.83,7.83,phoenix,Scottsdale European Service,+1 480-473-4722,https://scottsdaleeuropeanservice.com,"7279 E Adobe Dr Suite 110, Scottsdale, AZ 85255, United States",,,,,,,,,0,,,,,,,,,1364,5,3
C,32.83,7.83,phoenix,"Silver State Refrigeration, HVAC & Plumbing",+1 480-401-5090,https://silverstate.com/service-areas/phoenix-az,"23021 N 15th Ave #102, Phoenix, AZ 85027, United States",,,,,,,,,0,,,,,,,,,10,3.3,5
C,32.8,7.8,phoenix,Glendale Auto Electric and Mechanical,+1 623-463-6305,,"6825 N 54th Dr, Glendale, AZ 85301, United States",,,,,,,,,0,,,,,,,,,45,3.8,6
C,32.76,7.76,phoenix,Spectrum Car Care,+1 480-535-4056,https://www.spectrumautogilbert.com,"2341 S Val Vista Dr, Gilbert, AZ 85295, United States",,,,,,,,,0,,,,,,,,,1266,4.9,2
C,32.76,7.76,phoenix,Faucet Doctor Plumbing and HVAC Services,+1 623-214-7161,https://www.faucetdoctorplumbingaz.com,"28214 N 168th Ave, Surprise, AZ 85387, United States",,,,,,,,,0,,,,,,,,,1269,4.9,2
C,32.75,7.75,phoenix,Home Comfort Repair LLC,+1 602-918-4476,,,,,,,,,,,0,,,,,,,,,43,3.8,31
C,32.74,7.74,phoenix,Custom Air Design,+1 623-487-3990,http://customairdesigninc.com,"9299 W Olive Ave Ste 108, Peoria, AZ 85345, United States",,,,,,,,,0,,,,,,,,,17,3.5,8
C,32.72,7.72,phoenix,Tempe Auto Repair,+1 480-967-1476,http://tempeauto.repair,"321 W Southern Ave, Tempe, AZ 85282, United States",,,,,,,,,0,,,,,,,,,265,4.4,3
C,32.72,7.72,phoenix,Virginia Auto Service,+1 602-691-4987,https://virginiaautoservice.com,"386 E Virginia Ave, Phoenix, AZ 85004, United States",,,,,,,,,0,,,,,,,,,660,4.7,3
C,32.71,7.71,phoenix,Donley A/C & Plumbing,+1 602-529-1357,https://www.donleyservice.com,"11062 N 24th Ave, Phoenix, AZ 85029, United States",,,,,,,,,0,,,,,,,,,1208,4.9,5
C,32.68,7.68,phoenix,Spencer Auto Repair,+1 480-722-1700,http://www.spencerautorepair.com,"1270 W Chandler Blvd, Chandler, AZ 85224, United States",,,,,,,,,0,,,,,,,,,471,4.6,3
C,32.68,7.68,phoenix,Mike's Auto Repair,+1 602-265-9928,http://www.mikesautorepairphoenix.com,"1302 E Indian School Rd, Phoenix, AZ 85014, United States",,,,,,,,,0,,,,,,,,,188,4.3,13
C,32.65,7.65,phoenix,JW Auto Care,+1 480-947-4687,http://jwautocare.com,"3011 N 73rd St #101, Scottsdale, AZ 85251, United States",,,,,,,,,0,,,,,,,,,844,4.8,2
C,32.65,7.65,phoenix,Coyote Tire,+1 623-536-9974,https://coyotetire.com,"13127 W Glendale Ave, Glendale, AZ 85307, United States",,,,,,,,,0,,,,,,,,,619,4.7,3
C,32.64,7.64,phoenix,Meadow Air Heating Cooling,+1 602-799-4138,http://meadowair.com,,,,,,,,,,0,,,,,,,,,841,4.8,12
C,32.64,7.64,phoenix,Hillside Appliance Services,+1 480-602-0599,https://hillsideappliancerepair.com,,,,,,,,,,0,,,,,,,,,835,4.8,14
C,32.63,7.63,phoenix,Litchfield Auto Repair,+1 623-882-8700,http://www.litchfieldauto.net,"671 N 137th Ave Ste 106, Goodyear, AZ 85338, United States",,,,,,,,,0,,,,,,,,,610,4.7,2
C,32.62,7.62,phoenix,"Maloney Plumbing & Drain Services in Phoenix, AZ",+1 602-671-3617,https://www.maloneyplumbing.com,"9119 N 7th St Ste 201, Phoenix, AZ 85020, United States",,,,,,,,,0,,,,,,,,,1120,4.9,2
C,32.59,7.59,phoenix,T N HVAC Services Inc,+1 602-246-7748,,"4546 N 19th Ave, Phoenix, AZ 85015, United States",,,,,,,,,0,,,,,,,,,8,3.3,4
C,32.58,7.58,phoenix,24 Hour Flood Pros of Arizona,+1 480-738-9624,https://www.24hourfloodpros.com,"1710 E Germann Rd, Chandler, AZ 85286, United States",,,,,,,,,0,,,,,,,,,1082,4.9,3
C,32.58,7.58,phoenix,KAOLO A/C & PLUMBING LLC,+1 480-658-9348,,,,,,,,,,followup_dropped,1,"Eric came out to provide a quote for a new AC to replace a unit that has a leak and was not functioning properly. We decided to go with a 4 ton American Standard 2 stage gas horizontal split. Unfortunately, after we negotiated a final install price, the day prior to installing the unit he informed me that it was not in stock to install next day, but we could reserve it for a few weeks out, if needed. However, he did say he could install a 2 stage Rheem model on time as it was in stock. The next morning he calls and advises the price was going to be more expensive due to the 3.5 ton Rheem getting reserved by someone else so he had to go with a 4 ton. We had a disagreement on pricing based on what was previously discussed, but Eric agreed that he would still honor our deal and that he and an employee would be at my house in an hour. Eric never showed up for the job and has not called, texted, or message me back. Despite several attempts to find out what was going on, he has yet to reply or reach out to me. The install was scheduled for Friday and Eric knew our AC was not working. We had to endure extreme temps indoors while waiting to see what was going on. Since we never heard back, we then had to contact help over the weekend to get our AC to cool out house until we can get a new one installed.

So, now we are still sitting here waiting on other companies to come out to give us their estimates, and Kaola AC Repair and Plumbing has yet to speak with us. This is not professional and it has put us in a position where we had to pay emergency AC contractor to come out for a weekend repair to our existing AC to get us by. No words can truly express hiw dumbfounded we are that a company conducts business this way and treats their customers so inadequately. Cowards.",,,,1,,AssistantDial Call Summaries + Auto Contact Creation,followup_dropped,20,4.6,10
C,32.58,7.58,phoenix,Queen Creek Complete Auto Repair,+1 480-520-0901,http://queencreekauto.com,"20725 E Ocotillo Rd, Queen Creek, AZ 85142, United States",,,,,,,,,0,,,,,,,,,125,4.2,64
C,32.57,7.57,phoenix,Champs Family Automotive Goodyear,+1 623-882-8200,https://champsfamilyautomotive.com/champs-az-goodyear-location,"14030 W Van Buren St, Goodyear, AZ 85338, United States",,,,,,,,,0,,,,,,,,,422,4.6,4
C,32.55,7.55,phoenix,Joe's Auto - Surprise,+1 623-546-5522,https://www.joesautoaz.com/auto-repair/surprise-az,"13427 W Westgate Dr, Surprise, AZ 85378, United States",,,,,,,,,0,,,,,,,,,226,4.4,24
C,32.54,7.54,phoenix,Way Cool Plumbing & Air,+1 480-462-3843,http://www.callwaycool.com,"2328 E Van Buren St Ste 121, Phoenix, AZ 85006, United States",,,,,,,,,0,,,,,,,,,767,4.8,2
C,32.54,7.54,phoenix,Phoenix Roofing & Repair,+1 602-497-0154,https://phoenixroofingandrepair.com,"301 E Bethany Home Rd A-121, Phoenix, AZ 85012, United States",,,,,,,,,0,,,,,,,,,1040,4.9,5
C,32.52,7.52,phoenix,"Air Care Cooling, Heating and Plumbing",+1 480-238-2273,https://aircareaz.com,"1815 W 1st Ave #137, Mesa, AZ 85202, United States",,,,,,,,,0,,,,,,,,,751,4.8,3
C,32.52,7.52,phoenix,EōS Fitness,+1 480-646-4944,https://www.eosfitness.com/gym/scottsdale-n-frank-lloyd-wright-blvd-e-via-linda,"11275 E Vía Linda, Scottsdale, AZ 85259, United States",,,,,,,,,0,,,,,,,,,408,4.6,3
C,32.48,7.48,phoenix,Reliance Heating & Air Conditioning,+1 602-607-2150,https://www.relianceac.com,"302 W Lone Cactus Dr, Phoenix, AZ 85027, United States",,,,,,,,,0,,,,,,,,,976,5,2
C,32.47,7.47,phoenix,"Angel Air Cooling & Heating, LLC",+1 480-298-0353,http://www.angelaircooling.com,"20427 E Ocotillo Rd, Queen Creek, AZ 85142, United States",,,,,,,,,0,,,,,,,,,970,4.9,2
C,32.47,7.47,phoenix,AAPAK,+1 602-254-1116,http://www.aapak.com,"1426 N 27th Ln, Phoenix, AZ 85009, United States",,,,,,,,,0,,,,,,,,,385,4.6,52
C,32.47,7.47,phoenix,Central Car Care,+1 602-905-7773,https://www.centralcarcareaz.com,"301 E Dunlap Ave, Phoenix, AZ 85020, United States",,,,,,,,,0,,,,,,,,,970,4.9,2
C,32.46,7.46,phoenix,Everest Air LLC,+1 480-828-2705,https://everestairaz.com,"1455 E University Dr, Mesa, AZ 85203, United States",,,,,,,,,0,,,,,,,,,966,4.9,2
C,32.45,7.45,phoenix,Kennedy Air,+1 623-215-8106,https://kennedyairaz.com,"16236 N 32nd St, Phoenix, AZ 85032, United States",,,,,,,,,0,,,,,,,,,7,3.3,3
C,32.43,7.43,phoenix,AZ Auto Air,+1 480-464-1100,https://www.azautoair.com,"7425 S Harl Ave #5, Tempe, AZ 85283, United States",,,,,,,,,0,,,,,,,,,940,4.9,14
C,32.42,7.42,phoenix,"Singh Truck, Trailer and Tire Services",+1 602-520-4740,,"355 S 83rd Ave, Tolleson, AZ 85353, United States",,,,,,,,,0,,,,,,,,,273,4.5,3
C,32.41,7.41,phoenix,Honest Air Care and Home Services,+1 602-772-6090,http://www.honestaircare.com,,,,,,,,,,0,,,,,,,,,23,3.7,12
C,32.4,7.4,phoenix,Anthony James Air Conditioning & Heating,+1 623-556-3852,http://www.anthonyjamesair.com,"8748 W Pinnacle Peak Rd, Peoria, AZ 85383, United States",,,,,,,,,0,,,,,,,,,910,4.9,2
C,32.4,7.4,phoenix,Discount Brake Tune & Lube,+1 602-667-3400,https://phoenixautorepair.com,"4144 E Thomas Rd, Phoenix, AZ 85018, United States",,,,,,,,,0,,,,,,,,,493,4.7,54
C,32.38,7.38,phoenix,The HVAC Company,+1 480-687-8081,http://www.thehvaccompany.net,"2450 W Broadway Rd #105, Mesa, AZ 85202, United States",,,,,,,,,0,,,,,,,,,9,3.4,3
C,32.37,7.37,phoenix,Massey's Diesel & RV Repair,+1 602-233-1700,,"1417 S 59th Ave, Phoenix, AZ 85043, United States",,,,,,,,,0,,,,,,,,,76,4.1,6
C,32.33,7.33,phoenix,Arizona TradeMasters,+1 602-324-1840,https://www.aztrademasters.com,"9417 N 11th Ave, Phoenix, AZ 85021, United States",,,,,,,,,0,,,,,,,,,342,4.6,2
C,32.32,7.32,phoenix,CarLife Scottsdale Auto Repair,+1 480-270-5930,http://www.carlifeautocare.com/service-locations/carlife-scottsdale,"8830 E E Talking Stick Wy, Scottsdale, AZ 85250, United States",,,,,,,,,0,,,,,,,,,625,4.8,2
C,32.32,7.32,phoenix,Jiffy Lube,+1 480-391-2235,https://www.jiffylube.com/locations/az/scottsdale/1667,"11243 E Vía Linda, Scottsdale, AZ 85259, United States",,,,,,,,,0,,,,,,,,,622,4.8,12
C,32.28,7.28,phoenix,OOROO Auto - Queen Creek,+1 480-655-6101,https://oorooauto.com/auto-repair-shops/queen-creek,"18705 E Business Park Dr, Queen Creek, AZ 85142, United States",,,,,,,,,0,,,,,,,,,326,4.6,2
C,32.27,7.27,phoenix,Evans Air Conditioning & Heating,+1 480-464-2665,http://evans-air.com,"107 E Palo Verde St, Gilbert, AZ 85296, United States",,,,,,,,,0,,,,,,,,,807,5,22
C,32.27,7.27,phoenix,JMAC Heating & Cooling,+1 602-279-2665,http://www.crycool.com,"1843 S Old Greenfield Rd, Mesa, AZ 85206, United States",,,,,,,,,0,,,,,,,,,805,5,42
C,32.25,7.25,phoenix,AZ Perfect Comfort Heating & Cooling,+1 602-551-6223,https://azperfectcomfort.com,"20650 N 29th Pl Ste 104, Phoenix, AZ 85050, United States",,,,,,,,,0,,,,,,,,,792,4.9,3
C,32.24,7.24,phoenix,Genes RV & AC Repair,+1 480-833-7210,http://www.genesrv.com,"9624 E Main St, Mesa, AZ 85207, United States",,,,,,,,,0,,,,,,,,,170,4.4,4
C,32.23,7.23,phoenix,Maximum Comfort Specialists LLC,+1 623-544-0527,https://www.mcsofaz.net,"625 W Deer Valley Rd, Phoenix, AZ 85027, United States",,,,,,,,,0,,,,,,,,,169,4.4,3
C,32.22,7.22,phoenix,Air Conditioning of Arizona,+1 480-250-3882,https://www.acofaz.net,"7652 E Greenway Rd Ste 103, Scottsdale, AZ 85260, United States",,,,,,,,,0,,,,,,,,,772,5,2
C,32.21,7.21,phoenix,Arizona Refrigeration Service Inc.,+1 602-905-2621,http://azrs.com,"820 W 1st St, Tempe, AZ 85281, United States",,,,,,,,,0,,,,,,,,,89,4.2,3
C,32.2,7.2,phoenix,Vic's Refrigeration Concepts LLC,+1 623-979-7626,http://vicsrefrigerationllc.wix.com/vics-refrigeration,"8139 N 83rd Ave, Peoria, AZ 85345, United States",,,,,,,,,0,,,,,,,,,14,3.6,4
C,32.2,7.2,phoenix,Car Tech LLC,+1 480-699-5449,https://www.cartechaz.com,"9550 N 90th St C-105, Scottsdale, AZ 85258, United States",,,,,,,,,0,,,,,,,,,120,4.3,25
C,32.18,7.18,phoenix,Dryer Vent Kings,+1 602-699-5119,https://dryerkings.com,"3943 E Wateka Ct, Gilbert, AZ 85297, United States",,,,,,,,,0,,,,,,,,,404,4.7,3
C,32.18,7.18,phoenix,Diesel Headquarters,+1 602-756-7117,https://dieselheadquarters.net,"12405 W Glendale Ave, Glendale, AZ 85307, United States",,,,,,,,,0,,,,,,,,,64,4.1,38
C,32.17,7.17,phoenix,Benefit Air Conditioning,+1 602-840-9229,http://www.benefitair.com,"1315 W Indian School Rd, Phoenix, AZ 85013, United States",,,,,,,,,0,,,,,,,,,735,4.9,2
C,32.17,7.17,phoenix,Perez Auto Repair,+1 602-269-3576,https://perezautorepairs.com,"429 S 35th Ave, Phoenix, AZ 85009, United States",,,,,,,,,0,,,,,,,,,215,4.5,2
C,32.14,7.14,phoenix,Cave Creek Cooling Company,+1 480-440-6261,https://cavecreekcooling.com,"6616 E Mesquite Rd, Cave Creek, AZ 85331, United States",,,,,,,,,0,,,,,,,,,717,5,62
C,32.13,7.13,phoenix,Arizona Truck A/C & Repair LLC,+1 602-702-3861,https://arizonatruckac.com,"888 W Illini St, Phoenix, AZ 85041, United States",,,,,,,,,0,,,,,,,,,33,3.9,23
C,32.13,7.13,phoenix,Simply The Best Heating And Cooling,+1 480-361-8458,https://www.simplythebestac.com,"1530 E Williams Field Rd #201, Gilbert, AZ 85295, United States",,,,,,,,,0,,,,,,,,,208,4.5,2
C,32.13,7.13,phoenix,MechaniCool,+1 480-248-7897,http://www.mechanicoolaz.com,"2521 W Houston Ave, Apache Junction, AZ 85120, United States",,,,,,,,,0,,,,,,,,,707,4.9,2
C,32.11,7.11,phoenix,Kelly Automotive,+1 480-899-2229,http://kellyautomotive.net,"1750 E Germann Rd, Gilbert, AZ 85297, United States",,,,,,,,,0,,,,,,,,,378,4.7,52
C,32.1,7.1,phoenix,Cardinal Heating & Cooling,+1 602-301-2993,http://www.cardinalairaz.com,"3653 N 35th Ave, Phoenix, AZ 85017, United States",,,,,,,,,0,,,,,,,,,110,4.3,12
C,32.08,7.08,phoenix,Trustworthy Air Conditioning & Heating,+1 480-503-4483,https://www.trustworthyairaz.com,,,,,,,,,,0,,,,,,,,,2,3,0
C,32.08,7.08,phoenix,Buckeye Residential Renovations,+1 623-282-8551,http://houzz.com/pro/paul-ward/ye-o-handyman,,,,,,,,,,0,,,,,,,,,2,3,2
C,32.08,7.08,phoenix,"Gideon Mechanical Air Conditioning & Heating & Solar, LLC",+1 480-668-4199,,"2424 E Crescent Cir, Mesa, AZ 85204, United States",,,,,,,,,0,,,,,,,,,2,3,1
C,32.08,7.08,phoenix,"Adrian Refrigeration Mechanical Services, ARMS",+1 602-877-3983,http://www.adrianrefrigeration.com,,,,,,,,,,0,,,,,,,,,2,3,1
C,32.08,7.08,phoenix,Integrity Air Conditioning & Heating L.L.C,+1 602-971-0567,https://integrity-hvac.com,"2250 E Rose Garden Loop, Phoenix, AZ 85024, United States",,,,,,,,,0,,,,,,,,,681,4.9,2
C,32.08,7.08,phoenix,Jazz Refrigeration & Air Conditioning,+1 602-349-8944,,"North 25th Pl, Phoenix, AZ 85050, United States",,,,,,,,,0,,,,,,,,,2,3,1
C,32.08,7.08,phoenix,"Mechanical Solutions, Inc.",+1 623-869-7444,,,,,,,,,,,0,,,,,,,,,2,3,1
C,32.08,7.08,phoenix,P & J Auto Care Center,+1 623-937-7900,http://pandjauto.com,"4060 W Clarendon Ave, Phoenix, AZ 85019, United States",,,,,,,,,0,,,,,,,,,147,4.4,7
C,32.08,7.08,phoenix,Honest-1 Auto Care,+1 602-404-6785,http://www.honest-1paradisevalley.com,"12621 N Paradise Village Pkwy W, Phoenix, AZ 85032, United States",,,,,,,,,0,,,,,,,,,271,4.6,23
C,32.08,7.08,phoenix,True North Air Conditioning,+1 480-378-9591,https://www.truenorthairconditioning.com,"742 N Monterey St Ste B, Gilbert, AZ 85233, United States",,,,,,,,,0,,,,,,,,,677,5,2
C,32.08,7.08,phoenix,Rich Mobile Mechanic Phoenix,+1 602-740-3168,,"1016 E Amberwood Dr, Phoenix, AZ 85048, United States",,,,,,,,,0,,,,,,,,,17,3.7,9
C,32.07,7.07,phoenix,2 Amigos Auto Repair,+1 623-386-9166,,"213 S 4th St, Buckeye, AZ 85326, United States",,,,,,,,,0,,,,,,,,,364,4.7,12
C,32.06,7.06,phoenix,King Charles Plumbing & Air Conditioning,+1 623-888-8000,https://kingcharles.com,"14924 W Lamoille Dr, Surprise, AZ 85374, United States",,,,,,,,,0,,,,,,,,,665,5,2
C,32.05,7.05,phoenix,"Rusty's Air Conditioning And Heating, Water Treatment",+1 480-631-4244,https://rustysairaz.com,"7509 E Southern Ave Ste 108, Mesa, AZ 85209, United States",,,,,,,,,0,,,,,,,,,659,4.9,2
C,32.05,7.05,phoenix,25th Street Automotive,+1 602-955-2637,http://www.25thstreetautomotive.com,"4112 N 25th St, Phoenix, AZ 85016, United States",,,,,,,,,0,,,,,,,,,486,4.8,5
C,32.04,7.04,phoenix,"Mercie J Auto Care, llc",+1 480-830-9445,https://merciej.com,"1730 N Banning, Mesa, AZ 85205, United States",,,,,,,,,0,,,,,,,,,658,4.9,2
C,32.03,7.03,phoenix,Glendale Kenmore Repair,+1 623-321-4803,,"5505 W Glendale Ave, Glendale, AZ 85301, United States",,,,,,,,,0,,,,,,,,,12,3.6,4
C,32.02,7.02,phoenix,Arizona Climate Control Home Services,+1 602-900-6530,,"21065 N 33rd Dr, Phoenix, AZ 85027, United States",,,,,,,,,0,,,,,,,,,30,3.9,23
C,32.02,7.02,phoenix,Flush King Plumbing,+1 602-644-1950,https://flushking.com,"6619 N Scottsdale Rd, Scottsdale, AZ 85250, United States",,,,,,,,,0,,,,,,,,,473,4.8,3
C,32.02,7.02,phoenix,Shadrach Plumbing & Cooling,+1 602-805-0161,https://shadrachplumbingcooling.com,"11803 N Saguaro Blvd Ste 12, Fountain Hills, AZ 85268, United States",,,,,,,,,0,,,,,,,,,640,4.9,3
C,32.0,7.0,phoenix,CB Auto Repair And Air,+1 602-446-5662,,"3846 E Thunderbird Rd, Phoenix, AZ 85032, United States",,,,,,,,,0,,,,,,,,,54,4.1,35
C,32.0,7.0,phoenix,Leroy's Auto & Truck Care,+1 623-343-0012,https://www.leroysautotruck.com,"8882 W Bell Rd, Peoria, AZ 85382, United States",,,,,,,,,0,,,,,,,,,632,4.9,3
C,31.99,6.99,phoenix,Thermo S Insulation,+1 480-261-1382,https://thermosinsulation.com,"7509 E Southern Ave Ste 104, Mesa, AZ 85209, United States",,,,,,,,,0,,,,,,,,,627,4.9,2
C,31.98,6.98,phoenix,Cactus Valley Electrical,+1 602-878-7962,http://www.cactusvalleyelectrical.com,"1710 E Germann Rd #14A, Chandler, AZ 85286, United States",,,,,,,,,0,,,,,,,,,623,4.9,43
C,31.97,6.97,phoenix,Cool Zone Air Conditioning & Heating,+1 623-250-0012,https://www.coolzoneair.com,"2329 W Mescal St Ste 308, Phoenix, AZ 85029, United States",,,,,,,,,0,,,,,,,,,617,4.9,2
C,31.97,6.97,phoenix,"ON Services Mechanical, Electrical, Plumbing, & HVAC",+1 480-326-6959,https://onservicesllc.com,"633 W 2nd Ave, Mesa, AZ 85210, United States",,,,,,,,,0,,,,,,,,,245,4.6,8
C,31.94,6.94,phoenix,Air Comfort Technologies,+1 480-558-8500,http://www.aircomforttech.com,,,,,,,,,,0,,,,,,,,,596,5,63
C,31.94,6.94,phoenix,AUTO A/C XPRESS,+1 480-247-2079,,"260 S Alma School Rd #108, Mesa, AZ 85210, United States",,,,,,,,,0,,,,,,,,,175,4.5,2
C,31.94,6.94,phoenix,Smiley Crane Service,+1 623-936-7077,https://smileycrane.com,"5326 W Mohave St, Phoenix, AZ 85043, United States",,,,,,,,,0,,,,,,,,,238,4.6,2
C,31.94,6.94,phoenix,Autohaus of North Scottsdale,+1 480-948-1313,http://www.autohausofnorthscottsdale.com,"9550 N 90th St #101, Scottsdale, AZ 85258, United States",,,,,,,,,0,,,,,,,,,440,4.8,8
C,31.93,6.93,phoenix,Autocare Air Conditioning & Auto Repair,+1 602-569-0871,http://www.autocareacandbrakeinc.com,"4223 E Bell Rd, Phoenix, AZ 85032, United States",,,,,,,,,0,,,,,,,,,589,4.9,2
C,31.93,6.93,phoenix,Velox Air Inc.,+1 602-717-2000,,"20 E Thomas Rd 2200 Suite A200, Phoenix, AZ 85012, United States",,,,,,,,,0,,,,,,,,,93,4.3,56
C,31.93,6.93,phoenix,Rideout Air Conditioning,+1 623-435-7255,,"21615 N 27th Ave #105, Phoenix, AZ 85027, United States",,,,,,,,,0,,,,,,,,,8,3.5,2
C,31.92,6.92,phoenix,Axis Portable Air,+1 480-409-8319,http://www.axisair.com,"33 S 56th St Ste 102, Chandler, AZ 85226, United States",,,,,,,,,0,,,,,,,,,586,5,62
C,31.92,6.92,phoenix,Angels Heating & Cooling LLC,+1 602-754-4021,https://angelsheatingcooling.com,"2211 W 1st St, Tempe, AZ 85281, United States",,,,,,,,,0,,,,,,,,,20,3.8,13
C,31.91,6.91,phoenix,All Out Cooling & Heating,+1 480-578-1370,https://www.callallout.com,"2775 N Arizona Ave #7, Chandler, AZ 85225, United States",,,,,,,,,0,,,,,,,,,581,5,2
C,31.91,6.91,phoenix,Papi's Mobile Mechanic,+1 480-799-8022,http://www.papismechanic.com,"4225 E Graythorn Ave, Phoenix, AZ 85044, United States",,,,,,,,,0,,,,,,,,,170,4.5,53
C,31.91,6.91,phoenix,Radiadores Express LLC,+1 602-258-4288,,"3002 W Buckeye Rd, Phoenix, AZ 85009, United States",,,,,,,,,0,,,,,,,,,92,4.3,44
C,31.89,6.89,phoenix,All Pro AC,+1 602-818-0024,https://allproacaz.com,"4047 E Lafayette Ave, Gilbert, AZ 85298, United States",,,,,,,,,0,,,,,,,,,570,5,2
C,31.89,6.89,phoenix,AZ Preferred Plumbing LLC,+1 480-300-1515,https://azpreferredplumbing.com,"2573 S Rincon Dr, Chandler, AZ 85286, United States",,,,,,,,,0,,,,,,,,,228,4.6,2
C,31.89,6.89,phoenix,Bridwell Automotive Center,+1 480-948-4781,https://www.bridwellautocenter.com,"7171 E Lincoln Dr, Scottsdale, AZ 85253, United States",,,,,,,,,0,,,,,,,,,308,4.7,4
C,31.89,6.89,phoenix,Simba Plumbing LLC,+1 602-962-3537,https://www.simbaplumbing.co,"15863 N Greenway Hayden Loop Ste 117, Scottsdale, AZ 85260, United States",,,,,,,,,0,,,,,,,,,569,4.9,2
C,31.88,6.88,phoenix,The RV Guy Mobile RV Repair LLC,+1 602-910-1457,http://thervguyaz.com,"507 E Van Buren St, Avondale, AZ 85323, United States",,,,,,,,,0,,,,,,,,,225,4.6,4
C,31.88,6.88,phoenix,Dana Bros Automotive & Diesel Service,+1 480-272-3496,http://danabros.com,"8607 E Pecos Rd Bldg 5, Mesa, AZ 85212, United States",,,,,,,,,0,,,,,,,,,413,4.8,2
C,31.88,6.88,phoenix,Hontech - Automotive Service & Repair,+1 480-899-2701,https://www.hontechaz.com,"320 S Arizona Ave Ste 115, Chandler, AZ 85225, United States",,,,,,,,,0,,,,,,,,,121,4.4,13
C,31.88,6.88,phoenix,"Absolute Refrigerants, Wholesale Refrigerants, HVAC Supply",+1 480-681-1462,https://absoluterefrigerants.com,"7607 E Greenway Rd #700, Scottsdale, AZ 85260, United States",,,,,,,,,0,,,,,,,,,563,5,52
C,31.85,6.85,phoenix,McFall Tire & Auto Repair,+1 623-932-1333,https://www.mcfalltire.com,"13564 W Van Buren St, Goodyear, AZ 85338, United States",,,,,,,,,0,,,,,,,,,298,4.7,3
C,31.83,6.83,phoenix,Solano heating and cooling,+1 602-358-9843,,,,,,,,,,followup_dropped,1,"I am reporting Jose Solano for falsely diagnosing my air conditioning units heating failure and for charging me incorrectly. I found Jose Solano through offer up and contacted him once I got his telephone number. I called him and he stated his diagnostic fee was $50.00 Once at our home he stated that the capacitor needed to be changed and he replaced the capacitor for $230.00. Jose stated that the capacitor is something that is looked at on routine maintenance and was not cover by warranty.  That same night the unit was still not heating/ functioning properly. I called him the next morning he came out looked at the unit briefly and turned off the power on the unit and turned it back on which reset the system. He stated that my fan was failing which was his second mistake in diagnosing. After that second visit, my system was still failing to heat and I called him back. He texted saying he would get back to me when he could and I never heard back from him. I called another company who came out and fixed my air conditioning system, they also told me the capacitor is covered by warranty, so Jose lied to us. Jose Solano did not ask me for my warranty information, nor did he attempt to call them on my behalf. When I reached out to him again he finally answered. He stated that it would cost less if he just replaced instead of going through warranty. I hope that this report would serve as a review of this person and his incompetent service.",,,,1,,AssistantDial Call Summaries + Auto Contact Creation,followup_dropped,10,4.6,2
C,31.82,6.82,phoenix,Llantera Guadalupe Town Garage,+1 480-310-9339,,"9022 S Avenida del Yaqui, Guadalupe, AZ 85283, United States",,,,,,,,,0,,,,,,,,,157,4.5,53
C,31.82,6.82,phoenix,"AZ Insulation & HVAC Solutions, LLC",+1 480-662-2874,https://az-insulation.com,"7205 E Southern Ave STE 120, Mesa, AZ 85209, United States",,,,,,,,,0,,,,,,,,,536,4.9,2
C,31.82,6.82,phoenix,Crawford's Auto Repair,+1 480-201-0740,https://www.crawfordsautoservice.com,"450 E Frye Rd, Chandler, AZ 85225, United States",,,,,,,,,0,,,,,,,,,392,4.8,3
C,31.82,6.82,phoenix,Accurate Automotive,+1 480-890-0409,http://www.accurateautomotiveaz.com,"441 S Robson Ste 101, Mesa, AZ 85210, United States",,,,,,,,,0,,,,,,,,,392,4.8,3
C,31.82,6.82,phoenix,JB Water and Air,+1 480-969-3193,https://www.480water.com,"3932 E Presidio St, Mesa, AZ 85215, United States",,,,,,,,,0,,,,,,,,,533,4.9,3
C,31.82,6.82,phoenix,"Vinson/Haas Automotive, Inc.",+1 480-946-7155,http://mikevinsonauto.com,"7123 E Earll Dr, Scottsdale, AZ 85251, United States",,,,,,,,,0,,,,,,,,,531,4.9,2
C,31.82,6.82,phoenix,Ketchum's Automotive Repair,+1 480-860-8199,http://ketchumsauto.com,"8900 E San Victor Dr, Scottsdale, AZ 85258, United States",,,,,,,,,0,,,,,,,,,115,4.4,24
C,31.81,6.81,phoenix,A/c fresh,+1 480-286-1310,,"3503 W Granada Rd, Phoenix, AZ 85009, United States",,,,,,,,,0,,,,,,,,,18,3.8,11
C,31.81,6.81,phoenix,Tran's Auto Repair,+1 602-841-5662,http://trans-auto-repair.edan.io,"3023 N 16th St, Phoenix, AZ 85016, United States",,,,,,,,,0,,,,,,,,,84,4.3,60
C,31.8,6.8,phoenix,Sam's ASE Auto Tech,+1 480-984-5259,http://aseautotech.com,"10001 E Apache Trail, Mesa, AZ 85208, United States",,,,,,,,,0,,,,,,,,,154,4.5,56
C,31.8,6.8,phoenix,Comfort One Air Conditioning,+1 602-833-2589,https://www.comfort1ac.com,,,,,,,,,,0,,,,,,,,,524,5,22
C,31.79,6.79,phoenix,Unlimited Brakes & Auto Repair,+1 602-246-1175,http://unlimitedbrakes.com,"2027 W Glendale Ave, Phoenix, AZ 85021, United States",,,,,,,,,0,,,,,,,,,152,4.5,3
C,31.78,6.78,phoenix,Team AIR-Zona HVAC Air Conditioning & Heating,+1 480-887-4623,https://teamairzona.com,"2191 W Agrarian Hills Dr, Queen Creek, AZ 85142, United States",,,,,,,,,0,,,,,,,,,518,5,3
C,31.78,6.78,phoenix,Clear Air Conditioning and Heating,+1 623-226-5060,http://clearairaz.com,"1725 W Williams Dr #15, Phoenix, AZ 85027, United States",,,,,,,,,0,,,,,,,,,511,4.9,2
C,31.78,6.78,phoenix,Moore Air,+1 602-799-2847,http://www.getmooreair.com,"13413 W Marlette Ct, Litchfield Park, AZ 85340, United States",,,,,,,,,0,,,,,,,,,378,4.8,3
C,31.78,6.78,phoenix,Mobile Man Auto Repair – Mobile & Shop Facility,+1 623-936-5580,https://mobilemanaz.com,"519 W Western Ave, Avondale, AZ 85323, United States",,,,,,,,,0,,,,,,,,,376,4.8,2
C,31.78,6.78,phoenix,Miller Auto Repair Shop,+1 602-870-4229,https://www.millerautorepairshop.com,"11441 N 19th Ave, Phoenix, AZ 85029, United States",,,,,,,,,0,,,,,,,,,378,4.8,2
C,31.77,6.77,phoenix,Allen's Automotive Towing & Repair,+1 480-677-3196,http://www.allensautoco.com,"8830 E Germann Rd, Mesa, AZ 85212, United States",,,,,,,,,0,,,,,,,,,149,4.5,3
C,31.76,6.76,phoenix,Xpress Automotive,+1 480-460-2400,http://www.xpressautorepair.com,"15629 S Desert Foothills Pkwy, Phoenix, AZ 85048, United States",,,,,,,,,0,,,,,,,,,273,4.7,2
C,31.75,6.75,phoenix,Street Automotive LLC,+1 480-440-8840,http://mesaautoshop.com,"6410 E Main St, Mesa, AZ 85205, United States",,,,,,,,,0,,,,,,,,,108,4.4,6
C,31.74,6.74,phoenix,Comfort Experts,+1 480-351-5672,https://azcomfortexperts.com,"1610 N Rosemont Ste 113, Mesa, AZ 85205, United States",,,,,,,,,0,,,,,,,,,499,4.9,2
C,31.74,6.74,phoenix,Efficiency Heating & Cooling LLC,+1 480-331-8904,https://effmech.com,"12247 S Gilbert Rd, Gilbert, AZ 85296, United States",,,,,,,,,0,,,,,,,,,497,4.9,13
C,31.73,6.73,phoenix,Cozy,+1 623-292-4649,https://livecozy.co,,,,,,,,,,0,,,,,,,,,364,4.8,3
C,31.73,6.73,phoenix,PDQ Mechanical LLC,+1 480-963-9633,http://pdqmechanicalllc.com,"3220 N Delaware St, Chandler, AZ 85225, United States",,,,,,,,,0,,,,,,,,,495,5,2
C,31.73,6.73,phoenix,Wolff Mechanical,+1 480-968-8208,https://www.azairconditioning.com,"1701 S Indian Bend Rd Suite 101, Tempe, AZ 85288, United States",,,,,,,,,0,,,,,,,,,267,4.7,14
C,31.73,6.73,phoenix,Savage Air Conditioning,+1 480-916-4313,https://savageac.com,"2315 W Fairmont Dr, Tempe, AZ 85282, United States",,,,,,,,,0,,,,,,,,,490,5,2
C,31.73,6.73,phoenix,RCS Plumbing Heating Cooling,+1 480-662-0382,https://reedscrewservices.com,"3291 Combs Rd, San Tan Valley, AZ 85140, United States",,,,,,,,,0,,,,,,,,,491,4.9,2
C,31.72,6.72,phoenix,Arizona Mini Split Sales,+1 602-892-4900,http://www.arizonaminisplits.com,,,,,,,,,followup_dropped,1,"Contacted this company to purchase a new mini split. Spoke to Larry, he asked me to measure room and take pictures.after waiting three days without any response I called him again
Larry said he was too busy
If this is the way he treats a person trying to buy from him I can only imagine how poorly he would treat me after he has my money",,,,1,,AssistantDial Call Summaries + Auto Contact Creation,followup_dropped,9,4.6,2
C,31.71,6.71,phoenix,Clark Heating and Cooling,+1 602-793-2477,http://www.clarkheatandcool.com,"14050 N 83rd Ave Suite 290, Peoria, AZ 85381, United States",,,,,,,,,0,,,,,,,,,481,5,2
C,31.71,6.71,phoenix,Cool Cat Auto Repair,+1 602-354-7255,http://coolcatauto.com,"6348 N 27th Ave Ste b, Phoenix, AZ 85017, United States",,,,,,,,,0,,,,,,,,,356,4.8,12
C,31.68,6.68,phoenix,Americas Pride Cooling and Heating LLC,+1 623-455-4777,http://americasprideair.com,"6127 W Park View Ln, Glendale, AZ 85310, United States",,,,,,,,,0,,,,,,,,,55,4.2,3
C,31.68,6.68,phoenix,True Home Maintenance Air Conditioning & Heating,+1 480-813-8783,https://truehomeac.com,"4611 E Virginia St, Mesa, AZ 85215, United States",,,,,,,,,0,,,,,,,,,345,4.8,12
C,31.68,6.68,phoenix,POLAiR HVAC SERVICES INC.,+1 480-297-2800,http://polairservices.com,"1829 S Horne, Mesa, AZ 85204, United States",,,,,,,,,0,,,,,,,,,466,5,12
C,31.68,6.68,phoenix,Johnston's Phoenix Auto Repair & Service,+1 602-381-0448,https://johnstonsautomotive.com,"3445 N 24th St, Phoenix, AZ 85016, United States",,,,,,,,,0,,,,,,,,,253,4.7,13
C,31.67,6.67,phoenix,Ace Home Services,+1 602-362-0998,,,,,,,,,,billing_or_intake_errors,1,"I had Ace Home Services service my furnace and air conditioner back in 2024.  I wasn't too impressed with what was done.  They seemed to find minor things to fix which cost about $900 each time.  In July of 2025, I had a different company come out to do the service.  They discovered that the panel for the heat exchanger was never opened.  Ace Home Services never noticed that the coils were corroded.  Then I recently discovered that I had continued to be charged $18.99 monthly.  When I called to discuss this, I was told the service contract automatically renewed because I had been paying monthly.  I never received an email concerning the contract renewal nor did I get a phone call asking if I was renewing.  Because I did not notify Ace Home Services that I wanted to cancel the contract, I will not get 6 months worth of charges reimbursed.  I would not recommend this company as a result of my experience.",,,,1,,AssistantDial structured call intake,billing_or_intake_errors,10,4.4,1
C,31.66,6.66,phoenix,Meet Your Mechanic,+1 602-370-0267,http://www.meetyourmechanic.com,"22275 S Scotland Ct Suite 104, Queen Creek, AZ 85142, United States",,,,,,,,,0,,,,,,,,,340,4.8,12
C,31.66,6.66,phoenix,Weather Masters,+1 480-832-9659,https://www.weather-masters.com,"155 E Broadway Rd, Mesa, AZ 85210, United States",,,,,,,,,0,,,,,,,,,339,4.8,2
C,31.66,6.66,phoenix,Ultimate European Repair,+1 623-776-6126,https://ultimateeuropeanaz.com,"8335 W Sherman St #200, Tolleson, AZ 85353, United States",,,,,,,,,0,,,,,,,,,339,4.8,2
C,31.66,6.66,phoenix,Valleywide Plumbing,+1 602-439-4771,https://nexlvlservices.com,"3112 W Virginia Ave, Phoenix, AZ 85009, United States",,,,,,,,,0,,,,,,,,,29,4,3
C,31.66,6.66,phoenix,Tankless Pros Az,+1 602-833-1533,http://tanklessprosaz.com,"15333 N Pima Rd #305, Scottsdale, AZ 85260, United States",,,,,,,,,0,,,,,,,,,462,4.9,2
C,31.64,6.64,phoenix,Mac's Complete Auto Repair,+1 480-709-6259,https://macsautorepairs.com,"6948 W Chandler Blvd, Chandler, AZ 85226, United States",,,,,,,,,0,,,,,,,,,455,5,2
C,31.64,6.64,phoenix,Cary's Auto Service,+1 480-636-7964,http://www.carysauto.com,"1900 N McClintock Dr Ste 6, Tempe, AZ 85288, United States",,,,,,,,,0,,,,,,,,,453,4.9,2
C,31.63,6.63,phoenix,T&K Electric Company,+1 602-844-9765,http://tnkelectric.com,"Val Vista Crossings, 3707 E Southern Ave 1031 Floor 1, Mesa, AZ 85206, United States",,,,,,,,,0,,,,,,,,,331,4.8,2
C,31.63,6.63,phoenix,Amc Automotive,+1 602-769-8555,http://amcautomotive.com,"4632 N 12th St, Phoenix, AZ 85014, United States",,,,,,,,,0,,,,,,,,,451,4.9,12
C,31.62,6.62,phoenix,Honest Guys Duct Cleaning,+1 602-503-2431,http://www.honestguysductcleaning.com,"14402 N 36th Ave, Phoenix, AZ 85053, United States",,,,,,,,,0,,,,,,,,,445,5,3
C,31.62,6.62,phoenix,Desert Heat Auto LLC,+1 480-621-8500,http://desertheatauto.com,"310 S Nina Dr #3, Mesa, AZ 85210, United States",,,,,,,,,0,,,,,,,,,176,4.6,13
C,31.62,6.62,phoenix,Radiator and AC of Arizona,+1 623-478-9960,https://www.radiator.com/location-search,"405 N 75th Ave, Phoenix, AZ 85043, United States",,,,,,,,,0,,,,,,,,,70,4.3,29
C,31.62,6.62,phoenix,Mark Of Excellence Heating & Air Conditioning,+1 602-512-5672,http://markofxheatandair.com,,,,,,,,,,0,,,,,,,,,444,5,22
C,31.62,6.62,phoenix,Expert HVAC Services Inc,+1 623-594-2488,https://www.experthvacservices.com,"23650 N 35th Dr #120, Glendale, AZ 85310, United States",,,,,,,,,0,,,,,,,,,444,4.9,2
C,31.62,6.62,phoenix,Apple Plumbing Services,+1 480-664-8098,https://www.appleplumbingaz.com,"15207 N 75th St #111, Scottsdale, AZ 85260, United States",,,,,,,,,0,,,,,,,,,239,4.7,2
C,31.61,6.61,phoenix,Accurate Air,+1 480-894-2998,https://accurateairac.com,"1321 E Weber Dr, Tempe, AZ 85288, United States",,,,,,,,,0,,,,,,,,,440,5,3
C,31.61,6.61,phoenix,"K.M. Facility Services, LLC",+1 623-930-5490,http://kmfacserv.com,"5631 N 52nd Ave, Glendale, AZ 85301, United States",,,,,,,,,0,,,,,,,,,6,3.5,1
C,31.6,6.6,phoenix,SG Mechanical Heating & Air,+1 623-777-9577,https://www.sgmechanicalair.com,"1725 W Williams Dr, Phoenix, AZ 85027, United States",,,,,,,,,0,,,,,,,,,435,4.9,2
C,31.6,6.6,phoenix,Wade's Automotive & Exhaust,+1 480-854-0988,https://www.wadesmuffler.com,"4460 E Main St #119, Mesa, AZ 85205, United States",,,,,,,,,0,,,,,,,,,320,4.8,2
C,31.6,6.6,phoenix,"Extreme Cooling, Inc",+1 623-810-8513,https://extremecoolinginc.com,"9299 W Olive Ave Ste 411, Peoria, AZ 85345, United States",,,,,,,,,0,,,,,,,,,69,4.3,2
C,31.6,6.6,phoenix,Magics Auto Ac & Hose LLc,+1 602-299-0141,,"6013 W Glendale Ave, Glendale, AZ 85301, United States",,,,,,,,,0,,,,,,,,,94,4.4,50
C,31.6,6.6,phoenix,Tony's Auto Service Center,+1 480-945-7788,http://tonysautoservicecenter.com,"5602 E Thomas Rd, Phoenix, AZ 85018, United States",,,,,,,,,0,,,,,,,,,321,4.8,5
C,31.59,6.59,phoenix,Preferred Air,+1 602-622-9851,https://preferredairaz.com,,,,,,,,,,0,,,,,,,,,434,4.9,2
C,31.59,6.59,phoenix,Heating & Cooling,+1 480-264-8867,,"66 S Dobson Rd, Mesa, AZ 85202, United States",,,,,,,,,0,,,,,,,,,93,4.4,52
C,31.59,6.59,phoenix,"D.W. Plumbing, Heating & Cooling Inc.",+1 623-979-6778,http://www.dwplumbing.com,"3719 N 32nd Ave, Phoenix, AZ 85017, United States",,,,,,,,,0,,,,,,,,,235,4.7,2
C,31.58,6.58,phoenix,BlueLine HVAC,+1 602-999-5000,https://bluelinehvac.com,"19445 W Indian School Rd Suit 102-108, Litchfield Park, AZ 85340, United States",,,,,,,,,0,,,,,,,,,68,4.3,2
C,31.58,6.58,phoenix,Az Automasters,+1 480-592-9677,http://www.azautomasters.com,"4122 W Venus Way, Chandler, AZ 85226, United States",,,,,,,,,0,,,,,,,,,317,4.8,3
C,31.58,6.58,phoenix,Lara's Auto Repair,+1 623-907-8454,,"112 N 69th Ave, Phoenix, AZ 85043, United States",,,,,,,,,0,,,,,,,,,37,4.1,13
C,31.58,6.58,phoenix,Gab's Auto Repair,+1 602-404-3690,http://www.gabsautorepair.com,"3128 E Greenway Rd, Phoenix, AZ 85032, United States",,,,,,,,,0,,,,,,,,,316,4.8,42
C,31.58,6.58,phoenix,"Rising Sun Air, Inc.",+1 623-703-5747,http://risingsunair.com,,,,,,,,,,0,,,,,,,,,427,5,12
C,31.57,6.57,phoenix,Complete Comfort Home Services,+1 480-630-4485,http://www.completecomfortaz.com,,,,,,,,,,0,,,,,,,,,422,4.9,2
C,31.57,6.57,phoenix,Clutch Auto Repairs,+1 623-518-6940,https://clutchautorepairs.com,"7150 W Roosevelt St Ste 105, Phoenix, AZ 85043, United States",,,,,,,,,0,,,,,,,,,169,4.6,2
C,31.57,6.57,phoenix,4Him Cooling and Heating Co,+1 623-294-1512,https://www.4himcooling.com,"9013 N 24th Ave Ste 6, Phoenix, AZ 85021, United States",,,,,,,,,0,,,,,,,,,423,4.9,2
C,31.57,6.57,phoenix,Action Air,+1 623-486-0433,https://www.actionairaz.com,"6936 W Villa Hermosa, Glendale, AZ 85310, United States",,,,,,,,,0,,,,,,,,,422,5,2
C,31.57,6.57,phoenix,Coury's Auto Repair,+1 623-583-1196,https://courysautorepair.com,"12313 NW Grand Ave Suite L, El Mirage, AZ 85335, United States",,,,,,,,,0,,,,,,,,,168,4.6,32
C,31.56,6.56,phoenix,Dryer Vent Pros,+1 623-734-6838,https://www.dryerventprosllc.com,"21420 N 14th Ave #3, Phoenix, AZ 85027, United States",,,,,,,,,0,,,,,,,,,421,5,2
C,31.55,6.55,phoenix,Shamrock Heating & Cooling,+1 602-560-8689,https://shamrockheatingandcooling.com,"5005 S Ash Ave # A-21, Tempe, AZ 85282, United States",,,,,,,,,0,,,,,,,,,418,4.9,2
C,31.55,6.55,phoenix,Valleywide Cooling,+1 480-439-9999,https://www.valleywidecooling.com,,,,,,,,,,0,,,,,,,,,417,4.9,2
C,31.55,6.55,phoenix,Empire Plumbing and Air Conditioning,+1 602-275-8400,http://www.empireplumbingac.com,"23335 N 18th Dr #118, Phoenix, AZ 85027, United States",,,,,,,,,0,,,,,,,,,306,4.8,2
C,31.53,6.53,phoenix,ASAP Air Conditioning And Heating,+1 480-654-2727,http://www.asapairconditioningandheating.com,"3653 E Main St, Mesa, AZ 85205, United States",,,,,,,,,0,,,,,,,,,412,4.9,2
C,31.53,6.53,phoenix,Arizona Accurate Solar & AC,+1 602-547-1598,https://arizonaaccurate.com,"18517 N 63rd Dr, Glendale, AZ 85308, United States",,,,,,,,,0,,,,,,,,,26,4,3
C,31.52,6.52,phoenix,Mark Daniels Air Conditioning & Heating,+1 480-571-7219,https://www.markdanielsac.com,"4735 E Virginia St Ste 102, Mesa, AZ 85215, United States",,,,,,,,,0,,,,,,,,,405,5,52
C,31.5,6.5,phoenix,WISE Cooling & Heating,+1 480-575-6077,http://www.wisecoolingandheating.com,,,,,,,,,,0,,,,,,,,,399,5,22
C,31.5,6.5,phoenix,Bradford Heating and Cooling,+1 623-624-6246,https://bradfordheatcool.com,"15331 W Bell Rd Ste 212-98, Surprise, AZ 85374, United States",,,,,,,,,0,,,,,,,,,292,4.8,2
C,31.49,6.49,phoenix,Baaz Truck & Trailer Repair Shop,+1 623-570-3542,,"3835 South 67th Ave, Phoenix, AZ 85043, United States",,,,,,,,,0,,,,,,,,,291,4.8,2
C,31.48,6.48,phoenix,"Thor's AC and Heating, LLC",+1 480-326-8133,http://thorshvac.com,"3334 E Cheyenne St, Gilbert, AZ 85296, United States",,,,,,,,,0,,,,,,,,,392,5,3
C,31.48,6.48,phoenix,The AC Team Heating & Cooling LLC,+1 602-200-8326,https://www.theacteam.com,,,,,,,,,,0,,,,,,,,,388,5,2
C,31.47,6.47,phoenix,A J Auto Care,+1 480-983-1071,,"1407 S Meridian Rd, Apache Junction, AZ 85120, United States",,,,,,,,,0,,,,,,,,,154,4.6,62
C,31.47,6.47,phoenix,"AAJ Cooling, Inc.",+1 480-885-2665,https://hvactechrepair.com,"3255 E Washington St, Phoenix, AZ 85034, United States",,,,,,,,,0,,,,,,,,,45,4.2,12
C,31.46,6.46,phoenix,Medina's Automotive 2,+1 602-286-0405,http://www.medinasautomotive.com,"4508 N 7th Ave, Phoenix, AZ 85013, United States",,,,,,,,,0,,,,,,,,,281,4.8,12
C,31.45,6.45,phoenix,All Clean Service Pros,+1 623-432-8300,https://allcleanservicepros.com,"16772 W Bell Rd Ste 110-148, Surprise, AZ 85374, United States",,,,,,,,,0,,,,,,,,,205,4.7,52
C,31.44,6.44,phoenix,RCH Automotive Inc,+1 602-861-5933,,"743 W Hatcher Rd, Phoenix, AZ 85021, United States",,,,,,,,,0,,,,,,,,,60,4.3,30
C,31.43,6.43,phoenix,Tempe Mechanical Fabrication & Training Facility,+1 480-820-1235,https://tempemechanical.net,"303 W Elliot Rd #101, Tempe, AZ 85284, United States",,,,,,,,,0,,,,,,,,,32,4.1,10
C,31.43,6.43,phoenix,TSC Air,+1 480-460-1487,http://www.tscair.com,"1022 W 23rd St, Tempe, AZ 85282, United States",,,,,,,,,0,,,,,,,,,373,5,2
C,31.43,6.43,phoenix,Martin Air HVAC,+1 480-500-7393,https://www.martinairhvac.com,"431 S Stapley Dr #28, Mesa, AZ 85204, United States",,,,,,,,,0,,,,,,,,,373,4.9,2
C,31.43,6.43,phoenix,"AC TO THE MAX, INC",+1 480-721-1810,https://actothemax.com,"2526 E Greenway Pkwy, Phoenix, AZ 85022, United States",,,,,,,,,0,,,,,,,,,32,4.1,16
C,31.42,6.42,phoenix,Curt's Mechanical,+1 480-900-4822,http://www.curtsmech.com,,,,,,,,,,0,,,,,,,,,370,5,12
C,31.42,6.42,phoenix,Lee Collins Air Conditioning,+1 602-944-1571,http://leecollinsac.com,"8927 N 2nd Way, Phoenix, AZ 85020, United States",,,,,,,,,0,,,,,,,,,200,4.7,12
C,31.42,6.42,phoenix,Flow Tech Plumbing,+1 623-303-7736,https://www.flowtechplumbingaz.com/peoria-plumbing-services,"10530 W Sands Dr, Peoria, AZ 85383, United States",,,,,,,,,0,,,,,,,,,369,5,2
C,31.42,6.42,phoenix,Caliber Cleaning,+1 480-503-8840,http://www.calibercleaning.com,"5515 E Redmont Cir Suite 105, Mesa, AZ 85215, United States",,,,,,,,,0,,,,,,,,,369,5,2
C,31.41,6.41,phoenix,"North Wind Mechanical, LLC",+1 480-633-2665,http://northwindhvacaz.com,"264 S Hamilton Pl, Gilbert, AZ 85233, United States",,,,,,,,,0,,,,,,,,,79,4.4,56
C,31.41,6.41,phoenix,Oh No Plumbing & Air Conditioning,+1 602-559-9055,http://www.ohno.team,"3450 S 36th St, Phoenix, AZ 85040, United States",,,,,,,,,0,,,,,,,,,198,4.7,3
C,31.41,6.41,phoenix,"Apache Dee's Electrical Services, LLC",+1 480-982-4523,http://www.apachedees.com,,,,,,,,,,0,,,,,,,,,23,4,16
C,31.41,6.41,phoenix,Arrowhead Aire LLC,+1 602-717-1610,http://www.arrowheadaire.com,"15021 W Mauna Loa Ln, Surprise, AZ 85379, United States",,,,,,,,,0,,,,,,,,,23,4,2
C,31.41,6.41,phoenix,Simon & Sons Auto Repair,+1 602-274-1604,http://simonandsonsautorepair.com,"545 E Osborn Rd, Phoenix, AZ 85012, United States",,,,,,,,,0,,,,,,,,,146,4.6,3
C,31.4,6.4,phoenix,Pete Nelson Automotive,+1 623-974-4723,https://petenelsonautorepair.com,"9000 N 103rd Ave, Sun City, AZ 85351, United States",,,,,,,,,0,,,,,,,,,145,4.6,4
C,31.39,6.39,phoenix,El Indio AC Heating and Cooling,+1 623-428-0230,https://www.elindioac.com,"9109 W Baden St, Tolleson, AZ 85353, United States",,,,,,,,,0,,,,,,,,,195,4.7,2
C,31.39,6.39,phoenix,Lincoln Air,+1 623-280-2358,https://lincolnair.com,"2805 W Larkspur Dr, Phoenix, AZ 85029, United States",,,,,,,,,0,,,,,,,,,361,4.9,2
C,31.39,6.39,phoenix,Diamondback Air,+1 602-920-1600,https://www.diamondbackair.com,,,,,,,,,,0,,,,,,,,,31,4.1,2
C,31.38,6.38,phoenix,Perryville Auto Shop,+1 623-853-1278,,"18646 W Yuma Rd, Goodyear, AZ 85338, United States",,,,,,,,,0,,,,,,,,,105,4.5,3
C,31.38,6.38,phoenix,Victors A/C,+1 602-488-8938,,"4098 N 35th Ave, Phoenix, AZ 85017, United States",,,,,,,,,0,,,,,,,,,9,3.7,6
C,31.38,6.38,phoenix,McCall's Air Conditioning & Heating,+1 480-396-0041,https://www.mccallsac.com,"4320 E Brown Rd, Mesa, AZ 85205, United States",,,,,,,,,0,,,,,,,,,354,5,3
C,31.37,6.37,phoenix,Compass Air Conditioning & Furnace Repair,+1 480-696-5221,https://azcompassair.com/service/ac-repair,"7741 E Gray Rd Ste 113, Scottsdale, AZ 85260, United States",,,,,,,,,0,,,,,,,,,351,5,2
C,31.37,6.37,phoenix,Norris Air,+1 480-780-2315,https://www.norrisair.com,"3841 E Main St, Mesa, AZ 85205, United States",,,,,,,,,0,,,,,,,,,191,4.7,13
C,31.36,6.36,phoenix,Autoplex Auto Service,+1 480-940-4700,http://www.autoplexautoservice.com,"250 W Guadalupe Rd #17, Tempe, AZ 85283, United States",,,,,,,,,0,,,,,,,,,189,4.7,2
C,31.36,6.36,phoenix,Mammoth Services,+1 480-788-6615,https://www.mammothservices.com,"1011 N Val Vista Dr #102, Gilbert, AZ 85234, United States",,,,,,,,,0,,,,,,,,,349,4.9,13
C,31.35,6.35,phoenix,Miracle Plumbing & AC LLC,+1 480-544-0057,http://www.miracleplumbingaz.com,,,,,,,,,,0,,,,,,,,,347,4.9,23
C,31.33,6.33,phoenix,Air Handler Unit HVAC Manufacturing And Installation,+1 602-731-3273,https://baikalmechanical.com,"135 N 2nd Ave #289, Phoenix, AZ 85003, United States",,,,,,,,,0,,,,,,,,,1,3,1
C,31.33,6.33,phoenix,"A&K Plumbing, Mechanical and HVAC LLC",+1 480-450-2143,,,,,,,,,,,0,,,,,,,,,1,3,1
C,31.33,6.33,phoenix,Horton Air Heating and Cooling,+1 602-435-9894,https://www.hortonairheatingandcooling.com,,,,,,,,,,0,,,,,,,,,340,5,2
C,31.33,6.33,phoenix,EXCLUSIVE CAR CARE,+1 602-830-4112,https://www.arizonaexclusivecarcare.com,"3222 Grand Ave, Phoenix, AZ 85017, United States",,,,,,,,,0,,,,,,,,,340,4.9,3
C,31.32,6.32,phoenix,Service Techniques,+1 480-961-1483,http://servicetechniques.com,"116 N Roosevelt Ave Ste 115, Chandler, AZ 85226, United States",,,,,,,,,0,,,,,,,,,134,4.6,4
C,31.3,6.3,phoenix,Gary's Automotive Repair,+1 480-656-8415,https://garysfullserviceautorepair.com,"489 N Arizona Ave, Chandler, AZ 85225, United States",,,,,,,,,0,,,,,,,,,243,4.8,23
C,31.3,6.3,phoenix,Priority Home Services,+1 480-674-6783,https://priorityservices.co,,,,,,,,,,0,,,,,,,,,332,5,73
C,31.3,6.3,phoenix,State 48 Home Services,+1 623-236-5086,https://www.greatstate48.com,"9299 W Olive Ave #613, Peoria, AZ 85345, United States",,,,,,,,,0,,,,,,,,,331,5,2
C,31.3,6.3,phoenix,Cactus Climate Pros,+1 623-294-4502,http://cactusclimatepros.com,,,,,,,,,,0,,,,,,,,,331,5,2
C,31.29,6.29,phoenix,Monster Air & Mechanical LLC,+1 602-616-0127,https://www.azmonsterair.com,"975 E Riggs Rd Ste 12-177, Chandler, AZ 85249, United States",,,,,,,,,0,,,,,,,,,242,4.8,12
C,31.28,6.28,phoenix,Jaycox Air Conditioning And Heating,+1 623-937-7532,http://jaycoxac.com,"13041 W Grand Ave, Surprise, AZ 85374, United States",,,,,,,,,0,,,,,,,,,130,4.6,2
C,31.28,6.28,phoenix,AZ Trusted Air,+1 623-252-6403,http://www.aztrusted.com,"15677 N Cave Creek Rd, Phoenix, AZ 85032, United States",,,,,,,,,0,,,,,,,,,70,4.4,4
C,31.28,6.28,phoenix,Elijah Air LLC heating and cooling,+1 623-235-6916,https://elijahair.com,"OLD WOLF BUILDING, 325 N 1st St, Buckeye, AZ 85326, United States",,,,,,,,,0,,,,,,,,,95,4.5,13
C,31.28,6.28,phoenix,LJ Refrigeration Co.,+1 480-948-5004,https://www.ljrefrigeration.com,"2241 W Calle Marita, Phoenix, AZ 85085, United States",,,,,,,,,0,,,,,,,,,324,5,2
C,31.27,6.27,phoenix,"Kyle Wilson Heating and Cooling, LLC",+1 623-694-3062,http://www.kylewilsonaz.com,"12315 W Daley Ct, Sun City West, AZ 85375, United States",,,,,,,,,0,,,,,,,,,320,5,2
C,31.27,6.27,phoenix,Edmunds Automotive Repair,+1 623-556-5067,https://www.edmundsautomotiverepair.com,"13200 W Foxfire Dr Ste 137, Surprise, AZ 85378, United States",,,,,,,,,0,,,,,,,,,320,4.9,5
C,31.23,6.23,phoenix,Scott Repman's United Car Care,+1 623-977-1280,http://www.scottrepman.com,"15001 N Del Webb Blvd, Sun City, AZ 85351, United States",,,,,,,,,0,,,,,,,,,124,4.6,3
C,31.22,6.22,phoenix,Scottsdale Car Care & Speed Shop,+1 480-284-5488,https://scottsdalespeed.com,"9550 N 90th St Bldg D101, Scottsdale, AZ 85258, United States",,,,,,,,,0,,,,,,,,,227,4.8,3
C,31.22,6.22,phoenix,"Schiller Heating & Cooling, Inc.",+1 480-961-4920,https://schillerair.com,"125 W Gemini Dr Ste E15A, Tempe, AZ 85283, United States",,,,,,,,,0,,,,,,,,,307,4.9,2
C,31.21,6.21,phoenix,Veterans AC Repair Phoenix,+1 602-830-1499,https://veteransacphx.com,"4235 W Opportunity Way STE 104, Phoenix, AZ 85086, United States",,,,,,,,,0,,,,,,,,,304,5,2
C,31.21,6.21,phoenix,Modern Degree Services llc,+1 480-719-2917,https://www.moderndegreeservices.com,"20622 W Carlton Manor, Buckeye, AZ 85396, United States",,,,,,,,,0,,,,,,,,,305,5,2
C,31.21,6.21,phoenix,Canilu Air,+1 602-609-3480,https://www.caniluair.com,,,,,,,,,,0,,,,,,,,,305,4.9,2
C,31.2,6.2,phoenix,Vertex Heating & Cooling,+1 480-524-7052,http://www.vertexcooling.com,"23278 W Ashleigh Marie Dr, Buckeye, AZ 85326, United States",,,,,,,,,0,,,,,,,,,302,4.9,2
C,31.2,6.2,phoenix,Just In Time Refrigeration,+1 602-349-1100,http://www.justintimeref.com,"21505 N 78th Ave, Peoria, AZ 85382, United States",,,,,,,,,0,,,,,,,,,14,3.9,5
C,31.2,6.2,phoenix,KJ's Cooling & Heating,+1 602-795-6754,,"20815 North 25th Pl STE 105, Phoenix, AZ 85050, United States",,,,,,,,,0,,,,,,,,,26,4.1,4
C,31.2,6.2,phoenix,GRAZAK Mechanical,+1 623-535-5905,,"21639 N 14th Ave, Phoenix, AZ 85027, United States",,,,,,,,,0,,,,,,,,,14,3.9,2
C,31.19,6.19,phoenix,Mariner Air,+1 602-320-0764,https://marinerair.com,,,,,,,,,,0,,,,,,,,,299,5,52
C,31.19,6.19,phoenix,Marshall's Service Center,+1 480-990-3630,https://www.marshallsautorepair.com,"8128 E Indian School Rd, Scottsdale, AZ 85251, United States",,,,,,,,,0,,,,,,,,,162,4.7,5
C,31.18,6.18,phoenix,Liberty Auto Center,+1 480-837-1620,https://libertyauto.center,"11625 N Saguaro Blvd, Fountain Hills, AZ 85268, United States",,,,,,,,,0,,,,,,,,,297,5,12
C,31.17,6.17,phoenix,Veterans Appliance Repair & HVAC,+1 602-488-4001,http://billshaw4001.wixsite.com/website,"2928 W Washington St, Phoenix, AZ 85009, United States",,,,,,,,,0,,,,,,,,,4,3.5,2
C,31.17,6.17,phoenix,Mi Amigo HVAC Heating & Air Conditioning LLC,+1 602-818-5912,https://www.miamigohvac.com,,,,,,,,,,0,,,,,,,,,294,5,2
C,31.17,6.17,phoenix,Pro Tech HVAC,+1 602-471-9137,https://www.protechhvacbuilder.com,"112 N 3rd St, Buckeye, AZ 85326, United States",,,,,,,,,0,,,,,,,,,216,4.8,13
C,31.16,6.16,phoenix,Oasis Air AZ,+1 480-485-5630,https://oasisairaz.com,"3550 N Goldwater Blvd, Scottsdale, AZ 85251, United States",,,,,,,,,0,,,,,,,,,213,4.8,52
C,31.16,6.16,phoenix,Yota Pros Llc,+1 480-699-2880,http://yotapros.com,"7144 S Priest Dr, Tempe, AZ 85283, United States",,,,,,,,,0,,,,,,,,,214,4.8,33
C,31.16,6.16,phoenix,Sunburst Automotive,+1 623-979-9214,https://www.autorepairglendaleaz.net,"15448 N 67th Ave, Glendale, AZ 85306, United States",,,,,,,,,0,,,,,,,,,213,4.8,52
C,31.15,6.15,phoenix,"Bleuwave Electrical, LLC",+1 480-863-5910,https://phxazelectrician.com,"2350 E Germann Rd Ste 26B, Chandler, AZ 85286, United States",,,,,,,,,0,,,,,,,,,156,4.7,3
C,31.13,6.13,phoenix,Arizona Cooling and Heating Specialists LLC,+1 480-246-7600,https://arizonacoolingandheatingspecialistsllc.com,"2565 W Goldmine Mountain Dr, Queen Creek, AZ 85142, United States",,,,,,,,,0,,,,,,,,,284,5,2
C,31.13,6.13,phoenix,Red Rock Air Heating & Cooling LLC,+1 623-581-7099,http://redrockair.com,"6635 W Happy Valley Rd Ste A140 #291, Glendale, AZ 85310, United States",,,,,,,,,0,,,,,,,,,285,5,52
C,31.13,6.13,phoenix,SAFE AND FAST SEMI TRUCK REPAIR SHOP,+1 602-359-6982,,"6615 N Alsup Rd, Litchfield Park, AZ 85340, United States",,,,,,,,,0,,,,,,,,,61,4.4,51
C,31.12,6.12,phoenix,Alicia Servicio Mecánico Automotriz & A/C,+1 602-391-1131,,"530 N 35th Ave, Phoenix, AZ 85009, United States",,,,,,,,,0,,,,,,,,,152,4.7,73
C,31.12,6.12,phoenix,Sun Valley Electrical,+1 480-500-8389,http://sunvalleyelectricalllc.com,"4832 W Purdue Ave, Glendale, AZ 85302, United States",,,,,,,,,0,,,,,,,,,280,4.9,2
C,31.12,6.12,phoenix,Moss Air Conditioning & Heating,+1 480-274-9293,http://mossac.com,,,,,,,,,,0,,,,,,,,,279,5,2
C,31.11,6.11,phoenix,Eagle Air AC Repair,+1 480-748-1781,https://eagleairacrepair.com,"19213 E Indiana Ave, Queen Creek, AZ 85142, United States",,,,,,,,,0,,,,,,,,,278,4.9,2
C,31.11,6.11,phoenix,Johnson Power and Air,+1 480-742-0833,https://www.johnsonpowerandair.com,"890 W Elliot Rd Ste 101-116, Gilbert, AZ 85233, United States",,,,,,,,,0,,,,,,,,,277,5,2
C,31.1,6.1,phoenix,We The People AC,+1 480-900-2665,http://www.wethepeopleac.com,"330 E Southern Ave #7, Mesa, AZ 85210, United States",,,,,,,,,0,,,,,,,,,275,5,2
C,31.09,6.09,phoenix,Rose Plumbing Services Phoenix AZ,+1 602-782-8794,,"2232 E Rose Garden Loop Ste 2, Phoenix, AZ 85024, United States",,,,,,,,,0,,,,,,,,,148,4.7,4
C,31.08,6.08,phoenix,Camelback Air & Refrigeration,+1 480-755-8971,https://camelbackairconditioning.com,,,,,,,,,,0,,,,,,,,,79,4.5,42
C,31.08,6.08,phoenix,Thomas Auto Repair LLC,+1 602-435-6188,https://www.thomasautorepairllc.com,"2544 W Broadway Rd, Phoenix, AZ 85041, United States",,,,,,,,,0,,,,,,,,,107,4.6,2
C,31.07,6.07,phoenix,Innovation Air Conditioning and Heating,+1 623-440-9222,http://www.innovationairconditioning.com,"5115 N Dysart Rd Ste 202-419, Litchfield Park, AZ 85340, United States",,,,,,,,,0,,,,,,,,,197,4.8,2
C,31.06,6.06,phoenix,Farrell Mechanical LLC,+1 480-580-5203,http://farrellmechanical.com,,,,,,,,,,0,,,,,,,,,266,5,3
C,31.05,6.05,phoenix,Cooper Climate Control,+1 480-460-7417,http://cooperclimatecontrol.com,"170 S William Dillard Dr Ste. 110, Gilbert, AZ 85233, United States",,,,,,,,,0,,,,,,,,,263,5,2
C,31.05,6.05,phoenix,F - S Auto AC,+1 602-653-1893,,"3939 N 43rd Ave, Phoenix, AZ 85031, United States",,,,,,,,,0,,,,,,,,,77,4.5,49
C,31.05,6.05,phoenix,"Lazier Heating & Cooling, LLC",+1 480-809-8026,http://lazierac.com,"8808 E Downing St, Mesa, AZ 85207, United States",,,,,,,,,0,,,,,,,,,77,4.5,13
C,31.05,6.05,phoenix,Breton's Automotive Repair,+1 480-421-9048,http://www.bretonsauto.com,"17123 E Falcon Dr, Fountain Hills, AZ 85268, United States",,,,,,,,,0,,,,,,,,,193,4.8,2
C,31.03,6.03,phoenix,Luis Automotive Repair,+1 602-955-2115,,"4219 W Whitton Ave, Phoenix, AZ 85019, United States",,,,,,,,,0,,,,,,,,,103,4.6,68
C,31.03,6.03,phoenix,Forrest Anderson Plumbing & Air Conditioning,+1 623-780-4060,https://forrestanderson.net,"17225 N 63rd Ave, Glendale, AZ 85308, United States",,,,,,,,,0,,,,,,,,,139,4.7,3
C,31.02,6.02,phoenix,Cooler Tymes LLC,+1 623-206-6770,https://www.coolertymes.com,"14846 Luna Dr N, Litchfield Park, AZ 85340, United States",,,,,,,,,0,,,,,,,,,187,4.8,12
C,31.02,6.02,phoenix,Air & Water Mechanical Services,+1 480-706-3333,https://airwateraz.com,"1048 S Sirrine, Mesa, AZ 85210, United States",,,,,,,,,0,,,,,,,,,188,4.8,2
C,31.02,6.02,phoenix,Kens Auto Repair Service,+1 623-466-6781,,"8615 W Kelton Ln #303, Peoria, AZ 85382, United States",,,,,,,,,0,,,,,,,,,188,4.8,22
C,31.01,6.01,phoenix,Spectrum Mechanical & Plumbing Contractors Services,+1 602-944-3999,https://www.spectrumaz.com,"33 S 56th St, Chandler, AZ 85226, United States",,,,,,,,,0,,,,,,,,,40,4.3,9
C,31.01,6.01,phoenix,Monkey Wrench Automotive I Mesa Mobile Mechanic,+1 480-510-4695,https://monkeywrenchautos.com,"S Locke, Mesa, AZ 85212, United States",,,,,,,,,0,,,,,,,,,186,4.8,4
C,31.01,6.01,phoenix,HilCo Air Conditioning & Heating,+1 623-972-5195,http://www.hilcoac.com,"11780 N 91st Ave Ste 1, Peoria, AZ 85345, United States",,,,,,,,,0,,,,,,,,,253,5,2
C,31.01,6.01,phoenix,Compu-Tech Automotive,+1 602-240-6022,https://compu-techauto.com,"4544 N 7th St, Phoenix, AZ 85014, United States",,,,,,,,,0,,,,,,,,,254,4.9,3
C,30.99,5.99,phoenix,Alien Air Conditioning and Heating llc,+1 602-824-9494,https://www.alienairconditioning.com,"7235 N 30th Ln, Phoenix, AZ 85051, United States",,,,,,,,,0,,,,,,,,,249,4.9,2
C,30.99,5.99,phoenix,Lilly's Air Conditioning,+1 480-800-0702,http://lillyscomfort.com,,,,,,,,,,0,,,,,,,,,249,5,2
C,30.99,5.99,phoenix,Elite Mobile Auto Electric LLC,+1 602-688-0891,,"5607 W Earll Dr, Phoenix, AZ 85031, United States",,,,,,,,,0,,,,,,,,,99,4.6,23
C,30.97,5.97,phoenix,NR Air Heating & Cooling,+1 480-331-5362,https://www.nrairhvac.com,,,,,,,,,,0,,,,,,,,,245,5,52
C,30.97,5.97,phoenix,Walker Plumbing & HVAC,+1 623-242-9450,http://www.walkerplumbingaz.com,"2228 E Rose Garden Loop, Phoenix, AZ 85024, United States",,,,,,,,,0,,,,,,,,,39,4.3,21
C,30.96,5.96,phoenix,Falcon Air Conditioning,+1 480-813-3613,https://gofalconair.com,"320 E 10th Dr Ste F, Mesa, AZ 85210, United States",,,,,,,,,0,,,,,,,,,242,4.9,2
C,30.96,5.96,phoenix,Legendary Energy,+1 602-266-9566,http://legendaryenergyaz.com,"7600 N 15th St Suite 150, Phoenix, AZ 85020, United States",,,,,,,,,0,,,,,,,,,241,5,2
C,30.95,5.95,phoenix,"Air Repair, Inc.",+1 480-204-5535,https://azairrepairinc.com,"530 E Hunt Hwy, San Tan Valley, AZ 85143, United States",,,,,,,,,0,,,,,,,,,240,4.9,2
C,30.94,5.94,phoenix,"Reaction Air, Air conditioning and Heating",+1 623-703-4496,https://thereactionair.com,,,,,,,,,,0,,,,,,,,,6,3.7,2
C,30.93,5.93,phoenix,Promise Heating & Air,+1 602-363-0230,http://promiseheatingandair.com,"2010 N 22nd Ave, Phoenix, AZ 85009, United States",,,,,,,,,0,,,,,,,,,236,5,2
C,30.93,5.93,phoenix,Roger Cox AC & Heating,+1 623-444-4092,http://www.rogercoxac.com,"11125 W Nevada Ave, Youngtown, AZ 85363, United States",,,,,,,,,0,,,,,,,,,69,4.5,2
C,30.93,5.93,phoenix,John Jay Automotive,+1 480-390-6699,https://www.johnjayautomotive.com,"14885 N 83rd Pl Ste 107, Scottsdale, AZ 85260, United States",,,,,,,,,0,,,,,,,,,236,4.9,22
C,30.92,5.92,phoenix,"Marz Mechanical, Heating, Cooling & Plumbing",+1 602-644-9999,http://www.marzmechanical.com,"22337 W Dove Valley Rd, Wittmann, AZ 85361, United States",,,,,,,,,0,,,,,,,,,126,4.7,3
C,30.91,5.91,phoenix,Sundance Auto Service & Machine,+1 602-340-0966,https://www.sundanceautoservice.com,"2002 E Van Buren St, Phoenix, AZ 85006, United States",,,,,,,,,0,,,,,,,,,125,4.7,4
C,30.91,5.91,phoenix,"Smith Plumbing, Heating and Cooling",+1 480-827-9111,https://www.smithservicesaz.com,"5135 E Ingram St #8, Mesa, AZ 85205, United States",,,,,,,,,0,,,,,,,,,231,4.9,43
C,30.91,5.91,phoenix,German Car Service,+1 480-970-6776,http://germancarscottsdale.com,"2608 N Scottsdale Rd, Scottsdale, AZ 85257, United States",,,,,,,,,0,,,,,,,,,125,4.7,63
C,30.9,5.9,phoenix,1st AirCo Heating & Cooling,+1 623-572-4422,http://www.1stairco.com,"20403 N Lake Pleasant Rd, Peoria, AZ 85382, United States",,,,,,,,,0,,,,,,,,,229,4.9,12
C,30.9,5.9,phoenix,"Salais Air Conditioning, LLC",+1 602-718-7252,https://www.salaisair.com,,,,,,,,,,0,,,,,,,,,91,4.6,3
C,30.9,5.9,phoenix,Kingco Enterprises Inc,+1 623-516-2779,http://kingcoenterprises.com,"21844 N 22nd Ave, Phoenix, AZ 85027, United States",,,,,,,,,0,,,,,,,,,91,4.6,2
C,30.88,5.88,phoenix,American Cooling And Heating,+1 480-699-2516,https://www.americancoolingandheating.com,"3651 E Baseline Rd E-111, Gilbert, AZ 85234, United States",,,,,,,,,0,,,,,,,,,166,4.8,2
C,30.88,5.88,phoenix,Brocard Air Conditioning & Heating,+1 602-892-5559,https://brocardac.com,,,,,,,,,,0,,,,,,,,,226,4.9,2
C,30.88,5.88,phoenix,Larry Harker's Auto Repair,+1 602-278-5558,http://www.lharepair.com,"3845 W Indian School Rd, Phoenix, AZ 85019, United States",,,,,,,,,0,,,,,,,,,122,4.7,63
C,30.88,5.88,phoenix,Mr Duct Cleaning,+1 480-254-5980,https://www.mrductcleaningcompany.com,"2515 S Verde Dr, Gilbert, AZ 85295, United States",,,,,,,,,0,,,,,,,,,165,4.8,12
C,30.87,5.87,phoenix,Mario Bros Heating & Cooling,+1 623-606-4647,http://www.mariobroshvac.com,"1705 117th Dr, Avondale, AZ 85323, United States",,,,,,,,,0,,,,,,,,,223,5,12
C,30.87,5.87,phoenix,Supreme Comfort LLC,+1 623-400-6615,https://supremecomfortaz.com,"2900 E Adams St, Phoenix, AZ 85034, United States",,,,,,,,,0,,,,,,,,,222,4.9,2
C,30.87,5.87,phoenix,CT Truck and Trailer Shop,+1 602-830-3232,https://cttruckshop.com,"3883 N 36th Ave A, Phoenix, AZ 85019, United States",,,,,,,,,0,,,,,,,,,65,4.5,48
C,30.87,5.87,phoenix,John Bond Contracting,+1 602-820-2111,http://www.johnbondac.com,"15812 N 32nd St B7, Phoenix, AZ 85032, United States",,,,,,,,,0,,,,,,,,,26,4.2,14
C,30.86,5.86,phoenix,Level Up Heating & Cooling LLC,+1 623-999-8226,https://leveluphvac.com,,,,,,,,,,0,,,,,,,,,221,4.9,13
C,30.85,5.85,phoenix,The Discount A/C Outlet,+1 480-898-0810,http://www.thediscountacoutlet.com,"3643 E Main St, Mesa, AZ 85205, United States",,,,,,,,,0,,,,,,,,,118,4.7,4
C,30.85,5.85,phoenix,Blackstone Plumbing Heating & Air Conditioning,+1 602-507-0222,https://www.blackstonehvacaz.com,"9915 W Bell Rd #448, Sun City, AZ 85351, United States",,,,,,,,,0,,,,,,,,,161,4.8,3
C,30.84,5.84,phoenix,All Area A/C & Heating,+1 602-718-9363,https://allareaacandheating.com,"7109 S 19th Dr, Phoenix, AZ 85041, United States",,,,,,,,,0,,,,,,,,,217,5,3
C,30.84,5.84,phoenix,Rob's Auto Repair,+1 480-427-2655,https://www.robsautotempe.com,"250 W Guadalupe Rd #6, Tempe, AZ 85283, United States",,,,,,,,,0,,,,,,,,,217,4.9,52
C,30.83,5.83,phoenix,Bridge Plumbing and HVAC Services,+1 602-775-3511,http://www.bridgeplumbinghvac.com,,,,,,,,,,0,,,,,,,,,215,5,62
C,30.83,5.83,phoenix,Frederick & Sons Air Conditioning & Plumbing,+1 480-332-6589,https://www.frederickandsons.com,"170 S William Dillard Dr Bldg 6, Suite 117, Gilbert, AZ 85233, United States",,,,,,,,,0,,,,,,,,,34,4.3,23
C,30.83,5.83,phoenix,IMCOR,+1 602-257-1319,https://www.imcor-az.com,"1841 E Washington St, Phoenix, AZ 85034, United States",,,,,,,,,0,,,,,,,,,25,4.2,7
C,30.81,5.81,phoenix,Nothing But Water Heaters,+1 480-953-2328,http://nbwaterheaters.com,"1050 N Fairway Dr Ste h-109, Avondale, AZ 85323, United States",,,,,,,,,0,,,,,,,,,211,5,2
C,30.81,5.81,phoenix,Liquid HVAC,+1 480-490-4000,http://liquidhvac.tech,,,,,,,,,,0,,,,,,,,,210,5,3
C,30.81,5.81,phoenix,Arizona Comfort Specialists,+1 602-902-1698,https://arizonacomfortspecialists.com,,,,,,,,,,0,,,,,,,,,211,4.9,2
C,30.81,5.81,phoenix,Scotty N Automotive,+1 602-841-0636,http://scottyauto.com,"6020 N 35th Ave, Phoenix, AZ 85017, United States",,,,,,,,,0,,,,,,,,,155,4.8,73
C,30.8,5.8,phoenix,Pineapple Air Heating & Cooling,+1 480-310-0240,http://pineappleairaz.com,"725 W Commerce Ave #112, Gilbert, AZ 85233, United States",,,,,,,,,0,,,,,,,,,209,5,2
C,30.8,5.8,phoenix,McCutcheon & Sons Air Conditioning and Plumbing,+1 602-837-3630,https://mccutcheonandsons.com,"929 N Val Vista Dr #109, Gilbert, AZ 85234, United States",,,,,,,,,0,,,,,,,,,83,4.6,3
C,30.79,5.79,phoenix,Gabriel's Air Care LLC Arizona Demolition Solution LLC,+1 480-519-1893,,"6928 N Citrus Rd, Waddell, AZ 85355, United States",,,,,,,,,0,,,,,,,,,208,5,12
C,30.78,5.78,phoenix,A/C ExperTek Service and Installation,+1 623-537-4830,https://www.acexpertek.com,"18364 W Devonshire Ave, Goodyear, AZ 85395, United States",,,,,,,,,0,,,,,,,,,206,5,2
C,30.78,5.78,phoenix,All Around Electrical Services,+1 602-540-4615,http://allaroundelectrical.com,"12940 W Crittenden Ln, Avondale, AZ 85392, United States",,,,,,,,,0,,,,,,,,,206,4.9,2
C,30.78,5.78,phoenix,Wahl Air Conditioning Inc.,+1 602-242-2353,https://wahlair.com,"9802 N 91st Ave #104, Peoria, AZ 85345, United States",,,,,,,,,0,,,,,,,,,206,4.9,3
C,30.78,5.78,phoenix,Total Care Heating & Cooling LLC,+1 602-550-0722,http://totalcareheatingandcoolingaz.com,"8617 W Salter Dr, Peoria, AZ 85382, United States",,,,,,,,,0,,,,,,,,,205,5,2
C,30.77,5.77,phoenix,Top Notch Collision & Repair,+1 480-752-2222,http://www.topnotchcollisionaz.com,"24809 S McQueen Rd, Chandler, AZ 85249, United States",,,,,,,,,0,,,,,,,,,81,4.6,2
C,30.77,5.77,phoenix,Competition Cooling and Heat,+1 480-309-9309,http://competitioncooling.com,"1365 W Lost Dutchman Blvd, Apache Junction, AZ 85120, United States",,,,,,,,,0,,,,,,,,,203,5,52
C,30.77,5.77,phoenix,Cornerstone Heating and Cooling LLC,+1 602-291-5718,https://cornerstoneheatingcooling.com,,,,,,,,,,0,,,,,,,,,203,5,33
C,30.76,5.76,phoenix,Cactus Mechanical Inc. Air Conditioning / Heating,+1 602-866-1200,http://www.cactusmechanical.com,"2038 W Ironwood Dr, Phoenix, AZ 85021, United States",,,,,,,,,0,,,,,,,,,201,4.9,2
C,30.75,5.75,phoenix,Agape Air Heating & Cooling,+1 602-755-6854,https://www.agapeair.com,"1324 N Farrell Ct Ste 114, Gilbert, AZ 85233, United States",,,,,,,,,0,,,,,,,,,199,5,12
C,30.75,5.75,phoenix,Sonoran Sun Heating and Cooling,+1 602-525-0225,https://sonoransunac.com,"1621 N Old Colony, Mesa, AZ 85201, United States",,,,,,,,,0,,,,,,,,,199,5,2
C,30.75,5.75,phoenix,Adams Brothers HVAC & Gas,+1 623-400-5270,https://adamshvacgas.best,"4013 N 75th Ave, Phoenix, AZ 85033, United States",,,,,,,,,0,,,,,,,,,147,4.8,2
C,30.74,5.74,phoenix,480 Mechanical LLC,+1 480-525-6900,https://www.480mechanical.com,"3384 E Wyatt Way, Gilbert, AZ 85297, United States",,,,,,,,,0,,,,,,,,,198,4.9,2
C,30.74,5.74,phoenix,Greenwood Air,+1 602-647-0121,https://greenwoodair.com,"11034 N 162nd Ln, Surprise, AZ 85379, United States",,,,,,,,,0,,,,,,,,,198,4.9,2
C,30.73,5.73,phoenix,Six Star AC & Refrigeration,+1 602-404-3444,https://sixstarac.com,"2432 W Peoria Ave #1098, Phoenix, AZ 85029, United States",,,,,,,,,0,,,,,,,,,197,5,2
C,30.73,5.73,phoenix,Tri State Mechanical,+1 602-706-0243,http://www.tristmechanical.com,"3321 N Reseda Cir #52, Mesa, AZ 85215, United States",,,,,,,,,0,,,,,,,,,106,4.7,4
C,30.73,5.73,phoenix,Crossroad Autoworks,+1 480-640-8116,https://www.crossroadautoworks.com,"16537 E Laser Dr Ste 1, Fountain Hills, AZ 85268, United States",,,,,,,,,0,,,,,,,,,196,5,2
C,30.73,5.73,phoenix,Integrity Services,+1 480-808-2551,https://integrityservicesaz.com,"16025 S 50th St, Phoenix, AZ 85048, United States",,,,,,,,,0,,,,,,,,,195,4.9,2
C,30.72,5.72,phoenix,PriceMyAC.com,+1 480-451-7022,https://pricemyac.com,"1909 E La Vieve Ln, Tempe, AZ 85284, United States",,,,,,,,,0,,,,,,,,,194,5,12
C,30.71,5.71,phoenix,"Patriot Air, Inc.",+1 480-219-8288,http://www.patriotairinc.com,"2465 W 12th St #5, Tempe, AZ 85281, United States",,,,,,,,,0,,,,,,,,,141,4.8,2
C,30.7,5.7,phoenix,The Neighborhood Plumbing and Air,+1 480-233-3765,https://theneighborhoodplumbingandair.com,,,,,,,,,,0,,,,,,,,,190,5,2
C,30.68,5.68,phoenix,"ABC Air Conditioning, Inc.",+1 602-971-8700,http://www.abcairconditioning.com,"20235 N Cave Creek Rd 104 403, Phoenix, AZ 85024, United States",,,,,,,,,0,,,,,,,,,187,5,2
C,30.67,5.67,phoenix,Robertson Heating & Cooling LLC,+1 480-789-0530,http://robertsonheatingandcooling.com,,,,,,,,,,0,,,,,,,,,186,5,52
C,30.67,5.67,phoenix,Mr. Sunshine Plumbing and Drain,+1 602-705-9918,https://www.mrsunshineaz.com,"216 W Southern Ave, Mesa, AZ 85210, United States",,,,,,,,,0,,,,,,,,,186,4.9,2
C,30.67,5.67,phoenix,Reliable Air Conditioning,+1 480-639-6993,https://reliableairconditioning.com,"7925 E Ray Rd #123, Mesa, AZ 85212, United States",,,,,,,,,0,,,,,,,,,100,4.7,2
C,30.67,5.67,phoenix,Dirti Ducts,+1 602-428-1941,https://www.dirtiducts.com,,,,,,,,,,0,,,,,,,,,185,5,42
C,30.66,5.66,phoenix,Saguaro Plumbing And Air Of Tempe,+1 623-343-4953,https://saguaroplumbingandair.com/tempe,"5024 S Ash Ave Unit 107, Tempe, AZ 85282, United States",,,,,,,,,0,,,,,,,,,183,5,52
C,30.66,5.66,phoenix,Romco Roofing,+1 480-788-1152,http://romcoroofing.com,"7526 E Lockwood Cir, Mesa, AZ 85207, United States",,,,,,,,,0,,,,,,,,,184,4.9,2
C,30.66,5.66,phoenix,State Forty Eight Home Comfort LLC,+1 602-517-5903,https://www.state48hc.com,"8722 N 83rd Dr, Peoria, AZ 85345, United States",,,,,,,,,0,,,,,,,,,184,5,2
C,30.66,5.66,phoenix,Elevation Solar Service & Repair,+1 480-492-4232,https://poweredbyelevation.com/solar-service,"5770 W Erie St, Chandler, AZ 85226, United States",,,,,,,,,0,,,,,,,,,135,4.8,14
C,30.65,5.65,phoenix,"Platinum Refrigeration, Inc.",+1 602-675-3906,https://platinumrefrigeration.com,"1611 S 59th Ave, Phoenix, AZ 85043, United States",,,,,,,,,0,,,,,,,,,134,4.8,22
C,30.64,5.64,phoenix,"Kittrell Services, LLC",+1 602-301-1068,http://www.kittrellservicesllc.com,"1108 N Oak Ct, Gilbert, AZ 85233, United States",,,,,,,,,0,,,,,,,,,133,4.8,2
C,30.64,5.64,phoenix,AC and Plumbing Pro,+1 480-865-5163,https://www.acandplumbingpro.com,"288 N Ironwood Dr #106, Apache Junction, AZ 85120, United States",,,,,,,,,0,,,,,,,,,180,4.9,3
C,30.64,5.64,phoenix,"Alternative Energy, LLC",+1 480-744-1803,https://powersolarphoenix.com,,,,,,,,,,0,,,,,,,,,53,4.5,5
C,30.63,5.63,phoenix,Affordable German,+1 602-253-8889,,"1510 W Broadway Rd, Phoenix, AZ 85041, United States",,,,,,,,,0,,,,,,,,,97,4.7,63
C,30.63,5.63,phoenix,Pure Air Service,+1 623-552-3176,https://pureair-service.org,"2920 E Northern Ave, Phoenix, AZ 85028, United States",,,,,,,,,0,,,,,,,,,97,4.7,12
C,30.63,5.63,phoenix,Car Repair Company,+1 480-949-7777,http://www.carrepairco.com,"2918 N Scottsdale Rd, Scottsdale, AZ 85251, United States",,,,,,,,,0,,,,,,,,,179,4.9,2
C,30.62,5.62,phoenix,Jerry's Accurate Auto AC,+1 480-854-3104,,"3955 E Main St, Mesa, AZ 85205, United States",,,,,,,,,0,,,,,,,,,52,4.5,32
C,30.62,5.62,phoenix,Precision Plumber Buckeye,+1 623-624-9210,https://emergencyplumberbuckeye1.com,"23400 W Galpin Rd, Buckeye, AZ 85326, United States",,,,,,,,,0,,,,,,,,,71,4.6,54
C,30.62,5.62,phoenix,Suggs Automotive,+1 602-820-0077,,"19610 N 37th Dr, Glendale, AZ 85308, United States",,,,,,,,,0,,,,,,,,,96,4.7,62
C,30.62,5.62,phoenix,Don's Automotive Shop,+1 623-247-6282,http://donsautomotiveshop.com,"7740 W Indian School Rd #3B, Phoenix, AZ 85033, United States",,,,,,,,,0,,,,,,,,,130,4.8,12
C,30.61,5.61,phoenix,Mountain AC INC.,+1 602-840-2826,https://mountainac.com,,,,,,,,,,0,,,,,,,,,175,5,62
C,30.6,5.6,phoenix,Todd Matthews Air Conditioning & Heating LLC,+1 480-620-2893,https://toddmatthewsair.com,,,,,,,,,,0,,,,,,,,,174,5,12
C,30.6,5.6,phoenix,Red Wolf Mechanical,+1 602-552-1892,https://redwolfmechanical.com,,,,,,,,,,0,,,,,,,,,94,4.7,2
C,30.6,5.6,phoenix,Martel Cooling and Heating,+1 602-475-2324,https://www.martelcoolingandheating.com,,,,,,,,,,0,,,,,,,,,174,4.9,64
C,30.59,5.59,phoenix,Peavler Air Conditioning & Heating,+1 480-247-2170,http://peavlerac.com,"645 W 2nd Ave, Mesa, AZ 85210, United States",,,,,,,,,0,,,,,,,,,173,4.9,2
C,30.59,5.59,phoenix,Northern Air Mechanical Services,+1 480-999-3336,https://northernairac.com,"5353 N 16th St #105, Phoenix, AZ 85016, United States",,,,,,,,,0,,,,,,,,,93,4.7,2
C,30.58,5.58,phoenix,Tropical Companies,+1 480-848-0924,http://www.tropicalcompanies.com,"2174 E Williams Field Rd #220, Gilbert, AZ 85295, United States",,,,,,,,,0,,,,,,,,,125,4.8,64
C,30.58,5.58,phoenix,Rescue Cooling Rentals,+1 602-396-5708,https://rescuecoolingrentals.com/phoenix,"2111 S Industrial Park Ave Ste 103, Tempe, AZ 85282, United States",,,,,,,,,0,,,,,,,,,170,5,2
C,30.57,5.57,phoenix,A.J. McKay's Auto Repairs,+1 480-985-2435,https://www.mckayautorepair.com,"3130 E Main St #1, Mesa, AZ 85213, United States",,,,,,,,,0,,,,,,,,,124,4.8,72
C,30.56,5.56,phoenix,Cheo's Auto Service,+1 480-395-8163,https://www.cheosautoservice.com,"11260 E Apache Trail, Apache Junction, AZ 85120, United States",,,,,,,,,0,,,,,,,,,167,5,12
C,30.56,5.56,phoenix,Johnson Family Plumber & HVAC,+1 623-220-5400,https://johnsonplumbinghvac.site/scottsdale,"10859 N Frank Lloyd Wright Blvd, Scottsdale, AZ 85259, United States",,,,,,,,,0,,,,,,,,,123,4.8,2
C,30.55,5.55,phoenix,Aragon Mechanical LLC,+1 480-971-0702,https://www.aragonmechanical.com,,,,,,,,,,0,,,,,,,,,166,5,42
C,30.54,5.54,phoenix,Legends Luxury Auto Repair,+1 480-947-2848,https://www.legendsluxuryautorepair.com,"2412 N Scottsdale Rd, Tempe, AZ 85288, United States",,,,,,,,,0,,,,,,,,,165,5,2
C,30.54,5.54,phoenix,Advantage Home Performance Inc.,+1 623-939-3329,https://advantagehomeperformance.com,"5212 N 43rd Ave, Glendale, AZ 85301, United States",,,,,,,,,0,,,,,,,,,165,5,12
C,30.54,5.54,phoenix,Smith Family Plumbing & HVAC,+1 623-400-1299,https://smithplumbinghvac.pro/el-mirage,"12002 W Thunderbird Rd, El Mirage, AZ 85335, United States",,,,,,,,,0,,,,,,,,,121,4.8,2
C,30.54,5.54,phoenix,"Accurate Mobile Mechanic – Brakes, Batteries, AC & More",+1 480-425-2353,,"3331 E Bell Rd, Phoenix, AZ 85032, United States",,,,,,,,,0,,,,,,,,,165,4.9,2
C,30.53,5.53,phoenix,Metro Mobile Auto Repair LLC,+1 602-206-0442,http://metromobileautorepairllc.com,"12851 W Buckeye Rd, Avondale, AZ 85323, United States",,,,,,,,,0,,,,,,,,,48,4.5,39
C,30.53,5.53,phoenix,El compa auto a/c,+1 623-888-2825,,"4812 W Osborn Rd, Phoenix, AZ 85031, United States",,,,,,,,,0,,,,,,,,,14,4.1,6
C,30.53,5.53,phoenix,Ragan’s Heating & Air,+1 623-268-0378,https://www.ragansheatingandair.com,,,,,,,,,,0,,,,,,,,,162,5,2
C,30.53,5.53,phoenix,Rainwater Plumbing and HVAC,+1 480-577-7748,http://www.rainwaterplumbing.com,"1000 N Hamilton St Suite C-5, Chandler, AZ 85225, United States",,,,,,,,,0,,,,,,,,,88,4.7,3
C,30.53,5.53,phoenix,Rivas Auto Express,+1 602-803-9579,,"1 N 35th Ave #10, Phoenix, AZ 85009, United States",,,,,,,,,0,,,,,,,,,88,4.7,59
C,30.52,5.52,phoenix,ER Heating & Air Conditioning LLC,+1 602-446-0608,https://www.e-rhvac.com,"11739 W Donald Dr, Sun City, AZ 85373, United States",,,,,,,,,0,,,,,,,,,161,5,2
C,30.52,5.52,phoenix,Blue Collar Mechanical LLC,+1 480-249-3808,https://bluecollararizona.com,,,,,,,,,,0,,,,,,,,,161,5,2
C,30.5,5.5,phoenix,LunAireLLC,+1 602-501-5344,https://www.lunaire-llc.com,,,,,,,,,,0,,,,,,,,,158,5,53
C,30.5,5.5,phoenix,Proficient Mechanical,+1 480-908-9483,https://www.proficientmechanical.com,"917 Capulin Trl, San Tan Valley, AZ 85140, United States",,,,,,,,,0,,,,,,,,,159,5,2
C,30.5,5.5,phoenix,Abide Air Conditioning,+1 623-328-6849,https://www.abideac.com,,,,,,,,,,0,,,,,,,,,159,5,52
C,30.5,5.5,phoenix,Cathedral Automotive,+1 602-867-1112,http://cathedralautomotive.com,"3130 E Greenway Rd, Phoenix, AZ 85032, United States",,,,,,,,,0,,,,,,,,,117,4.8,62
C,30.49,5.49,phoenix,A/C Valley,+1 480-794-0267,http://acvalleyaz.com,,,,,,,,,,0,,,,,,,,,157,5,2
C,30.49,5.49,phoenix,Desert Foothills Air Conditioning & Heating Inc,+1 480-595-0938,https://www.desertfoothillsac.com,"35880 N Creek View Ln, Cave Creek, AZ 85331, United States",,,,,,,,,0,,,,,,,,,46,4.5,2
C,30.48,5.48,phoenix,Integrity Duct Cleaning,+1 480-450-0115,https://www.ductcleaningaz.com,"1850 E Encanto Dr, Tempe, AZ 85281, United States",,,,,,,,,0,,,,,,,,,156,4.9,2
C,30.48,5.48,phoenix,Hayes & Sons Plumbing & HVAC,+1 623-400-6398,https://hayeshvaccompany.pro,"2013b W Bethany Home Rd, Phoenix, AZ 85015, United States",,,,,,,,,0,,,,,,,,,115,4.8,2
C,30.48,5.48,phoenix,Local Roots AC and Plumbing LLC,+1 602-560-8989,https://calllocalroots.com,"23335 N 18th Dr Bldg A, Suite 122, Phoenix, AZ 85027, United States",,,,,,,,,0,,,,,,,,,156,5,2
C,30.47,5.47,phoenix,AccuTemp Refrigeration,+1 602-957-3745,https://accutempaz.com,"3231 E Washington St, Phoenix, AZ 85034, United States",,,,,,,,,0,,,,,,,,,114,4.8,2
C,30.47,5.47,phoenix,Wheeler Air Conditioning and Plumbing,+1 480-988-5222,http://wheelerair.com,"5443 S Saranac St, Mesa, AZ 85212, United States",,,,,,,,,0,,,,,,,,,154,4.9,12
C,30.47,5.47,phoenix,East Valley Air Conditioning Services LLC,+1 602-869-4275,https://www.eastvalleyacs.com,"2929 N Power Rd #101, Mesa, AZ 85215, United States",,,,,,,,,0,,,,,,,,,154,5,2
C,30.47,5.47,phoenix,Mesic Contracting,+1 623-915-1447,https://www.mesiccontracting.com,,,,,,,,,,0,,,,,,,,,33,4.4,12
C,30.47,5.47,phoenix,JD's Automotive LLC,+1 480-314-9845,http://jdsautomotiveshop.com,"9550 N 90th St B102, Scottsdale, AZ 85258, United States",,,,,,,,,0,,,,,,,,,154,4.9,23
C,30.46,5.46,phoenix,NE Mechanical LLC,+1 623-332-0295,https://nemechanicalllc.com,"21118 N 105th Ln, Peoria, AZ 85382, United States",,,,,,,,,0,,,,,,,,,152,4.9,52
C,30.45,5.45,phoenix,Desert Sky AC & Heating,+1 602-524-7540,,"15218 N 20th St, Phoenix, AZ 85022, United States",,,,,,,,,0,,,,,,,,,7,3.9,3
C,30.45,5.45,phoenix,"American Air Vent Cleaning, Llc",+1 602-758-1058,https://americanairvent.com,"8585 W Maya Dr, Peoria, AZ 85383, United States",,,,,,,,,0,,,,,,,,,13,4.1,5
C,30.44,5.44,phoenix,Holt Brothers Mobile Certified RV Services,+1 623-738-9771,https://www.azrvtechs.com,"Surprise, AZ 85388, United States",,,,,,,,,0,,,,,,,,,150,5,2
C,30.43,5.43,phoenix,Service King LLC,+1 480-267-9888,https://www.servicekingllc.com,,,,,,,,,,0,,,,,,,,,149,5,52
C,30.42,5.42,phoenix,Daniel & Sons Water Heaters,+1 602-962-8357,,"13951 N Scottsdale Rd #3870, Scottsdale, AZ 85254, United States",,,,,,,,,0,,,,,,,,,59,4.6,2
C,30.42,5.42,phoenix,"FutureWay Mechanical, Inc.",+1 480-219-1026,http://www.futurewaymechanical.com,"4655 E Ivy St #101, Mesa, AZ 85205, United States",,,,,,,,,0,,,,,,,,,108,4.8,52
C,30.42,5.42,phoenix,"Looney Cooling, LLC",+1 480-406-3817,http://looneycooling.com,,,,,,,,,,0,,,,,,,,,147,5,62
C,30.42,5.42,phoenix,Hilliker and Sons Home Comfort,+1 623-263-9220,https://www.hillikerhc.com,,,,,,,,,,0,,,,,,,,,147,5,43
C,30.41,5.41,phoenix,K&K Heating and Air LLC,+1 480-227-8514,http://www.gokkheatingandair.com,,,,,,,,,,0,,,,,,,,,146,4.9,62
C,30.4,5.4,phoenix,DXP Mechanical,+1 480-888-6705,http://www.dxpmechanical.com,"8545 E Halifax Cir, Mesa, AZ 85207, United States",,,,,,,,,0,,,,,,,,,144,5,2
C,30.4,5.4,phoenix,Air Quality Specialists,+1 480-601-5733,https://www.airqualityspecialistsaz.com,"11225 N 28th Dr b243, Phoenix, AZ 85029, United States",,,,,,,,,0,,,,,,,,,144,4.9,12
C,30.4,5.4,phoenix,Gladiate Air Conditioning & Heating LLC,+1 623-249-4536,https://gladiateair.com,"21424 N 7th Ave, Phoenix, AZ 85027, United States",,,,,,,,,0,,,,,,,,,145,4.9,52
C,30.39,5.39,phoenix,Wall Tech Drywall Repair and Painting,+1 480-851-4749,http://www.walltechgilbert.com,"Gilbert, AZ 85297, United States",,,,,,,,,0,,,,,,,,,143,5,2
C,30.39,5.39,phoenix,Central Supply & Metal Co,+1 602-258-9601,https://www.csamco.com,"1425 E Washington St, Phoenix, AZ 85034, United States",,,,,,,,,0,,,,,,,,,31,4.4,16
C,30.39,5.39,phoenix,Serenity EV,+1 480-361-5725,http://serenityevrepair.com,"10937 N Solar Canyon Way Unit 108, Surprise, AZ 85379, United States",,,,,,,,,0,,,,,,,,,143,5,2
C,30.38,5.38,phoenix,GOAT Roofing,+1 480-909-5548,http://goatroofaz.com,"10105 E Brown Rd, Mesa, AZ 85207, United States",,,,,,,,,0,,,,,,,,,142,4.9,2
C,30.38,5.38,phoenix,Cooling Specialists,+1 480-452-8604,https://thecoolingspecialists.com,"9375 E Shea Blvd Ste 111D, Scottsdale, AZ 85260, United States",,,,,,,,,0,,,,,,,,,141,4.9,2
C,30.38,5.38,phoenix,Innovative Air Queen Creek,+1 602-321-8205,http://innovativeac.com,"26608 S 195th St, Queen Creek, AZ 85142, United States",,,,,,,,,0,,,,,,,,,104,4.8,2
C,30.38,5.38,phoenix,Lynx Air Service,+1 602-818-9419,https://lynxairservice.com,"1 E Lexington Ave, Phoenix, AZ 85012, United States",,,,,,,,,0,,,,,,,,,104,4.8,2
C,30.38,5.38,phoenix,Bohen Air Heating and Cooling,+1 623-330-3024,http://bohenair.com,"15619 W Ocotillo Ln, Surprise, AZ 85374, United States",,,,,,,,,0,,,,,,,,,141,5,2
C,30.37,5.37,phoenix,AJ Mike's Air Conditioning,+1 480-221-7120,http://www.ajmikes.com,,,,,,,,,,0,,,,,,,,,41,4.5,31
C,30.37,5.37,phoenix,4J's Auto Repair,+1 602-242-3941,,"7823 N 27th Ave, Phoenix, AZ 85051, United States",,,,,,,,,0,,,,,,,,,103,4.8,23
C,30.36,5.36,phoenix,Ambition Mechanical Services,+1 480-600-2942,http://www.ambitionac.com,"437 S 48th St #101, Tempe, AZ 85281, United States",,,,,,,,,0,,,,,,,,,30,4.4,4
C,30.36,5.36,phoenix,The Twin Home Experts,+1 602-892-0661,http://www.twinplumbing.com,"9375 E Shea Blvd, Scottsdale, AZ 85260, United States",,,,,,,,,0,,,,,,,,,22,4.3,4
C,30.36,5.36,phoenix,Hellerud Air LLC,+1 480-747-8635,http://www.hellerudair.com,,,,,,,,,,0,,,,,,,,,139,5,12
C,30.35,5.35,phoenix,Ferrell Air LLC,+1 480-848-2790,http://www.ferrellair.com,"633 E Ray Rd Ste 108, Gilbert, AZ 85296, United States",,,,,,,,,0,,,,,,,,,138,5,3
C,30.34,5.34,phoenix,BCOOL Air Conditioning & Heating,+1 480-702-1201,https://bcoolairconditioning.com,"10207 E Hampton Ave #201, Mesa, AZ 85209, United States",,,,,,,,,0,,,,,,,,,137,5,2
C,30.33,5.33,phoenix,Divine Heating and Cooling,+1 623-428-2110,https://divineheatingandcooling.com,,,,,,,,,,0,,,,,,,,,136,5,52
C,30.33,5.33,phoenix,Perfection Air,+1 480-698-3711,https://www.perfectionairaz.com,,,,,,,,,,0,,,,,,,,,135,5,22
C,30.31,5.31,phoenix,Bud's Service Center,+1 480-844-2552,,"625 E McKellips Rd Ste 5, Mesa, AZ 85203, United States",,,,,,,,,0,,,,,,,,,39,4.5,23
C,30.31,5.31,phoenix,Southwest Carpet & Air Duct Cleaning,+1 623-363-3536,https://www.swcarpetcleaning.com,"14971 S 181st Ln, Goodyear, AZ 85338, United States",,,,,,,,,0,,,,,,,,,133,5,2
C,30.31,5.31,phoenix,John Sheldon's Auto Repair LLC,+1 602-943-5059,,"9223 N 12th Ave, Phoenix, AZ 85021, United States",,,,,,,,,0,,,,,,,,,53,4.6,26
C,30.3,5.3,phoenix,Andre's Air Conditioning & Heating,+1 602-483-0675,https://andresacandheating.com,,,,,,,,,,0,,,,,,,,,97,4.8,12
C,30.3,5.3,phoenix,C4 Mechanical,+1 602-615-3876,http://www.c4mechanicalaz.com,,,,,,,,,,0,,,,,,,,,132,5,52
C,30.3,5.3,phoenix,Desert Dawg Auto Repair,+1 480-837-3294,http://desertdawgautorepair.com,"9521 Technology Dr, Fountain Hills, AZ 85268, United States",,,,,,,,,0,,,,,,,,,132,4.9,2
C,30.29,5.29,phoenix,Big Sky HVAC,+1 623-270-9785,https://www.bigsky-hvac.com,,,,,,,,,,0,,,,,,,,,131,5,52
C,30.28,5.28,phoenix,Ash Cooling & Heating LLC,+1 480-613-5561,https://www.ashcooling.com,,,,,,,,,,0,,,,,,,,,130,5,2
C,30.28,5.28,phoenix,Comfortable Living A/C & Heating,+1 602-541-0862,http://comfortablelivingaz.com,,,,,,,,,,0,,,,,,,,,130,4.9,2
C,30.28,5.28,phoenix,MPSW,+1 602-288-4920,https://mpsw.com,"1450 West Rose Garden Lane suite 100, Phoenix, AZ 85027, United States",,,,,,,,,0,,,,,,,,,28,4.4,8
C,30.27,5.27,phoenix,Premier Air Conditioning & Heating LLC,+1 623-826-3398,,"6039 N 57th Dr, Glendale, AZ 85301, United States",,,,,,,,,0,,,,,,,,,15,4.2,5
C,30.27,5.27,phoenix,Sun Valley Air Conditioning & Heating,+1 480-565-7408,https://sunvalleyac.com,"541 E Spur Ave, Gilbert, AZ 85296, United States",,,,,,,,,0,,,,,,,,,128,5,2
C,30.27,5.27,phoenix,Above and Beyond RV Repair,+1 480-986-0067,https://aboveandbeyondrvrepair.com,"10145 E Apache Trail, Apache Junction, AZ 85120, United States",,,,,,,,,0,,,,,,,,,69,4.7,23
C,30.27,5.27,phoenix,Pros Auto Care,+1 623-848-2111,https://www.phoenixprosauto.com,"7740 W Indian School Rd #5, Phoenix, AZ 85033, United States",,,,,,,,,0,,,,,,,,,94,4.8,62
C,30.26,5.26,phoenix,My Guy Cooling & Heating,+1 480-875-5705,https://myguycoolingandheating.com,"27835 N Hibiscus Ln, San Tan Valley, AZ 85143, United States",,,,,,,,,0,,,,,,,,,127,5,2
C,30.26,5.26,phoenix,Comfort World Air Conditioning & Heating,+1 480-483-8880,https://www.gotcomfortaz.com,,,,,,,,,,0,,,,,,,,,127,5,72
C,30.26,5.26,phoenix,"Ally Air, LLC",+1 480-837-7060,http://www.allyairaz.com,,,,,,,,,,0,,,,,,,,,8,4,1
C,30.26,5.26,phoenix,Sun State HVAC,+1 602-867-9480,http://www.sunstatehvac.com,"2602 E Acoma Dr, Phoenix, AZ 85032, United States",,,,,,,,,0,,,,,,,,,8,4,2
C,30.26,5.26,phoenix,Reliable Mechanic LLC,+1 623-444-0800,,"5115 N Dysart Rd, Litchfield Park, AZ 85340, United States",,,,,,,,,0,,,,,,,,,127,5,2
C,30.24,5.24,phoenix,Techcool AC Repair Scottsdale,+1 602-785-6230,https://techcoollv.com/nearme/LandingPage.php?air-conditioning-repair-scottsdale-AZ=,"12932 E Appaloosa Pl, Scottsdale, AZ 85259, United States",,,,,,,,,0,,,,,,,,,92,4.8,52
C,30.24,5.24,phoenix,Bowman's Radiator Services & Auto,+1 602-278-1648,,"2721 W Lincoln St, Phoenix, AZ 85009, United States",,,,,,,,,0,,,,,,,,,92,4.8,60
C,30.23,5.23,phoenix,AZ Auto Doctor,+1 480-345-1177,https://azautodoctor.com,"7144 S Priest Dr #103, Tempe, AZ 85283, United States",,,,,,,,,0,,,,,,,,,124,4.9,2
C,30.23,5.23,phoenix,Paramount Home Services,+1 602-826-9006,http://www.azphs.com,"315 S 48th St #101, Tempe, AZ 85281, United States",,,,,,,,,0,,,,,,,,,124,4.9,2
C,30.23,5.23,phoenix,Corazon Air - Aire Acondicionado y Calefacción,+1 602-428-3358,,"4397 W Bethany Home Rd #1081, Glendale, AZ 85301, United States",,,,,,,,,0,,,,,,,,,124,5,12
C,30.22,5.22,phoenix,Chapman's Quality Comfort,+1 623-227-8913,http://chapmansqualitycomfort.com,,,,,,,,,,0,,,,,,,,,123,5,23
C,30.22,5.22,phoenix,SC Mechanical,+1 623-214-2366,https://www.scmechanicalaz.com,,,,,,,,,,0,,,,,,,,,123,5,52
C,30.22,5.22,phoenix,K&T Air Duct Cleaning,+1 623-552-5500,https://airductsuncitywest.pro,"14300 W Granite Valley Dr #221, Sun City West, AZ 85375, United States",,,,,,,,,0,,,,,,,,,90,4.8,12
C,30.21,5.21,phoenix,Sharp Air Conditioning & Heating,+1 480-210-6203,https://www.myazac.com,"3265 N Nevada St #101, Chandler, AZ 85225, United States",,,,,,,,,0,,,,,,,,,121,4.9,3
C,30.21,5.21,phoenix,Freddy's A/C & Refrigeration LLC,+1 623-400-1386,http://www.freddysac.com,,,,,,,,,,0,,,,,,,,,121,4.9,3
C,30.21,5.21,phoenix,Mini Split Guys,+1 602-300-9332,http://www.minisplitguys.com,"15850 N Cave Creek Rd, Phoenix, AZ 85022, United States",,,,,,,,,0,,,,,,,,,89,4.8,2
C,30.2,5.2,phoenix,East Valley Auto Air & Repair,+1 480-828-5349,,"3130 E Main St #4, Mesa, AZ 85213, United States",,,,,,,,,0,,,,,,,,,14,4.2,3
C,30.2,5.2,phoenix,Cesar Auto Services LLC,+1 602-518-6830,,"3918 N 40th Ave, Phoenix, AZ 85019, United States",,,,,,,,,0,,,,,,,,,48,4.6,31
C,30.19,5.19,phoenix,Icon Mechanical Inc,+1 623-386-7804,https://iconmechanicalinc.com,"3673 S Bullard Ave #115, Goodyear, AZ 85338, United States",,,,,,,,,0,,,,,,,,,88,4.8,3
C,30.19,5.19,phoenix,JBee Industries,+1 480-577-5313,https://jbindustrieshvac.com,,,,,,,,,,0,,,,,,,,,119,5,2
C,30.19,5.19,phoenix,Hard drive auto repair and Uhaul rentals,+1 602-622-0226,https://www.uhaul.com/Locations/Truck-Rentals-near-Tolleson-AZ-85353/014241,"8550 W Broadway Rd, Tolleson, AZ 85353, United States",,,,,,,,,0,,,,,,,,,3,3.7,1
C,30.19,5.19,phoenix,Pro In Your Pocket,+1 480-313-6928,https://proinyourpocket.com,,,,,,,,,,0,,,,,,,,,3,3.7,1
C,30.19,5.19,phoenix,Winsupply Phoenix RDC,+1 623-253-4530,,"3355 N Cotton Ln, Goodyear, AZ 85395, United States",,,,,,,,,0,,,,,,,,,35,4.5,21
C,30.19,5.19,phoenix,Chavez Air Condititoning and Heating,+1 602-451-3547,,,,,,,,,,,0,,,,,,,,,3,3.7,1
C,30.19,5.19,phoenix,Archer Aire Mechanical,+1 602-284-7242,,"14244 W Banff Ln, Surprise, AZ 85379, United States",,,,,,,,,0,,,,,,,,,3,3.7,0
C,30.19,5.19,phoenix,"Selmerair, LLC",+1 623-693-2658,http://www.selmerair.com,,,,,,,,,,0,,,,,,,,,3,3.7,1
C,30.19,5.19,phoenix,"J&J Refrigeration, Heating & Air Conditioning Service",+1 602-953-3395,https://jandjrefrigeration.com/contact,"5120 E Hearn Rd, Scottsdale, AZ 85254, United States",,,,,,,,,0,,,,,,,,,3,3.7,1
C,30.19,5.19,phoenix,Cross County Refrigeration LLC,+1 623-853-5679,,,,,,,,,,,0,,,,,,,,,3,3.7,1
C,30.19,5.19,phoenix,"Artic Air Heating & Cooling, Inc.",+1 623-582-8004,http://articac.com,"1509 W Whispering Wind Dr, Phoenix, AZ 85085, United States",,,,,,,,,0,,,,,,,,,3,3.7,1
C,30.19,5.19,phoenix,Beall's Plumbing Heating & AC,+1 602-957-2056,https://www.azplumbingheating.com,"2117 E Indian School Rd, Phoenix, AZ 85016, United States",,,,,,,,,0,,,,,,,,,3,3.7,1
C,30.19,5.19,phoenix,Tune-Ups-R-Us,+1 480-444-6234,,,,,,,,,,,0,,,,,,,,,3,3.7,1
C,30.18,5.18,phoenix,Hub Heating and Cooling,+1 480-999-6848,http://hubhvac.com,"19124 E Indiana Ave, Queen Creek, AZ 85142, United States",,,,,,,,,0,,,,,,,,,118,5,52
C,30.18,5.18,phoenix,Barbagallo Electrical,+1 480-212-2473,https://barbagalloelectric.com,"16605 E Palisades Blvd 110 / PMB 183, Fountain Hills, AZ 85268, United States",,,,,,,,,0,,,,,,,,,47,4.6,33
C,30.18,5.18,phoenix,Luxury Air Conditioning & Plumbing,+1 602-326-1065,https://www.luxuryairconditioning.com,"16602 N 23rd Ave Ste 102, Phoenix, AZ 85023, United States",,,,,,,,,0,,,,,,,,,87,4.8,12
C,30.18,5.18,phoenix,Adam’s Auto Care,+1 602-670-7813,https://adamsauto.care,"9602 N 7th St, Phoenix, AZ 85020, United States",,,,,,,,,0,,,,,,,,,47,4.6,35
C,30.17,5.17,phoenix,Cool Monkey A/c & Heating,+1 602-736-6295,http://coolmonkeyac.com,"3701 E Baseline Rd, Gilbert, AZ 85234, United States",,,,,,,,,0,,,,,,,,,117,5,3
C,30.16,5.16,phoenix,Ufirst Heating & Cooling,+1 623-259-4917,https://ufirstheatingandcooling.com,"7021 W Augusta Ave, Glendale, AZ 85303, United States",,,,,,,,,0,,,,,,,,,116,4.9,2
C,30.15,5.15,phoenix,YR Comfort Heating & Cooling,+1 480-800-7807,http://www.yrcomfort.com,,,,,,,,,,0,,,,,,,,,115,5,3
C,30.15,5.15,phoenix,"Emery Cooling, Heating & Solar LLC",+1 602-501-4053,https://www.emerycooling.com,,,,,,,,,,0,,,,,,,,,115,4.9,2
C,30.14,5.14,phoenix,Stanley & Sons Heating & Cooling Company,+1 623-400-8909,https://stanleyhvac.homes,"17121 W Glendale Ave, Waddell, AZ 85355, United States",,,,,,,,,0,,,,,,,,,114,4.9,2
C,30.14,5.14,phoenix,Lipovic Heating & Cooling,+1 480-964-4930,https://lipovic.com,"723 N Hosick Cir, Mesa, AZ 85201, United States",,,,,,,,,0,,,,,,,,,114,5,2
C,30.12,5.12,phoenix,Service Masters Refrigeration & HVAC,+1 480-841-0883,https://servicemastersrefrigerationhvac.com,,,,,,,,,,0,,,,,,,,,112,4.9,52
C,30.12,5.12,phoenix,ECM Air Conditioning,+1 480-217-9827,https://ecmforyou.com,,,,,,,,,,0,,,,,,,,,82,4.8,3
C,30.12,5.12,phoenix,Skyline Mechanical Services,+1 480-398-4214,https://skyline-mechanical.com,"6532 W Flint St #2, Chandler, AZ 85226, United States",,,,,,,,,0,,,,,,,,,13,4.2,3
C,30.12,5.12,phoenix,Sundance Air Heating & Cooling,+1 602-320-7947,https://sundancehvac.com,,,,,,,,,,0,,,,,,,,,111,5,2
C,30.12,5.12,phoenix,Elite AC & Heating,+1 480-933-1303,https://www.eliteacandheatingaz.com,"2417 W Adobe Dr Ste B, Phoenix, AZ 85027, United States",,,,,,,,,0,,,,,,,,,111,5,52
C,30.11,5.11,phoenix,Arizona Auto Repair,+1 602-272-7115,http://www.arizonaautomotiverepair.com,"2801 N 35th Ave, Phoenix, AZ 85009, United States",,,,,,,,,0,,,,,,,,,44,4.6,36
C,30.1,5.1,phoenix,Sapper HVAC,+1 602-206-7359,https://sapperhvac.com,"6505 W Frye Rd Ste 21, Chandler, AZ 85226, United States",,,,,,,,,0,,,,,,,,,110,5,2
C,30.1,5.1,phoenix,"Elite Pro Services, LLC",+1 480-788-7473,http://www.theelitepros.com,"170 S William Dillard Dr #106, Gilbert, AZ 85233, United States",,,,,,,,,0,,,,,,,,,110,4.9,63
C,30.1,5.1,phoenix,Wild West Cooling,+1 602-489-1122,http://wildwestcooling.com,,,,,,,,,,0,,,,,,,,,110,5,22
C,30.1,5.1,phoenix,Top Gear Cooling & Heating,+1 602-341-9232,https://topgearac.com,,,,,,,,,,0,,,,,,,,,110,5,62
C,30.1,5.1,phoenix,Desert Heat Hvac Mechanical LLC,+1 602-686-0306,https://www.desertheathvac.com,,,,,,,,,,0,,,,,,,,,110,5,63
C,30.09,5.09,phoenix,AZ CO PREM HVAC,+1 480-501-9053,https://www.premierhvacaz.com,"4533 W Keim Dr, Glendale, AZ 85301, United States",,,,,,,,,0,,,,,,,,,80,4.8,2
C,30.09,5.09,phoenix,1-800-PLUMBER +AIR,+1 480-581-9796,https://1800plumber.com/locations/scottsdale-az,"7701 E Gray Rd #107, Scottsdale, AZ 85260, United States",,,,,,,,,0,,,,,,,,,80,4.8,4
C,30.08,5.08,phoenix,Arizona Cooling Company,+1 602-339-2806,http://www.azcoolco.com,"8831 E Apache Trail, Mesa, AZ 85207, United States",,,,,,,,,0,,,,,,,,,108,5,2
C,30.08,5.08,phoenix,Meridian Air Conditioning & Heating LLC,+1 480-586-7139,https://www.meridianacaz.com,,,,,,,,,,0,,,,,,,,,108,4.9,2
C,30.08,5.08,phoenix,Desert Sunscreens AZ,+1 623-237-2781,http://desertsunscreens.com,"19107 W Broadway Rd, Buckeye, AZ 85326, United States",,,,,,,,,0,,,,,,,,,108,5,2
C,30.07,5.07,phoenix,TJ Auto Air LLC (Our service is 100% mobile.),+1 602-391-3001,,,,,,,,,,,0,,,,,,,,,107,4.9,2
C,30.07,5.07,phoenix,Burk Brothers HVAC,+1 480-510-5221,http://burkbrothershvac.com,"5132 S Baffle Ln, Mesa, AZ 85212, United States",,,,,,,,,0,,,,,,,,,106,5,3
C,30.07,5.07,phoenix,AZ AIRCOND LLC -Cooling Heating Plumbing,+1 623-882-4549,,"20959 W Hubbell St, Buckeye, AZ 85396, United States",,,,,,,,,0,,,,,,,,,78,4.8,4
C,30.07,5.07,phoenix,Sun Air Services,+1 480-543-9565,https://www.sunairac.com,"944 S Phelps Dr, Apache Junction, AZ 85120, United States",,,,,,,,,0,,,,,,,,,106,4.9,2
C,30.07,5.07,phoenix,Lewis and Sons Air Conditioning Inc,+1 480-832-6442,http://www.lewisandsonsac.com,"6348 E Inglewood St, Mesa, AZ 85205, United States",,,,,,,,,0,,,,,,,,,78,4.8,2
C,30.07,5.07,phoenix,Hugo Brothers HVAC LLC,+1 623-400-5866,https://hugohvac.online,"731 N 7th St, Phoenix, AZ 85022, United States",,,,,,,,,0,,,,,,,,,106,4.9,2
C,30.05,5.05,phoenix,Phoenix Heavy Towing and Repair,+1 602-802-5574,http://phoenixheavytowingandrepair.com,"25500 W Southern Ave, Buckeye, AZ 85326, United States",,,,,,,,,0,,,,,,,,,105,4.9,22
C,30.05,5.05,phoenix,"Hackney Heating and Cooling, Inc.",+1 480-940-9814,http://www.hackneyinc.com,"2737 W Baseline Rd Ste 22, Tempe, AZ 85283, United States",,,,,,,,,0,,,,,,,,,105,5,3
C,30.05,5.05,phoenix,Veteran RV Repair LLC,+1 480-519-5190,https://www.veteranrvrepairllc.com,"2753 E Broadway Rd Ste 101 PMB#417, Mesa, AZ 85204, United States",,,,,,,,,0,,,,,,,,,105,5,2
C,30.05,5.05,phoenix,Eco-Green of Arizona,+1 623-224-1132,https://eco-greenofarizona.com,"13855 S 181st Ave, Goodyear, AZ 85338, United States",,,,,,,,,0,,,,,,,,,105,5,2
C,30.05,5.05,phoenix,Best Surprise Air Duct Cleaners,+1 623-343-1100,https://surpriseairduct.com,"13991 W Grand Ave #288, Surprise, AZ 85374, United States",,,,,,,,,0,,,,,,,,,77,4.8,12
C,30.04,5.04,phoenix,"Creative Electrical & Plumbing – Licensed Electrician in Gilbert, AZ",+1 602-882-4373,https://www.creativeelectricalandplumbing.com,,,,,,,,,,0,,,,,,,,,104,5,2
C,30.04,5.04,phoenix,Otter Air Heating and Cooling,+1 480-769-0337,http://otterairaz.com,,,,,,,,,,0,,,,,,,,,104,4.9,22
C,30.03,5.03,phoenix,Ball Brothers Plumbing & AC,+1 480-435-2498,https://ballbrothersplumbingac.com,"145 E Comstock Dr #1, Chandler, AZ 85225, United States",,,,,,,,,0,,,,,,,,,103,5,2
C,30.03,5.03,phoenix,Higley Family Auto Care,+1 480-988-5600,http://higleyfamilyautocare.com,"2450 S Higley Rd, Gilbert, AZ 85295, United States",,,,,,,,,0,,,,,,,,,103,5,2
C,30.03,5.03,phoenix,Reliable Comfort LLC,+1 602-733-9743,http://reliablecomfort-hvac.com,,,,,,,,,,0,,,,,,,,,103,4.9,72
C,30.03,5.03,phoenix,Colorado Auto Repair,+1 623-533-0113,http://www.colorado-autorepair.com,"1104 N 35th Ave, Phoenix, AZ 85009, United States",,,,,,,,,0,,,,,,,,,56,4.7,27
C,30.03,5.03,phoenix,Pro Tech RV,+1 480-594-4517,https://protechrvservice.com,"1533 N Alma School Rd #8, Mesa, AZ 85201, United States",,,,,,,,,0,,,,,,,,,56,4.7,3
C,30.03,5.03,phoenix,Knights of the Attic,+1 602-675-6827,https://knightsoftheattic.com,"2610 E Mohawk Ln Ste 112, Phoenix, AZ 85050, United States",,,,,,,,,0,,,,,,,,,103,4.9,2
C,30.03,5.03,phoenix,Acclaim Car & Truck Repair,+1 480-429-1765,https://www.acclaimcarandtruckrepair.com,"7145 E Earll Dr, Scottsdale, AZ 85251, United States",,,,,,,,,0,,,,,,,,,41,4.6,2
C,30.03,5.03,phoenix,Galvez Air Conditioning & Refrigeration Inc,+1 480-528-2331,https://galvezairconditioning.com,,,,,,,,,,0,,,,,,,,,75,4.8,2
C,30.03,5.03,phoenix,ATE Perfomance Diesel,+1 602-233-8407,http://www.ateperformancediesel.com,"11498 W Buckeye Rd, Avondale, AZ 85323, United States",,,,,,,,,0,,,,,,,,,102,4.9,42
C,30.03,5.03,phoenix,System4 of Phoenix,+1 602-314-6800,https://system4phoenix.com,"9280 E Raintree Dr #101, Scottsdale, AZ 85260, United States",,,,,,,,,0,,,,,,,,,30,4.5,12
C,30.01,5.01,phoenix,Gordon’s Air Conditioning and Heating LLC,+1 480-251-0738,https://gordonsairconditioning.com,,,,,,,,,,0,,,,,,,,,101,4.9,68
C,30.01,5.01,phoenix,MAINTENANCE MOBILE LLC,+1 480-849-0351,,"875 Estrella Pkwy, Goodyear, AZ 85338, United States",,,,,,,,,0,,,,,,,,,16,4.3,9
C,30.0,5.0,phoenix,Pinon Air Heating and Cooling,+1 623-288-5654,https://www.pinonaircooling.com,"5968 W Osborn Rd, Phoenix, AZ 85033, United States",,,,,,,,,0,,,,,,,,,100,5,3
C,30.0,5.0,phoenix,Kirk's Automotive,+1 623-386-4250,,"105 N 2nd St, Buckeye, AZ 85326, United States",,,,,,,,,0,,,,,,,,,54,4.7,31
C,30.0,5.0,phoenix,Desert Jade Air Conditioning and Heating LLC,+1 623-326-1740,https://desertjadeac.com,,,,,,,,,,0,,,,,,,,,100,5,72
C,30.0,5.0,phoenix,CMK Heating and Cooling,+1 480-410-4113,http://www.cmkheatingandcooling.com,"2013 W Rose Garden Ln, Phoenix, AZ 85027, United States",,,,,,,,,0,,,,,,,,,54,4.7,13
C,30.0,5.0,phoenix,Franks Honest Auto,+1 623-773-2886,,"9192 W Cactus Rd, Peoria, AZ 85381, United States",,,,,,,,,0,,,,,,,,,100,4.9,66
C,29.99,4.99,phoenix,Antrim Air,+1 480-664-6575,https://www.antrimair.com,"3100 W Ray Rd #201, Chandler, AZ 85226, United States",,,,,,,,,0,,,,,,,,,99,4.9,13
C,29.99,4.99,phoenix,King Mechanical LLC,+1 623-247-5464,http://www.azairking.com,"2331 W Royal Palm Rd Ste G, Phoenix, AZ 85021, United States",,,,,,,,,0,,,,,,,,,73,4.8,2
C,29.97,4.97,phoenix,Opulent Air Conditioning,+1 480-828-3320,,,,,,,,,,,0,,,,,,,,,39,4.6,3
C,29.97,4.97,phoenix,United Refrigeration Inc,+1 623-474-2500,http://www.uri.com,"407 S 107th Ave Bldg. A, #18&20, Tolleson, AZ 85353, United States",,,,,,,,,0,,,,,,,,,21,4.4,7
C,29.97,4.97,phoenix,Air Flow Air Conditioning & Refrigeration,+1 602-245-3000,http://airflowaz.com,"26007 N 101st Ave, Peoria, AZ 85383, United States",,,,,,,,,0,,,,,,,,,98,5,2
C,29.97,4.97,phoenix,Overson AC & Heating,+1 480-466-0964,https://oversonac.com,,,,,,,,,,0,,,,,,,,,97,5,52
C,29.97,4.97,phoenix,Teflon Heating and Cooling,+1 602-618-1025,http://www.teflonheatingandcooling.com,"2550 W Union Hills Dr Ste 350-6572, Phoenix, AZ 85027, United States",,,,,,,,,0,,,,,,,,,97,4.9,63
C,29.96,4.96,phoenix,Rascon Air Solutions LLC,+1 623-414-8980,https://dot.cards/rasconair?a=user%2Farepnyfyrworuueyf3ll5f4n4%2Fc%2Fb,,,,,,,,,,0,,,,,,,,,96,5,2
C,29.96,4.96,phoenix,Peterson Air Care & Home Services,+1 480-584-3226,https://petersonac.com/air-conditioning,"2010 E University Dr #26, Tempe, AZ 85288, United States",,,,,,,,,0,,,,,,,,,96,4.9,2
C,29.96,4.96,phoenix,Active Shield Insulation,+1 602-460-5661,https://www.activeshieldinsulation.com,,,,,,,,,,0,,,,,,,,,96,5,12
C,29.96,4.96,phoenix,"Firebird Roofing & Gutters : Roof Repair, Roof Replacement and Gutter Installation",+1 480-808-3408,https://arizonanewroof.com,"3411 N Val Vista Dr #1125, Mesa, AZ 85213, United States",,,,,,,,,0,,,,,,,,,96,4.9,3
C,29.96,4.96,phoenix,TKS Automotive,+1 480-638-5578,http://www.tksauto.com,"18335 E San Tan Blvd Ste 2, Queen Creek, AZ 85142, United States",,,,,,,,,0,,,,,,,,,71,4.8,3
C,29.95,4.95,phoenix,"All Day Heating & Air Conditioning, LLC",+1 480-252-5254,https://alldayac.com,"10249 E Carmel Ave, Mesa, AZ 85208, United States",,,,,,,,,0,,,,,,,,,70,4.8,2
C,29.95,4.95,phoenix,Master Duct Sheet Metal Shop,+1 602-245-1266,http://www.masterductsheetmetal.com,"6046 N 57th Ave, Glendale, AZ 85301, United States",,,,,,,,,0,,,,,,,,,28,4.5,10
C,29.95,4.95,phoenix,Desert Comfort Mechanical,+1 480-483-3099,https://www.desertcomfortmechanical.com,"7335 E Acoma Dr Ste 103, Scottsdale, AZ 85260, United States",,,,,,,,,0,,,,,,,,,28,4.5,3
C,29.95,4.95,phoenix,Marco's Tankless LLC,+1 480-620-3859,http://www.marcostankless.com,,,,,,,,,,0,,,,,,,,,38,4.6,3
C,29.94,4.94,phoenix,Complete Auto Repair,+1 602-367-1616,,"705 S 35th Ave, Phoenix, AZ 85009, United States",,,,,,,,,0,,,,,,,,,15,4.3,2
C,29.94,4.94,phoenix,E.R. Tankless & Plumbing,+1 480-262-8662,http://erplumbingaz.com,"25904 N 96th Ln, Peoria, AZ 85383, United States",,,,,,,,,0,,,,,,,,,95,5,2
C,29.93,4.93,phoenix,Blue HVAC Pros AC Repair & Install,+1 480-685-8473,https://bluehvacpros.com,,,,,,,,,,0,,,,,,,,,94,4.9,63
C,29.93,4.93,phoenix,Salt River Air,+1 480-201-4942,https://www.saltriverair.com,"10860 E Crescent Ave, Mesa, AZ 85208, United States",,,,,,,,,0,,,,,,,,,94,5,3
C,29.93,4.93,phoenix,Tech Solutions: Cell Phone Repair & HVAC Services,+1 480-901-3000,,"9160 E Shea Blvd STE#104, Scottsdale, AZ 85260, United States",,,,,,,,,0,,,,,,,,,51,4.7,44
C,29.93,4.93,phoenix,R J's All Duty Automotive,+1 623-215-0371,,"7541 N 69th Ave, Glendale, AZ 85303, United States",,,,,,,,,0,,,,,,,,,69,4.8,42
C,29.92,4.92,phoenix,"Ocean Air, Air Conditioning & Heating Company, Inc.",+1 480-894-2998,http://myoceanair.com,"3140 S 99th Cir, Mesa, AZ 85212, United States",,,,,,,,,0,,,,,,,,,93,4.9,12
C,29.92,4.92,phoenix,First Choice Truck Repr LLC,+1 602-442-1054,,"3151 W Buckeye Rd, Phoenix, AZ 85009, United States",,,,,,,,,0,,,,,,,,,93,4.9,64
C,29.91,4.91,phoenix,Scott's Az Plumbing & Air Conditioning,+1 602-345-0055,http://scottsaz.com,"4529 E La Puente Ave, Phoenix, AZ 85044, United States",,,,,,,,,0,,,,,,,,,92,5,2
C,29.9,4.9,phoenix,The Cool Saguaro LLC,+1 602-549-9119,http://www.thecoolsaguaro.com,"2441 W Adams St, Phoenix, AZ 85009, United States",,,,,,,,,0,,,,,,,,,91,5,2
C,29.9,4.9,phoenix,Core Comfort HVAC,+1 602-960-2278,https://azminisplitinstall.com,"715 E Cavalier Dr, Tempe, AZ 85288, United States",,,,,,,,,0,,,,,,,,,91,5,2
C,29.9,4.9,phoenix,Ron Fassl Automotive,+1 480-945-0494,http://www.fasslauto.com,"903 N Miller Rd B, Tempe, AZ 85288, United States",,,,,,,,,0,,,,,,,,,91,4.9,2
C,29.9,4.9,phoenix,GOSS MECHANICAL,+1 602-905-0876,https://gossmechanical.com,,,,,,,,,,0,,,,,,,,,91,5,2
C,29.89,4.89,phoenix,M & W Private Auto Care,+1 602-732-9306,,"35 E Elwood St, Phoenix, AZ 85040, United States",,,,,,,,,0,,,,,,,,,49,4.7,32
C,29.89,4.89,phoenix,Copper Star Heating & Cooling,+1 623-566-3400,http://copperstarheating.com,,,,,,,,,,0,,,,,,,,,49,4.7,2
C,29.88,4.88,phoenix,ALDACO AIR LLC,+1 623-229-8822,http://aldacoair.com,"1300 S Watson Rd # A114, Buckeye, AZ 85326, United States",,,,,,,,,0,,,,,,,,,66,4.8,2
C,29.88,4.88,phoenix,PANDA AIR LLC,+1 602-999-5928,https://pandaairaz.com,"101 N 1st Ave, Phoenix, AZ 85003, United States",,,,,,,,,0,,,,,,,,,90,5,2
C,29.87,4.87,phoenix,Fenix Air Conditioning LLC,+1 602-391-6688,https://fenixairaz.com,,,,,,,,,,0,,,,,,,,,89,5,52
C,29.87,4.87,phoenix,Alliance Comfort Systems,+1 602-415-1764,https://alliancecomfortaz.com,,,,,,,,,,0,,,,,,,,,26,4.5,16
C,29.87,4.87,phoenix,GA Electrical llc,+1 602-491-3515,,"3625 West Myrtle Ave, Phoenix, AZ 85051, United States",,,,,,,,,0,,,,,,,,,65,4.8,53
C,29.87,4.87,phoenix,Kelly Clark Automotive Specialists,+1 602-274-1566,http://www.kellyclark.com,"4101 E Bell Rd, Phoenix, AZ 85032, United States",,,,,,,,,0,,,,,,,,,19,4.4,7
C,29.85,4.85,phoenix,Action Air Conditioning,+1 480-651-4002,https://actionacandheat.com,"16629 E Dixileta Dr, Scottsdale, AZ 85262, United States",,,,,,,,,0,,,,,,,,,87,5,22
C,29.85,4.85,phoenix,The Trusted Tech Cooling and Heating LLC,+1 480-788-6220,https://trustinthetech.com,"4435 E Chandler Blvd Ste 200, Phoenix, AZ 85048, United States",,,,,,,,,0,,,,,,,,,87,5,2
C,29.85,4.85,phoenix,Integrity Mechanical HVAC,+1 602-300-3793,http://imhvac.net,"4517 W Hopi Trail, Laveen Village, AZ 85339, United States",,,,,,,,,0,,,,,,,,,87,5,12
C,29.85,4.85,phoenix,Arizona Gold Air,+1 623-522-0666,https://www.arizonagoldair.com,"2330 W Mission Ln Ste 13, Phoenix, AZ 85021, United States",,,,,,,,,0,,,,,,,,,87,5,2
C,29.85,4.85,phoenix,DeModica Air Conditioning,+1 480-599-1067,http://www.demodicaac.com,"7701 E Gray Rd #103, Scottsdale, AZ 85260, United States",,,,,,,,,0,,,,,,,,,87,5,67
C,29.83,4.83,phoenix,Fresh Breeze Heating and Cooling,+1 480-251-1222,http://www.freshbreezeac.com,"755 W 2nd St, Mesa, AZ 85201, United States",,,,,,,,,0,,,,,,,,,63,4.8,2
C,29.83,4.83,phoenix,Noble Refrigeration LLC,+1 623-878-8726,https://noblerefrigeration.net,"11417 N 51st Dr, Glendale, AZ 85304, United States",,,,,,,,,0,,,,,,,,,10,4.2,2
C,29.83,4.83,phoenix,"Frozen Cactus Air Conditioning & Heating, LLC",+1 480-319-7769,https://frozencactusair.com,"E El Moro Ave, Mesa, AZ 85204, United States",,,,,,,,,0,,,,,,,,,85,5,2
C,29.83,4.83,phoenix,Bleuwave General Contracting,+1 480-744-0000,https://www.bleuwave.com,"2350 E Germann Rd #26, Chandler, AZ 85286, United States",,,,,,,,,0,,,,,,,,,34,4.6,28
C,29.83,4.83,phoenix,S&S Performance,+1 623-210-7525,https://www.ethicalcommunity.org/ssperformancellc,"26838 N 204th Ave, Wittmann, AZ 85361, United States",,,,,,,,,0,,,,,,,,,85,5,2
C,29.81,4.81,phoenix,"A&K Plumbing, Mechanical and HVAC",+1 602-905-3990,https://www.akplumbingandmechanical.com,,,,,,,,,,0,,,,,,,,,84,4.9,52
C,29.8,4.8,phoenix,Gonzales Heating & Cooling,+1 602-253-2977,http://gonzaleshc.com,"1547 Grand Ave, Phoenix, AZ 85007, United States",,,,,,,,,0,,,,,,,,,45,4.7,4
C,29.8,4.8,phoenix,Hunter Brothers Heating & AC,+1 623-343-7600,https://hunterhvac.homes,"7575 W Cactus Rd, Peoria, AZ 85381, United States",,,,,,,,,0,,,,,,,,,83,4.9,2
C,29.8,4.8,phoenix,Pudney Homes Construction & Remodeling,+1 602-899-5537,https://pudneyhomes.com,,,,,,,,,,0,,,,,,,,,33,4.6,3
C,29.8,4.8,phoenix,Dynamic Air & Electric,+1 602-832-0377,,"9169 W Ludlow Dr, Peoria, AZ 85381, United States",,,,,,,,,0,,,,,,,,,83,5,12
C,29.8,4.8,phoenix,RV Wise Mobile RV Services,+1 623-301-3423,https://rvwisemobileservices.com,"25834 N Thornhill Dr, Peoria, AZ 85383, United States",,,,,,,,,0,,,,,,,,,61,4.8,4
C,29.78,4.78,phoenix,Cool Days A/C Inc.,+1 480-890-2765,http://www.cooldaysac.com,"2855 E Campbell Rd, Gilbert, AZ 85234, United States",,,,,,,,,0,,,,,,,,,82,4.9,12
C,29.78,4.78,phoenix,United Appliances and Air,+1 602-754-6303,https://unitedapplianceandair.com,"4722 E Bell Rd APT# 2096, Phoenix, AZ 85032, United States",,,,,,,,,0,,,,,,,,,82,4.9,3
C,29.78,4.78,phoenix,Art's A/C & Electrical Services,+1 623-400-6504,https://phoenixacmaintenance.com,,,,,,,,,,0,,,,,,,,,13,4.3,5
C,29.78,4.78,phoenix,Maranatha Heating And Cooling,+1 623-979-8487,,,,,,,,,,,0,,,,,,,,,13,4.3,7
C,29.78,4.78,phoenix,Bleuwave Plumbing,+1 480-863-5915,https://plumberphx.com,"2350 E Germann Rd Ste 26C, Chandler, AZ 85286, United States",,,,,,,,,0,,,,,,,,,60,4.8,12
C,29.78,4.78,phoenix,Emil Neagu Co,+1 602-332-4396,http://www.emilneaguco.com,"14599 W Yucatan St, Surprise, AZ 85379, United States",,,,,,,,,0,,,,,,,,,44,4.7,30
C,29.78,4.78,phoenix,Oren Home Appliance Repair,+1 480-299-7842,http://orenhomeappliancerepair.services,,,,,,,,,,0,,,,,,,,,60,4.8,12
C,29.76,4.76,phoenix,Sandman Air,+1 602-708-0556,http://www.sandmanair.com,"5115 Dysart Rd 202 & 206, Litchfield Park, AZ 85340, United States",,,,,,,,,0,,,,,,,,,80,5,32
C,29.76,4.76,phoenix,Automotive Research,+1 480-837-2002,http://automotiveresearchllc.com,"16948 E Colony Dr, Fountain Hills, AZ 85268, United States",,,,,,,,,0,,,,,,,,,80,5,47
C,29.74,4.74,phoenix,Zaxis Contracting,+1 602-283-8116,https://zaxiscontractingllc.com,"20919 S 220th Pl, Queen Creek, AZ 85142, United States",,,,,,,,,0,,,,,,,,,17,4.4,3
C,29.74,4.74,phoenix,Finest Phoenix Air Duct Cleaning,+1 602-610-9997,https://airductallstaraz.com,"1334 E Chandler Blvd Ste 198, Phoenix, AZ 85048, United States",,,,,,,,,0,,,,,,,,,58,4.8,12
C,29.74,4.74,phoenix,TMAC Heating & Cooling LLC,+1 602-439-1728,http://www.tmacaz.com,"3502 W Bluefield Ave, Glendale, AZ 85308, United States",,,,,,,,,0,,,,,,,,,79,5,32
C,29.72,4.72,phoenix,CDRV Certified Mobile RV Inspections & Repair,+1 480-656-1049,,"12645 N Saguaro Blvd, Fountain Hills, AZ 85268, United States",,,,,,,,,0,,,,,,,,,31,4.6,23
C,29.72,4.72,phoenix,Bob's Airco Repair Co,+1 480-899-8700,http://www.aircoaz.com,"1019 S 130th St, Gilbert, AZ 85233, United States",,,,,,,,,0,,,,,,,,,77,4.9,52
C,29.72,4.72,phoenix,"Convenient Home Services, Inc.",+1 480-988-0098,http://myphoenixair.com,"6747 E University Dr, Mesa, AZ 85205, United States",,,,,,,,,0,,,,,,,,,77,5,2
C,29.7,4.7,phoenix,AZ A/C AND HEAT SERVICES,+1 480-979-0575,https://azacandheatservices.com,"2723 W Goldmine Mountain Dr, Queen Creek, AZ 85142, United States",,,,,,,,,0,,,,,,,,,76,5,2
C,29.7,4.7,phoenix,Valley's Best Heating and Air Conditioning,+1 480-892-3938,https://www.valleysbestac.com,"9014 N 23rd Ave Ste 1, Phoenix, AZ 85021, United States",,,,,,,,,0,,,,,,,,,76,4.9,22
C,29.7,4.7,phoenix,Red Beard Heating & Cooling,+1 602-292-0718,http://www.redbeardhvac.com,,,,,,,,,,0,,,,,,,,,76,5,52
C,29.7,4.7,phoenix,Urgent Air LLC,+1 602-377-1999,https://urgentair.com,"12813 N 29th Ave, Phoenix, AZ 85029, United States",,,,,,,,,0,,,,,,,,,12,4.3,2
C,29.69,4.69,phoenix,"Cool Vibes, LLC",+1 623-451-4549,https://www.coolvibesaz.com/contact,,,,,,,,,,0,,,,,,,,,75,5,53
C,29.69,4.69,phoenix,Arizon Auto Repair Inc,+1 602-380-7172,,"309 N 39th Ave, Phoenix, AZ 85009, United States",,,,,,,,,0,,,,,,,,,30,4.6,8
C,29.68,4.68,phoenix,Turn-Key Mechanical Inc.,+1 480-582-8067,https://tkmarizona.com,,,,,,,,,,0,,,,,,,,,55,4.8,44
C,29.66,4.66,phoenix,Steve's Ultimate Air Heating & Cooling Services LLC,+1 480-458-7287,http://www.stevesultimateair.com,"3215 N Arizona Ave B9, Chandler, AZ 85225, United States",,,,,,,,,0,,,,,,,,,73,4.9,2
C,29.66,4.66,phoenix,East Valley Technician,+1 480-431-3876,http://www.evthvac.com,,,,,,,,,,0,,,,,,,,,73,5,12
C,29.66,4.66,phoenix,Airsurance,+1 480-450-2575,https://airsurancellc.com,,,,,,,,,,0,,,,,,,,,73,5,12
C,29.64,4.64,phoenix,RV Mobile Tek,+1 623-244-2232,https://rvmobiletek.com,"17658 W Dahlia Dr, Surprise, AZ 85388, United States",,,,,,,,,0,,,,,,,,,72,4.9,52
C,29.62,4.62,phoenix,TK Heating + Air,+1 480-769-0458,https://tkcools.com,,,,,,,,,,0,,,,,,,,,71,5,2
C,29.62,4.62,phoenix,Purified Air Duct Cleaning,+1 602-694-2964,https://www.purifiedairductcleaning.com,,,,,,,,,,0,,,,,,,,,71,5,12
C,29.62,4.62,phoenix,Weather Bee AC and Heating LLC,+1 623-980-1111,http://www.weatherbeeac.com,,,,,,,,,,0,,,,,,,,,70,5,45
C,29.62,4.62,phoenix,Iron Horse Plumbing & Air,+1 480-808-9990,https://ironhorseair.com,"1917 E 5th St, Tempe, AZ 85288, United States",,,,,,,,,0,,,,,,,,,70,5,2
C,29.62,4.62,phoenix,CLC Mechanical Heating & Cooling,+1 623-335-2625,http://www.clcmechanicalaz.com,,,,,,,,,,0,,,,,,,,,70,5,2
C,29.6,4.6,phoenix,Archie’s HVAC,+1 480-921-8350,,"1841 E 6th St, Tempe, AZ 85288, United States",,,,,,,,,0,,,,,,,,,11,4.3,4
C,29.6,4.6,phoenix,Desert Heroes HVAC,+1 602-299-7774,https://desertheroeshvac.com,"814 W Rose Ln, Phoenix, AZ 85013, United States",,,,,,,,,0,,,,,,,,,69,5,2
C,29.6,4.6,phoenix,West Coast Plumbing and Air,+1 623-582-1117,http://westcoastplumbingandair.com,"2222 W Parkside Ln #121, Phoenix, AZ 85027, United States",,,,,,,,,0,,,,,,,,,51,4.8,3
C,29.58,4.58,phoenix,Cool Aid Air Conditioning LLC,+1 480-941-2665,http://coolaidair.com,,,,,,,,,,0,,,,,,,,,68,4.9,2
C,29.58,4.58,phoenix,Wright Auto Repair,+1 480-440-4098,,"625 E McKellips Rd #5, Mesa, AZ 85203, United States",,,,,,,,,0,,,,,,,,,68,4.9,45
C,29.58,4.58,phoenix,Avalanche Heating & Cooling,+1 602-359-9312,https://www.avalancheheatingandcooling.com,,,,,,,,,,0,,,,,,,,,50,4.8,42
C,29.58,4.58,phoenix,AiRite Mechanical,+1 623-847-5600,https://airiteac.com,"7615 N 75th Ave Ste 106, Glendale, AZ 85303, United States",,,,,,,,,0,,,,,,,,,68,4.9,50
C,29.58,4.58,phoenix,Top Air Cooling & Air Conditioning LLC,+1 602-775-3715,https://topair-hvac.com,"9710 N 56th Ave, Glendale, AZ 85302, United States",,,,,,,,,0,,,,,,,,,68,4.9,54
C,29.57,4.57,phoenix,Omazing Air,+1 480-900-7848,https://omazingair.com,"660 N Neely St #3, Gilbert, AZ 85233, United States",,,,,,,,,0,,,,,,,,,67,5,2
C,29.57,4.57,phoenix,"Mr. Electric of Mesa, Gilbert & Chandler",+1 480-448-9332,https://mrelectric.com/mesa-gilbert-chandler?cid=LSTL_MRE000196,"1235 S Gilbert Rd #21, Mesa, AZ 85204, United States",,,,,,,,,0,,,,,,,,,67,4.9,2
C,29.57,4.57,phoenix,AZHVAC LLC,+1 602-550-9826,,"22827 N 120th Ln, Sun City, AZ 85373, United States",,,,,,,,,0,,,,,,,,,67,4.9,2
C,29.57,4.57,phoenix,Carter & Sons HVAC & Plumbing LLC,+1 623-920-0873,,"6339 E Greenway Rd, Scottsdale, AZ 85254, United States",,,,,,,,,0,,,,,,,,,67,4.9,2
C,29.57,4.57,phoenix,Liberty Automotive,+1 602-331-6080,,"10811 N Cave Creek Rd, Phoenix, AZ 85020, United States",,,,,,,,,0,,,,,,,,,67,4.9,49
C,29.56,4.56,phoenix,Marken Mechanical Air Conditioning,+1 480-899-1150,https://markenaz.com,"5402 S 40th St, Phoenix, AZ 85040, United States",,,,,,,,,0,,,,,,,,,36,4.7,26
C,29.56,4.56,phoenix,Hawks Refrigeration,+1 602-628-6179,https://www.hawksrefrigeration.com,,,,,,,,,,0,,,,,,,,,49,4.8,35
C,29.56,4.56,phoenix,D&L Premier Mini Splits,+1 602-499-8641,https://www.dlpremierminisplits.com,,,,,,,,,,0,,,,,,,,,49,4.8,12
C,29.55,4.55,phoenix,Rocket Heating & Ac Repair,+1 480-712-8094,https://rocketheatingacrepair.net,,,,,,,,,,0,,,,,,,,,66,5,54
C,29.55,4.55,phoenix,Frosty Fox AC LLC,+1 480-806-2665,https://www.frostyfoxac.com,,,,,,,,,,0,,,,,,,,,66,5,2
C,29.55,4.55,phoenix,Douglas Wright Electric,+1 480-489-4006,http://www.dweinc.us,"3653 E Flower St, Gilbert, AZ 85298, United States",,,,,,,,,0,,,,,,,,,66,5,51
C,29.55,4.55,phoenix,Red's Mechanical,+1 480-808-7337,http://redsmech.com,,,,,,,,,,0,,,,,,,,,66,5,2
C,29.55,4.55,phoenix,Zephyr Heating & Air Conditioning,+1 480-390-8343,https://zephyraz.com,"3883 W Maggie Dr, San Tan Valley, AZ 85144, United States",,,,,,,,,0,,,,,,,,,66,5,2
C,29.53,4.53,phoenix,Good Shepard Heating & Air,+1 623-224-4661,https://goodshepardheatingandair.com,,,,,,,,,,0,,,,,,,,,65,5,52
C,29.53,4.53,phoenix,the junkie garage,+1 623-252-4509,http://thejunkiegarage.org,"4514 W Sierra St, Glendale, AZ 85304, United States",,,,,,,,,0,,,,,,,,,48,4.8,35
C,29.53,4.53,phoenix,Forbes Refrigeration & Air Conditioning,+1 480-266-5211,https://forbesrefrigeration.com,"7291 E Adobe Dr Ste 105, Scottsdale, AZ 85255, United States",,,,,,,,,0,,,,,,,,,65,4.9,22
C,29.53,4.53,phoenix,Mobile Auto Clinic LLC,+1 623-208-1903,https://azmobilemech.com,"N 177th Ave, Waddell, AZ 85355, United States",,,,,,,,,0,,,,,,,,,48,4.8,41
C,29.52,4.52,phoenix,AC For Less,+1 602-910-3894,,"2232 E Rose Garden Loop suite 2, Phoenix, AZ 85024, United States",,,,,,,,,0,,,,,,,,,35,4.7,23
C,29.52,4.52,phoenix,J&N HVAC,+1 602-377-3467,https://jandnhvacservices.com,"112 S Kyrene Rd Ste 1, Chandler, AZ 85226, United States",,,,,,,,,0,,,,,,,,,64,5,2
C,29.52,4.52,phoenix,Ethan & Sons HVAC,+1 623-400-8556,https://ethanhvac.best,"1825 W Bell Rd, Phoenix, AZ 85023, United States",,,,,,,,,0,,,,,,,,,47,4.8,2
C,29.52,4.52,phoenix,Arizona Climate Concepts,+1 623-223-0987,http://www.arizonaclimateconcepts.com,,,,,,,,,,0,,,,,,,,,64,5,12
C,29.51,4.51,phoenix,REAL CASTLE AC & HEATING LLC.,+1 623-329-9103,,,,,,,,,,,0,,,,,,,,,4,4,1
C,29.51,4.51,phoenix,New A/C Unit Warehouse - Trane & Goodman Sales,+1 480-687-7743,http://www.newacunitsales.com,"3643 E Main St suite b, Mesa, AZ 85205, United States",,,,,,,,,0,,,,,,,,,4,4,1
C,29.51,4.51,phoenix,SunStar Heating & Aire,+1 480-962-5020,,"929 S Pico Cir, Mesa, AZ 85206, United States",,,,,,,,,0,,,,,,,,,4,4,1
C,29.51,4.51,phoenix,Waddell AC Repair,+1 623-244-4361,,,,,,,,,,,0,,,,,,,,,4,4,1
C,29.51,4.51,phoenix,"ARIZONA COMFORT EXPERTS, LLC",+1 480-272-6585,,"3931 E Pinon Ct, Gilbert, AZ 85234, United States",,,,,,,,,0,,,,,,,,,4,4,0
C,29.51,4.51,phoenix,Horizon Energy Systems,+1 602-867-3176,http://www.savenrg.com,"610 E Bell Rd, Phoenix, AZ 85022, United States",,,,,,,,,0,,,,,,,,,4,4,1
C,29.5,4.5,phoenix,APB Air Conditioning Inc,+1 602-795-2499,,"Phoenix, AZ 85032, United States",,,,,,,,,0,,,,,,,,,10,4.3,3
C,29.5,4.5,phoenix,Phoenix Uline Repair,+1 623-277-5647,,"139 W Thomas Rd, Phoenix, AZ 85013, United States",,,,,,,,,0,,,,,,,,,10,4.3,3
C,29.49,4.49,phoenix,Premier Industries Inc.,+1 602-997-8754,https://piec.com/contact-premier-industries-inc,"11050 N 22nd Ave, Phoenix, AZ 85029, United States",,,,,,,,,0,,,,,,,,,46,4.8,31
C,29.49,4.49,phoenix,Ables Mechanical,+1 602-550-0372,http://www.ablesmechanical.com,"2401 W Behrend Dr #47, Phoenix, AZ 85027, United States",,,,,,,,,0,,,,,,,,,25,4.6,11
C,29.48,4.48,phoenix,Nauman Brothers Heating & Cooling,+1 480-665-6224,http://www.ourhvacguy.com,"901 E Penny Ln, San Tan Valley, AZ 85140, United States",,,,,,,,,0,,,,,,,,,62,5,3
C,29.48,4.48,phoenix,Competitive Auto Repair,+1 602-989-3072,https://competitiveautorepair.com,"615 W Ray Rd Ste B, Gilbert, AZ 85233, United States",,,,,,,,,0,,,,,,,,,62,4.9,52
C,29.48,4.48,phoenix,Definitive Air,+1 480-656-3337,https://www.definitiveair.com,"3014 E Leland St, Mesa, AZ 85213, United States",,,,,,,,,0,,,,,,,,,62,5,12
C,29.47,4.47,phoenix,Cold Auto AC Repair- Victor H,+1 602-427-8617,,,,,,,,,,,0,,,,,,,,,18,4.5,11
C,29.47,4.47,phoenix,"Ault's Cooling HVAC Services, LLC",+1 480-267-2505,http://aultscooling.com,,,,,,,,,,0,,,,,,,,,61,5,49
C,29.47,4.47,phoenix,Reidhead Plumbing & Air,+1 480-306-7442,http://reidheadplumbing.com,"1749 N Country Club Dr, Mesa, AZ 85201, United States",,,,,,,,,0,,,,,,,,,61,4.9,2
C,29.47,4.47,phoenix,Bennett Auto Repair & Fabrication,+1 480-840-9880,,"20314 E Empire Blvd, Queen Creek, AZ 85142, United States",,,,,,,,,0,,,,,,,,,33,4.7,14
C,29.45,4.45,phoenix,Mustang Air Mechanical,+1 602-769-2526,,"10654 N 33rd Pl, Phoenix, AZ 85028, United States",,,,,,,,,0,,,,,,,,,13,4.4,4
C,29.44,4.44,phoenix,Estrella Mountain Window Care,+1 623-688-8494,https://estrellawindowcleaning.com,,,,,,,,,,0,,,,,,,,,60,5,2
C,29.44,4.44,phoenix,Werx Plumbing and Air,+1 602-499-1791,http://werxplumbingandair.com,"10805 W Washington St, Avondale, AZ 85323, United States",,,,,,,,,0,,,,,,,,,60,5,3
C,29.44,4.44,phoenix,Icy Frost HVAC,+1 602-315-0307,http://www.icyfrosthvac.com,,,,,,,,,,0,,,,,,,,,60,5,12
C,29.43,4.43,phoenix,Menmax Appliance Repair & HVAC,+1 602-892-0302,https://menmaxrepair.com,,,,,,,,,,0,,,,,,,,,32,4.7,25
C,29.42,4.42,phoenix,Due-All Air Conditioning & Heating,+1 480-988-0070,http://due-all.com,"26208 S Mandarin Dr, Queen Creek, AZ 85142, United States",,,,,,,,,0,,,,,,,,,59,4.9,2
C,29.42,4.42,phoenix,"KADE MECHANICAL, LLC",+1 602-888-0372,https://www.kademech.com,"3638 E Southern Ave #3, Phoenix, AZ 85040, United States",,,,,,,,,0,,,,,,,,,59,4.9,12
C,29.41,4.41,phoenix,Mendoza A/C Solutions LLC,+1 623-313-5657,,"2340 N 48th Ln, Phoenix, AZ 85035, United States",,,,,,,,,0,,,,,,,,,23,4.6,12
C,29.41,4.41,phoenix,Papi's mobile services,+1 480-799-8022,,"4112 E Graythorn Ave, Phoenix, AZ 85044, United States",,,,,,,,,0,,,,,,,,,58,4.9,2
C,29.41,4.41,phoenix,Level Up Diesel,+1 623-999-3830,http://www.levelupdiesel.com,"18107 W Dunlap Rd, Goodyear, AZ 85338, United States",,,,,,,,,0,,,,,,,,,58,5,22
C,29.41,4.41,phoenix,Coker Construction,+1 602-888-0377,https://www.cokerconstruction.com,,,,,,,,,,0,,,,,,,,,17,4.5,6
C,29.41,4.41,phoenix,Hansons Automotive,+1 480-243-2926,http://www.hansonsautoqc.com,"26030 S Power Rd, Queen Creek, AZ 85142, United States",,,,,,,,,0,,,,,,,,,58,4.9,2
C,29.39,4.39,phoenix,Infinity Air Heating and Cooling,+1 480-761-5690,http://infinityaircool.com,"11022 S 51st St #202, Phoenix, AZ 85044, United States",,,,,,,,,0,,,,,,,,,57,5,3
C,29.39,4.39,phoenix,Queen Creek Air Conditioning,+1 480-466-3663,,"4365 E Pecos Rd Ste 120, Gilbert, AZ 85295, United States",,,,,,,,,0,,,,,,,,,31,4.7,2
C,29.39,4.39,phoenix,"Joe Cool Air Conditioning 3.0, LLC",+1 623-925-2665,https://www.joecoolacaz.com,,,,,,,,,,0,,,,,,,,,31,4.7,12
C,29.39,4.39,phoenix,Pro Mech Automotive,+1 480-464-7922,,"1050 E Main St, Mesa, AZ 85203, United States",,,,,,,,,0,,,,,,,,,42,4.8,19
C,29.39,4.39,phoenix,Airbender Heating and Cooling HVAC,+1 480-745-0423,http://airbenderacrepair.com,"2735 Thomas Rd, Phoenix, AZ 85016, United States",,,,,,,,,0,,,,,,,,,57,5,2
C,29.38,4.38,phoenix,AC Guys INC,+1 480-945-4463,,,,,,,,,,,0,,,,,,,,,9,4.3,2
C,29.37,4.37,phoenix,ChillTek AC Repair,+1 623-263-3300,https://www.chilltekacrepairglendale.com,"7155 W Campo Bello Dr #4, Glendale, AZ 85308, United States",,,,,,,,,0,,,,,,,,,56,5,2
C,29.37,4.37,phoenix,Cool Beans Heating and Air,+1 480-648-0325,https://callcoolbeans.com,"18625 S 187th Pl Ste B104, Queen Creek, AZ 85142, United States",,,,,,,,,0,,,,,,,,,56,5,12
C,29.37,4.37,phoenix,NextGen Living Heating & Cooling AZ,+1 602-524-6499,https://www.nextgenheatingandcooling.net,,,,,,,,,,0,,,,,,,,,12,4.4,3
C,29.37,4.37,phoenix,Sun Air Duct Cleaning & Dryer Vent and Chimney Sweep,+1 602-835-3070,https://www.sunairduct.com,"4949 E Lincoln Dr #118, Paradise Valley, AZ 85253, United States",,,,,,,,,0,,,,,,,,,56,5,48
C,29.36,4.36,phoenix,Everest Air & Appliance Repair,+1 623-469-5228,,,,,,,,,,,0,,,,,,,,,22,4.6,12
C,29.35,4.35,phoenix,Lomeli Air Heating and Cooling,+1 602-586-0088,https://lomeliairllc.jobbersites.com,"2103 S 123rd Dr, Avondale, AZ 85323, United States",,,,,,,,,0,,,,,,,,,55,5,2
C,29.35,4.35,phoenix,Arizona's Family Car Care,+1 480-290-9949,https://6a2e9f7910786275427c54b8--resonant-custard-77e0eb.netlify.app,"10963 South 75th Avenue, Laveen Village, AZ 85339, United States",,,,,,,,,0,,,,,,,,,55,4.9,12
C,29.35,4.35,phoenix,CCL HVAC,+1 602-883-6280,http://cclhvac.com,,,,,,,,,,0,,,,,,,,,55,5,3
C,29.34,4.34,phoenix,Goliath Mechanical Heating and Cooling,+1 623-332-7286,https://goliathmechanical.com,"3961 E Chandler Blvd Ste 111, Phoenix, AZ 85048, United States",,,,,,,,,0,,,,,,,,,40,4.8,28
C,29.33,4.33,phoenix,CTS Air Conditioning and Heating,+1 480-696-5033,https://ctsairconditioning.com,"3322 W Mohawk Ln, Phoenix, AZ 85027, United States",,,,,,,,,0,,,,,,,,,54,4.9,43
C,29.33,4.33,phoenix,Future Service Automotive,+1 480-829-7728,,"1121 W Saragosa St, Chandler, AZ 85224, United States",,,,,,,,,0,,,,,,,,,54,4.9,43
C,29.33,4.33,phoenix,Affordable Cool Air - AC Repair & Install Of Sun City West,+1 480-470-6076,https://affordablecoolairllc.com,,,,,,,,,,0,,,,,,,,,54,5,46
C,29.33,4.33,phoenix,"Sunburst Mechanical, Inc.",+1 623-223-0687,https://sunburstmechanical.com,,,,,,,,,,0,,,,,,,,,29,4.7,4
C,29.31,4.31,phoenix,Tortoise Heating and Air,+1 480-670-2558,https://www.tortoisehvac.com,"11983 W Mountain View Dr, Avondale, AZ 85323, United States",,,,,,,,,0,,,,,,,,,53,5,12
C,29.31,4.31,phoenix,EZ Breezy Heating and Cooling,+1 480-978-8485,https://ezbreezyair.com,,,,,,,,,,0,,,,,,,,,53,4.9,45
C,29.31,4.31,phoenix,Weather Partners Mechanical,+1 602-654-2030,,,,,,,,,,,0,,,,,,,,,53,5,28
C,29.29,4.29,phoenix,Masterpiece Air Conditioning,+1 602-570-4598,http://www.masterpieceac.com,,,,,,,,,,0,,,,,,,,,52,5,22
C,29.29,4.29,phoenix,Cool Fix LLC Mobile Mechanic,+1 602-309-0103,,"10916 W Belmont Ave, Glendale, AZ 85307, United States",,,,,,,,,0,,,,,,,,,52,5,41
C,29.29,4.29,phoenix,Larson AC Repair Cave Creek,+1 480-462-5424,https://larsonairsolutionllc.com,,,,,,,,,,0,,,,,,,,,52,5,44
C,29.27,4.27,phoenix,X Air Cooling & Heating,+1 623-255-0490,https://xairac.com,,,,,,,,,,0,,,,,,,,,15,4.5,4
C,29.27,4.27,phoenix,Axis Air Conditioning,+1 480-648-1528,https://axisairconditioning.com,,,,,,,,,,0,,,,,,,,,51,5,2
C,29.27,4.27,phoenix,Total Pro AC,+1 480-261-3638,https://totalproac.com,"20551 N Pima Rd #200, Scottsdale, AZ 85255, United States",,,,,,,,,0,,,,,,,,,51,5,3
C,29.25,4.25,phoenix,Green Peace A/C Refrigeration,+1 480-955-4120,https://greenpeaceac.wordpress.com,"2270 S Airport Blvd #6, Chandler, AZ 85286, United States",,,,,,,,,0,,,,,,,,,50,5,23
C,29.25,4.25,phoenix,CAM Air,+1 480-378-2731,http://camair.pro,"8607 E Pecos Rd Bldg 2 Ste 106, Mesa, AZ 85212, United States",,,,,,,,,0,,,,,,,,,50,4.9,22
C,29.25,4.25,phoenix,Francisco’s Cooling and Heating Inc,+1 480-621-0346,https://www.franciscoscoolingandheating.com,"1134 S Karen Ln, Gilbert, AZ 85296, United States",,,,,,,,,0,,,,,,,,,50,4.9,2
C,29.25,4.25,phoenix,A thru Z HVAC Solutions,+1 480-331-2836,,,,,,,,,,,0,,,,,,,,,50,5,39
C,29.25,4.25,phoenix,Rick Bishop Refrigeration and Appliance Repair,+1 480-862-6435,https://www.mypersonalrepairman.com,"130 E McKellips Rd #49, Mesa, AZ 85201, United States",,,,,,,,,0,,,,,,,,,37,4.8,2
C,29.25,4.25,phoenix,BFS Home Warranty,+1 623-584-2977,http://www.bfshomewarranty.com,"13576 W Camino Del Sol suite 14, Sun City West, AZ 85375, United States",,,,,,,,,0,,,,,,,,,20,4.6,3
C,29.25,4.25,phoenix,A Plus Ac Repair Paradise Valley,+1 480-418-5720,https://aplusheatingcooling.net,,,,,,,,,,0,,,,,,,,,50,5,38
C,29.24,4.24,phoenix,Caballero’s A/C,+1 623-298-8386,http://acandheatingarizona.com,,,,,,,,,,0,,,,,,,,,27,4.7,16
C,29.23,4.23,phoenix,HVAC Mesa,+1 602-962-7901,https://www.hvacmesa.net,"1818 E Southern Ave, Mesa, AZ 85204, United States",,,,,,,,,0,,,,,,,,,49,5,32
C,29.23,4.23,phoenix,Suave Air Heating and Cooling,+1 480-934-9150,http://www.suaveair.com,"415 N Sirrine, Mesa, AZ 85201, United States",,,,,,,,,0,,,,,,,,,49,5,33
C,29.23,4.23,phoenix,HQ Plumbing and Air,+1 602-675-1555,https://www.hqplumbingandair.com,"17423 N 25th Ave #1, Phoenix, AZ 85023, United States",,,,,,,,,0,,,,,,,,,49,4.9,2
C,29.23,4.23,phoenix,Fresh Comfort Solutions,+1 602-390-3930,https://www.callfcs.com,"2020 W Calle Marita, Phoenix, AZ 85085, United States",,,,,,,,,0,,,,,,,,,49,5,2
C,29.2,4.2,phoenix,Arizona AC and Heating,+1 623-386-0477,https://www.arizonaacandheating.com,,,,,,,,,,0,,,,,,,,,48,4.9,12
C,29.2,4.2,phoenix,Arraz AC,+1 480-589-8610,,"1933 N Ironwood Dr, Apache Junction, AZ 85120, United States",,,,,,,,,0,,,,,,,,,48,4.9,31
C,29.2,4.2,phoenix,Radiadores Del Valle LLC,+1 623-221-1550,,"3434 W Sherman St, Phoenix, AZ 85009, United States",,,,,,,,,0,,,,,,,,,48,4.9,22
C,29.2,4.2,phoenix,Sunrise Mechanical Inc,+1 602-714-1009,,,,,,,,,,,0,,,,,,,,,26,4.7,17
C,29.2,4.2,phoenix,"The Harlan Company, LLC",+1 602-254-8894,https://www.theharlanco.com,"711 W Madison St, Phoenix, AZ 85007, United States",,,,,,,,,0,,,,,,,,,26,4.7,8
C,29.2,4.2,phoenix,Heat & Air Conditioning,+1 623-278-5650,,"24426 N 40th Ln, Glendale, AZ 85310, United States",,,,,,,,,0,,,,,,,,,48,4.9,35
C,29.2,4.2,phoenix,"KB A/C and Heating, LLC",+1 602-859-3366,,,,,,,,,,,0,,,,,,,,,19,4.6,4
C,29.2,4.2,phoenix,Blackout mechanical LLC,+1 480-744-8290,http://www.blackoutmechanical.com,,,,,,,,,,0,,,,,,,,,19,4.6,11
C,29.2,4.2,phoenix,Right Away Heating & Ac Repair,+1 480-712-4059,https://rightawayheatingacrepair.com,,,,,,,,,,0,,,,,,,,,48,4.9,34
C,29.19,4.19,phoenix,Enviro tech AC and Heating - Air Conditioning,+1 480-628-9522,http://envirotechvac.com,"4502 E Monte Way, Phoenix, AZ 85044, United States",,,,,,,,,0,,,,,,,,,35,4.8,26
C,29.19,4.19,phoenix,Diesel Experts LLC (Formerly Truck Auto Experts),+1 602-620-8089,https://dieselexperts.services,"6344 W Orangewood Ave #9, Glendale, AZ 85301, United States",,,,,,,,,0,,,,,,,,,35,4.8,2
C,29.18,4.18,phoenix,A+ Air And Aeroseal,+1 480-213-9201,http://www.aplusairaz.com,"3443 N Alba Cir, Mesa, AZ 85213, United States",,,,,,,,,0,,,,,,,,,47,4.9,34
C,29.18,4.18,phoenix,Operation Air Co,+1 480-999-3949,https://operationairco.com,,,,,,,,,,0,,,,,,,,,47,5,38
C,29.18,4.18,phoenix,RB Temperature Service,+1 480-743-0045,http://rbtemperature.com,,,,,,,,,,0,,,,,,,,,47,5,38
C,29.18,4.18,phoenix,Strategic HVAC LLC,+1 602-377-9142,http://www.strategyac.com,,,,,,,,,,0,,,,,,,,,47,5,2
C,29.16,4.16,phoenix,"Certify HVAC Air Conditioning, Heating and Ventilation",+1 480-501-1310,http://www.certifyhvac.com,"3832 E Bighorn Ave, Phoenix, AZ 85044, United States",,,,,,,,,0,,,,,,,,,46,5,2
C,29.16,4.16,phoenix,Rodeo Heating and Cooling,+1 602-313-1959,https://rodeoheatingandcooling.com,,,,,,,,,,0,,,,,,,,,46,5,2
C,29.16,4.16,phoenix,WRENCHES N RATCHETS MOBILE GARAGE LLC,+1 623-377-6579,http://wrenchesnratchets.com,"We only offer mobile services, 6606 W Harwell Rd, Laveen Village, AZ 85339, United States",,,,,,,,,0,,,,,,,,,46,4.9,38
C,29.16,4.16,phoenix,RM3 Mechanical,+1 480-270-8321,http://www.rm3mechanical.com,"2123 S Priest Dr #215, Tempe, AZ 85282, United States",,,,,,,,,0,,,,,,,,,46,5,29
C,29.16,4.16,phoenix,Stanley Heating & Air,+1 480-906-3907,https://stanleyheatingair.com,,,,,,,,,,0,,,,,,,,,46,5,37
C,29.16,4.16,phoenix,"Xtreme Air, Inc.",+1 602-296-4932,https://xtremeairaz.com,"21421 N 11th Ave Ste 6, Phoenix, AZ 85027, United States",,,,,,,,,0,,,,,,,,,25,4.7,13
C,29.14,4.14,phoenix,Eddie and Son,+1 480-720-0702,,"4-336 W Ray Rd, Chandler, AZ 85226, United States",,,,,,,,,0,,,,,,,,,18,4.6,8
C,29.14,4.14,phoenix,PebbleCreek Home Services,+1 602-613-5442,https://pebblecreekhomeservices.com,"16950 W Edgemont Ave, Goodyear, AZ 85395, United States",,,,,,,,,0,,,,,,,,,18,4.6,3
C,29.13,4.13,phoenix,Maricopa Air Conditioning and Heating,+1 480-941-3945,https://www.maricopaair.com,"3011 N 73rd St Suite 111, Scottsdale, AZ 85251, United States",,,,,,,,,0,,,,,,,,,45,5,31
C,29.13,4.13,phoenix,Cluff Mechanical Heating & Air Conditioning,+1 602-765-2665,https://cluffmechanical.com,,,,,,,,,,0,,,,,,,,,33,4.8,22
C,29.13,4.13,phoenix,Cortez Solution,+1 480-274-2429,,"1520 W Moody Trail, Phoenix, AZ 85041, United States",,,,,,,,,0,,,,,,,,,45,5,30
C,29.13,4.13,phoenix,Flash Air Conditioning & Heating Llc,+1 480-297-2738,https://flashairconditioningandheating.godaddysites.com,"868 E 8th Pl, Mesa, AZ 85203, United States",,,,,,,,,0,,,,,,,,,33,4.8,2
C,29.13,4.13,phoenix,Kaluas HVAC Mechanical Services,+1 602-320-7343,https://kaluashvac.com,,,,,,,,,,0,,,,,,,,,45,5,2
C,29.13,4.13,phoenix,Dry Valley Drywall,+1 480-843-9564,https://dryvalleydrywall.com,"875 Estrella Pkwy Unit 6353, Goodyear, AZ 85338, United States",,,,,,,,,0,,,,,,,,,45,5,35
C,29.13,4.13,phoenix,Dobson Ranch AC Repair,+1 602-536-7792,,,,,,,,,,,0,,,,,,,,,45,4.9,36
C,29.13,4.13,phoenix,Prickly Repear Home Service,+1 602-672-8898,http://www.pricklyrepear.com,,,,,,,,,,0,,,,,,,,,33,4.8,24
C,29.13,4.13,phoenix,TruTek Air Conditioning & Heating LLC,+1 623-526-2013,https://trutekaz.com,"419 W Lone Cactus Dr, Phoenix, AZ 85027, United States",,,,,,,,,0,,,,,,,,,33,4.8,13
C,29.13,4.13,phoenix,"Maverick Roofing And Exteriors | Gilbert, AZ",+1 480-703-2584,https://maverickroofingaz.com,"3248 E Isaiah Ct, Gilbert, AZ 85298, United States",,,,,,,,,0,,,,,,,,,45,5,2
C,29.12,4.12,phoenix,Glendale Danby Repair,+1 623-432-5702,,"5008 W Northern Ave #1, Glendale, AZ 85301, United States",,,,,,,,,0,,,,,,,,,13,4.5,4
C,29.12,4.12,phoenix,DP Air Phoenix,+1 602-438-4747,http://www.dpair.com,"5216 S 40th St, Phoenix, AZ 85040, United States",,,,,,,,,0,,,,,,,,,7,4.3,1
C,29.12,4.12,phoenix,Optimum Air,+1 602-909-8439,https://optimumairaz.com/our-story,"23602 N 35th Dr, Glendale, AZ 85310, United States",,,,,,,,,0,,,,,,,,,7,4.3,1
C,29.12,4.12,phoenix,Loe's Appliance and AC,+1 602-434-7924,https://loesapplianceandac.com,,,,,,,,,,0,,,,,,,,,24,4.7,14
C,29.11,4.11,phoenix,"Next Gen HVAC, LLC",+1 602-760-5255,https://www.thenextgenhvac.com,,,,,,,,,,0,,,,,,,,,44,5,35
C,29.11,4.11,phoenix,Az comfort pros inc,+1 602-292-0060,http://azcomfortpros.com,"3336 E Clifton Ave, Gilbert, AZ 85295, United States",,,,,,,,,0,,,,,,,,,44,4.9,2
C,29.11,4.11,phoenix,Transcend Air Heating/Cooling LLC,+1 602-725-6793,https://transcendaircomfort.com,"2632 S 83rd Ave #100-487, Phoenix, AZ 85043, United States",,,,,,,,,0,,,,,,,,,44,5,23
C,29.11,4.11,phoenix,Fast Track Heating & Cooling LLC,+1 602-905-4528,https://fasttrackheatingandcooling.com,,,,,,,,,,0,,,,,,,,,44,5,2
C,29.11,4.11,phoenix,Complete Heating and Cooling LLC,+1 623-330-9702,http://www.callcompleteac.com,,,,,,,,,,0,,,,,,,,,44,5,2
C,29.11,4.11,phoenix,Cool Fox Heating & Cooling,+1 623-889-1281,https://www.cool-fox.com,"5650 W Greenbriar Dr, Glendale, AZ 85308, United States",,,,,,,,,0,,,,,,,,,44,5,2
C,29.08,4.08,phoenix,Aguilar A/C & Heating Inc.,+1 480-369-6384,https://aguilarac.com,,,,,,,,,,0,,,,,,,,,43,4.9,12
C,29.08,4.08,phoenix,Mission Mechanical Services,+1 602-935-9105,http://www.missionmechanicalaz.com,"9855 E Southern Ave, Mesa, AZ 85209, United States",,,,,,,,,0,,,,,,,,,43,5,4
C,29.08,4.08,phoenix,International Air,+1 602-390-1498,https://internationalairhvac.com,,,,,,,,,,0,,,,,,,,,43,5,35
C,29.08,4.08,phoenix,Arias A/C Heating Inc.,+1 602-672-8803,,"945 W Corona Ave, Phoenix, AZ 85041, United States",,,,,,,,,0,,,,,,,,,5,4.2,2
C,29.08,4.08,phoenix,A's Auto Service LLC,+1 602-276-9506,,"427 E Broadway Rd, Phoenix, AZ 85040, United States",,,,,,,,,0,,,,,,,,,5,4.2,1
C,29.08,4.08,phoenix,Payless Automotive AC Parts,+1 602-272-8005,,"2834 W Van Buren St, Phoenix, AZ 85009, United States",,,,,,,,,0,,,,,,,,,5,4.2,2
C,29.08,4.08,phoenix,Cooling Men,+1 480-685-8755,https://coolingmen.net,,,,,,,,,,0,,,,,,,,,43,4.9,22
C,29.08,4.08,phoenix,Summit Heating and Air Conditioning LLC,+1 602-527-8376,https://www.summit1ac.com,,,,,,,,,,0,,,,,,,,,43,5,35
C,29.08,4.08,phoenix,Allstar Heating & Cooling llc,+1 623-266-4695,,"5115 N Dysart Rd suite 202-452, Litchfield Park, AZ 85340, United States",,,,,,,,,0,,,,,,,,,5,4.2,2
C,29.08,4.08,phoenix,Royal Flush Plumbing Co.,+1 480-631-9230,https://royalflushplumbingco.com,,,,,,,,,,0,,,,,,,,,5,4.2,1
C,29.08,4.08,phoenix,Lanphar Mechanical Services,+1 480-443-8195,http://www.lanpharmechanicalservices.com,"7740 E Redfield Rd Ste A105, Scottsdale, AZ 85260, United States",,,,,,,,,0,,,,,,,,,5,4.2,0
C,29.08,4.08,phoenix,Md's Cooling & Heating,+1 623-748-3115,http://acrepairphoenix.com,,,,,,,,,,0,,,,,,,,,5,4.2,0
C,29.08,4.08,phoenix,Blue Ridge Mechanical Inc,+1 602-448-0378,,"9116 W Mariposa Grande Ln, Peoria, AZ 85383, United States",,,,,,,,,0,,,,,,,,,5,4.2,1
C,29.07,4.07,phoenix,365 Mechanical Complete HVAC Services,+1 480-503-8974,https://www.365mechanical.com,"1817 S Horne Ste 10, Mesa, AZ 85204, United States",,,,,,,,,0,,,,,,,,,23,4.7,2
C,29.07,4.07,phoenix,Karl Meyer Air Conditioning & Heating,+1 602-265-1224,http://www.karlmeyer.com,"4848 E Cactus Rd, Scottsdale, AZ 85254, United States",,,,,,,,,0,,,,,,,,,23,4.7,4
C,29.06,4.06,phoenix,Circulate HVAC,+1 602-824-8839,http://www.circulatehvac.net,,,,,,,,,,0,,,,,,,,,42,4.9,2
C,29.06,4.06,phoenix,Royalty Air LLC,+1 602-813-6166,https://royaltyac.com,"9526 W Luxton Ln, Tolleson, AZ 85353, United States",,,,,,,,,0,,,,,,,,,42,5,25
C,29.06,4.06,phoenix,Top Tech Air,+1 480-869-8116,https://www.toptechairaz.com,,,,,,,,,,0,,,,,,,,,42,5,2
C,29.06,4.06,phoenix,Midwest Mechanical HVAC,+1 480-543-7431,http://midwestmechanicalhvac.com,,,,,,,,,,0,,,,,,,,,42,5,2
C,29.06,4.06,phoenix,4 Seasons Hvac LLC,+1 623-418-0120,https://4-hvac.com,"9358 W Devonshire Ave, Phoenix, AZ 85037, United States",,,,,,,,,0,,,,,,,,,42,4.9,2
C,29.06,4.06,phoenix,Icicle Air LLC,+1 602-837-4616,https://icicleairllc.com,"18654 N 46th Ave, Glendale, AZ 85308, United States",,,,,,,,,0,,,,,,,,,42,5,2
C,29.06,4.06,phoenix,Integrated Automation,+1 602-622-2206,https://integratedautomationllc.com,"14018 N Shiloh Way, Fountain Hills, AZ 85268, United States",,,,,,,,,0,,,,,,,,,42,4.9,2
C,29.03,4.03,phoenix,Octane Air Conditioning & Heating LLC,+1 480-690-4411,https://octaneair.com,"7931 E Pecos Rd #176, Mesa, AZ 85212, United States",,,,,,,,,0,,,,,,,,,41,5,2
C,29.03,4.03,phoenix,HVAC Refrigeration Frost Refrigeration Engineering LLC,+1 602-657-3835,https://frostref.com,"7910 W Thomas Rd Ste 102, Phoenix, AZ 85033, United States",,,,,,,,,0,,,,,,,,,41,5,29
C,29.03,4.03,phoenix,All Flow Mechanical,+1 623-695-0368,http://www.allflowmechanical.com,"14641 N 61st Dr, Glendale, AZ 85306, United States",,,,,,,,,0,,,,,,,,,41,4.9,2
C,29.03,4.03,phoenix,Desert Hills Heating & Cooling LLC,+1 602-695-7755,,,,,,,,,,,0,,,,,,,,,30,4.8,3
C,29.01,4.01,phoenix,Mythical Air,+1 480-270-4042,https://www.mythicalair.com,,,,,,,,,,0,,,,,,,,,40,5,32
C,29.01,4.01,phoenix,Anello AC LLC,+1 602-359-3294,https://anelloac.com,"4221 S 37th St, Phoenix, AZ 85040, United States",,,,,,,,,0,,,,,,,,,40,5,2
C,29.01,4.01,phoenix,East Valley Refrigeration,+1 480-452-6688,http://www.eastvalleyrefrigeration.com,"622 W Chilton St, Chandler, AZ 85225, United States",,,,,,,,,0,,,,,,,,,16,4.6,8
C,29.01,4.01,phoenix,Arctic Wolf Air,+1 602-584-2774,http://arcticwolfair.com,,,,,,,,,,0,,,,,,,,,40,5,12
C,29.01,4.01,phoenix,Barron's Mechanical Solutions Air Conditioning,+1 480-253-9680,https://barronsmechanical.com,,,,,,,,,,0,,,,,,,,,40,5,2
C,29.01,4.01,phoenix,Coronado HVAC LLC,+1 602-538-3616,http://www.coronadohvac.com,"2730 W Royal Palm Rd, Phoenix, AZ 85051, United States",,,,,,,,,0,,,,,,,,,40,5,2
C,29.01,4.01,phoenix,Klein Heating and Cooling,+1 602-377-6520,https://kleinheatingcooling.com,"11024 N 22nd Ave #3, Phoenix, AZ 85029, United States",,,,,,,,,0,,,,,,,,,40,5,31
C,29.01,4.01,phoenix,"BCF Heating & Cooling, LLC",+1 602-327-8814,http://bcfheatingandcooling.com,"6990 W Kings Ave, Peoria, AZ 85382, United States",,,,,,,,,0,,,,,,,,,40,5,30
C,29.01,4.01,phoenix,az comfort air,+1 602-908-6329,https://www.az-comfortair.com,,,,,,,,,,0,,,,,,,,,40,5,12
C,28.99,3.99,phoenix,"Above Par Heating & Air Conditioning, LLC",+1 602-434-2927,https://www.aboveparac.com,"2750 W Libby St, Phoenix, AZ 85053, United States",,,,,,,,,0,,,,,,,,,29,4.8,16
C,28.97,3.97,phoenix,Tino's Heating & Cooling LLC,+1 602-819-7213,,,,,,,,,,,0,,,,,,,,,39,5,22
C,28.97,3.97,phoenix,Az Cool Heating & Cooling LLC.,+1 602-422-6546,,,,,,,,,,,0,,,,,,,,,39,5,31
C,28.97,3.97,phoenix,Arizona Interiors,+1 602-814-9259,http://arizonainteriors.org,,,,,,,,,,0,,,,,,,,,39,4.9,29
C,28.97,3.97,phoenix,United Air Cooling & Heating Phoenix,+1 602-654-3522,,"Squaw Peak Plaza, 2048 E Thomas Rd, Phoenix, AZ 85016, United States",,,,,,,,,0,,,,,,,,,39,5,12
C,28.95,3.95,phoenix,Rush HVAC Services,+1 602-370-6847,https://rushhvacservices.com,"2475 W Pecos Rd #1096, Chandler, AZ 85224, United States",,,,,,,,,0,,,,,,,,,38,5,2
C,28.95,3.95,phoenix,Generation Air,+1 602-377-0044,https://www.genair.com,,,,,,,,,,0,,,,,,,,,38,5,29
C,28.95,3.95,phoenix,Deans Custom Auto Care,+1 480-828-5349,,"3130 E Main St, Mesa, AZ 85213, United States",,,,,,,,,0,,,,,,,,,38,4.9,29
C,28.95,3.95,phoenix,Global HVAC and Appliances LLC,+1 602-754-6303,https://globalhvacandappliances.com,"7014 W Cameron Dr, Peoria, AZ 85345, United States",,,,,,,,,0,,,,,,,,,38,5,3
C,28.95,3.95,phoenix,Total Heating & Cooling Mechanical LLC,+1 602-560-5616,https://thcmechanical.biz,"20816 N 20th Ave #7, Phoenix, AZ 85027, United States",,,,,,,,,0,,,,,,,,,28,4.8,2
C,28.94,3.94,phoenix,Cool N Arizona Llc,+1 602-753-5440,https://coolnarizona.com,,,,,,,,,,0,,,,,,,,,6,4.3,1
C,28.94,3.94,phoenix,VEGAS AIR SOLUTIONS,+1 623-606-7414,http://vegasairsolutionsaz.com,"8618 W Gross Ave, Tolleson, AZ 85353, United States",,,,,,,,,0,,,,,,,,,6,4.3,0
C,28.94,3.94,phoenix,Glendale Sub Zero Repair,+1 623-321-3952,,"7016 N 57th Ave, Glendale, AZ 85301, United States",,,,,,,,,0,,,,,,,,,6,4.3,1
C,28.94,3.94,phoenix,United Rentals - Climate Solutions,+1 480-281-5011,https://www.unitedrentals.com/locations/az/tempe/climate-solutions/63d,"2026 W Campus Dr, Tempe, AZ 85282, United States",,,,,,,,,0,,,,,,,,,6,4.3,3
C,28.94,3.94,phoenix,VortexAir Solutions,+1 623-292-2460,,"9041 W Yukon Dr, Peoria, AZ 85382, United States",,,,,,,,,0,,,,,,,,,6,4.3,2
C,28.94,3.94,phoenix,Gunnell Air Conditioning,+1 623-587-1660,,"4701 W Misty Willow Ln, Glendale, AZ 85310, United States",,,,,,,,,0,,,,,,,,,6,4.3,2
C,28.94,3.94,phoenix,Omnibus Air Conditioning Inc,+1 623-516-0221,,"23107 N 21st Ave #101, Phoenix, AZ 85027, United States",,,,,,,,,0,,,,,,,,,6,4.3,1
C,28.92,3.92,phoenix,American Air Conditioning & Heating,+1 480-436-7071,,"2580 W Chandler Blvd, Chandler, AZ 85224, United States",,,,,,,,,0,,,,,,,,,37,5,27
C,28.92,3.92,phoenix,"High Efficiency Heating & Cooling, LLC",+1 602-551-6000,http://www.fixmyazac.com,"18802 N 13th Ave, Phoenix, AZ 85027, United States",,,,,,,,,0,,,,,,,,,20,4.7,11
C,28.92,3.92,phoenix,OverDrive Auto Service,+1 602-284-5013,http://www.overdriveautoaz.com,"7942 W Gold Dust Ave Ste 3, Peoria, AZ 85345, United States",,,,,,,,,0,,,,,,,,,37,5,2
C,28.89,3.89,phoenix,HANDYMAN 1001USES LLC,+1 480-667-3657,http://www.handyman1001uses.llc,"4001 W Southern Ave lot 41, Phoenix, AZ 85041, United States",,,,,,,,,0,,,,,,,,,36,4.9,22
C,28.89,3.89,phoenix,HVAC Comfort Supply,+1 602-755-1962,https://hvacdepotaz.com,"4433 W Van Buren St Ste 2, Phoenix, AZ 85043, United States",,,,,,,,,0,,,,,,,,,36,5,17
C,28.89,3.89,phoenix,"Pina's Auto Repair- Auto Repair Shop In Phoenix, AZ",+1 602-258-4218,http://pinasautorepair.com,"3633 W Grant St, Phoenix, AZ 85009, United States",,,,,,,,,0,,,,,,,,,36,4.9,22
C,28.89,3.89,phoenix,Cool Werx LLC,+1 480-584-5426,http://www.azcoolwerx.com,"6730 W Frier Dr Ste 106, Glendale, AZ 85303, United States",,,,,,,,,0,,,,,,,,,36,4.9,27
C,28.89,3.89,phoenix,24 HR Emergency Plumber Scottsdale AZ INC,+1 480-781-4519,https://emergencyplumberscottsdale1.com,,,,,,,,,,0,,,,,,,,,36,5,27
C,28.89,3.89,phoenix,Your Phoenix HVAC,+1 480-426-9664,https://yourphoenixhvac.net,"15677 N Cave Creek Rd, Phoenix, AZ 85032, United States",,,,,,,,,0,,,,,,,,,36,5,28
C,28.89,3.89,phoenix,Heating Ventilation & Air Conditioning Phoenix,+1 602-932-7280,https://www.heatingventilationairconditioningphoenix.com,"20940 N Tatum Blvd, Phoenix, AZ 85050, United States",,,,,,,,,0,,,,,,,,,36,5,29
C,28.89,3.89,phoenix,Goat Cooling & Heating LLC,+1 480-971-1877,https://goatcoolingheating.com,"30255 N Oak Dr, Florence, AZ 85132, United States",,,,,,,,,0,,,,,,,,,36,5,2
C,28.89,3.89,phoenix,Connected Home Solutions LLC,+1 623-376-7560,https://www.azchs.com,"21644 N 14th Ave Ste C-1, Phoenix, AZ 85027, United States",,,,,,,,,0,,,,,,,,,36,4.9,26
C,28.87,3.87,phoenix,"Cool Quest, LLC",+1 480-797-2538,https://coolquestaz.com,"1036 S Center St, Mesa, AZ 85210, United States",,,,,,,,,0,,,,,,,,,26,4.8,15
C,28.87,3.87,phoenix,Temperature Masters A/C,+1 623-535-5512,https://www.temperaturemasters.com,"4538 E Harmony Ave, Mesa, AZ 85206, United States",,,,,,,,,0,,,,,,,,,26,4.8,13
C,28.87,3.87,phoenix,Ducts,+1 602-233-2980,https://www.ductsinc.com,"5162 W Van Buren St, Phoenix, AZ 85043, United States",,,,,,,,,0,,,,,,,,,19,4.7,9
C,28.86,3.86,phoenix,Rest EZ HVAC and Plumbing,+1 602-999-8296,https://www.restezhvac.com,,,,,,,,,,0,,,,,,,,,35,5,27
C,28.86,3.86,phoenix,Ultimate Air LLC,+1 480-963-3398,http://ultimateairaz.com,"550 W Baseline Rd Suite#102-225, Mesa, AZ 85210, United States",,,,,,,,,0,,,,,,,,,35,5,2
C,28.86,3.86,phoenix,Sorensen Heating and Cooling,+1 623-322-0747,https://sorensenhvac.com,"15331 W Bell Rd, Surprise, AZ 85374, United States",,,,,,,,,0,,,,,,,,,35,4.9,2
C,28.86,3.86,phoenix,Northwest Air Cooling & Heating,+1 623-246-5698,,"7613 W Bell Rd, Peoria, AZ 85382, United States",,,,,,,,,0,,,,,,,,,35,5,23
C,28.86,3.86,phoenix,"Apex Mechanical, LLC",+1 602-540-4160,,"21509 N 81st Dr, Peoria, AZ 85382, United States",,,,,,,,,0,,,,,,,,,35,5,25
C,28.86,3.86,phoenix,Lord Brothers AC & Heating,+1 602-686-9405,http://lordbrothersac.com,,,,,,,,,,0,,,,,,,,,35,5,26
C,28.86,3.86,phoenix,All Dream HVAC-R Solutions,+1 602-736-9094,https://www.alldreamhvac.com,,,,,,,,,,0,,,,,,,,,35,5,2
C,28.82,3.82,phoenix,Turbo Cooling & Heating Inc,+1 480-503-2800,,"1959 S Power Rd #103, Mesa, AZ 85206, United States",,,,,,,,,0,,,,,,,,,34,4.9,22
C,28.82,3.82,phoenix,Chase Heating & Cooling,+1 480-600-8882,http://chasehvacr.com,,,,,,,,,,0,,,,,,,,,34,5,12
C,28.82,3.82,phoenix,Recon Air Systems,+1 480-444-6535,,"26220 S 201st St, Queen Creek, AZ 85142, United States",,,,,,,,,0,,,,,,,,,34,5,26
C,28.82,3.82,phoenix,Air Army,+1 480-992-1234,https://www.hvac.inc,"3636 E Camelback Rd, Phoenix, AZ 85018, United States",,,,,,,,,0,,,,,,,,,34,5,4
C,28.82,3.82,phoenix,Scottsdale Heating and Cooling,+1 480-870-8860,,"14036 N Scottsdale Rd, Scottsdale, AZ 85254, United States",,,,,,,,,0,,,,,,,,,25,4.8,13
C,28.82,3.82,phoenix,Heil Plumbing,+1 480-578-8280,,,,,,,,,,,0,,,,,,,,,34,4.9,27
C,28.82,3.82,phoenix,Honor HVAC,+1 602-456-4403,http://azhonorhvac.com,,,,,,,,,,0,,,,,,,,,34,5,26
C,28.82,3.82,phoenix,A.C. Desert Electric Inc.,+1 623-487-0687,https://www.acdesertelectric.com,"22238 N 90th Ave, Peoria, AZ 85383, United States",,,,,,,,,0,,,,,,,,,25,4.8,2
C,28.82,3.82,phoenix,All Temp Solutions - AC Repair & Install,+1 480-864-3731,https://alltempsolutionllc.com,,,,,,,,,,0,,,,,,,,,34,5,25
C,28.81,3.81,phoenix,Total Auto Electric & AC,+1 602-269-2567,,"10026 N 13th St, Phoenix, AZ 85020, United States",,,,,,,,,0,,,,,,,,,18,4.7,8
C,28.8,3.8,phoenix,Scottsdale AC Pros - AC Repair and AC Replacement,+1 480-272-1317,https://scottsdaleacpros.com,"9719 E Presidio Rd, Scottsdale, AZ 85260, United States",,,,,,,,,0,,,,,,,,,33,5,2
C,28.8,3.8,phoenix,Alphas Heating and Cooling,+1 480-709-5684,https://alphasheatingandcooling.com,,,,,,,,,,0,,,,,,,,,33,5,25
C,28.8,3.8,phoenix,Hope Home Services And Construction,+1 480-495-4515,http://www.hopeacelectric.com,"135 E Millett Ave, Mesa, AZ 85210, United States",,,,,,,,,0,,,,,,,,,33,4.9,2
C,28.8,3.8,phoenix,ACW HVAC,+1 480-735-4447,https://www.acwhvac.com,"4705 E Decatur St, Mesa, AZ 85205, United States",,,,,,,,,0,,,,,,,,,33,5,3
C,28.8,3.8,phoenix,"Trinity AC AZ, LLC",+1 480-331-2237,http://trinityacaz.com,,,,,,,,,,0,,,,,,,,,33,5,3
C,28.8,3.8,phoenix,Jwan Services,+1 602-770-1555,https://www.jwanservices.com,,,,,,,,,,0,,,,,,,,,33,5,24
C,28.8,3.8,phoenix,TradeHouse Air Conditioning & Heating,+1 623-208-1181,http://tradehouseac.com,,,,,,,,,,0,,,,,,,,,33,5,12
C,28.8,3.8,phoenix,Koolit Air Conditioning and Heating Installation and Repair Services,+1 602-689-9961,https://koolitac.com,"19230 N 40th St, Phoenix, AZ 85050, United States",,,,,,,,,0,,,,,,,,,33,5,2
C,28.8,3.8,phoenix,Ironwood mobile RV repair,+1 602-637-9493,https://ironwoodmobilervrepair.com,"22540 W Gamble Ln, Wittmann, AZ 85361, United States",,,,,,,,,0,,,,,,,,,33,5,22
C,28.78,3.78,phoenix,ChillForLess HVAC,+1 602-878-6735,,"12422 S Ki Cir, Phoenix, AZ 85044, United States",,,,,,,,,0,,,,,,,,,7,4.4,2
C,28.78,3.78,phoenix,Arizona Native Heating & Cooling LLC,+1 480-670-9507,,,,,,,,,,,0,,,,,,,,,13,4.6,5
C,28.78,3.78,phoenix,Aplifix Heating,+1 623-825-7776,,"20459 N 95th Dr, Peoria, AZ 85382, United States",,,,,,,,,0,,,,,,,,,7,4.4,1
C,28.78,3.78,phoenix,HM A/C & APPLIANCES,+1 623-217-3776,,,,,,,,,,,0,,,,,,,,,7,4.4,4
C,28.77,3.77,phoenix,Black Mountain Cooling - AC & Heating Service,+1 602-606-8866,https://blackmountaincooling.com,"6528 E Cave Creek Rd Suite D, Cave Creek, AZ 85331, United States",,,,,,,,,0,,,,,,,,,32,4.9,2
C,28.77,3.77,phoenix,1st Discount Cooling & Heating,+1 602-908-0625,https://1stdiscountcoolingheating.online,,,,,,,,,,0,,,,,,,,,32,5,24
C,28.77,3.77,phoenix,High Efficiency Air Conditioning Inc.,+1 480-262-5022,http://hehvac.com,"553 N Ithica St Lot #37, Gilbert, AZ 85233, United States",,,,,,,,,0,,,,,,,,,32,5,2
C,28.77,3.77,phoenix,Sublime Air Conditioning,+1 602-399-4456,https://sublimehvac.com,,,,,,,,,,0,,,,,,,,,32,5,2
C,28.77,3.77,phoenix,Ice Age Heating and Cooling LLC.,+1 602-451-3270,http://iceageheatingandcooling.com,,,,,,,,,,0,,,,,,,,,32,5,23
C,28.77,3.77,phoenix,Alammo heating and cooling,+1 623-640-4100,,,,,,,,,,,0,,,,,,,,,32,5,23
C,28.77,3.77,phoenix,European Master Tech,+1 602-412-7490,,"9550 N 90th St Ste 102, Scottsdale, AZ 85258, United States",,,,,,,,,0,,,,,,,,,32,5,19
C,28.77,3.77,phoenix,Four Peaks Motorsports,+1 480-275-9564,http://fourpeaksmotorsports.com,"16628 E Saguaro Blvd, Fountain Hills, AZ 85268, United States",,,,,,,,,0,,,,,,,,,32,5,2
C,28.77,3.77,phoenix,Michelle's Super Duct Cleaning Service,+1 602-529-3508,,"5707 E Le Marche Ave, Scottsdale, AZ 85254, United States",,,,,,,,,0,,,,,,,,,32,4.9,9
C,28.77,3.77,phoenix,Roadrunner Auto Repair,+1 602-550-9110,http://www.roadrunnerautorepair.com,"902 W Hatcher Rd, Phoenix, AZ 85021, United States",,,,,,,,,0,,,,,,,,,32,5,3
C,28.75,3.75,phoenix,Refrigeration Heating & AC.,+1 623-352-7958,,"2842 N 51st Ave, Phoenix, AZ 85035, United States",,,,,,,,,0,,,,,,,,,2,4,1
C,28.75,3.75,phoenix,A/C PESCADORES,+1 602-328-7574,,,,,,,,,,,0,,,,,,,,,2,4,1
C,28.74,3.74,phoenix,Kooline Plumbing Heating & Air,+1 602-920-6000,https://koolineplumbing.com/chandler,,,,,,,,,,0,,,,,,,,,23,4.8,2
C,28.74,3.74,phoenix,KAI HVAC Services LLC,+1 602-423-2998,http://kaihvacservices.com,"2201 N 48th Ln, Phoenix, AZ 85035, United States",,,,,,,,,0,,,,,,,,,23,4.8,12
C,28.72,3.72,phoenix,Dollar Mechanical,+1 480-702-0874,http://dollarmech.com,,,,,,,,,,0,,,,,,,,,31,4.9,23
C,28.72,3.72,phoenix,RMZ Heating & Cooling,+1 480-721-5386,https://rmzhvac.com,,,,,,,,,,0,,,,,,,,,31,5,2
C,28.72,3.72,phoenix,"Johnson Refrigeration, Inc.",+1 480-924-2200,http://www.jriac.com,"2753 E Broadway Rd #101, Mesa, AZ 85204, United States",,,,,,,,,0,,,,,,,,,31,5,17
C,28.72,3.72,phoenix,Dignity Air and Mechanical,+1 623-400-2677,https://dignityair.com,,,,,,,,,,0,,,,,,,,,31,5,12
C,28.72,3.72,phoenix,AZ Chill,+1 480-426-8623,https://azchill.com,"19237 E Mews Rd, Queen Creek, AZ 85142, United States",,,,,,,,,0,,,,,,,,,31,5,2
C,28.72,3.72,phoenix,Allstar Refrigeration & AC Repair Phoenix AZ,+1 602-763-7600,https://allstarrefrigerationllc.com,,,,,,,,,,0,,,,,,,,,31,4.9,15
C,28.69,3.69,phoenix,ZonAir AC Repair Tempe,+1 480-916-2780,http://zonairacrepairtempe.com,"424 W 4th St, Tempe, AZ 85281, United States",,,,,,,,,0,,,,,,,,,30,5,22
C,28.69,3.69,phoenix,Chairity Air LLC,+1 480-757-0406,https://www.chairityair.com,,,,,,,,,,0,,,,,,,,,22,4.8,14
C,28.69,3.69,phoenix,SS Heating & Air Conditioning,+1 623-383-1447,http://ssheatingandair.net,"2313 W Orchid Ln, Phoenix, AZ 85021, United States",,,,,,,,,0,,,,,,,,,22,4.8,2
C,28.69,3.69,phoenix,Petro Mechanical LLC,+1 602-451-5601,,,,,,,,,,,0,,,,,,,,,30,4.9,13
C,28.69,3.69,phoenix,AirZone Systems,+1 480-607-9315,https://airzoneaz.com,,,,,,,,,,0,,,,,,,,,30,5,2
C,28.69,3.69,phoenix,Arizona Star Air Duct Cleaning,+1 480-568-5301,https://acrepairtechs.com/surprise/air-conditioning-and-heating-surprise-az,,,,,,,,,,0,,,,,,,,,22,4.8,9
C,28.67,3.67,phoenix,CAM-AIR TECH LLC,+1 480-687-3451,,,,,,,,,,,0,,,,,,,,,16,4.7,9
C,28.66,3.66,phoenix,Mando El Mecánico,+1 602-554-2760,,"3502 S Central Ave, Phoenix, AZ 85040, United States",,,,,,,,,0,,,,,,,,,29,4.9,16
C,28.66,3.66,phoenix,Fresh American Air,+1 480-434-5432,https://freshamericanair.com,"511 N Lewis, Mesa, AZ 85201, United States",,,,,,,,,0,,,,,,,,,29,5,16
C,28.66,3.66,phoenix,The Home Squad,+1 602-831-5661,https://homesquadaz.com,,,,,,,,,,0,,,,,,,,,29,5,12
C,28.66,3.66,phoenix,Fortis Air,+1 602-877-4338,https://www.fortisairaz.com,,,,,,,,,,0,,,,,,,,,29,5,20
C,28.66,3.66,phoenix,Temple Air,+1 602-663-1969,http://www.templeairaz.com,,,,,,,,,,0,,,,,,,,,29,5,20
C,28.66,3.66,phoenix,zebra Air,+1 602-725-8082,https://www.zebra-air.com,,,,,,,,,,0,,,,,,,,,29,5,21
C,28.64,3.64,phoenix,Adobe Energy Management,+1 602-254-2525,https://www.adobe-energy.com,"6645 S 7th St, Phoenix, AZ 85042, United States",,,,,,,,,0,,,,,,,,,21,4.8,3
C,28.62,3.62,phoenix,Amaro's Air Solutions,+1 480-848-3826,,,,,,,,,,,0,,,,,,,,,28,5,3
C,28.62,3.62,phoenix,Gosomir Dryer Vent Cleaning Goodyear,+1 480-602-5653,http://gosomirdryerventcleaninggoodyear.shop,"15037 W Polk St, Goodyear, AZ 85338, United States",,,,,,,,,0,,,,,,,,,28,5,19
C,28.62,3.62,phoenix,Arid Valley Services,+1 480-825-3464,http://www.aridvalleyservices.com,,,,,,,,,,0,,,,,,,,,28,5,2
C,28.61,3.61,phoenix,Sunland Heating & Air Conditioning,+1 623-933-4170,http://www.sunlandpc.com,"11234 W Michigan Ave, Youngtown, AZ 85363, United States",,,,,,,,,0,,,,,,,,,15,4.7,6
C,28.61,3.61,phoenix,Express Rv Services,+1 602-531-4586,http://expressrvservices.com,"19801 N 59th Ave #12526, Glendale, AZ 85308, United States",,,,,,,,,0,,,,,,,,,15,4.7,5
C,28.6,3.6,phoenix,Blue Collar Plumbing & Air Conditioning,+1 480-313-8153,https://www.bluecollarplumbair.com,"1119 N Hillridge, Mesa, AZ 85207, United States",,,,,,,,,0,,,,,,,,,11,4.6,2
C,28.6,3.6,phoenix,Canyon Breeze Cleaners,+1 623-335-3955,,"13733 N Fountain Hills Blvd, Fountain Hills, AZ 85268, United States",,,,,,,,,0,,,,,,,,,11,4.6,2
C,28.59,3.59,phoenix,Arizona A/C Man,+1 480-584-7133,http://www.arizona-ac-man.com,,,,,,,,,,0,,,,,,,,,8,4.5,2
C,28.59,3.59,phoenix,AZ Eddys AC,+1 480-235-5712,,"70 S Val Vista Dr, Gilbert, AZ 85296, United States",,,,,,,,,0,,,,,,,,,8,4.5,1
C,28.59,3.59,phoenix,Uncle Carls Ac Company,+1 602-809-9770,https://unclecarlsacandplumbing.com,,,,,,,,,,0,,,,,,,,,8,4.5,1
C,28.59,3.59,phoenix,Senior Citizens Plumber,+1 623-872-1131,,"4556 N 87th Ave, Phoenix, AZ 85037, United States",,,,,,,,,0,,,,,,,,,8,4.5,1
C,28.59,3.59,phoenix,Midwest Flooring Inc,+1 480-816-9546,,"11855 Saguaro Blvd, Fountain Hills, AZ 85268, United States",,,,,,,,,0,,,,,,,,,8,4.5,1
C,28.59,3.59,phoenix,Air One Repair,+1 602-718-8387,http://air1repair.com,,,,,,,,,,0,,,,,,,,,8,4.5,1
C,28.58,3.58,phoenix,Robinson & Sons HVAC,+1 623-400-5326,https://robinsonsonshvac.pro,"1301 Grand Ave, Phoenix, AZ 85007, United States",,,,,,,,,0,,,,,,,,,20,4.8,11
C,28.58,3.58,phoenix,All City Truck Service,+1 602-329-6038,,"4131 W Roeser Rd, Phoenix, AZ 85041, United States",,,,,,,,,0,,,,,,,,,20,4.8,11
C,28.57,3.57,phoenix,Loma Remodeling Services LLC,+1 623-703-3777,,,,,,,,,,,0,,,,,,,,,27,4.9,2
C,28.57,3.57,phoenix,Your Phoenix HVAC Contractor,+1 602-753-4851,https://www.heatingcoolingphoenix.com,"2740 E Marguerite Ave, Phoenix, AZ 85040, United States",,,,,,,,,0,,,,,,,,,27,5,17
C,28.57,3.57,phoenix,Child Air Conditioning & Heating Inc.,+1 480-894-2245,http://www.childac.com,"309 S MacDonald, Mesa, AZ 85210, United States",,,,,,,,,0,,,,,,,,,27,5,19
C,28.57,3.57,phoenix,Affordacool,+1 480-788-5032,https://affordacool.com,"320 E 10th Dr R, Mesa, AZ 85210, United States",,,,,,,,,0,,,,,,,,,27,5,17
C,28.57,3.57,phoenix,Zamudio Auto Service,+1 602-465-0290,,"608 S 35th Ave, Phoenix, AZ 85009, United States",,,,,,,,,0,,,,,,,,,27,5,15
C,28.57,3.57,phoenix,La reina mobile mechanic and roadside service,+1 480-906-5177,,"2731 W Lincoln St Ste 1, Phoenix, AZ 85009, United States",,,,,,,,,0,,,,,,,,,27,5,19
C,28.57,3.57,phoenix,Universal HVAC LLC,+1 480-275-5137,http://dontsweatitaz.com,"3321 N Reseda Cir #60, Mesa, AZ 85215, United States",,,,,,,,,0,,,,,,,,,27,5,15
C,28.57,3.57,phoenix,Prime Mechanical Solutions,+1 602-844-4844,https://primemechanicalhvac.com,,,,,,,,,,0,,,,,,,,,27,5,15
C,28.57,3.57,phoenix,"Cool Joe Air Conditioning, LLC",+1 602-487-9206,https://www.cooljoeairconditioningaz.com,,,,,,,,,,0,,,,,,,,,27,5,12
C,28.57,3.57,phoenix,Mister Rogers The Handyman LLC,+1 623-248-3028,https://www.misterrogersaz.com,,,,,,,,,,0,,,,,,,,,27,5,2
C,28.53,3.53,phoenix,Paganelli HVAC,+1 480-519-7724,http://paganellihvac.com,"865 E Sun Valley Farms Ln, Queen Creek, AZ 85140, United States",,,,,,,,,0,,,,,,,,,26,5,16
C,28.53,3.53,phoenix,PILOT'OS A/C & HEATING LLC,+1 602-515-3142,http://pilotosac.com,,,,,,,,,,0,,,,,,,,,14,4.7,3
C,28.53,3.53,phoenix,Glendale HVAC Services,+1 623-260-0444,https://www.yourglendalehvac.com,"6529 W Glendale Ave, Glendale, AZ 85301, United States",,,,,,,,,0,,,,,,,,,26,5,17
C,28.53,3.53,phoenix,Bailey Plumbing & Drain,+1 480-719-2683,https://baileyplumbingdrainlitchfildpark.com,,,,,,,,,,0,,,,,,,,,14,4.7,6
C,28.53,3.53,phoenix,Fisher Heating and Cooling LLC,+1 602-727-3919,http://www.fisheracrepair.com,"7233 W Vogel Ave, Peoria, AZ 85345, United States",,,,,,,,,0,,,,,,,,,26,5,2
C,28.53,3.53,phoenix,KNE Heating & Cooling,+1 602-695-2587,http://www.kneheatingcooling.com,"14876 N 148th Ln, Surprise, AZ 85379, United States",,,,,,,,,0,,,,,,,,,19,4.8,12
C,28.53,3.53,phoenix,Arizona Pro Service,+1 623-252-9367,http://www.arizonaproservice.com,,,,,,,,,,0,,,,,,,,,26,5,17
C,28.53,3.53,phoenix,Smiley Plumbing,+1 623-583-9400,,"10319 W Sierra Dawn Dr, Sun City, AZ 85351, United States",,,,,,,,,0,,,,,,,,,14,4.7,6
C,28.53,3.53,phoenix,Chill Tech,+1 480-584-5426,https://www.chilltechrefigeration.com,,,,,,,,,,0,,,,,,,,,14,4.7,7
C,28.53,3.53,phoenix,Skilled Solutions,+1 602-708-9934,http://acexpertsolutions.com,"26640 N 45th St, Cave Creek, AZ 85331, United States",,,,,,,,,0,,,,,,,,,14,4.7,3
C,28.51,3.51,phoenix,Big City Mechanical LLC,+1 623-695-7201,,"925 E Marco Polo Rd, Phoenix, AZ 85024, United States",,,,,,,,,0,,,,,,,,,4,4.3,0
C,28.51,3.51,phoenix,Black Diamond Mechanical LLC,+1 602-420-3991,,"6635 W Happy Valley Rd ste a104-402, Glendale, AZ 85310, United States",,,,,,,,,0,,,,,,,,,4,4.3,1
C,28.5,3.5,phoenix,Sweet Mountain Air Cooling & Heating Inc.,+1 480-255-0307,https://www.sweetmountainair.co,,,,,,,,,,0,,,,,,,,,10,4.6,2
C,28.5,3.5,phoenix,Orlie's AC & Heating,+1 480-220-2614,,"643 E Holmes Ave, Mesa, AZ 85204, United States",,,,,,,,,0,,,,,,,,,10,4.6,1
C,28.5,3.5,phoenix,Grizzly Air LLC,+1 602-544-7499,https://www.grizzlyairllc.com,,,,,,,,,,0,,,,,,,,,10,4.6,2
C,28.5,3.5,phoenix,Galaxy Heating & Cooling,+1 602-909-0391,,"15208 N 30th Dr, Phoenix, AZ 85053, United States",,,,,,,,,0,,,,,,,,,10,4.6,2
C,28.5,3.5,phoenix,Superior Mech,+1 602-490-3244,https://smechusa.com,,,,,,,,,,0,,,,,,,,,10,4.6,3
C,28.49,3.49,phoenix,Quantum Cooling & Heating LLC,+1 480-418-6624,http://quantumcoolingaz.com/%20%20%20%20%20%20https://quantumcoolingaz.squarespace.com,,,,,,,,,,0,,,,,,,,,25,5,2
C,28.49,3.49,phoenix,Johnson Cooling and Heating,+1 480-409-4545,https://johnsoncoolingandheating.com,,,,,,,,,,0,,,,,,,,,25,5,15
C,28.49,3.49,phoenix,Arctic Desert Air,+1 480-220-4727,,,,,,,,,,,0,,,,,,,,,25,5,16
C,28.47,3.47,phoenix,Solar Blaster,+1 480-747-7097,http://www.solarblasterfans.com,"16530 E Laser Dr #6, Fountain Hills, AZ 85268, United States",,,,,,,,,0,,,,,,,,,18,4.8,10
C,28.45,3.45,phoenix,Universal Plumbing And Air Of Queen Creek,+1 480-485-2414,https://nitayplumbingservices.com,,,,,,,,,,0,,,,,,,,,24,5,12
C,28.45,3.45,phoenix,Kaspy Hvac,+1 480-436-9435,https://www.kaspyhvac.com,"940 E Galveston St, Gilbert, AZ 85295, United States",,,,,,,,,0,,,,,,,,,24,5,13
C,28.45,3.45,phoenix,Air Lily,+1 480-525-3600,https://airlily.com/schedule,"3901 S Central Ave, Phoenix, AZ 85040, United States",,,,,,,,,0,,,,,,,,,24,5,2
C,28.45,3.45,phoenix,Rios Brothers Heating and Cooling LLC,+1 602-614-2320,https://www.riosbrothersheatingandcoolingllc.com,,,,,,,,,,0,,,,,,,,,24,5,12
C,28.45,3.45,phoenix,FIRST-CLASS AC,+1 480-865-9080,https://first-classac.com,"625 W Deer Valley Rd, Phoenix, AZ 85027, United States",,,,,,,,,0,,,,,,,,,24,5,13
C,28.45,3.45,phoenix,"Top Tier Air Conditioning, Heating & Ventilation",+1 602-632-9161,http://toptier-ac.com,,,,,,,,,,0,,,,,,,,,24,5,14
C,28.45,3.45,phoenix,Daniel's A/C Auto Services,+1 480-280-3193,,"5444 W Luke Ave, Glendale, AZ 85301, United States",,,,,,,,,0,,,,,,,,,13,4.7,5
C,28.45,3.45,phoenix,Gear Max Auto Repair,+1 623-267-5895,https://www.gearmaxautorepair.com,"4850 W Glendale Ave, Glendale, AZ 85301, United States",,,,,,,,,0,,,,,,,,,13,4.7,5
C,28.41,3.41,phoenix,Prime AC Repair Phoenix,+1 602-848-8237,http://primeacrepairphoenix.com,"18215 N 25th Ave, Phoenix, AZ 85023, United States",,,,,,,,,0,,,,,,,,,23,5,12
C,28.41,3.41,phoenix,KdzCoolbreeze Ac LLC,+1 602-637-6675,http://kdzcoolbreezeac.jobbersites.com,,,,,,,,,,0,,,,,,,,,23,5,15
C,28.41,3.41,phoenix,JSA Refrigeration Cooling and Heating,+1 602-481-8393,http://phoenixairconditioningpro.com,,,,,,,,,,0,,,,,,,,,17,4.8,8
C,28.41,3.41,phoenix,Your Scottsdale HVAC,+1 480-637-7411,http://www.yourscottsdalehvac.com,,,,,,,,,,0,,,,,,,,,23,5,13
C,28.41,3.41,phoenix,Red Valley Heating & Cooling,+1 602-607-8666,https://www.redvalleyhvac.com,,,,,,,,,,0,,,,,,,,,23,5,14
C,28.41,3.41,phoenix,SDE Car Repair,+1 623-252-4258,https://www.sdecarrepair.com,"20929 W White Rock Rd, Buckeye, AZ 85396, United States",,,,,,,,,0,,,,,,,,,23,5,14
C,28.41,3.41,phoenix,Savvy Systems,+1 602-374-3352,https://www.savvybuilt.com,,,,,,,,,,0,,,,,,,,,23,5,2
C,28.41,3.41,phoenix,Foster Mechanical Inc,+1 623-930-9303,http://www.fostermechanical.com,"9224 N 5th Ave, Phoenix, AZ 85021, United States",,,,,,,,,0,,,,,,,,,23,4.9,10
C,28.41,3.41,phoenix,Air West Mechanical (AWM),+1 623-252-7517,https://www.awm.ca,"8341 E Evans Rd #109, Scottsdale, AZ 85260, United States",,,,,,,,,0,,,,,,,,,23,5,15
C,28.41,3.41,phoenix,Bohemian Air LLC,+1 623-374-3605,,"10005 W Jomax Rd, Peoria, AZ 85383, United States",,,,,,,,,0,,,,,,,,,17,4.8,8
C,28.41,3.41,phoenix,Ohana Heating and Cooling,+1 602-586-0955,,,,,,,,,,,0,,,,,,,,,23,5,15
C,28.41,3.41,phoenix,On Point Appliance Repair (phx),+1 602-345-1638,http://opappliancerepair.com,,,,,,,,,,0,,,,,,,,,17,4.8,6
C,28.38,3.38,phoenix,Luisin auto repair,+1 602-931-9547,,"4322 W Berridge Ln, Glendale, AZ 85301, United States",,,,,,,,,0,,,,,,,,,9,4.6,5
C,28.38,3.38,phoenix,sunberg mechanical,+1 623-215-3059,http://sunbergmechanical.com/contact-us,"2116 W Kimberly Way, Phoenix, AZ 85027, United States",,,,,,,,,0,,,,,,,,,9,4.6,1
C,28.37,3.37,phoenix,Pros Solution Auto Repair,+1 602-784-1918,https://prossolutionautorepair.com,,,,,,,,,,0,,,,,,,,,12,4.7,4
C,28.37,3.37,phoenix,Cuco's Crane Service,+1 602-412-7485,https://cucoscraneservice.com,"7511 S 63rd Ave, Laveen Village, AZ 85339, United States",,,,,,,,,0,,,,,,,,,12,4.7,2
C,28.37,3.37,phoenix,Arizona valley mobile truck & refer services,+1 602-396-0863,,"3804 S 186th Ln, Goodyear, AZ 85338, United States",,,,,,,,,0,,,,,,,,,12,4.7,6
C,28.36,3.36,phoenix,Azp Services Llc,+1 602-351-0738,http://azpservices.com,"21028 S 220th Pl, Queen Creek, AZ 85142, United States",,,,,,,,,0,,,,,,,,,22,5,14
C,28.36,3.36,phoenix,Top notch air conditioning and plumbing l.l.c,+1 602-896-2665,https://www.topnotchacandplumbing.com,,,,,,,,,,0,,,,,,,,,22,5,2
C,28.36,3.36,phoenix,Otto's Air Conditioning & Heating,+1 480-619-9445,https://ottosairconditioning.com,,,,,,,,,,0,,,,,,,,,22,5,14
C,28.36,3.36,phoenix,GLOBAL AIR,+1 623-849-8831,http://www.globalairaz.com,"2216 N 67th Cir, Phoenix, AZ 85035, United States",,,,,,,,,0,,,,,,,,,22,5,7
C,28.36,3.36,phoenix,Owen Brothers HVAC & Gas,+1 623-400-7140,https://owenhvacgas.com,"7448 W Glendale Ave, Glendale, AZ 85303, United States",,,,,,,,,0,,,,,,,,,22,4.9,2
C,28.36,3.36,phoenix,Polar Express Cooling & Heating,+1 602-222-7060,,,,,,,,,,,0,,,,,,,,,22,5,7
C,28.36,3.36,phoenix,"HoxAir Heating & Cooling, LLC",+1 623-698-6406,,"3207 W Port Au Prince Ln, Phoenix, AZ 85053, United States",,,,,,,,,0,,,,,,,,,22,5,2
C,28.36,3.36,phoenix,Tek 1 Mechanical,+1 602-800-7850,https://www.tek1mechanical.com,,,,,,,,,,0,,,,,,,,,22,5,2
C,28.36,3.36,phoenix,"Yeti Pro Services, LLC",+1 602-834-4685,https://www.yetipros.com,,,,,,,,,,0,,,,,,,,,22,5,13
C,28.34,3.34,phoenix,SAC Heating & Cooling LLC,+1 623-628-4638,https://sacairllc.com,"11729 W Thunderbird Rd, El Mirage, AZ 85335, United States",,,,,,,,,0,,,,,,,,,16,4.8,7
C,28.34,3.34,phoenix,Happy Bear Inc,+1 480-797-9366,,,,,,,,,,,0,,,,,,,,,16,4.8,8
C,28.34,3.34,phoenix,AC ANDES HEATING AND COOLING,+1 602-545-9843,,,,,,,,,,,0,,,,,,,,,16,4.8,6
C,28.31,3.31,phoenix,Ez AC Repair Scottsdale,+1 602-848-8238,http://ezacrepairscottsdale.com,"20247 Hayden Rd, Scottsdale, AZ 85255, United States",,,,,,,,,0,,,,,,,,,21,5,11
C,28.31,3.31,phoenix,Quantum Climate Control Services,+1 480-200-2655,http://quantumclimatecontrol.com,,,,,,,,,,0,,,,,,,,,21,5,9
C,28.31,3.31,phoenix,Good AC,+1 480-765-0077,http://www.goodacaz.com,,,,,,,,,,0,,,,,,,,,21,5,14
C,28.31,3.31,phoenix,Cool Techs Air & Heat LLC,+1 602-388-7234,,,,,,,,,,,0,,,,,,,,,21,5,12
C,28.31,3.31,phoenix,Home Servicing Pros & Junk-Cleared,+1 480-930-5335,https://junk-cleared.com,,,,,,,,,,0,,,,,,,,,21,5,13
C,28.31,3.31,phoenix,Branham Climate Solutions,+1 480-584-0354,,"4652 E Blue Spruce Ln, Gilbert, AZ 85298, United States",,,,,,,,,0,,,,,,,,,21,5,2
C,28.31,3.31,phoenix,CARGO AIR COOLING & HEATING LLC,+1 602-741-8484,,"6532 W Poinsettia Dr, Glendale, AZ 85304, United States",,,,,,,,,0,,,,,,,,,21,5,13
C,28.31,3.31,phoenix,DC Air & Company,+1 623-518-6961,https://dcairandcompany.com,,,,,,,,,,0,,,,,,,,,21,5,12
C,28.31,3.31,phoenix,AirePros LLC,+1 623-547-5992,http://www.aireprosllc.net,"24654 N Lake Pleasant Pkwy #103, Peoria, AZ 85383, United States",,,,,,,,,0,,,,,,,,,21,5,11
C,28.31,3.31,phoenix,Bella Plumbing,+1 480-631-9452,https://bellaplumbingservices.com,,,,,,,,,,0,,,,,,,,,21,5,13
C,28.31,3.31,phoenix,Everywhere Auto,+1 480-818-6699,http://www.everywhereautorepair.com,"6943 W Monterosa Cir, Phoenix, AZ 85033, United States",,,,,,,,,0,,,,,,,,,21,5,10
C,28.31,3.31,phoenix,Cline Electric,+1 602-807-9249,https://clineelectricalaz.com,"13269 W Acapulco Ln, Surprise, AZ 85379, United States",,,,,,,,,0,,,,,,,,,21,5,3
C,28.27,3.27,phoenix,Hughes Supply Mesa Gateway,+1 480-977-3935,http://hughesgateway.com,"7613 E Ray Rd #120, Mesa, AZ 85212, United States",,,,,,,,,0,,,,,,,,,11,4.7,1
C,28.25,3.25,phoenix,48 HVAC Solutions,+1 602-596-2501,http://www.48hvac.com,,,,,,,,,,0,,,,,,,,,20,5,9
C,28.25,3.25,phoenix,Blue Mountain Cooling,+1 602-469-7369,https://www.bluemountaincooling.com,"4755 E Olney Dr, Phoenix, AZ 85044, United States",,,,,,,,,0,,,,,,,,,20,5,13
C,28.25,3.25,phoenix,"Legacy Pro Solutions, LLC",+1 480-280-0516,https://legacyprosolutions.wixsite.com/legacy-pro-solutions,"23922 W Desert Bloom St, Buckeye, AZ 85326, United States",,,,,,,,,0,,,,,,,,,20,5,12
C,28.25,3.25,phoenix,License2chillAir,+1 480-678-9431,http://license2chillair.com,"914 E Fairfield St, Mesa, AZ 85203, United States",,,,,,,,,0,,,,,,,,,20,5,12
C,28.25,3.25,phoenix,Whipple Air Conditioning & Heating,+1 480-321-8062,http://www.whippleac.com,"2, 9113, 4735 E Virginia St, Mesa, AZ 85215, United States",,,,,,,,,0,,,,,,,,,20,5,11
C,28.25,3.25,phoenix,Comfortable Air,+1 623-244-4450,http://comfortableair48.com,,,,,,,,,,0,,,,,,,,,20,5,10
C,28.25,3.25,phoenix,Stanley HVAC,+1 480-399-3706,http://www.stanleyac.com,,,,,,,,,,0,,,,,,,,,20,5,10
C,28.25,3.25,phoenix,Timeless Mechanical,+1 480-442-4438,https://timelessmechanical.com,,,,,,,,,,0,,,,,,,,,20,5,2
C,28.25,3.25,phoenix,Select Cooling & Heating,+1 623-800-3486,,,,,,,,,,,0,,,,,,,,,20,5,12
C,28.25,3.25,phoenix,Signature Air,+1 602-339-7665,http://signatureairaz.com,,,,,,,,,,0,,,,,,,,,20,5,12
C,28.25,3.25,phoenix,Eris Heating & Cooling LLC,+1 623-261-6084,https://erisheatingandcooling.lovable.app,,,,,,,,,,0,,,,,,,,,20,5,10
C,28.2,3.2,phoenix,Total Refrigeration & Home Services,+1 480-241-3511,http://www.totalrefrigerationaz.com,,,,,,,,,,0,,,,,,,,,19,5,10
C,28.2,3.2,phoenix,Fresh Air LLC,+1 480-901-7286,https://azfreshair.com,,,,,,,,,,0,,,,,,,,,19,5,11
C,28.2,3.2,phoenix,Apex heating ventilation and air conditioning,+1 480-787-8111,,"1822 South 39th St unit 47, Mesa, AZ 85206, United States",,,,,,,,,0,,,,,,,,,19,5,9
C,28.2,3.2,phoenix,"Climate Kings Heating and Cooling, LLC",+1 602-422-2030,,,,,,,,,,,0,,,,,,,,,19,4.9,5
C,28.2,3.2,phoenix,AZ HVAC Solutions,+1 623-236-6695,https://azhvacsolutions.com,,,,,,,,,,0,,,,,,,,,19,5,10
C,28.2,3.2,phoenix,HVAC Services: Heating & Air Conditioning,+1 480-916-7357,,"10612 N 71st Pl, Scottsdale, AZ 85254, United States",,,,,,,,,0,,,,,,,,,19,5,9
C,28.2,3.2,phoenix,Wooding Air Conditioning & Heating,+1 602-892-2840,,"7609 E Pinnacle Peak Rd #11-12, Scottsdale, AZ 85255, United States",,,,,,,,,0,,,,,,,,,14,4.8,8
C,28.19,3.19,phoenix,Liberty HVAC Repair Service,+1 480-428-8203,https://wcory3739.wixsite.com/liberty-hvac-repair,"3315 E Claremont Ave, Paradise Valley, AZ 85253, United States",,,,,,,,,0,,,,,,,,,3,4.3,0
C,28.19,3.19,phoenix,Callison Appliance & Air,+1 480-837-5703,,"15251 N Ivory Dr, Fountain Hills, AZ 85268, United States",,,,,,,,,0,,,,,,,,,3,4.3,1
C,28.14,3.14,phoenix,Adobe Air Conditioning & Heating,+1 480-556-1143,,"2753 E Broadway Rd, Mesa, AZ 85204, United States",,,,,,,,,0,,,,,,,,,18,5,10
C,28.14,3.14,phoenix,Ice and Fire HVAC,+1 623-400-8069,https://iceandfirehvac.com,,,,,,,,,,0,,,,,,,,,18,5,10
C,28.14,3.14,phoenix,Springbok AC & Heat,+1 480-697-4345,https://springbokac.com,"1045 E McKellips Rd Ste 6, Mesa, AZ 85203, United States",,,,,,,,,0,,,,,,,,,18,4.9,11
C,28.14,3.14,phoenix,Castillo Mechanical,+1 480-669-1625,,,,,,,,,,,0,,,,,,,,,18,5,8
C,28.14,3.14,phoenix,ADEX Heating & Cooling LLC,+1 480-810-2392,https://www.adexheatingandcooling.com,,,,,,,,,,0,,,,,,,,,18,5,10
C,28.14,3.14,phoenix,Western Sky Mechanical,+1 602-767-5341,https://www.westernskymechanical.com,"12509 W Sunnyside Dr, El Mirage, AZ 85335, United States",,,,,,,,,0,,,,,,,,,18,5,2
C,28.14,3.14,phoenix,EliteClimate Solutions,+1 623-738-3007,http://eliteclimatesolution.site,"6751 N Sunset Blvd e540, Glendale, AZ 85305, United States",,,,,,,,,0,,,,,,,,,18,5,9
C,28.14,3.14,phoenix,Astorga Air Conditioning Heating and Cooling,+1 602-518-1215,,"El Mirage, AZ 85335, United States",,,,,,,,,0,,,,,,,,,18,4.9,6
C,28.14,3.14,phoenix,Sun City West Plumbing & Air Conditioning,+1 480-518-7878,http://scwplumbing.com,,,,,,,,,,0,,,,,,,,,18,5,10
C,28.14,3.14,phoenix,BreezePro Air Conditioning Solutions,+1 602-805-2834,http://breezeproairconditioningsolutions.site,"5930 W Greenway Rd, Glendale, AZ 85306, United States",,,,,,,,,0,,,,,,,,,18,5,9
C,28.14,3.14,phoenix,Breathe Easy AZ,+1 602-497-3603,https://excutmammamia24.wixsite.com/breathe-easy-az,"9218 N 52nd Pl, Paradise Valley, AZ 85253, United States",,,,,,,,,0,,,,,,,,,18,4.9,11
C,28.14,3.14,phoenix,DHG Auto Repair,+1 602-420-3063,https://diegohomemechanic.com,"25398 N 186th Ln, Wittmann, AZ 85361, United States",,,,,,,,,0,,,,,,,,,18,5,8
C,28.14,3.14,phoenix,Western Climate Control,+1 602-469-0772,http://www.westernclimatecontrol.com,,,,,,,,,,0,,,,,,,,,18,5,8
C,28.14,3.14,phoenix,"Energy Smart Engineering in Phoenix, Arizona",+1 623-688-9376,https://energysmartair.com,"3803 W Blackhawk Dr, Glendale, AZ 85308, United States",,,,,,,,,0,,,,,,,,,18,5,10
C,28.14,3.14,phoenix,Helping Hands Heating & Cooling,+1 602-456-1464,https://helpinghandsair.com,,,,,,,,,,0,,,,,,,,,18,5,10
C,28.12,3.12,phoenix,A to Z mobile RV repair and maintenance,+1 602-367-3406,https://a-to-zmobilerv.com,"3130 S Shelby, Mesa, AZ 85212, United States",,,,,,,,,0,,,,,,,,,7,4.6,1
C,28.08,3.08,phoenix,iRepairAir,+1 602-877-4850,https://www.irepairair.com,,,,,,,,,,0,,,,,,,,,17,5,7
C,28.08,3.08,phoenix,CJB Comfort,+1 480-604-8622,https://cjbcomfort.com,"2875 W Ray Rd Ste 6 #320, Chandler, AZ 85224, United States",,,,,,,,,0,,,,,,,,,17,5,9
C,28.08,3.08,phoenix,mAIRica Systems LLC,+1 480-787-7703,http://mairicasystems.com,,,,,,,,,,0,,,,,,,,,17,5,7
C,28.08,3.08,phoenix,Joe's RV Service,+1 602-558-5028,,,,,,,,,,,0,,,,,,,,,17,5,8
C,28.08,3.08,phoenix,"Maville Mechanical, Inc.",+1 623-979-8438,https://www.mavillemechanicalinc.com,"7617 N 67th Ave, Glendale, AZ 85301, United States",,,,,,,,,0,,,,,,,,,17,5,8
C,28.08,3.08,phoenix,Golden A/C LLC,+1 480-335-4066,https://www.goldenairaz.com,,,,,,,,,,0,,,,,,,,,17,5,9
C,28.08,3.08,phoenix,"Petro Mechanical, LLC",+1 602-451-5601,,,,,,,,,,,0,,,,,,,,,17,5,8
C,28.08,3.08,phoenix,ARIZONA'S HVAC BROTHERS,+1 480-796-1900,https://www.arizonashvacbrothers.com,,,,,,,,,,0,,,,,,,,,17,5,5
C,28.08,3.08,phoenix,"Rapid Restaurant Repair, LLC",+1 602-469-6089,https://rapidrestaurantrepair.com,"625 W Deer Valley Rd Suite 103 PMB 492, Phoenix, AZ 85027, United States",,,,,,,,,0,,,,,,,,,17,4.9,4
C,28.08,3.08,phoenix,ColdAirForYou,+1 602-327-6718,https://www.coldairforyou.com,,,,,,,,,,0,,,,,,,,,17,5,8
C,28.08,3.08,phoenix,HVAC Heating & Air Conditioning Electric Services,+1 480-639-2184,,"29423 N 145th Pl, Scottsdale, AZ 85262, United States",,,,,,,,,0,,,,,,,,,17,5,7
C,28.08,3.08,phoenix,"EcoSystems America, llc",+1 623-313-3194,http://www.ecosystemsnow.com,"7300 W Butler Dr, Peoria, AZ 85345, United States",,,,,,,,,0,,,,,,,,,17,5,8
C,28.05,3.05,phoenix,Chavez Aire acondicionado,+1 602-849-5044,http://airconditioningservicesandrepair.com,,,,,,,,,,0,,,,,,,,,9,4.7,3
C,28.03,3.03,phoenix,Layco Air Conditioning & Heating LLC,+1 602-971-1415,http://www.layco-ac.com,"14438 N 39th Way, Phoenix, AZ 85032, United States",,,,,,,,,0,,,,,,,,,12,4.8,3
C,28.01,3.01,phoenix,Klee's Climate Control LLC,+1 480-980-3192,https://www.kleesclimatecontrol.com,,,,,,,,,,0,,,,,,,,,16,5,8
C,28.01,3.01,phoenix,Climatec Mechanical,+1 480-270-2420,https://climatecmechanical.com,,,,,,,,,,0,,,,,,,,,16,5,8
C,28.01,3.01,phoenix,Sonic A/C And Refrigeration LLC,+1 480-306-2096,https://sonicacandrefrigerationllc.godaddysites.com,,,,,,,,,,0,,,,,,,,,16,5,7
C,28.01,3.01,phoenix,Desert Bloom Air LLC,+1 480-849-3667,https://desertbloomrepair.com,"32363 N Hidden Canyon Dr, San Tan Valley, AZ 85144, United States",,,,,,,,,0,,,,,,,,,16,5,2
C,28.01,3.01,phoenix,FIXXR,+1 480-749-7063,http://fixxraz.com,,,,,,,,,,0,,,,,,,,,16,5,8
C,28.01,3.01,phoenix,Air-izona comfort solutions inc,+1 602-585-6777,http://www.air-izonacomfort.com,,,,,,,,,,0,,,,,,,,,16,5,3
C,28.01,3.01,phoenix,Jr's AC LLC,+1 602-315-4655,http://www.jrsacazairconditioning.com,"8211 W Montebello Ave, Glendale, AZ 85303, United States",,,,,,,,,0,,,,,,,,,16,5,8
C,28.01,3.01,phoenix,ROGER'S AIRE MECHANICAL LLC,+1 602-488-7387,http://www.rogersaire.com,"8541 N 6th St, Phoenix, AZ 85020, United States",,,,,,,,,0,,,,,,,,,16,5,5
C,28.01,3.01,phoenix,Blue City Cooling and Heating,+1 602-290-3002,https://azbluecity.com,,,,,,,,,,0,,,,,,,,,16,5,5
C,28.01,3.01,phoenix,Discovery Air,+1 623-910-2209,,,,,,,,,,,0,,,,,,,,,16,5,7
C,28.01,3.01,phoenix,Air Works Heating & Cooling LLC,+1 602-935-8615,http://www.airworksaz.com,"5002 W Davis Rd, Glendale, AZ 85306, United States",,,,,,,,,0,,,,,,,,,16,5,8
C,28.01,3.01,phoenix,Eco Air Solutions of Arizona Inc,+1 623-869-6922,http://www.ecoair1.com,,,,,,,,,,0,,,,,,,,,16,5,2
C,27.94,2.94,phoenix,Freedom refrigeration and mechanical LLC,+1 480-737-4910,,,,,,,,,,,0,,,,,,,,,15,5,7
C,27.94,2.94,phoenix,Hancock HVAC,+1 480-466-0964,https://www.hancockhvacaz.com,,,,,,,,,,0,,,,,,,,,15,5,7
C,27.94,2.94,phoenix,SunPeak AC Repair Buckeye,+1 623-278-6559,https://sunpeakairbuckeye.com,"112 S 5th St, Buckeye, AZ 85326, United States",,,,,,,,,0,,,,,,,,,15,5,5
C,27.94,2.94,phoenix,Colson Mechanical Heat and Air,+1 602-999-7960,https://www.colsonmechanical.com,,,,,,,,,,0,,,,,,,,,15,5,7
C,27.94,2.94,phoenix,Arrow Mechanical Heating and Cooling,+1 480-771-0892,https://www.arrowac.pro,"2065 E Cathy Ct, Gilbert, AZ 85296, United States",,,,,,,,,0,,,,,,,,,15,5,5
C,27.94,2.94,phoenix,Big Als HVAC,+1 480-808-4488,http://bigalshvac.com,"7107 E Southern Ave #105, Mesa, AZ 85209, United States",,,,,,,,,0,,,,,,,,,15,5,2
C,27.94,2.94,phoenix,Sunny & Cool A/C & Heating,+1 480-410-8168,https://www.sunnyandcoolac.com,,,,,,,,,,0,,,,,,,,,15,5,7
C,27.94,2.94,phoenix,Elite Temp Heating & Cooling llc,+1 623-910-1941,https://elitetempheatingcoolingllc.com,,,,,,,,,,0,,,,,,,,,15,5,7
C,27.94,2.94,phoenix,"Dusteze Services, LLC",+1 602-810-2864,https://www.dustezehvac.com,,,,,,,,,,0,,,,,,,,,15,5,6
C,27.94,2.94,phoenix,Fridgco Refrigeration,+1 623-877-3908,,"6932 Grand Ave, Glendale, AZ 85301, United States",,,,,,,,,0,,,,,,,,,15,4.9,7
C,27.94,2.94,phoenix,Glendale HVAC Contractor Pro LLC,+1 623-292-8992,https://www.prohvacofglendale.com,"4817 W Cheryl Dr, Glendale, AZ 85302, United States",,,,,,,,,0,,,,,,,,,15,5,2
C,27.94,2.94,phoenix,TEMPSUPPLY LLC,+1 602-405-5203,http://tempsupplyllc.com,"17950 N 68th St, Phoenix, AZ 85054, United States",,,,,,,,,0,,,,,,,,,15,5,6
C,27.94,2.94,phoenix,Authorized Air LLC,+1 480-254-1591,https://www.authorizedac.com,"6500 E Mitchell Ct Ste 9, Florence, AZ 85132, United States",,,,,,,,,0,,,,,,,,,15,5,6
C,27.87,2.87,phoenix,The AC Kings,+1 480-600-7340,https://www.theackings.com,,,,,,,,,,0,,,,,,,,,14,5,6
C,27.87,2.87,phoenix,"Remington Refrigeration Heating, Cooling and Appliances",+1 480-710-3263,https://remingtonrefrigerationheatingandcooling.com,"10036 E Plata Ave, Mesa, AZ 85212, United States",,,,,,,,,0,,,,,,,,,14,5,6
C,27.87,2.87,phoenix,Epic Air Heating & Cooling LLC,+1 480-341-2427,http://www.epicairaz.com,,,,,,,,,,0,,,,,,,,,14,5,6
C,27.87,2.87,phoenix,Coyote Air LLC,+1 480-328-0144,https://www.azcoyoteair.com,,,,,,,,,,0,,,,,,,,,14,5,6
C,27.87,2.87,phoenix,PRIME HVAC LLC,+1 480-622-2417,,"9127 E Adobe Rd, Mesa, AZ 85207, United States",,,,,,,,,0,,,,,,,,,14,5,3
C,27.87,2.87,phoenix,Sp Mechanical Llc,+1 602-541-0295,https://spmechanicalheatinganfcooling.com,"4035 N 61st Dr, Phoenix, AZ 85033, United States",,,,,,,,,0,,,,,,,,,14,5,7
C,27.87,2.87,phoenix,Valley Air Solutions,+1 623-759-3421,https://valleyairsolutionsaz.com,,,,,,,,,,0,,,,,,,,,14,5,5
C,27.87,2.87,phoenix,Dynamic refrigeration,+1 602-317-2653,,"1449 E Highland Ave Unit 37, Phoenix, AZ 85014, United States",,,,,,,,,0,,,,,,,,,14,5,0
C,27.87,2.87,phoenix,White Tank Mountain Air,+1 623-738-6049,https://www.whitetankmountainair.com,"18110 W Desert Ln, Surprise, AZ 85388, United States",,,,,,,,,0,,,,,,,,,14,5,2
C,27.87,2.87,phoenix,Alaa Air and Comfort,+1 602-390-3743,https://alaaairandcomfortllc.mightysites.com,,,,,,,,,,0,,,,,,,,,14,5,6
C,27.87,2.87,phoenix,Advanced Comfort A/C & Heating,+1 602-923-0002,https://www.advancedcomfortac.com,"35811 N 3rd St, Phoenix, AZ 85086, United States",,,,,,,,,0,,,,,,,,,14,5,5
C,27.84,2.84,phoenix,Adobe Energy Management Co.,+1 602-254-2525,https://www.adobeenergy.us,"8224 S 29th Ave B, Laveen Village, AZ 85339, United States",,,,,,,,,0,,,,,,,,,4,4.5,0
C,27.84,2.84,phoenix,Vortech Air Conditioning,+1 623-321-4177,https://vortech-ac-repair-service.com,,,,,,,,,,0,,,,,,,,,4,4.5,1
C,27.78,2.78,phoenix,Trusted Chandler HVAC Repair,+1 602-669-6237,https://trustedchandlercoolingheating.com,"207 W Warner Rd, Chandler, AZ 85225, United States",,,,,,,,,0,,,,,,,,,13,5,5
C,27.78,2.78,phoenix,"Ac Squad, Llc",+1 623-512-1128,https://www.acsquadaz.com,"20612 W Walton Dr, Buckeye, AZ 85396, United States",,,,,,,,,0,,,,,,,,,13,4.9,5
C,27.78,2.78,phoenix,On Time HVAC Phoenix,+1 602-483-6183,https://ontimehvacphoenix.com,"26 E Pima St, Phoenix, AZ 85003, United States",,,,,,,,,0,,,,,,,,,13,5,3
C,27.78,2.78,phoenix,HomeFront Air Conditioning LLC,+1 623-633-2788,http://www.homefrontac.com,,,,,,,,,,0,,,,,,,,,13,5,0
C,27.78,2.78,phoenix,A/C PRIME SERVICE LLC,+1 602-639-2284,,,,,,,,,,,0,,,,,,,,,13,5,5
C,27.78,2.78,phoenix,Orca AC,+1 480-798-5756,https://www.orcaac.com,"4433 W Van Buren St Suite 1, Phoenix, AZ 85043, United States",,,,,,,,,0,,,,,,,,,13,5,5
C,27.78,2.78,phoenix,Desert Solutions Air Conditioning & Heating LLC,+1 480-430-5559,,,,,,,,,,,0,,,,,,,,,13,5,2
C,27.78,2.78,phoenix,EHR NGUYEN LLC heating and cooling & RESIDENTIAL AND Commercial & REFRIGERATION,+1 480-953-1040,https://ehrnguyen.com,"10719 E El Moro Ave, Mesa, AZ 85208, United States",,,,,,,,,0,,,,,,,,,13,5,5
C,27.78,2.78,phoenix,Global Comfort LLC,+1 480-869-6423,https://globalcomfortaz.com,"3061 W Apache Trail, Apache Junction, AZ 85120, United States",,,,,,,,,0,,,,,,,,,13,5,6
C,27.78,2.78,phoenix,Cold Case Cooling LLC.,+1 602-803-3653,http://www.coldcasecoolingllc.com,"9612 E Adobe Rd, Mesa, AZ 85207, United States",,,,,,,,,0,,,,,,,,,13,5,0
C,27.78,2.78,phoenix,"BH A/C & Heating, LLC",+1 602-694-8889,https://bhcoolingandheating.com,,,,,,,,,,0,,,,,,,,,13,5,0
C,27.78,2.78,phoenix,Simplified Air Systems,+1 602-245-2393,https://www.simplifiedairsystems.com,"3809 N 34th Ave, Phoenix, AZ 85017, United States",,,,,,,,,0,,,,,,,,,13,5,4
C,27.78,2.78,phoenix,Arellano's AC,+1 602-670-5775,,,,,,,,,,,0,,,,,,,,,13,4.9,1
C,27.78,2.78,phoenix,Copper City Plumbing,+1 602-643-6887,https://www.coppercityplumbingaz.com,,,,,,,,,,0,,,,,,,,,13,5,5
C,27.78,2.78,phoenix,Cool Summer Air LLC,+1 602-885-9263,https://coolsummerair.com,,,,,,,,,,0,,,,,,,,,13,5,5
C,27.78,2.78,phoenix,Solar Powered Ac,+1 623-400-6077,https://solarpoweredac.com,,,,,,,,,,0,,,,,,,,,13,5,2
C,27.78,2.78,phoenix,J Scott Refrigeration & Heating,+1 602-439-8869,https://jscottrefrigeration.com,,,,,,,,,,0,,,,,,,,,13,5,4
C,27.78,2.78,phoenix,Viper Air LLC,+1 480-589-1685,,,,,,,,,,,0,,,,,,,,,13,5,2
C,27.78,2.78,phoenix,Priced Right Air Conditioning,+1 480-544-5860,http://pricedrightair.com,,,,,,,,,,0,,,,,,,,,13,5,2
C,27.78,2.78,phoenix,Meade Electric,+1 602-576-8325,,"3260 Hayden Rd suite 210-520, Scottsdale, AZ 85251, United States",,,,,,,,,0,,,,,,,,,13,5,1
C,27.78,2.78,phoenix,TI Mechanical,+1 602-706-6528,http://www.ti-mech.com,"2137 E Indian School Rd, Phoenix, AZ 85016, United States",,,,,,,,,0,,,,,,,,,13,5,5
C,27.78,2.78,phoenix,EcoBeaver Energy Saver,+1 602-429-0225,http://www.ecobeaverenergysaver.com,"10105 E Vía Linda Ste 103 #1241, Scottsdale, AZ 85258, United States",,,,,,,,,0,,,,,,,,,13,5,5
C,27.7,2.7,phoenix,HVAC Bears AC Repair & Install,+1 623-232-0876,https://hvacbears.com,,,,,,,,,,0,,,,,,,,,12,4.9,5
C,27.7,2.7,phoenix,Northman HVAC,+1 602-960-2250,http://northmanhvac.com,,,,,,,,,,0,,,,,,,,,12,5,4
C,27.7,2.7,phoenix,"Az Air Solutions,llc",+1 623-688-6389,http://www.azairsolutions.com,"4233 S 64th Ln, Phoenix, AZ 85043, United States",,,,,,,,,0,,,,,,,,,12,5,3
C,27.7,2.7,phoenix,Sand Frog Air LLC,+1 480-788-3730,,"11418 E Fairbrook Cir, Mesa, AZ 85207, United States",,,,,,,,,0,,,,,,,,,12,5,3
C,27.7,2.7,phoenix,"Desert Truck Road Service, LLC",+1 623-760-5751,,"23822 W Adams St, Buckeye, AZ 85326, United States",,,,,,,,,0,,,,,,,,,12,5,4
C,27.7,2.7,phoenix,Reliable Air AZ,+1 602-570-5290,,,,,,,,,,,0,,,,,,,,,12,5,3
C,27.7,2.7,phoenix,"Joe Ciotta Plumbing, LLC",+1 480-837-0644,,"9819 Sunrise Cir, Fountain Hills, AZ 85268, United States",,,,,,,,,0,,,,,,,,,12,4.9,0
C,27.7,2.7,phoenix,Iceberg Services,+1 602-879-5509,,,,,,,,,,,0,,,,,,,,,12,5,2
C,27.7,2.7,phoenix,Mint Air Conditioning,+1 480-863-5113,http://mintairconditioningaz.com,,,,,,,,,,0,,,,,,,,,12,5,3
C,27.7,2.7,phoenix,Sumner Repair LLC handyman service (not a licensed contractor),+1 602-620-2673,,"12518 W Windrose Dr, El Mirage, AZ 85335, United States",,,,,,,,,0,,,,,,,,,12,5,3
C,27.6,2.6,phoenix,NXT LVL AIR LLC,+1 480-341-9909,https://www.nxtlvlairaz.com,,,,,,,,,,0,,,,,,,,,11,5,3
C,27.6,2.6,phoenix,Orange Street Mechanical,+1 480-834-9251,http://www.orangestreetmechanical.com,"Mesa, AZ 85210, United States",,,,,,,,,0,,,,,,,,,11,5,1
C,27.6,2.6,phoenix,21st Century Cooling,+1 480-528-0777,https://21stcenturycooling.com,,,,,,,,,,0,,,,,,,,,11,5,3
C,27.6,2.6,phoenix,Medina's Complete Auto Repair LLC,+1 602-488-1285,,"2950 W Buckeye Rd, Phoenix, AZ 85009, United States",,,,,,,,,0,,,,,,,,,11,4.9,1
C,27.6,2.6,phoenix,Talbot Air Conditioning LLC,+1 480-259-0682,,"1722 N Banning #104, Mesa, AZ 85205, United States",,,,,,,,,0,,,,,,,,,11,5,0
C,27.6,2.6,phoenix,Next Phase Electric,+1 480-599-0072,https://www.npelectricaz.com,"18839 E Canary Way, Queen Creek, AZ 85142, United States",,,,,,,,,0,,,,,,,,,11,5,3
C,27.6,2.6,phoenix,Allen Home Comfort,+1 480-382-1616,https://allencomfort.com,,,,,,,,,,0,,,,,,,,,11,5,2
C,27.6,2.6,phoenix,Blue Star HVAC,+1 602-245-1289,https://acbluestar.com,,,,,,,,,,0,,,,,,,,,11,5,7
C,27.6,2.6,phoenix,Micah Dean Air Conditioning,+1 623-227-4444,https://micahdeanac.com,"9210 W Peoria Ave #1, Peoria, AZ 85345, United States",,,,,,,,,0,,,,,,,,,11,5,3
C,27.6,2.6,phoenix,Valley Air Conditioning and Heating LLC,+1 602-679-4836,,,,,,,,,,,0,,,,,,,,,11,5,1
C,27.6,2.6,phoenix,Carrillo Mechanical Home Services,+1 602-751-1776,,,,,,,,,,,0,,,,,,,,,11,5,0
C,27.6,2.6,phoenix,Desert Sky Ac & Heating LLC,+1 602-524-7540,https://www.desertskyac.com,,,,,,,,,,0,,,,,,,,,11,5,3
C,27.6,2.6,phoenix,Elite Comfort Cooling and Heating LLC,+1 623-810-2744,,,,,,,,,,,0,,,,,,,,,11,5,2
C,27.6,2.6,phoenix,Express Air & Electric,+1 602-362-9763,https://www.expressairandelectric.com,"4445 W Tierra Buena Ln, Glendale, AZ 85306, United States",,,,,,,,,0,,,,,,,,,11,5,1
C,27.6,2.6,phoenix,Frontline Mechanical Inc,+1 623-933-2360,http://www.flmaz.com,"19437 N New Tradition Rd Suite 5577, Sun City West, AZ 85376, United States",,,,,,,,,0,,,,,,,,,11,5,3
C,27.6,2.6,phoenix,Flush King Air,+1 602-691-6700,http://www.flushkingair.com,,,,,,,,,,0,,,,,,,,,11,5,3
C,27.6,2.6,phoenix,Abeja A/C Services LLC,+1 602-794-7537,https://abejaacservicesllc.com,"4406 W Whitton Ave, Phoenix, AZ 85031, United States",,,,,,,,,0,,,,,,,,,11,4.9,3
C,27.6,2.6,phoenix,Chill Doctor,+1 480-805-5100,https://chilldoctor.com,,,,,,,,,,0,,,,,,,,,11,5,3
C,27.6,2.6,phoenix,Top Rated Auto Repair Of Scottsdale,+1 623-866-5540,https://scottsdale.topratedbusiness.com/scottsdale-auto-repair-center-near-me-top-rated,"3011 N 73rd St, Scottsdale, AZ 85251, United States",,,,,,,,,0,,,,,,,,,11,5,3
C,27.6,2.6,phoenix,Martinez HVAC,+1 480-358-7447,,,,,,,,,,,0,,,,,,,,,11,5,3
C,27.5,2.5,phoenix,Mr Tech Mobile RV Repair,+1 602-350-5272,,"1575 S Nelson Dr, Chandler, AZ 85226, United States",,,,,,,,,0,,,,,,,,,10,5,2
C,27.5,2.5,phoenix,Climate Doctors LLC,+1 602-999-9701,https://www.climatedoctorshvac.com,"22171 E Creekside Dr, Queen Creek, AZ 85142, United States",,,,,,,,,0,,,,,,,,,10,5,1
C,27.5,2.5,phoenix,Trusty HVAC Services,+1 623-570-0370,http://www.trustyhvacservices.com,,,,,,,,,,0,,,,,,,,,10,5,2
C,27.5,2.5,phoenix,Auto Service Diaz LLC,+1 602-328-6156,https://www.autoservicediazllc.com,"11206 E Apache Trail Ste 3, Apache Junction, AZ 85120, United States",,,,,,,,,0,,,,,,,,,10,5,1
C,27.5,2.5,phoenix,Arizona Radon Mitigation,+1 480-901-1970,https://arizonaradon.com,"1324 S 172nd Ln, Goodyear, AZ 85338, United States",,,,,,,,,0,,,,,,,,,10,5,2
C,27.5,2.5,phoenix,OTEK Industries,+1 623-261-2987,https://www.otek.industries,,,,,,,,,,0,,,,,,,,,10,5,1
C,27.5,2.5,phoenix,Shields A/C,+1 602-620-0047,http://www.shields-ac.com,,,,,,,,,,0,,,,,,,,,10,5,2
C,27.5,2.5,phoenix,father & son refreshing the valley llc,+1 602-441-8572,https://www.fathersonrefreshingthevalleyllc.com,"8541 N 31st Ave, Phoenix, AZ 85051, United States",,,,,,,,,0,,,,,,,,,10,5,0
C,27.5,2.5,phoenix,Avista Air Conditioning & heating LLC,+1 480-262-4186,http://avistahvac.com,,,,,,,,,,0,,,,,,,,,10,5,2
C,27.5,2.5,phoenix,Globe Heating And AC,+1 623-289-2069,,,,,,,,,,,0,,,,,,,,,10,5,0
C,27.5,2.5,phoenix,Johansen Air LLC,+1 602-663-7595,,,,,,,,,,,0,,,,,,,,,10,5,2
C,27.5,2.5,phoenix,AVI Heating & Cooling,+1 623-214-9642,,,,,,,,,,,0,,,,,,,,,10,5,2
C,27.5,2.5,phoenix,Vent Tech Pro Solutions,+1 623-283-2416,,"12944 N Founders Park Blvd, Surprise, AZ 85379, United States",,,,,,,,,0,,,,,,,,,10,5,2
C,27.5,2.5,phoenix,Goodfellow Mechanical LLC,+1 602-391-9637,https://goodfellowmechanical.net,,,,,,,,,,0,,,,,,,,,10,5,2
C,27.5,2.5,phoenix,Az Total Ac And Heating - Professional HVAC & AC Repair and Replacement Contractor,+1 480-309-9464,http://aztotalac.com,,,,,,,,,,0,,,,,,,,,10,5,2
C,27.5,2.5,phoenix,Bliss AC Repair Air Duct,+1 602-461-8003,,"2020 W Pinnacle Peak Rd, Phoenix, AZ 85027, United States",,,,,,,,,0,,,,,,,,,10,5,2
C,27.5,2.5,phoenix,Phoenix Plumbers Today,+1 602-819-4846,,,,,,,,,,,0,,,,,,,,,10,5,0
C,27.38,2.38,phoenix,Canyon Cooling,+1 480-640-0887,https://www.canyoncooling.com,,,,,,,,,,0,,,,,,,,,9,5,0
C,27.38,2.38,phoenix,G Air Conditioning Llc,+1 602-309-9573,https://gairconditioningllc.com,,,,,,,,,,0,,,,,,,,,9,5,3
C,27.38,2.38,phoenix,Arizona HVAC Department,+1 602-880-8886,https://www.azhvacdept.com,,,,,,,,,,0,,,,,,,,,9,5,1
C,27.38,2.38,phoenix,Farley's Refrigeration & HVAC LLC,+1 480-466-4283,https://www.farleysrefrigerationhvacllc.com,"2753 E Broadway Rd Ste 101-612, Mesa, AZ 85204, United States",,,,,,,,,0,,,,,,,,,9,5,0
C,27.38,2.38,phoenix,ProSkill Services,+1 480-808-6481,https://proskillservices.com,"6218 E Broadway Rd, Mesa, AZ 85206, United States",,,,,,,,,0,,,,,,,,,9,5,1
C,27.38,2.38,phoenix,Al's Mini Splits,+1 480-438-3454,,"5026 E Main St Unit 10, Mesa, AZ 85205, United States",,,,,,,,,0,,,,,,,,,9,5,1
C,27.38,2.38,phoenix,Northern Arizona Refrigeration,+1 623-936-8777,http://northernarizonarefrigeration.com,"8335 W Sherman St, Tolleson, AZ 85353, United States",,,,,,,,,0,,,,,,,,,9,5,0
C,27.38,2.38,phoenix,Blazing AZ HVAC-R LLC,+1 602-474-6211,,,,,,,,,,,0,,,,,,,,,9,5,1
C,27.38,2.38,phoenix,VENAIR BY CS,+1 623-210-3757,,"10325 W Payson Rd, Tolleson, AZ 85353, United States",,,,,,,,,0,,,,,,,,,9,5,1
C,27.38,2.38,phoenix,El Tapatio Air Conditioning & Insulation,+1 602-576-1963,https://tapatioac.com,,,,,,,,,,0,,,,,,,,,9,5,5
C,27.38,2.38,phoenix,R&B Air Conditioning LLC,+1 602-741-9040,,"9000 W Stella Ave, Glendale, AZ 85305, United States",,,,,,,,,0,,,,,,,,,9,5,0
C,27.38,2.38,phoenix,Select Home Improvements,+1 602-560-5412,https://selecthi.com,"2920 W Fairmount Ave, Phoenix, AZ 85017, United States",,,,,,,,,0,,,,,,,,,9,5,0
C,27.38,2.38,phoenix,Good Guys Plumbing,+1 623-776-2457,https://www.good-guys-plumbing.com,"8427 W Glendale Ave Lot 55, Glendale, AZ 85305, United States",,,,,,,,,0,,,,,,,,,9,5,1
C,27.38,2.38,phoenix,Arizona Sonher Heating & Cooling LLC,+1 623-288-5767,https://hvaccontractorpeoriaaz.com,,,,,,,,,,0,,,,,,,,,9,5,0
C,27.38,2.38,phoenix,Electric & Air LLC,+1 623-764-2527,,,,,,,,,,,0,,,,,,,,,9,5,2
C,27.38,2.38,phoenix,Innovative Air Conditioning and Heating,+1 623-780-4500,https://innovativeairconditioningandheating.com,"6872 Grand Ave, Glendale, AZ 85301, United States",,,,,,,,,0,,,,,,,,,9,5,1
C,27.38,2.38,phoenix,NexAir Comfort,+1 602-671-0500,https://nexaircomfort.com,,,,,,,,,,0,,,,,,,,,9,5,0
C,27.38,2.38,phoenix,Crosswinds Heating & Air Conditioning llc,+1 602-472-8224,http://crosswindsac.com,"Glendale, AZ 85312, United States",,,,,,,,,0,,,,,,,,,9,5,1
C,27.38,2.38,phoenix,Ice Monster Air Conditioning,+1 623-340-5588,https://www.icemonsterair.com,,,,,,,,,,0,,,,,,,,,9,5,0
C,27.38,2.38,phoenix,Dryer Ducks - Gilbert,+1 602-851-4792,https://dryerducks.com,"2658 S Sulley Dr Unit 101, Gilbert, AZ 85295, United States",,,,,,,,,0,,,,,,,,,9,5,1
C,27.38,2.38,phoenix,Steadfast Mechanical - Plumbing,+1 602-412-1634,http://www.steadfastmech-plumbing.com,,,,,,,,,,0,,,,,,,,,9,5,1
C,27.38,2.38,phoenix,Ericks AC & Electrical,+1 480-680-0602,,,,,,,,,,,0,,,,,,,,,9,4.9,0
C,27.38,2.38,phoenix,AirPro Repair,+1 602-898-4861,,"332 W Melinda Ln, Phoenix, AZ 85027, United States",,,,,,,,,0,,,,,,,,,9,5,1
C,27.38,2.38,phoenix,"Cool Me Down, LLC",+1 602-478-4023,http://www.coolmedownllc.net,,,,,,,,,,0,,,,,,,,,9,5,0
C,27.38,2.38,phoenix,New River Air Conditioning,+1 602-786-8286,,,,,,,,,,,0,,,,,,,,,9,5,1
C,27.38,2.38,phoenix,Advantage Refrigeration,+1 602-292-4066,https://www.advantage-refrigeration.com,"8550 N 91st Ave #73, Peoria, AZ 85345, United States",,,,,,,,,0,,,,,,,,,9,5,1
C,27.38,2.38,phoenix,Woody's Heating & Air Conditioning,+1 623-444-2057,https://www.woodyshvacr.com,,,,,,,,,,0,,,,,,,,,9,5,1
C,27.27,2.27,phoenix,Morgan Mechanical LLC,+1 480-226-0200,,"940 S Fontana, Mesa, AZ 85204, United States",,,,,,,,,0,,,,,,,,,6,4.8,1
C,27.27,2.27,phoenix,Energy Performance Services,+1 480-626-4004,,,,,,,,,,,0,,,,,,,,,6,4.8,0
C,27.26,2.26,phoenix,Siva Air LLC,+1 480-307-0478,https://sivaair.com,,,,,,,,,,0,,,,,,,,,8,5,0
C,27.26,2.26,phoenix,Howards Heating and Air and Appliance Repair,+1 623-476-2034,,,,,,,,,,,0,,,,,,,,,8,5,0
C,27.26,2.26,phoenix,Cool Ready Air Conditioning,+1 602-402-6256,http://www.coolreadyac.com,"3215 S 51st Ave, Phoenix, AZ 85043, United States",,,,,,,,,0,,,,,,,,,8,5,3
C,27.26,2.26,phoenix,Veterans Heating and Cooling LLC,+1 602-825-0484,,,,,,,,,,,0,,,,,,,,,8,5,0
C,27.26,2.26,phoenix,Triangle Cooling & Heating LLC,+1 602-900-0144,https://www.trianglecoolingandheating.com,,,,,,,,,,0,,,,,,,,,8,5,0
C,27.26,2.26,phoenix,Mazon's Air Conditioning & Heating Inc.,+1 602-549-4646,https://www.mazonac.com,,,,,,,,,,0,,,,,,,,,8,5,1
C,27.26,2.26,phoenix,Sound Refrigeration,+1 480-646-4221,http://www.soundrefrigeration.com,"7257 S Atwood Ste 110, Mesa, AZ 85212, United States",,,,,,,,,0,,,,,,,,,8,5,1
C,27.26,2.26,phoenix,Affordable Glendale HVAC Repair,+1 480-680-7925,https://affordableglendalehvacservices.com,"6028 N 67th Ave, Glendale, AZ 85301, United States",,,,,,,,,0,,,,,,,,,8,5,0
C,27.26,2.26,phoenix,"Total Air and Appliances, LLC",+1 602-335-9584,,"830 E Orange Dr, Phoenix, AZ 85014, United States",,,,,,,,,0,,,,,,,,,8,5,0
C,27.26,2.26,phoenix,Frio Heating and Cooling,+1 623-500-9161,https://www.friohvac.com,"7749 N 33rd Dr, Phoenix, AZ 85051, United States",,,,,,,,,0,,,,,,,,,8,5,0
C,27.26,2.26,phoenix,Queen Creek AC Repair,+1 602-536-9046,,,,,,,,,,,0,,,,,,,,,8,5,0
C,27.26,2.26,phoenix,Advanced Tempe Cooling & Heating,+1 480-520-3296,https://advancedtempecoolingheating.com,"2424 W 12th St, Tempe, AZ 85281, United States",,,,,,,,,0,,,,,,,,,8,5,0
C,27.26,2.26,phoenix,Arizona State HVAC,+1 602-860-6482,https://www.arizonastatehvac.com,,,,,,,,,,0,,,,,,,,,8,5,1
C,27.26,2.26,phoenix,Rescue Plumber Near Me Scottsdale,+1 480-553-9536,https://mikoplumbingservices.com,,,,,,,,,,0,,,,,,,,,8,5,0
C,27.26,2.26,phoenix,"A Savings Air, LLC",+1 480-206-0480,https://www.asavingsair.com,"13771 N Fountain Hills Blvd Ste 114-141, Fountain Hills, AZ 85268, United States",,,,,,,,,0,,,,,,,,,8,5,0
C,27.26,2.26,phoenix,Flexi-Air Heat & Cool.,+1 602-413-3071,http://azflexiair.com,,,,,,,,,,0,,,,,,,,,8,5,0
C,27.26,2.26,phoenix,Chilly's Heating & Air,+1 602-362-2330,https://chillysair.com,,,,,,,,,,0,,,,,,,,,8,5,0
C,27.26,2.26,phoenix,Young & Sons Mechanical,+1 602-782-5554,https://youngsonsmechanical.com,"329 W Lone Cactus Dr #9, Phoenix, AZ 85027, United States",,,,,,,,,0,,,,,,,,,8,5,0
C,27.12,2.12,phoenix,Ziggy's Heating and Cooling,+1 480-809-7461,http://ziggysheatingandcooling.com,,,,,,,,,,0,,,,,,,,,7,5,1
C,27.12,2.12,phoenix,Desert Rock Air Conditioning & Refrigeration,+1 602-901-2132,https://www.desertrockair.com,"15150 W Pk Pl Ste 215, Goodyear, AZ 85395, United States",,,,,,,,,0,,,,,,,,,7,5,2
C,27.12,2.12,phoenix,AeroCool HVAC Services,+1 602-767-4997,http://6a3681fb56836.site123.me,"10503 S 44th Ln, Laveen Village, AZ 85339, United States",,,,,,,,,0,,,,,,,,,7,5,0
C,27.12,2.12,phoenix,Local HVAC Inc.,+1 480-660-0988,https://local-hvac-expert.com/chandler,"5753 W Erie St, Chandler, AZ 85226, United States",,,,,,,,,0,,,,,,,,,7,5,0
C,27.12,2.12,phoenix,Callahan Air Conditioning,+1 480-450-2696,,,,,,,,,,,0,,,,,,,,,7,5,0
C,27.12,2.12,phoenix,Barry's Air Conditioning & Heating LLC,+1 602-359-3445,,"1515 W Alamo Dr, Chandler, AZ 85224, United States",,,,,,,,,0,,,,,,,,,7,5,0
C,27.12,2.12,phoenix,AirFlow Climate Control LLC,+1 602-770-0286,,,,,,,,,,,0,,,,,,,,,7,5,0
C,27.12,2.12,phoenix,Attack Air And Energy Services LLC,+1 623-223-2365,,,,,,,,,,,0,,,,,,,,,7,5,0
C,27.12,2.12,phoenix,Hvac Sg Heating Ventilation Air Conditioning LLC.,+1 623-300-5903,https://hvacsgaz.com,,,,,,,,,,0,,,,,,,,,7,5,0
C,27.12,2.12,phoenix,"AirPro Cooling and Heating, Inc.",+1 480-720-9986,https://www.airprocoolingandheating.com,"64 E Broadway Rd Suite, 200, Tempe, AZ 85282, United States",,,,,,,,,0,,,,,,,,,7,5,0
C,27.12,2.12,phoenix,Topwater Plumbing & Air,+1 480-680-9798,https://topwaterplumbingandair.com,,,,,,,,,,0,,,,,,,,,7,5,0
C,27.12,2.12,phoenix,Retro Air Llc,+1 602-875-3100,,,,,,,,,,,0,,,,,,,,,7,5,0
C,27.12,2.12,phoenix,HC Mechanical And Cooling Service LLC,+1 480-432-0801,https://www.hc-mech.com,,,,,,,,,,0,,,,,,,,,7,5,0
C,27.12,2.12,phoenix,AMK Mechanical LLC,+1 602-663-8941,https://amk-mechanical.com,,,,,,,,,,0,,,,,,,,,7,5,0
C,27.12,2.12,phoenix,Reliable HVAC Comfort,+1 602-759-0928,http://6a36758f95d8a.site123.me,"7602 S 24th St, Phoenix, AZ 85042, United States",,,,,,,,,0,,,,,,,,,7,5,0
C,27.12,2.12,phoenix,Great State HVAC,+1 480-216-1247,,"711 E Desert Park Ln, Phoenix, AZ 85020, United States",,,,,,,,,0,,,,,,,,,7,5,0
C,27.12,2.12,phoenix,Power Ranch AC,+1 602-536-8303,,,,,,,,,,,0,,,,,,,,,7,5,0
C,27.12,2.12,phoenix,Peak Comfort HVAC,+1 602-676-0322,http://6a360d6323fb0.site123.me,"5023 N 44th St, Phoenix, AZ 85018, United States",,,,,,,,,0,,,,,,,,,7,5,0
C,27.12,2.12,phoenix,Surprise Air Conditioner Repair,+1 602-536-9674,,,,,,,,,,,0,,,,,,,,,7,5,0
C,27.12,2.12,phoenix,FutureCool Repairs,+1 480-908-9388,,"310 E Sharon Dr, Phoenix, AZ 85022, United States",,,,,,,,,0,,,,,,,,,7,5,0
C,27.12,2.12,phoenix,Sumner Heating and Cooling LLC,+1 623-980-1710,https://sumnerac.com,,,,,,,,,,0,,,,,,,,,7,5,0
C,27.12,2.12,phoenix,The Good Apples Cooling & Heating,+1 623-352-1971,https://hvaccontractorpeoria.com,,,,,,,,,,0,,,,,,,,,7,5,1
C,27.12,2.12,phoenix,Mini Split Master,+1 602-463-5665,https://minisplitacmaster.com,"16230 North 22nd St, Phoenix, AZ 85022, United States",,,,,,,,,0,,,,,,,,,7,5,0
C,27.12,2.12,phoenix,Tanner Air Conditioning,+1 623-465-8854,,"21421 N 11th Ave Ste 5, Phoenix, AZ 85027, United States",,,,,,,,,0,,,,,,,,,7,5,0
C,27.12,2.12,phoenix,BudgetFix Air,+1 602-772-5338,,"3933 E Patrick Ln, Phoenix, AZ 85050, United States",,,,,,,,,0,,,,,,,,,7,5,0
C,27.12,2.12,phoenix,Airen Art's ac and electrical,+1 623-225-5307,http://airensartsac.com,,,,,,,,,,0,,,,,,,,,7,5,0
C,27.12,2.12,phoenix,ReddStar Maintenance Group LLC,+1 623-680-3087,https://reddstarmg.com,"14237 W Sand Hills Rd, Surprise, AZ 85387, United States",,,,,,,,,0,,,,,,,,,7,5,1
C,27.12,2.12,phoenix,LaCombe Company HVAC,+1 602-446-7565,http://lacombecompanyhvac.com,"6635 W Happy Valley Rd A104-126, Glendale, AZ 85310, United States",,,,,,,,,0,,,,,,,,,7,5,0
C,27.12,2.12,phoenix,Shelby HVAC Clean,+1 480-757-4348,,"6336 E Turquoise Ave, Paradise Valley, AZ 85253, United States",,,,,,,,,0,,,,,,,,,7,5,0
C,27.12,2.12,phoenix,AC Masters Pros,+1 480-613-9024,https://acmasterspros.com,,,,,,,,,,0,,,,,,,,,7,5,0
C,27.12,2.12,phoenix,All Year Cooling AZ,+1 480-386-1385,https://allyearcoolingaz.com,,,,,,,,,,0,,,,,,,,,7,5,0
C,27.12,2.12,phoenix,Diamond HVAC LLC,+1 480-246-4832,https://azdiamondhvac.com,"34533 N Picket Post Dr, San Tan Valley, AZ 85144, United States",,,,,,,,,0,,,,,,,,,7,5,1
C,27.08,2.08,phoenix,High Desert Mechanical,+1 480-292-6550,http://hdmech.net,"1108 N Velma Ct, Gilbert, AZ 85233, United States",,,,,,,,,0,,,,,,,,,2,4.5,0
C,27.08,2.08,phoenix,Prime HVAC contractor,+1 623-920-0074,,"2414 N 163rd Dr, Goodyear, AZ 85395, United States",,,,,,,,,0,,,,,,,,,5,4.8,0
C,27.08,2.08,phoenix,Rose HVAC/Duct Clean,+1 480-658-0288,,"5744 N Palo Cristi Rd, Paradise Valley, AZ 85253, United States",,,,,,,,,0,,,,,,,,,5,4.8,0
C,27.08,2.08,phoenix,Rideout Air Conditioning,+1 623-435-7255,,"1410 E Tierra Buena Ln, Phoenix, AZ 85022, United States",,,,,,,,,0,,,,,,,,,2,4.5,0
C,26.94,1.94,phoenix,Absolute Air Technologies LLC,+1 480-759-9810,,"3641 E Lavender Ln, Phoenix, AZ 85044, United States",,,,,,,,,0,,,,,,,,,6,5,0
C,26.94,1.94,phoenix,Desert Breeze Phoenix HVAC Repair,+1 480-684-2355,https://desertbreezeclimatecontrolphoenix.com,"5651 N 7th St, Phoenix, AZ 85014, United States",,,,,,,,,0,,,,,,,,,6,5,0
C,26.94,1.94,phoenix,MORALES ICM,+1 480-646-6661,,,,,,,,,,,0,,,,,,,,,6,5,0
C,26.94,1.94,phoenix,Tom's Heating & Cooling,+1 602-530-2562,https://tomsheatingcooling.com,,,,,,,,,,0,,,,,,,,,6,5,0
C,26.94,1.94,phoenix,Arizona's Quality Comfort Air Conditioning and Heating,+1 480-942-4626,https://www.azqualitycomfort.com,,,,,,,,,,0,,,,,,,,,6,5,0
C,26.94,1.94,phoenix,"US Comfort Air Conditioning, LLC",+1 602-434-7180,,,,,,,,,,,0,,,,,,,,,6,5,0
C,26.94,1.94,phoenix,Thunder air conditioning & heating llc,+1 602-772-2217,,,,,,,,,,,0,,,,,,,,,6,5,0
C,26.94,1.94,phoenix,Cool Brothers HVAC & Mechanical L.L.C,+1 480-906-6010,,,,,,,,,,,0,,,,,,,,,6,5,0
C,26.94,1.94,phoenix,RPS Heating And Cooling,+1 623-229-0088,,"3933 N 188th Ave, Litchfield Park, AZ 85340, United States",,,,,,,,,0,,,,,,,,,6,5,0
C,26.94,1.94,phoenix,FJ and SJ LLC Air Conditioning,+1 623-202-4371,https://fjandsjllcairconditioning.com,"2114 W Pierson St, Phoenix, AZ 85015, United States",,,,,,,,,0,,,,,,,,,6,5,0
C,26.94,1.94,phoenix,Advanced HVAC Phoenix Pros,+1 480-999-2569,https://advancedhvacphoenixpros.com,"6049 N 43rd Ave, Phoenix, AZ 85019, United States",,,,,,,,,0,,,,,,,,,6,5,0
C,26.94,1.94,phoenix,Republic Air Conditioning and Heating,+1 602-242-6315,https://www.republicacandheating.com,"12806 W Corrine Dr, El Mirage, AZ 85335, United States",,,,,,,,,0,,,,,,,,,6,5,0
C,26.94,1.94,phoenix,Total Air Solutions,+1 480-210-9885,http://6a36247b92d6d.site123.me,"4942 E Ray Rd, Phoenix, AZ 85044, United States",,,,,,,,,0,,,,,,,,,6,5,0
C,26.94,1.94,phoenix,Essential Heating & Air Inc.,+1 602-768-2255,http://www.essentialac.com,"2960 E Northern Ave #200, Phoenix, AZ 85028, United States",,,,,,,,,0,,,,,,,,,6,5,0
C,26.94,1.94,phoenix,Phoenix Filters,+1 602-551-8839,https://www.phoenixfiltersaz.com,"9809 E Thornbush Ave, Mesa, AZ 85212, United States",,,,,,,,,0,,,,,,,,,6,5,0
C,26.94,1.94,phoenix,Set Apart Heating & Cooling,+1 480-769-4484,,,,,,,,,,,0,,,,,,,,,6,5,0
C,26.94,1.94,phoenix,AZ Aircompany LLC,+1 480-516-9047,,"15809 N 47th Dr, Glendale, AZ 85306, United States",,,,,,,,,0,,,,,,,,,6,5,0
C,26.94,1.94,phoenix,Diamond Mechanical Inc.,+1 623-435-7126,https://www.diamondmechanical.com,"24661 N 49th Ave, Glendale, AZ 85310, United States",,,,,,,,,0,,,,,,,,,6,5,0
C,26.94,1.94,phoenix,Saige Appliance & AC Service,+1 480-692-9990,,"3701 W Diana Ave, Phoenix, AZ 85031, United States",,,,,,,,,0,,,,,,,,,6,5,2
C,26.94,1.94,phoenix,Arizona Desert Chill Air,+1 480-546-2290,,,,,,,,,,,0,,,,,,,,,6,5,0
C,26.94,1.94,phoenix,A&C AUTO Repair dba,+1 602-790-9669,,"11780 N 91st Ave #6, Peoria, AZ 85345, United States",,,,,,,,,0,,,,,,,,,6,5,0
C,26.94,1.94,phoenix,BRY A/C LLC,+1 623-695-3519,https://bryac.com,,,,,,,,,,0,,,,,,,,,6,5,0
C,26.86,1.86,phoenix,Lake HVAC Clean,+1 480-757-4443,,"4821 E Fanfol Dr, Paradise Valley, AZ 85253, United States",,,,,,,,,0,,,,,,,,,3,4.7,0
C,26.86,1.86,phoenix,Ac Repair Service,+1 480-262-5839,,,,,,,,,,,0,,,,,,,,,3,4.7,0
C,26.84,1.84,phoenix,Hammon Heating & Cooling,+1 602-448-6256,https://www.hammonhvac.com,,,,,,,,,,0,,,,,,,,,4,4.8,0
C,26.84,1.84,phoenix,L & H Mechanical/Air Solutions,+1 602-437-4822,,"16561 N 92nd St, Phoenix, AZ 85040, United States",,,,,,,,,0,,,,,,,,,4,4.8,0
C,26.75,1.75,phoenix,M Mechanical Solutions,+1 602-434-4031,https://mmechanicalsolutions.com,,,,,,,,,,0,,,,,,,,,5,5,0
C,26.75,1.75,phoenix,PPB DUCT Repair Service,+1 602-529-4246,https://janebarbara56.wixsite.com/ppb-duct-repair-serv,"1049 W Vera Ln, Tempe, AZ 85284, United States",,,,,,,,,0,,,,,,,,,5,5,0
C,26.75,1.75,phoenix,Country Heating & Cooling,+1 480-726-6704,https://www.countryheatingandcoolingaz.com,,,,,,,,,,0,,,,,,,,,5,5,1
C,26.75,1.75,phoenix,Total Home Repair,+1 480-227-0827,,"4341 E Dublin St, Gilbert, AZ 85295, United States",,,,,,,,,0,,,,,,,,,5,5,0
C,26.75,1.75,phoenix,P1 Cooling and Heating,+1 480-742-6015,https://p1pc.org,"9412 S 46th Dr, Laveen Village, AZ 85339, United States",,,,,,,,,0,,,,,,,,,5,5,1
C,26.75,1.75,phoenix,Gold AC Repair Of Mesa,+1 623-257-6671,https://goldheatingandcooling.com,,,,,,,,,,0,,,,,,,,,5,5,0
C,26.75,1.75,phoenix,Absolute Zero Refrigeration,+1 480-203-1211,https://absolutezerorefridgerationllc.com,"3015 E Main St #118, Mesa, AZ 85213, United States",,,,,,,,,0,,,,,,,,,5,5,0
C,26.75,1.75,phoenix,Sunset Air and Heat,+1 623-303-9019,https://sunsetairandheat.com,,,,,,,,,,0,,,,,,,,,5,5,0
C,26.75,1.75,phoenix,Blue Desert Truck & Equipment Repair LLC.,+1 480-709-1452,,"1032 N 193rd Ave, Buckeye, AZ 85326, United States",,,,,,,,,0,,,,,,,,,5,5,0
C,26.75,1.75,phoenix,Mc Electric,+1 602-272-6775,,"4002 W Buckeye Rd, Phoenix, AZ 85009, United States",,,,,,,,,0,,,,,,,,,5,5,0
C,26.75,1.75,phoenix,Coolmen LLC,+1 602-989-0770,https://coolmenllc.com,,,,,,,,,,0,,,,,,,,,5,5,0
C,26.75,1.75,phoenix,"Hometown HVAC, LLC",+1 602-223-1800,https://www.hometown-ac.com,,,,,,,,,,0,,,,,,,,,5,5,0
C,26.75,1.75,phoenix,Servicios de Aire Acondicionado en Arizona,+1 480-628-8802,https://serviciosdeaireacondicionadoenarizona.com,,,,,,,,,,0,,,,,,,,,5,5,1
C,26.75,1.75,phoenix,Urban Comfort Heating & Cooling,+1 480-401-4000,,,,,,,,,,,0,,,,,,,,,5,5,0
C,26.75,1.75,phoenix,ENK Air,+1 480-567-9764,https://enkair.net,,,,,,,,,,0,,,,,,,,,5,5,0
C,26.75,1.75,phoenix,Double H Heating & Cooling,+1 602-679-0557,,"1006 N 115th St, Mesa, AZ 85207, United States",,,,,,,,,0,,,,,,,,,5,5,0
C,26.75,1.75,phoenix,Ben The Builder,+1 602-632-8049,,,,,,,,,,,0,,,,,,,,,5,5,0
C,26.75,1.75,phoenix,Genie Aire,+1 480-984-3300,,"431 S Smythe Dr, Apache Junction, AZ 85120, United States",,,,,,,,,0,,,,,,,,,5,5,0
C,26.75,1.75,phoenix,AC Repair Pro,+1 480-937-8788,https://mobilehomeairconditioning.com,,,,,,,,,,0,,,,,,,,,5,5,1
C,26.75,1.75,phoenix,AirFridge,+1 480-479-5871,https://www.airfridgeaz.com,"12248 N 140th Ct, Surprise, AZ 85379, United States",,,,,,,,,0,,,,,,,,,5,5,0
C,26.75,1.75,phoenix,All Starz Heating & A/C LLC,+1 602-525-5376,https://myallstarz.com,,,,,,,,,,0,,,,,,,,,5,5,0
C,26.75,1.75,phoenix,"ALEXANDER AIR COOLING & HEATING, LLC",+1 623-939-4147,,"9628 N 47th Ave, Glendale, AZ 85302, United States",,,,,,,,,0,,,,,,,,,5,5,0
C,26.75,1.75,phoenix,Fuse Service: HVAC & Appliance Repair,+1 602-780-2009,https://fusephx.com,"14819 N Cave Creek Rd Ste 14D, Phoenix, AZ 85032, United States",,,,,,,,,0,,,,,,,,,5,5,1
C,26.75,1.75,phoenix,Oasis Valley Heating & Cooling,+1 480-410-5592,http://oasisvalleyaz.com,,,,,,,,,,0,,,,,,,,,5,5,0
C,26.75,1.75,phoenix,A-Rated Air Conditioning and Heating LLC.,+1 623-738-5784,https://www.aratedac.com,"2222 W Parkside Ln STE 114, Phoenix, AZ 85027, United States",,,,,,,,,0,,,,,,,,,5,5,1
C,26.51,1.51,phoenix,"Kings of AC, LLC",+1 623-633-0002,http://www.kingsofac.com,,,,,,,,,,0,,,,,,,,,4,5,0
C,26.51,1.51,phoenix,Universal HVAC Repair Buckeye AZ,+1 623-469-6427,,"1629 N 195th Ave #376, Buckeye, AZ 85396, United States",,,,,,,,,0,,,,,,,,,4,5,0
C,26.51,1.51,phoenix,Phoenix A/C & Refrigeration LLC,+1 623-826-4926,,"5815 W Siesta Way, Laveen Village, AZ 85339, United States",,,,,,,,,0,,,,,,,,,4,5,0
C,26.51,1.51,phoenix,Oso Air Heating & Air Conditioning,+1 480-787-1176,https://www.osoair.com,"175 S Hamilton Pl Bldg #4 Suite #108, Gilbert, AZ 85233, United States",,,,,,,,,0,,,,,,,,,4,5,0
C,26.51,1.51,phoenix,Profile Air Solutions,+1 480-390-5747,https://www.profileairsolutions.com,"Gilbert, AZ 85234, United States",,,,,,,,,0,,,,,,,,,4,5,0
C,26.51,1.51,phoenix,PHX Mobile RV Repair,+1 602-731-3106,https://mobilervrepairofphoenix.com,"4014 S 3rd Ave, Phoenix, AZ 85041, United States",,,,,,,,,0,,,,,,,,,4,5,0
C,26.51,1.51,phoenix,Indoor Comfort Inc.,+1 602-276-0530,https://iciaz.co,"3820 S Central Ave, Phoenix, AZ 85040, United States",,,,,,,,,0,,,,,,,,,4,5,0
C,26.51,1.51,phoenix,Carefree Air Conditioning,+1 480-488-2345,https://carefreeairconditioning.com,,,,,,,,,,0,,,,,,,,,4,5,2
C,26.51,1.51,phoenix,Quality HVAC Repair Phoenix,+1 480-210-9778,,"1501 W Roosevelt St, Phoenix, AZ 85007, United States",,,,,,,,,0,,,,,,,,,4,5,0
C,26.51,1.51,phoenix,TRACK - Smarter Home Air Conditioning Phoenix,+1 602-962-8722,,"515 E Grant St Suite 109, Phoenix, AZ 85004, United States",,,,,,,,,0,,,,,,,,,4,5,1
C,26.51,1.51,phoenix,jones heating and cooling,+1 623-332-7223,https://www.jonesheatingcooling.com,,,,,,,,,,0,,,,,,,,,4,5,0
C,26.51,1.51,phoenix,"H & M Electric Company, LLC",+1 480-217-9286,,"1104 N 102nd St, Mesa, AZ 85207, United States",,,,,,,,,0,,,,,,,,,4,5,0
C,26.51,1.51,phoenix,Aloha Air Conditioning & Heating,+1 480-832-8192,https://www.aloha-ac.com,"18737 Vía de Arboles, Queen Creek, AZ 85142, United States",,,,,,,,,0,,,,,,,,,4,5,0
C,26.51,1.51,phoenix,Nunez Heating and Cooling,+1 602-348-5093,http://www.nunezheatingandcooling.com,"2217 E Roosevelt St, Phoenix, AZ 85006, United States",,,,,,,,,0,,,,,,,,,4,5,3
C,26.51,1.51,phoenix,Heatload,+1 602-551-6954,http://www.heatload.net,"910 N Scottsdale Rd #2, Tempe, AZ 85288, United States",,,,,,,,,0,,,,,,,,,4,5,0
C,26.51,1.51,phoenix,Heavenly Air Heating And Cooling,+1 602-687-5976,https://www.heavenlyairaz.com,,,,,,,,,,0,,,,,,,,,4,5,0
C,26.51,1.51,phoenix,Andersons Air Care,+1 623-633-5797,http://andersonsaircare.com,,,,,,,,,,0,,,,,,,,,4,5,0
C,26.51,1.51,phoenix,David’s Auto Repair Shop,+1 602-583-4758,,"3835 South 67th Ave, Phoenix, AZ 85043, United States",,,,,,,,,0,,,,,,,,,4,5,0
C,26.51,1.51,phoenix,Air Enforcers Heating and Cooling,+1 623-920-7747,https://airenforcershvacaz.com,,,,,,,,,,0,,,,,,,,,4,5,0
C,26.51,1.51,phoenix,Astar HVAC/Duct Clean,+1 480-757-5109,,"3301 E Berridge Ln, Paradise Valley, AZ 85253, United States",,,,,,,,,0,,,,,,,,,4,5,0
C,26.51,1.51,phoenix,Overland Heating and Cooling LLC,+1 480-495-3063,https://overlandheatingandcooling.com,"7778 E Vía Del Futuro, Scottsdale, AZ 85258, United States",,,,,,,,,0,,,,,,,,,4,5,0
C,26.51,1.51,phoenix,Elite HVAC Repair Scottsdale,+1 623-887-5125,https://elitehvacrepairscottsdale.com,"9661 Hayden Rd, Scottsdale, AZ 85258, United States",,,,,,,,,0,,,,,,,,,4,5,0
C,26.51,1.51,phoenix,Evans Custom Duct LLC,+1 480-525-7736,https://hcox98551.wixsite.com/evans-custom-duct-ll,"4530 E Joshua Tree Ln, Paradise Valley, AZ 85253, United States",,,,,,,,,0,,,,,,,,,4,5,0
C,26.51,1.51,phoenix,"Indoor Air Quality Solutions, LLC",+1 602-525-9202,,"14784 W Riviera Dr, Surprise, AZ 85379, United States",,,,,,,,,0,,,,,,,,,4,5,0
C,26.51,1.51,phoenix,Az affordable handyman,+1 480-363-6389,https://azaffordablehandyman.com,,,,,,,,,,0,,,,,,,,,4,5,0
C,26.51,1.51,phoenix,Jello Mechanical,+1 602-483-3929,https://jellomechanical.com,"3260 W Columbine Dr, Phoenix, AZ 85029, United States",,,,,,,,,0,,,,,,,,,4,5,0
C,26.51,1.51,phoenix,Scottsdale AC Repair Pros,+1 623-280-0795,http://www.acrepairscottscdale.com,,,,,,,,,,0,,,,,,,,,4,5,1
C,26.51,1.51,phoenix,Solar 4 Les,+1 480-462-0733,https://www.solar4les.com,"9375 E Shea Blvd Suite 100, Scottsdale, AZ 85260, United States",,,,,,,,,0,,,,,,,,,4,5,0
C,26.51,1.51,phoenix,Surprise Heating and Air Conditioning,+1 602-975-3874,,,,,,,,,,,0,,,,,,,,,4,5,0
C,26.51,1.51,phoenix,Active Air Duct Co.,+1 602-362-6887,,"18007 W Turquoise Ave, Waddell, AZ 85355, United States",,,,,,,,,0,,,,,,,,,4,5,0
C,26.51,1.51,phoenix,Stone Cold Air LLC,+1 480-529-3137,,,,,,,,,,,0,,,,,,,,,4,5,0
C,26.51,1.51,phoenix,Always Cool LLC,+1 480-381-9712,https://alwayscoolazllc.com,"11213 E Sandoval Ave, Mesa, AZ 85212, United States",,,,,,,,,0,,,,,,,,,4,5,0
C,26.51,1.51,phoenix,Wilson Crew Heating And Cooling,+1 480-469-9219,,,,,,,,,,,0,,,,,,,,,4,5,0
C,26.51,1.51,phoenix,"Wright Air Conditioning, Heating & Ventilation LLC",+1 480-601-3358,https://www.wrightairconditioningservice.com,,,,,,,,,,0,,,,,,,,,4,5,0
C,26.51,1.51,phoenix,Quality Cooling & Heating,+1 623-303-5054,https://qualitycoolandheat.com/sun-city-az,"15405 N 99th Ave #3, Sun City, AZ 85351, United States",,,,,,,,,0,,,,,,,,,4,5,0
C,26.51,1.51,phoenix,MCGURAN MECHANICAL INC,+1 623-329-1271,https://www.mcguranmechinc.com,,,,,,,,,,0,,,,,,,,,4,5,0
C,26.51,1.51,phoenix,Xpress Air,+1 602-714-7918,,"5350 W Bell Rd ste c122-623, Glendale, AZ 85308, United States",,,,,,,,,0,,,,,,,,,4,5,0
C,26.51,1.51,phoenix,"AirPro Systems, LLC",+1 602-556-6527,https://useairpro.com,,,,,,,,,,0,,,,,,,,,4,5,0
C,26.51,1.51,phoenix,Tolleson AC Repair,+1 602-536-7484,,,,,,,,,,,0,,,,,,,,,4,5,0
C,26.51,1.51,phoenix,"Yeti Air Conditioning, LLC",+1 602-320-8185,,,,,,,,,,,0,,,,,,,,,4,5,0
C,26.51,1.51,phoenix,NexGen Climate Solutions,+1 602-845-8994,,"4345 E Carol Ann Ln, Phoenix, AZ 85032, United States",,,,,,,,,0,,,,,,,,,4,5,0
C,26.51,1.51,phoenix,Generational Air,+1 623-225-0423,https://generationalair.net,,,,,,,,,,0,,,,,,,,,4,5,0
C,26.51,1.51,phoenix,Boston Mechanical,+1 480-998-9497,,,,,,,,,,,0,,,,,,,,,4,5,1
C,26.51,1.51,phoenix,Chill Replacements,+1 480-565-7040,,,,,,,,,,,0,,,,,,,,,4,5,0
C,26.51,1.51,phoenix,Patena AC LLC,+1 602-587-7622,http://patenaac.com,,,,,,,,,,0,,,,,,,,,4,5,1
C,26.51,1.51,phoenix,MAR Mechanical Air Resources,+1 602-486-7842,http://www.marmechanical.com,"5622 N 52nd Ave Suite DA-4, Glendale, AZ 85301, United States",,,,,,,,,0,,,,,,,,,4,5,0
C,26.19,1.19,phoenix,Temp Control,+1 480-510-3633,http://tempcontrolarizona.com,"1330 E Horseshoe Dr, Chandler, AZ 85249, United States",,,,,,,,,0,,,,,,,,,3,5,0
C,26.19,1.19,phoenix,El Mirage AC Repair,+1 623-200-4189,https://elmirageacrepair.com,"15235 N Dysart Rd, El Mirage, AZ 85335, United States",,,,,,,,,0,,,,,,,,,3,5,0
C,26.19,1.19,phoenix,MAI A C LLC,+1 480-406-2608,https://maiacllc.com,"3250 E Tonto Ct, Gilbert, AZ 85298, United States",,,,,,,,,0,,,,,,,,,3,5,0
C,26.19,1.19,phoenix,AC Repair Tolleson AZ,+1 623-288-9431,,,,,,,,,,,0,,,,,,,,,3,5,0
C,26.19,1.19,phoenix,Chandler Tappan Repair,+1 480-428-8240,,,,,,,,,,,0,,,,,,,,,3,5,0
C,26.19,1.19,phoenix,2 Seasons Air,+1 480-401-8999,https://hvacservicesgilbert.com,,,,,,,,,,0,,,,,,,,,3,5,0
C,26.19,1.19,phoenix,"Four Peaks Mechanical, LLC",+1 480-464-2408,http://www.4peaksac.com,,,,,,,,,,0,,,,,,,,,3,5,0
C,26.19,1.19,phoenix,Yellow Sunset HVAC,+1 623-253-8677,https://yellowsunsethvac.com,,,,,,,,,,0,,,,,,,,,3,5,0
C,26.19,1.19,phoenix,Veteran HVAC Services LLC,+1 602-638-6433,,,,,,,,,,,0,,,,,,,,,3,5,0
C,26.19,1.19,phoenix,"Central Service Group, LLC",+1 602-377-2110,http://www.centralacp.com,,,,,,,,,,0,,,,,,,,,3,5,0
C,26.19,1.19,phoenix,Wolff Mechanical Heating AC & Slr,+1 602-492-4032,,"Phoenix, AZ 85004, United States",,,,,,,,,0,,,,,,,,,3,5,0
C,26.19,1.19,phoenix,Peterson Air Conditioning Llc,+1 602-418-4215,,"1637 N Ananea, Mesa, AZ 85207, United States",,,,,,,,,0,,,,,,,,,3,5,0
C,26.19,1.19,phoenix,Rush Portable Cooling,+1 602-903-5924,http://www.rushportablecooling.com,,,,,,,,,,0,,,,,,,,,3,5,0
C,26.19,1.19,phoenix,Schifferer Built,+1 602-888-0344,http://www.schiffererbuilt.com,"12345 E Cloud Rd, Chandler, AZ 85249, United States",,,,,,,,,0,,,,,,,,,3,5,0
C,26.19,1.19,phoenix,Falken plumbing and air,+1 480-233-5198,,,,,,,,,,,0,,,,,,,,,3,5,0
C,26.19,1.19,phoenix,Goodyear Air Conditioning & Heater Repair | Free Estimates,+1 623-777-9448,,,,,,,,,,,0,,,,,,,,,3,5,0
C,26.19,1.19,phoenix,Legacy Refrigeration,+1 602-460-9745,http://legacyrefrigerationaz.com,,,,,,,,,,0,,,,,,,,,3,5,0
C,26.19,1.19,phoenix,"Sandstone HVAC & Electric, Inc.",+1 623-764-0168,http://www.sandstoneaz.com/contact-us.html,"12823 W Glenrosa Dr, Litchfield Park, AZ 85340, United States",,,,,,,,,0,,,,,,,,,3,5,0
C,26.19,1.19,phoenix,Temp Wiz LLC,+1 602-885-8793,,"10916 W Belmont Ave, Glendale, AZ 85307, United States",,,,,,,,,0,,,,,,,,,3,5,0
C,26.19,1.19,phoenix,Mast Air powered by A&A Cooling and Heating,+1 623-486-9592,https://mastairarizona.com,"7528 W Harmont Dr, Peoria, AZ 85345, United States",,,,,,,,,0,,,,,,,,,3,5,0
C,26.19,1.19,phoenix,Secure Point Air Duct Cleaning,+1 602-854-6713,,"5644 E Cactus Wren Rd, Paradise Valley, AZ 85253, United States",,,,,,,,,0,,,,,,,,,3,5,0
C,26.19,1.19,phoenix,Central Mechanical Services LLC,+1 602-799-5337,https://www.centralmechanicalservices.com,"4032 E Broadway Rd, Phoenix, AZ 85040, United States",,,,,,,,,0,,,,,,,,,3,5,0
C,26.19,1.19,phoenix,ARSI LLC.,+1 602-885-5288,,"4713 E Chambers St, Phoenix, AZ 85040, United States",,,,,,,,,0,,,,,,,,,3,5,1
C,26.19,1.19,phoenix,Prestige Electrical Contractor Heating and Cooling,+1 480-612-9434,https://www.prestigeelectricalcontractor.com,"7447 E Southern Ave Ste 101, Mesa, AZ 85209, United States",,,,,,,,,0,,,,,,,,,3,5,0
C,26.19,1.19,phoenix,Rise Above Heating and Air LLC,+1 602-623-0821,https://riseaboveheatingair.com,,,,,,,,,,0,,,,,,,,,3,5,0
C,26.19,1.19,phoenix,BrightCoil Innovations,+1 602-550-2980,,,,,,,,,,,0,,,,,,,,,3,5,0
C,26.19,1.19,phoenix,Ample Air,+1 602-290-2233,,,,,,,,,,,0,,,,,,,,,3,5,0
C,26.19,1.19,phoenix,Comfy Cool AC and Central Air Repair,+1 602-731-3242,,"4301 N 24th St #127, Phoenix, AZ 85016, United States",,,,,,,,,0,,,,,,,,,3,5,0
C,26.19,1.19,phoenix,AZ HVAC/Duct Service,+1 602-932-0738,http://azservicepros.net,"11047 N 35th St, Phoenix, AZ 85028, United States",,,,,,,,,0,,,,,,,,,3,5,0
C,26.19,1.19,phoenix,Meyer's Air Conditioning & Refrigeration Inc,+1 602-266-5932,,"9839 N 39th St, Phoenix, AZ 85028, United States",,,,,,,,,0,,,,,,,,,3,5,0
C,26.19,1.19,phoenix,Gray's Air Conditioning Inc,+1 602-768-0014,,"4214 W Greenway Rd, Phoenix, AZ 85053, United States",,,,,,,,,0,,,,,,,,,3,5,0
C,26.19,1.19,phoenix,Morrison Heating & Air,+1 602-773-7364,,"3311 W Greenway Rd, Phoenix, AZ 85053, United States",,,,,,,,,0,,,,,,,,,3,5,0
C,26.19,1.19,phoenix,Core Cooling & Heating Team,+1 623-303-4942,https://corehvacteam.com/sun-city-west-az,"14506 W Granite Valley Dr #245, Sun City West, AZ 85375, United States",,,,,,,,,0,,,,,,,,,3,5,0
C,26.19,1.19,phoenix,Ameri-Air HVAC,+1 623-321-2713,,,,,,,,,,,0,,,,,,,,,3,5,2
C,26.19,1.19,phoenix,Ryan Lane Air Conditioning,+1 602-642-3334,,,,,,,,,,,0,,,,,,,,,3,5,0
C,26.19,1.19,phoenix,Ronnie Duct Clean,+1 602-607-3286,https://mccainbryce9.wixsite.com/ronnie-duct-clean,"5911 E North Ln, Paradise Valley, AZ 85253, United States",,,,,,,,,0,,,,,,,,,3,5,0
C,26.19,1.19,phoenix,HVAC Cleaning Phoenix,+1 602-883-4771,,,,,,,,,,,0,,,,,,,,,3,5,0
C,26.19,1.19,phoenix,Cool Masters LLC,+1 480-489-0319,https://www.coolmastersac.com,,,,,,,,,,0,,,,,,,,,3,5,0
C,26.19,1.19,phoenix,Quality Systems AC & Refrigeration,+1 480-945-2665,https://qualityacsystems.com,"4247 N 78th St unit 4, Scottsdale, AZ 85251, United States",,,,,,,,,0,,,,,,,,,3,5,0
C,26.19,1.19,phoenix,Motivated air and plumbing,+1 480-840-7302,http://letsgetmotivated.com,"8515 E Vernon Ave, Scottsdale, AZ 85257, United States",,,,,,,,,0,,,,,,,,,3,5,1
C,26.19,1.19,phoenix,Airlemental Mechanical LLC,+1 623-272-4894,https://www.airlementalmechanical.net,,,,,,,,,,0,,,,,,,,,3,5,0
C,26.19,1.19,phoenix,Ice Cold Air Conditioning and Refrigeration,+1 602-471-9878,,"3652 W Villa Theresa Dr, Glendale, AZ 85308, United States",,,,,,,,,0,,,,,,,,,3,5,0
C,25.75,0.75,phoenix,AC Repair Specialists,+1 602-731-3234,,"1702 E Jackson St, Phoenix, AZ 85034, United States",,,,,,,,,0,,,,,,,,,2,5,0
C,25.75,0.75,phoenix,"BUZZELLI AIR, LLC",+1 480-659-8033,,"727 S Hartford St, Chandler, AZ 85225, United States",,,,,,,,,0,,,,,,,,,2,5,0
C,25.75,0.75,phoenix,Bijan Air Conditioning & Heating,+1 480-821-9770,https://bijanairconditioningllc.com,,,,,,,,,,0,,,,,,,,,2,5,0
C,25.75,0.75,phoenix,Max Performance Heating & AC Repair,+1 602-960-4019,https://www.maxperformanceheatingacrepair.shop,"16643 W Magnolia St #2, Goodyear, AZ 85338, United States",,,,,,,,,0,,,,,,,,,2,5,0
C,25.75,0.75,phoenix,Central ACs & Heating Repair LLC,+1 623-887-4060,,"2015 S 216th Ln, Buckeye, AZ 85326, United States",,,,,,,,,0,,,,,,,,,2,5,0
C,25.75,0.75,phoenix,South Mountain AC,+1 480-202-4419,http://smachaz.com,"3145 E Chandler Blvd, Phoenix, AZ 85048, United States",,,,,,,,,0,,,,,,,,,2,5,0
C,25.75,0.75,phoenix,B.C.-A.C. & Heating,+1 602-527-4308,https://www.bcacandheating.com,"4435 E Chandler Blvd Suite 200, Phoenix, AZ 85048, United States",,,,,,,,,0,,,,,,,,,2,5,0
C,25.75,0.75,phoenix,Extreme Services Hvac Corp,+1 480-400-7346,https://suwertyi197211.wixsite.com/extreme-services-hva,"501 E Chicago Cir, Chandler, AZ 85225, United States",,,,,,,,,0,,,,,,,,,2,5,0
C,25.75,0.75,phoenix,H&H Handyman Service,+1 480-603-6610,,,,,,,,,,,0,,,,,,,,,2,5,0
C,25.75,0.75,phoenix,Polar Air Now,+1 480-399-0074,https://polarairnow.com,,,,,,,,,,0,,,,,,,,,2,5,0
C,25.75,0.75,phoenix,Reliable Tempe Heating & Air Conditioning,+1 602-899-3985,,"6465 S Rural Rd, Tempe, AZ 85283, United States",,,,,,,,,0,,,,,,,,,2,5,0
C,25.75,0.75,phoenix,Chucks Auto Repair & Customs - Auto Diagnostics & Engine Repair,+1 480-201-8967,,"4941 S Pinal Dr, Apache Junction, AZ 85120, United States",,,,,,,,,0,,,,,,,,,2,5,0
C,25.75,0.75,phoenix,High Flow Heating & Air Conditioning,+1 602-960-1440,https://www.highflowheatingacrepair.com/phoenix-az,"3801 S 7th St, Phoenix, AZ 85040, United States",,,,,,,,,0,,,,,,,,,2,5,1
C,25.75,0.75,phoenix,Cool Again Pros,+1 480-747-0493,http://www.coolagainpros.com,"656 E Millett Ave, Mesa, AZ 85204, United States",,,,,,,,,0,,,,,,,,,2,5,1
C,25.75,0.75,phoenix,Palm Valley Mechanical LLC,+1 480-466-1118,https://palmvalleymechanical.com,,,,,,,,,,0,,,,,,,,,2,5,0
C,25.75,0.75,phoenix,APEX Air Conditioning and Heating,+1 480-390-8024,https://apexacheating.com,"5319 E Ellis St, Mesa, AZ 85205, United States",,,,,,,,,0,,,,,,,,,2,5,0
C,25.75,0.75,phoenix,Rogers Heating And Cooling,+1 480-771-6073,https://rogersheatingandcooling.com,,,,,,,,,,0,,,,,,,,,2,5,0
C,25.75,0.75,phoenix,Atticus Mechanical,+1 602-281-6549,http://www.atticusmech.com,,,,,,,,,,0,,,,,,,,,2,5,0
C,25.75,0.75,phoenix,L&D Refrigeration Inc,+1 480-769-1262,http://ldrefrigeration.com,"761 N Monterey St #105, Gilbert, AZ 85233, United States",,,,,,,,,0,,,,,,,,,2,5,0
C,25.75,0.75,phoenix,Premium Avondale Heating & Air Conditioning,+1 480-999-2564,,"12217 W Flanagan St, Avondale, AZ 85323, United States",,,,,,,,,0,,,,,,,,,2,5,0
C,25.75,0.75,phoenix,Efficient Cooling and Heating,+1 602-332-1128,http://www.efficientcoolheataz.com/contact.asp,"19218 W Culver St, Buckeye, AZ 85326, United States",,,,,,,,,0,,,,,,,,,2,5,0
C,25.75,0.75,phoenix,Munoz Services LLC,+1 623-324-6165,http://www.munozservicesaz.com,,,,,,,,,,0,,,,,,,,,2,5,0
C,25.75,0.75,phoenix,PH HVAC Fence's & Deck,+1 623-286-2373,,"26065 S Sossaman Rd, Queen Creek, AZ 85142, United States",,,,,,,,,0,,,,,,,,,2,5,0
C,25.75,0.75,phoenix,Express Heating & Cooling LLC,+1 480-283-5758,https://expressheatingcoolingaz.com,,,,,,,,,,0,,,,,,,,,2,5,0
C,25.75,0.75,phoenix,Valley Cool Pros,+1 623-401-6457,https://valleycoolpros.com,"37200 N Gantzel Rd, Queen Creek, AZ 85140, United States",,,,,,,,,0,,,,,,,,,2,5,0
C,25.75,0.75,phoenix,Desert Frost Air conditioning,+1 480-694-1893,,"1935 E Lockwood St, Mesa, AZ 85203, United States",,,,,,,,,0,,,,,,,,,2,5,0
C,25.75,0.75,phoenix,Climate Group Mechanical Heating and Cooling,+1 602-813-1203,,,,,,,,,,,0,,,,,,,,,2,5,0
C,25.75,0.75,phoenix,emp Comp Air Conditioning Heating And Refrigeration LLC,+1 623-755-7471,,"6806 W Virginia Ave, Phoenix, AZ 85035, United States",,,,,,,,,0,,,,,,,,,2,5,0
C,25.75,0.75,phoenix,Climate Control Solutions LLC,+1 602-319-4984,,,,,,,,,,,0,,,,,,,,,2,5,0
C,25.75,0.75,phoenix,Quality over quantity AC service,+1 623-258-5644,,"6227 N Litchfield Rd SPACE#36, Litchfield Park, AZ 85340, United States",,,,,,,,,0,,,,,,,,,2,5,0
C,25.75,0.75,phoenix,Spartan Mechanical and Service LLC,+1 602-518-3134,https://spartanmechanicalaz.com,,,,,,,,,,0,,,,,,,,,2,5,0
C,25.75,0.75,phoenix,Washburn Ac & Heating LLC,+1 602-531-4744,http://washburnacandheatingllc.godaddysites.com,,,,,,,,,,0,,,,,,,,,2,5,0
C,25.75,0.75,phoenix,Graham Professional Air Duct Cleaning,+1 480-569-1655,,"6055 E Southern Ave #124, Mesa, AZ 85206, United States",,,,,,,,,0,,,,,,,,,2,5,0
C,25.75,0.75,phoenix,Ace Refrigeration & HVAC,+1 623-205-2528,,,,,,,,,,,0,,,,,,,,,2,5,0
C,25.75,0.75,phoenix,Ice AC & Air Cooling LLC,+1 602-731-3134,http://homehvacrepairexperts.com,"11459 N 28th Dr #2046, Phoenix, AZ 85029, United States",,,,,,,,,0,,,,,,,,,2,5,0
C,25.75,0.75,phoenix,Myles Home Services,+1 602-410-6988,,,,,,,,,,,0,,,,,,,,,2,5,0
C,25.75,0.75,phoenix,Oasis Cooling and Heating,+1 602-669-5169,,"9316 E Raintree Dr #170, Scottsdale, AZ 85260, United States",,,,,,,,,0,,,,,,,,,2,5,0
C,25.75,0.75,phoenix,Central Home Air Conditioning Systems LLC,+1 623-600-3037,http://realhvacrepairexperts.com,"16630 N Reems Rd #2034, Surprise, AZ 85374, United States",,,,,,,,,0,,,,,,,,,2,5,0
C,25.75,0.75,phoenix,Premier HVAC Solutions AZ,+1 480-256-8522,,,,,,,,,,,0,,,,,,,,,2,5,0
C,25.75,0.75,phoenix,First Central AC Repair & Instal Corp.,+1 480-674-9093,,"9126 W Oraibi Dr, Peoria, AZ 85382, United States",,,,,,,,,0,,,,,,,,,2,5,0
C,25.75,0.75,phoenix,Garage Comfort,+1 480-381-5447,https://www.garagecomfort.com,,,,,,,,,,0,,,,,,,,,2,5,0
C,25.75,0.75,phoenix,Hawking Air,+1 602-456-9925,,,,,,,,,,,0,,,,,,,,,2,5,0
C,25.75,0.75,phoenix,Master HVAC Phoenix,+1 480-485-8428,,,,,,,,,,,0,,,,,,,,,2,5,0
C,25.75,0.75,phoenix,Aim Pro Mechanical - Air Conditioning & Heating,+1 480-200-6269,http://www.aimpromechanical.com,,,,,,,,,,0,,,,,,,,,2,5,0
C,25.75,0.75,phoenix,Legion Performance & Repair,+1 602-726-2695,,"13334 W Paso Trail, Peoria, AZ 85383, United States",,,,,,,,,0,,,,,,,,,2,5,0
C,25.75,0.75,phoenix,Energy Mechanical,+1 602-918-4401,https://energymechanicalaz.com,"3054 W Patrick Ln, Phoenix, AZ 85027, United States",,,,,,,,,0,,,,,,,,,2,5,0
C,25.75,0.75,phoenix,Gaeta's AC LLC,+1 602-309-6169,,,,,,,,,,,0,,,,,,,,,2,5,0
C,25.75,0.75,phoenix,"Kashey Contracting, LLC",+1 602-618-1798,http://kasheycontracting.com,"11111 N Scottsdale Rd Ste 205, Scottsdale, AZ 85254, United States",,,,,,,,,0,,,,,,,,,2,5,0
C,25.75,0.75,phoenix,Reliable Phoenix HVAC Experts,+1 602-842-9331,,"1942 W Indian School Rd, Phoenix, AZ 85015, United States",,,,,,,,,0,,,,,,,,,2,5,0
C,25.75,0.75,phoenix,Chill Squad HVAC,+1 602-512-1138,https://chillsquadhvac.com,,,,,,,,,,0,,,,,,,,,2,5,0
C,25.0,0.0,phoenix,AC Repair Near Me of Fountain Hills,+1 480-808-5256,,"16930 E Palisades Blvd Ste 6, Fountain Hills, AZ 85268, United States",,,,,,,,,0,,,,,,,,,1,5,0
C,25.0,0.0,phoenix,AC Repair Near Me of Phoenix,+1 602-812-2085,,"2375 E Camelback Rd Ste 134, Phoenix, AZ 85016, United States",,,,,,,,,0,,,,,,,,,1,5,0
C,25.0,0.0,phoenix,Gran Mar Air Conditioning Repair,+1 480-988-9625,http://www.granmarco.com,"16617 Constellation Way, Gilbert, AZ 85295, United States",,,,,,,,,0,,,,,,,,,1,5,0
C,25.0,0.0,phoenix,Chill Now AC,+1 623-356-4723,https://chillnowac.com,"4236 N Verrado Way, Buckeye, AZ 85396, United States",,,,,,,,,0,,,,,,,,,1,5,0
C,25.0,0.0,phoenix,Exceptional Air Conditioning Services,+1 623-238-8503,,,,,,,,,,,0,,,,,,,,,1,5,0
C,25.0,0.0,phoenix,Chandler Admiral Repair,+1 480-428-8241,,,,,,,,,,,0,,,,,,,,,1,5,0
C,25.0,0.0,phoenix,Chandler Asko Repair,+1 480-428-8244,,,,,,,,,,,0,,,,,,,,,1,5,0
C,25.0,0.0,phoenix,RMIII AC & Heating LLC,+1 602-290-7911,https://rmiiiaz.com,,,,,,,,,,0,,,,,,,,,1,5,0
C,25.0,0.0,phoenix,FixLancers,+1 602-632-3358,https://www.fixlancers.com,"5814 W Sunrise Dr, Laveen Village, AZ 85339, United States",,,,,,,,,0,,,,,,,,,1,5,0
C,25.0,0.0,phoenix,"Joe's All Service Repair, LLC",+1 480-450-3356,,,,,,,,,,,0,,,,,,,,,1,5,0
C,25.0,0.0,phoenix,Soleil Air Heating & Air Conditioning,+1 602-280-9292,http://www.soleilair.com,,,,,,,,,,0,,,,,,,,,1,5,0
C,25.0,0.0,phoenix,Western Air Control,+1 602-404-1144,,"9221 E Baseline Rd Ste 109-433, Mesa, AZ 85209, United States",,,,,,,,,0,,,,,,,,,1,5,0
C,25.0,0.0,phoenix,"Buckeye AC, LLC",+1 623-313-1710,https://www.buckeyeac.com,,,,,,,,,,0,,,,,,,,,1,5,0
C,25.0,0.0,phoenix,Empire AC,+1 480-327-9887,http://empireac-llc.com,"652 N 80th Pl, Mesa, AZ 85207, United States",,,,,,,,,0,,,,,,,,,1,5,0
C,25.0,0.0,phoenix,Achoo LLC,+1 480-823-6421,https://achoohvac.com,,,,,,,,,,0,,,,,,,,,1,5,0
C,25.0,0.0,phoenix,Sundance Mechanical LLC,+1 602-517-8608,https://www.sundancemechanical.com,,,,,,,,,,0,,,,,,,,,1,5,0
C,25.0,0.0,phoenix,Pilotos Ac & Heating LLC,+1 602-515-3142,,,,,,,,,,,0,,,,,,,,,1,5,0
C,25.0,0.0,phoenix,Complete Phoenix HVAC Solutions,+1 602-698-3006,,"1627 N 59th Ave, Phoenix, AZ 85035, United States",,,,,,,,,0,,,,,,,,,1,5,0
C,25.0,0.0,phoenix,Purex HVAC Repair Phoenix,+1 480-956-6156,,"1114 Phoenix-Wickenburg Hwy, Phoenix, AZ 85007, United States",,,,,,,,,0,,,,,,,,,1,5,0
C,25.0,0.0,phoenix,Jaras AC LLC,+1 480-516-3440,http://www.jarasac.com,,,,,,,,,,0,,,,,,,,,1,5,0
C,25.0,0.0,phoenix,Heavenly Air Heating and Cooling,+1 602-687-5976,,,,,,,,,,,0,,,,,,,,,1,5,0
C,25.0,0.0,phoenix,The Tempe HVAC Professional,+1 602-806-8063,,,,,,,,,,,0,,,,,,,,,1,5,0
C,25.0,0.0,phoenix,Arcadia Air,+1 602-767-9787,https://arcadiaair.net,,,,,,,,,,0,,,,,,,,,1,5,0
C,25.0,0.0,phoenix,Patriot AC & Plumbing,+1 480-388-3100,http://www.patriotaz.com,"730 E Brown Rd, Mesa, AZ 85203, United States",,,,,,,,,0,,,,,,,,,1,5,0
C,25.0,0.0,phoenix,Dialed In Services LLC,+1 480-567-1900,https://www.dialedinservices.com,,,,,,,,,,0,,,,,,,,,1,5,0
C,25.0,0.0,phoenix,Salt River Mechanical,+1 602-574-7966,http://www.saltrivermechanical.com,"1044 E Gary Way, Phoenix, AZ 85042, United States",,,,,,,,,0,,,,,,,,,1,5,0
C,25.0,0.0,phoenix,Apex Desert Climate Care,+1 480-382-9587,https://www.apexdesertclimate.com,,,,,,,,,,0,,,,,,,,,1,5,0
C,25.0,0.0,phoenix,Pyne Valley Air,+1 480-679-0598,http://www.pynevalleyair.com,,,,,,,,,,0,,,,,,,,,1,5,0
C,25.0,0.0,phoenix,Dolphin Air Conditioning & Refrigeration LLC,+1 623-523-2665,https://dolphinairaz.com,,,,,,,,,,0,,,,,,,,,1,5,0
C,25.0,0.0,phoenix,Center For Air Conditioning,+1 602-518-0546,,"3334 W Wilshire Dr suite 30, Phoenix, AZ 85009, United States",,,,,,,,,0,,,,,,,,,1,5,0
C,25.0,0.0,phoenix,Verde Heating and Air,+1 480-294-4750,,,,,,,,,,,0,,,,,,,,,1,5,0
C,25.0,0.0,phoenix,Premier 48 HVAC,+1 602-793-7784,https://www.premier48.com,"2855 E Brown Rd Ste 13 - 16, Mesa, AZ 85213, United States",,,,,,,,,0,,,,,,,,,1,5,0
C,25.0,0.0,phoenix,Maricopa Valley Cooling and Heating,+1 602-679-6507,https://maricopavalleyhvac.com,"3503 E Fountain St, Mesa, AZ 85213, United States",,,,,,,,,0,,,,,,,,,1,5,0
C,25.0,0.0,phoenix,CPM Air LLC,+1 480-656-3396,,,,,,,,,,,0,,,,,,,,,1,5,0
C,25.0,0.0,phoenix,ORONA AIR CONDITIONING AND HEATING LLC.,+1 623-204-4701,,,,,,,,,,,0,,,,,,,,,1,5,0
C,25.0,0.0,phoenix,Apex Total Home Solutions,+1 480-389-6981,http://apextotalhomesolutions.com,,,,,,,,,,0,,,,,,,,,1,5,0
C,25.0,0.0,phoenix,RTS ARIZONA,+1 480-200-7539,https://www.rtsarizona.com,,,,,,,,,,0,,,,,,,,,1,5,0
C,25.0,0.0,phoenix,ColdPros Air Conditioning & Refrigeration,+1 602-815-4049,https://coldprosair.com,,,,,,,,,,0,,,,,,,,,1,5,0
C,25.0,0.0,phoenix,Ac Wizard,+1 623-455-0182,https://www.acwizard.com,,,,,,,,,,0,,,,,,,,,1,5,0
C,25.0,0.0,phoenix,Superior HVAC Phoenix Specialists,+1 480-999-2699,,"7805 N 19th Ave, Phoenix, AZ 85021, United States",,,,,,,,,0,,,,,,,,,1,5,0
C,25.0,0.0,phoenix,None,+1 602-466-5190,,,,,,,,,,,0,,,,,,,,,1,5,0
C,25.0,0.0,phoenix,Desert HVAC Repair,+1 602-461-7077,,"3104 E Camelback Rd #2002a, Phoenix, AZ 85016, United States",,,,,,,,,0,,,,,,,,,1,5,0
C,25.0,0.0,phoenix,Johnny Cools,+1 480-924-6517,,"4445 E Holmes Ave Suite 105, Mesa, AZ 85206, United States",,,,,,,,,0,,,,,,,,,1,5,0
C,25.0,0.0,phoenix,"RNT Mechanical, LLC",+1 480-670-9840,https://www.rntmechanical.com,,,,,,,,,,0,,,,,,,,,1,5,0
C,25.0,0.0,phoenix,Gardner AC&R LLC,+1 602-888-1095,https://gardneracr.com,"10409 N 21st Ave #3, Phoenix, AZ 85021, United States",,,,,,,,,0,,,,,,,,,1,5,1
C,25.0,0.0,phoenix,TCK Air Conditioning and Heating,+1 623-582-6688,http://www.tckac.com,"11049 N 22nd Ave, Phoenix, AZ 85027, United States",,,,,,,,,0,,,,,,,,,1,5,0
C,25.0,0.0,phoenix,Lazco Corp,+1 480-265-9980,http://lazcocorp.com,"8902 E Vía Linda #110-18, Scottsdale, AZ 85254, United States",,,,,,,,,0,,,,,,,,,1,5,0
C,25.0,0.0,phoenix,HVAC Contractors Near Me,+1 480-576-9419,,,,,,,,,,,0,,,,,,,,,1,5,0
C,25.0,0.0,phoenix,Energy Performance Service,+1 480-695-7469,https://www.energy-ac.net,,,,,,,,,,0,,,,,,,,,1,5,0
C,25.0,0.0,phoenix,"ACG Contractor, Inc.",+1 480-647-9722,,,,,,,,,,,0,,,,,,,,,1,5,0
C,25.0,0.0,phoenix,American Pride Mechanical,+1 623-433-8250,https://americanpridemechanical.com,"Surprise, AZ 85374, United States",,,,,,,,,0,,,,,,,,,1,5,0
C,25.0,0.0,phoenix,Rapid Air Conditioning Phoenix Services,+1 602-842-9331,,"15632 N Black Cyn Hwy, Phoenix, AZ 85053, United States",,,,,,,,,0,,,,,,,,,1,5,0
C,25.0,0.0,phoenix,"Country Cooling & Heating, LLC",+1 602-228-7314,https://www.countryac.com,"6718 W Greenway Rd #109, Peoria, AZ 85381, United States",,,,,,,,,0,,,,,,,,,1,5,0
C,25.0,0.0,phoenix,Done Right Heating and Cooling LLC,+1 602-428-0615,https://www.donerightheatingandcooling.com,"15421 N Cave Creek Rd, Phoenix, AZ 85032, United States",,,,,,,,,0,,,,,,,,,1,5,0
C,25.0,0.0,phoenix,Alammo Heating & Cooling,+1 623-640-4100,https://alammo.tech,,,,,,,,,,0,,,,,,,,,1,5,0
C,25.0,0.0,phoenix,AirPro Trane Dealer,+1 480-745-7525,https://www.arizonaacsales.com,"6424 E Greenway Pkwy, Scottsdale, AZ 85254, United States",,,,,,,,,0,,,,,,,,,1,5,0
C,25.0,0.0,phoenix,Arizona Clean Air,+1 480-991-5911,http://www.arizonacleanair.com,"8261 E Gelding Dr suite a, Scottsdale, AZ 85260, United States",,,,,,,,,0,,,,,,,,,1,5,0
C,25.0,0.0,phoenix,Express Hvac Repair Service,+1 623-253-4860,,,,,,,,,,,0,,,,,,,,,1,5,0
C,25.0,0.0,phoenix,HVAC SEO MASTER,+1 602-693-0438,https://hvacseomaster.com,"7340 Legacy Blvd, Scottsdale, AZ 85255, United States",,,,,,,,,0,,,,,,,,,1,5,0
C,25.0,0.0,phoenix,"Brand Air,LLC.",+1 623-825-9903,https://brandair.net,"24654 N Lake Pleasant Pkwy #103, Peoria, AZ 85383, United States",,,,,,,,,0,,,,,,,,,1,5,0
C,25.0,0.0,phoenix,Air Care AC,+1 480-863-2911,http://scottsdaleacrepair.com,,,,,,,,,,0,,,,,,,,,1,5,0
C,25.0,0.0,phoenix,Keith Deane Inc,+1 602-390-2983,,"2316 N 16th St, Phoenix, AZ 85006, United States",,,,,,,,,0,,,,,,,,,1,5,0
C,25.0,0.0,phoenix,AZ Ductless Pro | HVAC Installation & Repair,+1 602-390-7571,,,,,,,,,,,0,,,,,,,,,1,5,0
C,25.0,0.0,phoenix,Trejo's Air,+1 480-749-5098,,,,,,,,,,,0,,,,,,,,,1,5,1
C,25.0,0.0,phoenix,Xavier HVAC Services,+1 480-908-3196,,"7170 W Camino San Xavier Bldg D Suite 125, Glendale, AZ 85308, United States",,,,,,,,,0,,,,,,,,,1,5,0
C,25.0,0.0,phoenix,Morehart Air Conditioning & Heating,+1 623-220-0347,,"2663 W Lone Cactus Dr, Phoenix, AZ 85027, United States",,,,,,,,,0,,,,,,,,,1,5,0
D,20.86,20.86,phoenix,Expert Cooling,+1 800-801-8159,https://www.laddercrane.com,"3674 E Flamingo Way, Gilbert, AZ 85297, United States",,,,,,,,frontline_communication,1,"I own a HVAC company and needed something like this so Sent them a message because of the website said they would not take a credit card because of crappy customers. Asked if there was another form of payment because I was not going to pay with a check in the mail. They responded saying “then you wont get a ladder crane”. I responded “great salesmanship”. Laddercrane responded “It sells itself you're a crappy customer with a bad attitude! This isn't Walmart where you get it the way you want it”. I responded “ I’m not a crappy customer. I was simply asking if there was another form of payment, but thank you for revealing yourself to me.“. Now I'm building one myself. Dont buy from these crazies.","I wouldn't give them 1 star.  Tried to email and call for details...received and mail stating 'Unfortunate for you...'  Very suspicious.
Update, received another email with an insult from this vendor.  Very unprofessional and rude.",,,1,1,AssistantDial AI Receptionist — consistent frontline,frontline_communication,3,1,3
D,17.78,17.78,phoenix,TropiCool AC & Heating,,http://www.tropicoolhvac.com,,,,,,,,,frontline_communication,2,"Edit: as stated, I didn't use this company. I was bombarded by the marketing company they hired to send endless text messages. I reached out to Brady and instead of listening to me about the incessant texting, he just told be it wasn't fair to criticize him for trying to grow his customer base. He cares more about his bottom line than being a productive member of the Phoenix community.

I've left plenty of five star reviews for companies that care about their customers and not about getting a quick payout.

They used an auto-marketing service that data harvested to get my number for a property I rented but linked my number to the home owner. Endless pestering text messages.

I'd recommend they do good work and build a local word of mouth client base instead of buying people's personal data from shady online companies.","Disappointing experience. Our old air conditioner was not broke we were being proactive. Brady came to our home and went over several air conditioners with us; we also had quotes from other companies. I was not necessarily sold on the unit he was suggesting, originally my husband and I were going to go with another company and a different kind of unit. My husband talked with Brady again and really felt he was honest, and he trusted what he was saying. Things have not turned out well, when the temps go over 108, our home does not cool above 80-82. Brady has sent his team out several times, needing at first to turn our unit away from the wall, it was not ventilating, you would think they would have known this from the beginning. The unit works fine until it gets hot. Know we are told it has to do with possible leaking of the ducts or insulation. Fine that may contribute somewhat but does not answer the question my old air conditioner cooled my house, this was supposed to be more efficient better, all I know is I am warm, and will need to spend thousands to remedy Tropicools mistake. We have been working on this all summer with you, stating you need data to send Amana, my home is still arm. You took our money and now you are quick to state that you told us our ducts may need to be sealed. I am quick to say you also stated that this unit would definitely cool better without doing that. I would not recommend your company this has not been a good experience instead of not having to worry about being warm during the summer months, I am miserable sleeping in the heat. We trusted you, our mistake.",,,1,1,AssistantDial AI Receptionist — consistent frontline,followup_dropped;frontline_communication,13,3.4,8
D,17.29,17.29,phoenix,"Desert Sun Heating, Cooling & Refrigeration Inc.",+1 520-466-1489,http://www.desertsunhvac.com,"1102 Jimmie Kerr Blvd, Casa Grande, AZ 85122, United States",,,,,,,,booking_friction,2,"Terrible management. Isaac was completely unresponsive from the start. Isaac was disinterested when he came to our house and acted as if we were putting him out by getting a quote. I had to follow up with him several times just to get scheduled. They started on a Thursday and couldn't complete until the following Monday which we were made aware of. They did not properly hook our existing system back up on Thursday and did not have any AC Thursday night. We had to call Friday to have a tech come back out just to have AC for the weekend.

During the install on Monday, a tech fell through the ceiling. Understood that accidents happen, but Isaac didn't care at all when I reported it to him. I called the office and spoke with Jonathan. He didn't care and said Isaac is a manager and will take care of it. I then talked to Joe (claimed to be the owner). Extremely rude and also didn't care about the situation. They left the hole open for 4 hours which allowed blowing dust, debris, insulation and 100 degree heat to constantly blow in. We had to throw away multiple items due to damage and had to clean the entire house that night.

Also had very shoddy installation. Most of the registers are cut in crooked and other than 2 techs, their labor force was unskilled and provided terrible workmanship.",,,,1,,AssistantDial Appointment Booking + Calendar Sync,booking_friction;frontline_communication,448,4.7,3
D,16.55,16.55,phoenix,Beach Air,+1 843-385-2220,https://beachairhvac.com,"320 Reindeer Moss Ct, Myrtle Beach, SC 29588, United States",,,,,,,,booking_friction,2,"I used to recommend Beach Air when they were locally owned. They were always fair, reasonably priced, and easy to work with. Unfortunately, my most recent experience after they were bought out (along with Waccamaw Heating & Air) was completely different.
I called because my unit was going into low pressure lockout. The technician looked at it for maybe 10 minutes and told me it had a leak. He said a pressure test would cost $700, evacuation and recharge of 7 lbs of refrigerant would be $1,400, and depending on what was leaking the repair could range anywhere from $100 to $4,000 — if it was even repairable. He also strongly suggested that since the unit is 10 years old, I should just replace the entire system.
When I declined replacement, he told me I’d have to schedule the pressure test and they were booked weeks out. With the cold weather we were having, I couldn’t wait.
I decided to investigate myself. I filled my nitrogen tank for $42 and as soon as I removed the service port caps, I could hear refrigerant leaking from the valve cores — something the technician should have easily noticed. I replaced both valve cores for $0.28 total. I pressure tested at 300 PSI overnight and the system held perfectly, confirming that was the only leak. I then vacuumed and recharged the system, and it has been working great ever since.
For comparison, I purchased 25 lbs of refrigerant for $200. Being quoted $1,400 for 7 lbs is excessive. Even more frustrating, when this company was locally owned, I paid around $300 for an evacuation and recharge.
On top of that, the technician argued with me that they “don’t work with home warranty companies and never have,” which is simply not true — they handled my warranty claims in the past and received payment directly from the warranty company.
Either this technician didn’t know what he was doing, or he was trying to upsell a major repair or full system replacement that wasn’t necessary. What turned out to be a simple valve core replacement could have cost me thousands — potentially $10,000+ for a new unit — had I followed their recommendation.
I won’t be calling them again and will be looking for another locally owned HVAC company. Very disappointed in how far they’ve fallen.",,,,1,,AssistantDial Appointment Booking + Calendar Sync,booking_friction;service_quality_in_session,1932,4.9,3
D,16.33,16.33,phoenix,Pear air,+1 407-283-5019,,,,,,,,,,,0,,,,,,,,,0,0.0,0
D,16.33,16.33,phoenix,PeakFlow Ventilation,+1 582-256-1738,,"20 E Thunderbird Trail, Phoenix, AZ 85042, United States",,,,,,,,,0,,,,,,,,,0,0.0,0
D,16.33,16.33,phoenix,Thomas Family AC & Heating,+1 714-365-9038,,,,,,,,,,,0,,,,,,,,,0,0.0,0
D,16.33,16.33,phoenix,Ventology Home Fix,+1 505-215-8156,,"2641 S 63rd Ln, Phoenix, AZ 85043, United States",,,,,,,,,0,,,,,,,,,0,0.0,0
D,16.33,16.33,phoenix,AirFlow Masters,+1 715-715-8152,,"307 N 2nd Ave, Avondale, AZ 85323, United States",,,,,,,,,0,,,,,,,,,0,0.0,0
D,16.33,16.33,phoenix,ChillBot HVAC Repair,,http://bestphoenixacrepair.com,"913 S 2nd St, Phoenix, AZ 85004, United States",,,,,,,,,0,,,,,,,,,0,0.0,0
D,16.33,16.33,phoenix,Heydorn AC & Heating Inc,,,,,,,,,,,,0,,,,,,,,,0,0.0,0
D,16.33,16.33,phoenix,Xtreme HVAC,+1 877-883-2547,,"5450 E McLellan Rd UNIT 150, Mesa, AZ 85205, United States",,,,,,,,,0,,,,,,,,,0,0.0,0
D,16.33,16.33,phoenix,Xpeditious Performance,,,"Estrella Pkwy, Goodyear, AZ 85338, United States",,,,,,,,,0,,,,,,,,,0,0.0,0
D,16.33,16.33,phoenix,GentleCool Experts,+1 762-392-8138,,"1419 W Windsong Dr, Phoenix, AZ 85045, United States",,,,,,,,,0,,,,,,,,,0,0.0,0
D,16.33,16.33,phoenix,Tempe Duct Cleaning Vent By Supreme Air,+1 413-629-8183,,"7955 S Priest Dr #102, Tempe, AZ 85284, United States",,,,,,,,,0,,,,,,,,,0,0.0,0
D,16.33,16.33,phoenix,Installation Services,,https://www.lowes.com/l/lowes-home-services.html?cm_mmc=lod-_-c-_-lcl-_-ext-_-yxt-_-go-_-2295-_-na-_-0-_-0,"700 S Watson Rd, Buckeye, AZ 85326, United States",,,,,,,,,0,,,,,,,,,0,0.0,0
D,16.33,16.33,phoenix,Miguels Heating and Cooling LLC,+1 657-479-1670,,,,,,,,,,,0,,,,,,,,,0,0.0,0
D,16.33,16.33,phoenix,Air duct Cleaner Plus,,,"1655 W Jackson St, Phoenix, AZ 85007, United States",,,,,,,,,0,,,,,,,,,0,0.0,0
D,16.33,16.33,phoenix,Basset Home Services,+1 239-418-4061,,"19632 E Calle de Flores, Queen Creek, AZ 85142, United States",,,,,,,,,0,,,,,,,,,0,0.0,0
D,16.33,16.33,phoenix,SkyFlow HVAC,+1 269-437-1828,,"136 Parkview Ln, Litchfield Park, AZ 85340, United States",,,,,,,,,0,,,,,,,,,0,0.0,0
D,16.33,16.33,phoenix,D-Mar HVAC & Mechanical,+1 800-403-6554,,"11134 W Sheridan St, Avondale, AZ 85392, United States",,,,,,,,,0,,,,,,,,,0,0.0,0
D,16.33,16.33,phoenix,Johns Port,+1 908-448-3489,,"12910 W Indian School Rd, Litchfield Park, AZ 85340, United States",,,,,,,,,0,,,,,,,,,0,0.0,0
D,16.33,16.33,phoenix,ArcticPro HVAC Expert,+1 215-519-1125,,"4935 W Highland Ave, Phoenix, AZ 85031, United States",,,,,,,,,0,,,,,,,,,0,0.0,0
D,16.33,16.33,phoenix,Mirage Air Condition & Heating,,,"Phoenix, AZ 85017, United States",,,,,,,,,0,,,,,,,,,0,0.0,0
D,16.33,16.33,phoenix,EverClean Air Duct,,,"4001 W Indian School Rd, Phoenix, AZ 85019, United States",,,,,,,,,0,,,,,,,,,0,0.0,0
D,16.33,16.33,phoenix,M And Z,,,"624 W Broadway Rd, Phoenix, AZ 85041, United States",,,,,,,,,0,,,,,,,,,0,0.0,0
D,16.33,16.33,phoenix,EMCOR Services Arizona,+1 866-889-4262,https://emcorarizona.com,"3000 E Chambers St, Phoenix, AZ 85040, United States",,,,,,,,,0,,,,,,,,,0,0.0,0
D,16.33,16.33,phoenix,Taylor Wilson Heating and Cooling,+1 520-843-2369,https://taylorwilsonheatncool.online,"6450 W Glendale Ave, Glendale, AZ 85301, United States",,,,,,,,,0,,,,,,,,,0,0.0,0
D,16.33,16.33,phoenix,ThunderVent HVAC,+1 938-255-7764,,"7568 W Marlette Ave, Glendale, AZ 85303, United States",,,,,,,,,0,,,,,,,,,0,0.0,0
D,16.33,16.33,phoenix,Bray Construction Glendale,,,"7450 W Glendale Ave, Glendale, AZ 85303, United States",,,,,,,,,0,,,,,,,,,0,0.0,0
D,16.33,16.33,phoenix,Bennett Commercial and Residential,+1 447-286-5338,,,,,,,,,,,0,,,,,,,,,0,0.0,0
D,16.33,16.33,phoenix,Avanco Remediations,,,"6129 N 31st Ave, Phoenix, AZ 85017, United States",,,,,,,,,0,,,,,,,,,0,0.0,0
D,16.33,16.33,phoenix,Brozwood HVAC,+1 520-600-8939,https://brozwood.com/area-served/phoenix,"7301 N 16th St, Phoenix, AZ 85020, United States",,,,,,,,,0,,,,,,,,,0,0.0,0
D,16.33,16.33,phoenix,Nextech,+1 800-382-3150,https://www.nextechna.com/phoenix-commercial-hvac-refrigeration,"5215 S 39th St, Phoenix, AZ 85040, United States",,,,,,,,,0,,,,,,,,,0,0.0,0
D,16.33,16.33,phoenix,AC Repair Squad,,,,,,,,,,,,0,,,,,,,,,0,0.0,0
D,16.33,16.33,phoenix,UltraCool Tech,+1 610-934-3858,,"11507 W Langford Ct, Youngtown, AZ 85363, United States",,,,,,,,,0,,,,,,,,,0,0.0,0
D,16.33,16.33,phoenix,Helvise Air Heating & Cleaning Conditioning,+1 833-659-3233,,"6817 W Peoria Ave, Peoria, AZ 85345, United States",,,,,,,,,0,,,,,,,,,0,0.0,0
D,16.33,16.33,phoenix,Wheeler Hvac llc,,,"17214 W Post Dr, Surprise, AZ 85374, United States",,,,,,,,,0,,,,,,,,,0,0.0,0
D,16.33,16.33,phoenix,Phillips HVAC and refrigeration,+1 719-465-8316,,,,,,,,,,,0,,,,,,,,,0,0.0,0
D,16.33,16.33,phoenix,Altered Air,+1 760-594-1125,,,,,,,,,,,0,,,,,,,,,0,0.0,0
D,16.33,16.33,phoenix,On time HVAC/Duct Services,+1 928-764-7832,https://ontimeacservices.com/peoria-az,"9139 W Thunderbird Rd #124, Peoria, AZ 85381, United States",,,,,,,,,0,,,,,,,,,0,0.0,0
D,16.33,16.33,phoenix,Prime Temp HVAC,+1 609-794-7358,,"14022 N 33rd Dr, Phoenix, AZ 85053, United States",,,,,,,,,0,,,,,,,,,0,0.0,0
D,16.33,16.33,phoenix,Certified Solutions,+1 520-622-8914,https://certifiedplumbingsolutions.site,"10720 W Union Hills Dr, Sun City, AZ 85373, United States",,,,,,,,,0,,,,,,,,,0,0.0,0
D,16.33,16.33,phoenix,Air Punk,+1 508-849-1996,,"16624 N 32nd St, Phoenix, AZ 85032, United States",,,,,,,,,0,,,,,,,,,0,0.0,0
D,16.33,16.33,phoenix,"U.S. Air Duct Cleaning, LLC",+1 520-614-1729,,"J3GP+3H U.S. Air Duct Cleaning, LLC, Scottsdale, AZ 85260, United States",,,,,,,,,0,,,,,,,,,0,0.0,0
D,16.33,16.33,phoenix,Anchor Mechanical,,https://anchormechanical.com,"7662 E Gray Rd #101, Scottsdale, AZ 85260, United States",,,,,,,,,0,,,,,,,,,0,0.0,0
D,16.33,16.33,phoenix,Hazel Heating & Air LLC,+1 704-771-3080,,,,,,,,,,,0,,,,,,,,,0,0.0,0
D,16.33,16.33,phoenix,DoorverseUltraGaragDoor's Repairs,+1 779-412-2694,,"27020 N Sandstone Springs Rd, Scottsdale, AZ 85263, United States",,,,,,,,,0,,,,,,,,,0,0.0,0
D,16.33,16.33,phoenix,Cerris Systems West,,,"8945 E Peterson Ave, Mesa, AZ 85212, United States",,,,,,,,,0,,,,,,,,,0,0.0,0
D,16.33,16.33,phoenix,AC technician jinnah garden,,,"H5HF+96H AC technician jinnah garden, Liaquat Ave, Phase 1 Jinnah Garden, Islamabad, Pakistan",,,,,,,,,0,,,,,,,,,0,0.0,0
D,16.33,16.33,phoenix,AI Breeze Cooling,+1 409-356-6651,,"4534 N 14th Pl, Phoenix, AZ 85014, United States",,,,,,,,,0,,,,,,,,,0,0.0,0
D,16.33,16.33,phoenix,ELA Home Repairs,+1 800-368-7767,http://www.elahomerepairs.org,"2702 N 3rd St #2020, Phoenix, AZ 85004, United States",,,,,,,,,0,,,,,,,,,0,0.0,0
D,16.33,16.33,phoenix,Lottie Kim Heating and Cooling System,+1 928-324-6021,,"4591 E Calle Redonda, Phoenix, AZ 85018, United States",,,,,,,,,0,,,,,,,,,0,0.0,0
D,16.33,16.33,phoenix,UPKEEP TOTAL MAINTENANCE,+1 844-875-3372,https://www.upkeep.vip,"8889 E Bell Rd, Scottsdale, AZ 85260, United States",,,,,,,,,0,,,,,,,,,0,0.0,0
D,16.33,16.33,phoenix,Looney Air,,,,,,,,,,,,0,,,,,,,,,0,0.0,0
D,16.33,16.33,phoenix,HVAC SERVICES LLC,,,"19002 N 34th Dr, Phoenix, AZ 85027, United States",,,,,,,,,0,,,,,,,,,0,0.0,0
D,16.33,16.33,phoenix,River Flow Plumbing,,,,,,,,,,,,0,,,,,,,,,0,0.0,0
D,15.38,15.38,phoenix,American Heating and Air Conditioning,,,"3726 E Thomas Rd, Phoenix, AZ 85018, United States",,,,,,,,,0,,,,,,,,,9,1,8
D,13.01,13.01,phoenix,Mobil Delvac Truck Lube Center,,,"6741 W Latham St, Phoenix, AZ 85043, United States",,,,,,,,,0,,,,,,,,,16,1.9,12
D,13.0,13.0,phoenix,Appliance Services,+1 520-602-8043,,"4802 E Ray Rd, Phoenix, AZ 85044, United States",,,,,,,,,0,,,,,,,,,1,1,1
D,12.88,12.88,phoenix,Aircold Supply,,,"6652 W Buckeye Rd, Phoenix, AZ 85043, United States",,,,,,,,frontline_communication,2,Customer service in this place is way below par I dealt with the gentleman by the name of Tim W and he was so rude I walked right out of the place I will never be returning again as long as I can avoid it,Got here right when they opened only one person ahead of me and it took 40 minutes so far for them to pull one split system from the warehouse. Crazy they are this slow when they aren't  even busy!! Everyone is too busy flirting with the girl at the front desk and don't do any actual work,,,,1,AssistantDial AI Receptionist — consistent frontline,frontline_communication;service_quality_in_session,66,4.4,26
D,12.84,12.84,phoenix,Complete Home Service,+1 928-486-6953,http://www.completehomeservice.info,,,,,,,,,frontline_communication,1,Robo callers who call early very poorpoor service and rude,They ignore you and wont answer questions properly,,,1,3,AssistantDial AI Receptionist — consistent frontline,frontline_communication,4,3.5,2
D,12.67,12.67,phoenix,OneGuard Home Warranties,+1 888-896-0014,http://www.oneguardhomewarranty.com,,,,,,,,,,0,,,,,,,,,2923,3.7,10
D,12.12,12.12,phoenix,Titan Heat & Air Conditioning,+1 470-995-9783,,"2325 E Camelback Rd, Phoenix, AZ 85016, United States",,,,,,,,booking_friction,2,"Called and scheduled an appointment on Friday with a service window of 1 PM to 4 PM. At 4:30 PM I called and stated that no one had shown up. I was informed that the service tech was running late and would be at my house at 6 PM. No one showed up and no one called.

On Saturday, I called and stated that no one had ever shown up. I was placed on hold for over 10 minutes. I called back and said that I wanted a refund of the $99 I had paid in advance.

Called on Monday And again asked for a refund. I was informed that my request would be sent to the bill. When I asked to speak to a manager, I was told that. The manager would have to call me as there was no way to transfer my call",,,,1,,AssistantDial Appointment Booking + Calendar Sync,billing_or_intake_errors;booking_friction,7,4.4,1
D,11.73,11.73,phoenix,California Heating & Cooling,+1 925-492-7275,https://californiahc.com,"1814 Verne Roberts Cir, Antioch, CA 94509, United States",,,,,,,,frontline_communication,1,"Easy to schedule. Technician arrived early in the window. Assessed and installed a new thermostat.  Everything was good until the thermostat reading was off - immediately read the temp as 66 degrees, then 67, then 68 within less than 30 seconds, and the heater hadn’t yet come on.  All other thermometers in the house read 64-65 degrees.

The technician dismissed my concern  the thermostat was not working  correctly.  He could not logically explain the discrepancy (or jump in temperature) and tried to tell me the external thermometers were all inaccurate.  He didn’t have his own thermometer to read the temp.

He was argumentative and insulting, tried to suggest I didn’t understand because of my profession.   He then told me he was very busy, as if I were keeping him from his job.",,,,1,,AssistantDial AI Receptionist — consistent frontline,frontline_communication,572,4.7,53
D,11.67,11.67,phoenix,Shaffer & Son Contracting Inc,,,"1462 W Montoya Ln, Phoenix, AZ 85027, United States",,,,,,,,,0,,,,,,,,,40,2.6,15
D,11.34,11.34,phoenix,Strada Services,+1 888-551-0171,https://stradaservices.com/service-area/west-phoenix-az,"401 E Jackson Ave, Buckeye, AZ 85326, United States",,,,,,,,,0,,,,,,,,,40,2.7,8
D,11.18,11.18,phoenix,Nautica Air LLC,+1 702-619-6982,,"25908 N 154th Ave, Surprise, AZ 85387, United States",,,,,,,,,0,,,,,,,,,4,2,3
D,10.92,10.92,phoenix,Tropical Air Conditioning Inc.,,,"10 W McKinley St, Phoenix, AZ 85003, United States",,,,,,,,frontline_communication,1,Called for a quote and the absolutely most rudest guy with no aloha answered the phone. He didn’t do any new installs and won’t do any repairs so what he actually does I have no clue cause he does nothing in regards to both!!! Don’t even call a waste of time.,,,,1,,AssistantDial AI Receptionist — consistent frontline,frontline_communication,5,3.4,2
D,10.78,10.78,phoenix,HD Supply Facilities Maintenance,+1 800-431-3000,https://hdsupplysolutions.com,"6825 W Buckeye Rd #1, Phoenix, AZ 85043, United States",,,,,,,,,0,,,,,,,,,13,2.5,11
D,10.53,10.53,phoenix,Sensible HVAC,,https://www.sensibleheatingandairaz.com,"18707 E Arrowhead Trail, Queen Creek, AZ 85142, United States",,,,,,,,service_quality_in_session,2,"I called telling Fidelity home warranty that I had a problem with my AC, told them I know it’s an issue with the controls, wiring or damper on a zoned system. They gave me Sensible AC as the technician. They gave me a 12 hour window for service and sent someone that doesn’t do controls, wiring or dampers! Charged me $85 and then tell me I don’t have coverage for a zoned system!! That I should have bought a special add-on that I was never offered and now can’t get because I was denied a claim for zone coverage. The tech they sent did nothing but look for a reason not to cover the claim, first he said I had smart home and wasn’t covered, then found out that would be covered, so on his report said it was a zoned system so not covered. Did not even look at the system in attic as was needed, only here to collect the fee and leave as quickly as possible. He looked at the outside unit for 3 seconds and said I better renew my warranty with Fidelity because I only have one more year manufacturer warranty. The company is in the pocket of the warranty company. They had no intention or interest in fixing anything. Only here to evaluate and make a denial statement. Save yourself the headache and go elsewhere.","Unfortunately warranty company dispatched sensible to my house to fix my AC. Upon arrival they seemed very confident they weren’t going to be able to help me even without inspecting the unit, they said the service needed was not going to be covered by my warranty and I could pay them $700+ for a cleaning that would solve the issue. They spent maybe 45 minutes at my place and when leaving my ac was never functioning properly and the entire next 4 days my house stayed above 95 degrees. Finally when Monday approached I called and was not greeted with great service and was told to spend the $700+ if I wanted functioning ac. I decided to call a couple companies around and get quotes for the same service they were requesting I receive. After 4 quotes from four different companies I quickly realized “sensible” really means quote 4x higher than any other service out there. In fact I was able to find the same services for a “new customer deal” at a different company at a cost of $79……literally 1/10 the cost that “sensible” was quoting me. Please do yourself a favor and check with other companies, had I let this company shake me down I would be out hundreds of dollars. Hopefully your home warranty uses a different company that won’t try to rip you off",,,1,1,AssistantDial demo line,billing_or_intake_errors;service_quality_in_session,14,4.1,9
D,10.43,10.43,phoenix,Coolray Heating & Air Conditioning,+1 770-421-8400,https://www.coolray.com,"1787 Williams Dr, Marietta, GA 30066, United States",,,,,,,,,0,,,,,,,,,10956,4.8,3
D,10.19,10.19,phoenix,Right Now Heating and Air Conditioning,+1 208-939-4475,https://rightnowheatcool.com,"5100 W Emerald St, Boise, ID 83706, United States",,,,,,,,,0,,,,,,,,,8747,4.8,4
D,9.25,9.25,phoenix,"Elite Plumbing, Heating & Air Conditioning",+1 702-263-2665,https://www.eliteheatingandacrepair.com,"3085 E Post Rd, Las Vegas, NV 89120, United States",,,,,,,,,0,,,,,,,,,3684,4.8,2
D,9.13,9.13,phoenix,"Wolfgangs Cooling, Heating & Plumbing",+1 928-228-5968,https://wolfgangscooling.com/locations/tempe-az,"2441 W Erie Dr, Tempe, AZ 85282, United States",,,,,,,,,0,,,,,,,,,3300,4.8,3
D,9.12,9.12,phoenix,NexGen HVAC & Plumbing,+1 714-882-5430,https://www.nexgenairandplumbing.com,"5472 E La Palma Ave, Anaheim, CA 92807, United States",,,,,,,,,0,,,,,,,,,2402,4.7,3
D,9.08,9.08,phoenix,All Hours Air,+1 775-234-3505,https://allhoursair.com,"910 Greg St, Sparks, NV 89431, United States",,,,,,,,,0,,,,,,,,,2317,4.7,2
D,9.05,9.05,phoenix,Quattro Climate Control,+1 800-267-1435,https://quattrocc.com/contact,,,,,,,,,,0,,,,,,,,,9,2.9,5
D,9.01,9.01,phoenix,Legacy Air,+1 855-363-8111,http://legacyair.com,"645 E Missouri Ave #205, Phoenix, AZ 85012, United States",,,,,,,,,0,,,,,,,,,16,3.1,9
D,8.86,8.86,phoenix,Air Conditioning Services Arizona,+1 520-839-3522,,"3827 E Wier Ave, Phoenix, AZ 85040, United States",,,,,,,,frontline_communication,1,The receptionist is rude I called twice and asked questions and she insulted me then hung up on my face all I wanted was to get service done she told me her name was Ann,,,,,,AssistantDial AI Receptionist — consistent frontline,frontline_communication,22,4.5,9
D,8.53,8.53,phoenix,XO HVAC Expert Services Heating & Cooling,+1 928-430-5948,,"965 E Van Buren St, Avondale, AZ 85323, United States",,,,,,,,followup_dropped,1,"All I wanted was a quote,  was trying to find a place then present to my landlord the best quote I got and they wouldn't even give me a quote.",,,,1,,AssistantDial Call Summaries + Auto Contact Creation,followup_dropped,3,3.7,1
D,8.37,8.37,phoenix,"Elkhorn Heating, Air Conditioning, Plumbing & Electrical",+1 720-615-0098,https://myelkhorn.com,"3869 Norwood Dr #9, Littleton, CO 80125, United States",,,,,,,,,0,,,,,,,,,2215,4.9,3
D,8.22,8.22,phoenix,"SMW Refrigeration and Heating, LLC",+1 855-875-2665,http://smwac.net,"1615 W University Dr #135, Tempe, AZ 85281, United States",,,,,,,,,0,,,,,,,,,1418,4.8,2
D,8.18,8.18,phoenix,AutoNation Mobile Service Phoenix,+1 888-906-3370,https://www.autonationmobileservice.com/i/locations/arizona/phoenix,"10601 W Papago St Suite M, Avondale, AZ 85323, United States",,,,,,,,,0,,,,,,,,,749,4.6,4
D,8.15,8.15,phoenix,"Bob's Repair AC, Heating and Solar Experts Las Vegas",+1 702-830-4592,https://bobsrepair.com,"3874 Silvestri Ln, Las Vegas, NV 89120, United States",,,,,,,,,0,,,,,,,,,1814,4.9,2
D,8.08,8.08,phoenix,"Sunrise Service Cooling, Heating, & Plumbing",+1 702-605-7445,https://www.sunrisehvac.com/cooling/air-conditioning-repair-henderson,"7380 Commercial Way, Henderson, NV 89011, United States",,,,,,,,,0,,,,,,,,,1697,4.9,2
D,7.84,7.84,phoenix,Elite Mechanical,,http://elite-az.com,"2238 W Lone Cactus Dr Ste 100, Phoenix, AZ 85027, United States",,,,,,,,,0,,,,,,,,,4,3,1
D,7.83,7.83,phoenix,Bascom's Air Conditioning & Heating Scottsdale,+1 520-699-3215,,"8100 E Indian School Rd, Scottsdale, AZ 85251, United States",,,,,,,,,0,,,,,,,,,10,3.3,2
D,7.67,7.67,phoenix,Superior Home Pros AZ,+1 800-551-7988,https://www.superiorhomeprosaz.com,"8119 E Main St, Mesa, AZ 85207, United States",,,,,,,,,0,,,,,,,,,855,4.8,12
D,7.63,7.63,phoenix,"AZ PATIO HEATERS , LLC",+1 888-775-1330,https://www.azpatioheaters.com,"Washington Street, Tolleson Commerce Park, 8601 West Jefferson Street SUITE 200 8601 W, 8601 W Washington St #200, Tolleson, AZ 85353, United States",,,,,,,,,0,,,,,,,,,179,4.3,3
D,7.51,7.51,phoenix,MCH Duct Clean Service,+1 520-688-4739,,"17014 W Bell Rd, Surprise, AZ 85374, United States",,,,,,,,frontline_communication,1,"You hung up on me, Very unprofessional can you say goodbye because I would give you 99 dollars come and look at it",,,,,,AssistantDial AI Receptionist — consistent frontline,frontline_communication,16,4.8,8
D,7.41,7.41,phoenix,Air Tech of Central Florida,+1 321-244-6998,https://airtechcfl.com,"813 Waterway Pl, Longwood, FL 32750, United States",,,,,,,,,0,,,,,,,,,919,4.9,3
D,7.18,7.18,phoenix,Gondal Air Conditioning Haier Authorised Service Center.,+92 331 0335059,,"Garden, Street 19, Ghouri, Ghauri Garden, Islamabad, 45551, Pakistan",,,,,,,,,0,,,,,,,,,746,5,74
D,7.17,7.17,phoenix,Collins Commercial Services,+1 844-493-2974,https://collins-cs.com,"16413 N 91st St Ste C150, Scottsdale, AZ 85260, United States",,,,,,,,,0,,,,,,,,,544,4.8,2
D,7.15,7.15,phoenix,Nevada Residential Services Air Conditioning & Heating,+1 702-899-3249,https://nrs.vegas,"4620 S Arville St Ste B, Las Vegas, NV 89103, United States",,,,,,,,,0,,,,,,,,,726,4.9,2
D,7.08,7.08,phoenix,"Thanos Mechanical, Inc.",,https://www.thanosmechanical.com,"7330 N 16th St Suite #A305, Phoenix, AZ 85020, United States",,,,,,,,,0,,,,,,,,,2,3,0
D,6.91,6.91,phoenix,Affordable Automotive Repair,+1 520-590-4706,https://affordableautorepairmesa.com,"9107 E Southern Ave Ste 101, Mesa, AZ 85209, United States",,,,,,,,,0,,,,,,,,,313,4.7,2
D,6.63,6.63,phoenix,Wii Auto Repair,+1 844-308-4367,https://wiiautorepair.com,"995 N 107th Ave, Avondale, AZ 85323, United States",,,,,,,,,0,,,,,,,,,244,4.7,5
D,6.53,6.53,phoenix,UrbanAir HVAC Care,,,"5302 W Buchanan St, Phoenix, AZ 85043, United States",,,,,,,,,0,,,,,,,,,3,3.3,0
D,6.48,6.48,phoenix,The Air Company of GA,+1 404-583-7788,https://www.theaircompanyga.com,"10 Glenlake Pkwy NE Ste 130, Atlanta, GA 30328, United States",,,,,,,,,0,,,,,,,,,392,5,12
D,6.44,6.44,phoenix,ACT Electric,+1 520-610-7569,https://www.actelectricians.com,"950 N Mountain Rd, Mesa, AZ 85207, United States",,,,,,,,,0,,,,,,,,,277,4.8,53
D,6.3,6.3,phoenix,Top Cool Engineering,+92 371 5436816,,"Garden, Block B street # 25 Soan hight plaza 2 Basement Block B, Soan Ave, Block B Islamabad, 44000, Pakistan",,,,,,,,billing_or_intake_errors,1,"much pathatic and irresponsible work, untrained people,  repair one part,  destroy two other parts and charged three times as per commitment۔",,,,,,AssistantDial structured call intake,billing_or_intake_errors,33,4.9,22
D,6.2,6.2,phoenix,Take 5 Oil Change,+1 520-208-6220,https://www.take5.com/locations/oil-change/arizona/tempe/30942,"1355 W Elliot Rd, Tempe, AZ 85284, United States",,,,,,,,,0,,,,,,,,,164,4.7,4
D,6.08,6.08,phoenix,Izzy Auto Center,+1 562-202-2287,,"730 Monroe Ave, Buckeye, AZ 85326, United States",,,,,,,,,0,,,,,,,,,43,4.3,19
D,6.08,6.08,phoenix,Reliable Home Comfort,+1 562-568-5345,https://www.rhcair.com,"1214 W 130th St, Compton, CA 90222, United States",,,,,,,,,0,,,,,,,,,272,5,3
D,6.05,6.05,phoenix,American Dream Services Heating and Cooling,+1 661-588-1776,https://www.americandreamserviceshc.com,"4609 New Horizon Blvd, Bakersfield, CA 93313, United States",,,,,,,,,0,,,,,,,,,193,4.8,2
D,5.93,5.93,phoenix,Best Choice Heating & Cooling & Solar Corp.,+1 855-914-2370,https://bestchoicelocalservices.com,,,,,,,,,,0,,,,,,,,,236,4.9,12
D,5.91,5.91,phoenix,"Usman Services_ AC,Fridge & Washing Machine Repair Islamabad",+92 327 5087764,https://usmanservices.com,"road, Pakistan Town Block A Police Foundation, Islamabad, 45720, Pakistan",,,,,,,,,0,,,,,,,,,27,4.2,18
D,5.78,5.78,phoenix,Mechanical Air LLC,+1 559-577-3668,https://mech-air.com,"4762 W Jennifer Ave #105, Fresno, CA 93722, United States",,,,,,,,,0,,,,,,,,,205,5,3
D,5.65,5.65,phoenix,The Technicist,+92 311 6835026,,"Shop 5, The Technicist, Sardar Farman, Local St, opp. Ghori VIP, Ghauri Town, Islamabad, 46000, Pakistan",,,,,,,,,0,,,,,,,,,134,4.8,55
D,5.52,5.52,phoenix,Arizona Garage Builders,,https://arizonagaragebuilders.com,"20866 W Werner Pl, Buckeye, AZ 85396, United States",,,,,,,,,0,,,,,,,,,47,4.5,4
D,5.49,5.49,phoenix,iFix Auto AC,+1 520-230-5510,,"4123 N 57th Dr, Phoenix, AZ 85031, United States",,,,,,,,,0,,,,,,,,,116,4.8,12
D,5.46,5.46,phoenix,Hero AC & Heat llc,+1 520-518-0754,https://www.heroacandheat.com,"3009 N Rockwell Ave #2, Casa Grande, AZ 85122, United States",,,,,,,,,0,,,,,,,,,152,5,53
D,5.45,5.45,phoenix,Carrier Rental Systems,+1 800-586-8336,,"7016 W Van Buren St, Phoenix, AZ 85043, United States",,,,,,,,,0,,,,,,,,,13,4.1,3
D,5.42,5.42,phoenix,"Cool Planet Air Conditioning Pvt Ltd - AC Repair, Install, Service - Bahria Town, DHA, Rawalpindi, Islamabad",+92 318 1592416,https://coolplanet.pk,"Emirates Shopper's Paradise Office Number 92 Near West Minister School Phase, 7 Bahria, town, Islamabad, 46620, Pakistan",,,,,,,,,0,,,,,,,,,147,4.9,3
D,5.4,5.4,phoenix,Okla-Home Heating & Cooling,+1 918-479-1405,http://www.calloklahome.com,"601 W Oakland Pl, Broken Arrow, OK 74012, United States",,,,,,,,,0,,,,,,,,,144,5,3
D,5.34,5.34,phoenix,Harrison & Sons HVAC LLC,+1 520-438-8300,https://harrisonhvac.homes,"1708 E Warner Rd, Tempe, AZ 85284, United States",,,,,,,,,0,,,,,,,,,101,4.8,2
D,5.34,5.34,phoenix,Stanley Brothers Plumbing & HVAC,+1 520-590-4333,https://stanleyhomehvac.best,"9110 E Main St, Mesa, AZ 85207, United States",,,,,,,,,0,,,,,,,,,101,4.8,2
D,5.32,5.32,phoenix,Joshua Brothers HVAC,+1 520-532-4300,https://joshuahvac.best,"6330 S Rural Rd, Tempe, AZ 85283, United States",,,,,,,,,0,,,,,,,,,134,4.9,2
D,5.07,5.07,phoenix,Scott's A/C & Heating LLC,+1 520-723-5109,http://azacdoc.com,"541 W Central Ave, Coolidge, AZ 85128, United States",,,,,,,,,0,,,,,,,,,79,4.8,12
D,5.03,5.03,phoenix,Brown Hearing & Air Conditioning,+1 888-540-6353,,"2140 E Norwood St, Mesa, AZ 85213, United States",,,,,,,,,0,,,,,,,,,12,4.2,4
D,5.0,5.0,phoenix,DWH Mobile RV Repair,+1 503-512-3335,https://dwhmobilervrepairs.com,"323 E Cullumber Ave, Gilbert, AZ 85234, United States",,,,,,,,,0,,,,,,,,,54,4.7,3
D,4.97,4.97,phoenix,AZ Desert Mobile Reefer & Trucks Repair,+1 629-261-7336,http://www.azdesertmobile.com,"10802 W Taft St, Phoenix, AZ 85037, United States",,,,,,,,,0,,,,,,,,,72,4.8,63
D,4.96,4.96,phoenix,Carter Brothers HVAC LLC,+1 520-650-2333,https://carterhvac.site,"1740 W Southern Ave, Mesa, AZ 85202, United States",,,,,,,,,0,,,,,,,,,96,4.9,2
D,4.87,4.87,phoenix,FAHAD Aluminium Glass Work & A.C installation Repairing Maintenance services 🧰,+92 310 8403673,,"1 Street No. 20, Phase Pakistan Town, Islamabad, 44000, Pakistan",,,,,,,,,0,,,,,,,,,89,4.9,72
D,4.78,4.78,phoenix,"Acosol (AC Service & Repairing, Electrical, Plumbering, CCTV Camera's, Solar Energy & Geyser Installation Service's.)",+92 304 3765590,https://hhanimalhealth.com/acosol,"kalma chowk, Ghori Town Phase 4-A Phase 4A Ghauri Town, Islamabad, 44000, Pakistan",,,,,,,,,0,,,,,,,,,81,4.9,51
D,4.75,4.75,phoenix,Davis Brothers Heating & Air Conditioning,,http://davishvac.homes,"16450 W Van Buren St, Goodyear, AZ 85338, United States",,,,,,,,,0,,,,,,,,,43,4.7,33
D,4.64,4.64,phoenix,Air Bullies Air Conditioning and Heating,,https://airbullies.com,"2201 S McClintock Dr Ste 3, Tempe, AZ 85282, United States",,,,,,,,,0,,,,,,,,,72,4.9,2
D,4.62,4.62,phoenix,Will & Daughters New AC Unit AC Repair,+1 520-632-9842,https://newacunitacrepair.com,,,,,,,,,,0,,,,,,,,,71,5,42
D,4.53,4.53,phoenix,"TECHNOMAN MEP SERVICES (PVT) LIMITED - An Integrated Facility Management, Maintenance and Construction Services Company",+92 301 0512195,https://technomanprivatelimited.com/our-services,"First Floor, TECHNOMAN MEP SERVICES (PVT) LIMITED - An Integrated Facility Management, Maintenance and Construction Services Company, One Two One Building, Office #1, Gulberg Greens Block B Gulberg Greens, Islamabad, Pakistan",,,,,,,,,0,,,,,,,,,65,4.9,51
D,4.48,4.48,phoenix,ALCC Corp.,+1 520-878-6166,https://alccconstruction.net,"5218 W La Mirada Dr, Laveen Village, AZ 85339, United States",,,,,,,,,0,,,,,,,,,62,5,2
D,4.31,4.31,phoenix,"State Electrical Contractors, Inc.",+1 866-720-4048,https://stateelectricalcontractors.com/circuit-panel-guide-for-maricopa-county,"16921 E Enterprise Dr, Fountain Hills, AZ 85268, United States",,,,,,,,,0,,,,,,,,,39,4.8,12
D,4.29,4.29,phoenix,Multi Ac services center,+92 313 7634445,,"Street 10 main 2le road, near AJ trailer, Phase 5B Phase 4B Ghauri Town, Islamabad, Pakistan",,,,,,,,,0,,,,,,,,,52,4.9,39
D,4.27,4.27,phoenix,Geary Pacific Supply,+1 800-253-4822,http://www.gearypacific.com,"7450 W Sherman St, Phoenix, AZ 85043, United States",,,,,,,,,0,,,,,,,,,15,4.5,2
D,4.27,4.27,phoenix,Spencer's Heating & AC,+1 662-409-0151,,"5393 W Northern Ave, Phoenix, AZ 85051, United States",,,,,,,,,0,,,,,,,,,6,4.2,1
D,4.23,4.23,phoenix,Major HVAC l.l.c,+1 847-481-9189,https://majorhvac.us,"12617 W Windsor Ave, Avondale, AZ 85392, United States",,,,,,,,,0,,,,,,,,,49,5,12
D,4.17,4.17,phoenix,Mechanical Air Design,+1 520-650-8715,,"7735 E Gelding Dr #1, Scottsdale, AZ 85260, United States",,,,,,,,,0,,,,,,,,,10,4.4,0
D,4.12,4.12,phoenix,Benjamin Brothers Heating & Air Conditioning Company,+1 520-650-2300,https://benjaminhvac.best,"4632 S Higley Rd, Gilbert, AZ 85297, United States",,,,,,,,,0,,,,,,,,,24,4.7,2
D,4.08,4.08,phoenix,Servan Arizona Ducts,,,,,,,,,,,,0,,,,,,,,,5,4.2,1
D,4.03,4.03,phoenix,Ly Auto Repair,+1 209-361-4903,https://lyautorepair.com,"534 E Huntington Dr, Tempe, AZ 85282, United States",,,,,,,,,0,,,,,,,,,41,5,27
D,4.01,4.01,phoenix,HomeTown Air,,https://hometownairaz.com,"5524 E Baseline Rd #105, Mesa, AZ 85206, United States",,,,,,,,,0,,,,,,,,,40,5,12
D,4.01,4.01,phoenix,Louie’s Mobile Auto Repair,+1 657-330-0895,,"2317 E Chipman Rd, Phoenix, AZ 85040, United States",,,,,,,,,0,,,,,,,,,40,5,2
D,3.82,3.82,phoenix,Valor Heating and Air Conditioning LLC,+1 833-825-6729,https://www.valorhvacaz.com,,,,,,,,,,0,,,,,,,,,25,4.8,4
D,3.78,3.78,phoenix,Darien Appliance Repair Men,+1 203-717-0635,,,,,,,,,,,0,,,,,,,,,7,4.4,1
D,3.77,3.77,phoenix,Qadeer Electrician,+92 317 5615961,,"1 Street 2, phase Phase 1 Pakistan Town, Islamabad, 45720, Pakistan",,,,,,,,,0,,,,,,,,,32,4.9,16
D,3.75,3.75,phoenix,RightWay Appliance Repair Service,,,"8378 W Maryland Ave, Glendale, AZ 85305, United States",,,,,,,,,0,,,,,,,,,2,4,0
D,3.69,3.69,phoenix,Chelo Heating and Cooling,,https://cheloac.com,,,,,,,,,,0,,,,,,,,,30,5,16
D,3.69,3.69,phoenix,DANIELS HEATING AND A/C LLC.,+1 224-600-0874,,"19230 N 78th Ln, Glendale, AZ 85308, United States",,,,,,,,,0,,,,,,,,,30,5,19
D,3.62,3.62,phoenix,Ali Ac installation & Coolling repairing,+92 310 5890794,,"Pakistan Town Phase 1 Pakistan Town, Islamabad, Pakistan",,,,,,,,,0,,,,,,,,,28,4.9,18
D,3.62,3.62,phoenix,Islamabad ac Repairing and Refrigerator,+92 335 1998765,https://islamabadacrepairing.netlify.app,"Hostel, Street 5, City, Islamabad, 44000, Pakistan",,,,,,,,,0,,,,,,,,,28,5,10
D,3.61,3.61,phoenix,Best Choice Heating & Air Conditioning Glendale,+1 520-839-3588,,"8324 N 61st Ln, Glendale, AZ 85302, United States",,,,,,,,,0,,,,,,,,,15,4.7,3
D,3.6,3.6,phoenix,Trusted HVAC Repair Laveen,+1 520-842-5100,https://trustedheatingandcoolinglaveen.com,"5015 W Baseline Rd, Laveen Village, AZ 85339, United States",,,,,,,,,0,,,,,,,,,11,4.6,4
D,3.59,3.59,phoenix,Exhale Airconditioning & Heating,+1 520-504-5891,,"18409 W Vogel Ave, Waddell, AZ 85355, United States",,,,,,,,,0,,,,,,,,,8,4.5,1
D,3.59,3.59,phoenix,Mighty Twin Enterprises,+92 334 2444499,https://mightytwin.com,"greens, First Floor, Smama Star Mall, Gulberg Greens, islambad, Gulberg Greens Block B gulberg, Islamabad, 44022, Pakistan",,,,,,,,,0,,,,,,,,,8,4.5,2
D,3.57,3.57,phoenix,Outsiders RV Repair and Maintenance,+1 661-805-0434,http://outsidersrvrepair.com,"5201 W Olive Ave, Glendale, AZ 85302, United States",,,,,,,,,0,,,,,,,,,27,5,19
D,3.53,3.53,phoenix,Comfort green zone - Best AC installation service repairing gass charge and maintenance company,+92 340 3088881,,"plot 25 , street 13 , Bhatti society, Gulberg Greens Gulberg greens, 46000, Pakistan",,,,,,,,,0,,,,,,,,,19,4.8,3
D,3.5,3.5,phoenix,Thermo Heating & Cooling,+1 520-504-5895,,"13645 W Plaza Cir, Litchfield Park, AZ 85340, United States",,,,,,,,,0,,,,,,,,,10,4.6,3
D,3.45,3.45,phoenix,"Al-Raziq Engineers ( Ac Repairing, Maintenance, Services, Installations, In Islamabad )",+92 300 5074403,http://www.alraziqengineers.com,"Mehboob Plaza، Andron Main Market، Gulzar e Quaid, Rawalpindi, 44000, Pakistan",,,,,,,,,0,,,,,,,,,13,4.7,7
D,3.45,3.45,phoenix,Outlaw Air,+1 520-858-5914,https://outlawairaz.com,,,,,,,,,,0,,,,,,,,,24,5,16
D,3.45,3.45,phoenix,"Go Direct Plumbing, Sewer and Water",+1 303-288-0039,https://godirectplumbing.com,"1826 W Broadway Rd #22, Mesa, AZ 85202, United States",,,,,,,,,0,,,,,,,,,13,4.7,2
D,3.41,3.41,phoenix,Phoenix Fresh Air Duct,+1 928-371-4359,https://freshairphoenix.com,"23158 N 67th Ave, Glendale, AZ 85310, United States",,,,,,,,,0,,,,,,,,,23,5,15
D,3.41,3.41,phoenix,SteadyBreeze Cooling,,,"6975 E Princess Dr, Phoenix, AZ 85054, United States",,,,,,,,,0,,,,,,,,,23,5,14
D,3.41,3.41,phoenix,AC Concepts Mechanical Inc.,,https://acconceptsmechanical.com,,,,,,,,,,0,,,,,,,,,17,4.8,10
D,3.31,3.31,phoenix,ThoroughBred AC LLC,+1 253-281-7196,,"922 N Yale Dr, Gilbert, AZ 85234, United States",,,,,,,,,0,,,,,,,,,21,5,12
D,3.31,3.31,phoenix,Noah & Sons HVAC LLC,+1 520-650-3300,https://noahhvac.best,"6278 S Higley Rd, Gilbert, AZ 85296, United States",,,,,,,,,0,,,,,,,,,21,4.9,2
D,3.31,3.31,phoenix,EcoSun HVAC,+1 833-454-8834,https://ecosunhvac.com,"510 S 52nd St #108, Tempe, AZ 85281, United States",,,,,,,,,0,,,,,,,,,21,5,2
D,3.31,3.31,phoenix,Henry’s AC LLC,,https://www.henrys-ac.com,,,,,,,,,,0,,,,,,,,,21,5,8
D,3.31,3.31,phoenix,cool breeze heating and air,+1 954-297-5942,https://coolbreezeacaz.com,"16165 N 83rd Ave, Peoria, AZ 85382, United States",,,,,,,,,0,,,,,,,,,21,5,14
D,3.25,3.25,phoenix,Ideal Plumbing & Air,,http://idealplumbingair.com,,,,,,,,,,0,,,,,,,,,20,5,13
D,3.2,3.2,phoenix,Fast Ac Service,+92 310 1522903,,"car Choke, House no 496 street 11 block A dhoke chaudahritan chaklala scheme 3 Rawalpindiwalpindi Chaklala scheme 3, Phase 2 Gulrez Housing Scheme, Rawalpindi, 46000, Pakistan",,,,,,,,,0,,,,,,,,,19,5,13
D,3.14,3.14,phoenix,Dango Projects and Construction,+1 707-590-8082,https://www.dangoconstruction.com,,,,,,,,,,0,,,,,,,,,18,4.9,10
D,3.14,3.14,phoenix,Pacific Air Heating and cooling LLC,+1 714-319-3522,,,,,,,,,,,0,,,,,,,,,18,5,10
D,3.14,3.14,phoenix,Atif Engineering work,+92 334 5050544,https://atifengenering.com,"A, Block A Sector A PWD Society, Islamabad, 44018, Pakistan",,,,,,,,,0,,,,,,,,,18,5,11
D,3.01,3.01,phoenix,Cool Breeze AC Repair Surprise AZ,+1 928-455-8347,http://coolbreezeacrepairsurpriseaz.com,"5664 N Parkview Pl, Surprise, AZ 85374, United States",,,,,,,,,0,,,,,,,,,16,5,8
D,3.01,3.01,phoenix,Grand Air Heating and Cooling,,http://www.grandairaz.com,,,,,,,,,,0,,,,,,,,,16,5,8
D,2.94,2.94,phoenix,Affordable Avondale AC Repair,+1 520-842-5099,https://affordableavondaleacrepair.com,"1219 N Dysart Rd, Avondale, AZ 85323, United States",,,,,,,,,0,,,,,,,,,15,5,7
D,2.94,2.94,phoenix,Professional AC Repair Peoria,+1 520-842-5107,https://professionalairconditioningrepairpeoria.com,"9299 N 93rd Ave, Peoria, AZ 85345, United States",,,,,,,,,0,,,,,,,,,15,5,5
D,2.94,2.94,phoenix,HVAC Master Inc.,+1 520-839-3507,,"8022 N 27th Ave, Phoenix, AZ 85051, United States",,,,,,,,,0,,,,,,,,,15,4.9,5
D,2.94,2.94,phoenix,Reliable Heating and Cooling Scottsdale,+1 520-842-5085,https://reliableheatingandcoolingscottsdale.com,"8149 Rose Ln, Scottsdale, AZ 85250, United States",,,,,,,,,0,,,,,,,,,15,5,5
D,2.94,2.94,phoenix,Glow_up Electric,+92 335 8581772,http://www.glowupelectric.com,"Second floor, Glow_up Electric, Business Center, Civic Centre, Executive Block Gulberg Greens, Islamabad, Pakistan",,,,,,,,,0,,,,,,,,,15,5,7
D,2.87,2.87,phoenix,Cruise N Comfort USA,+1 855-899-1442,https://www.cruisencomfortusa.com,"18698 E Business Park Dr Ste 110, Queen Creek, AZ 85142, United States",,,,,,,,,0,,,,,,,,,14,5,2
D,2.87,2.87,phoenix,Reliable Chandler HVAC Services,+1 520-842-5055,https://reliablechandlerhvacservices.com,"1928 W Chandler Blvd, Chandler, AZ 85224, United States",,,,,,,,,0,,,,,,,,,14,5,5
D,2.87,2.87,phoenix,Smart Air Solutions (SMC-Private) Limited,,,"Bhatti, Office No. 07, 3rd Floor, Eman Plaza, Bhatti Service Road Gulberg Expy, Town, Islamabad, 44000, Pakistan",,,,,,,,,0,,,,,,,,,14,5,6
D,2.78,2.78,phoenix,Reliable AC Repair Maricopa,+1 520-842-5058,https://reliableacrepairmaricopa.com,"42096 W Quinto Dr, Maricopa, AZ 85138, United States",,,,,,,,,0,,,,,,,,,13,5,2
D,2.7,2.7,phoenix,Meechie's Wrenches and Ratchets,+1 313-728-5729,,"4025 E Amberwood Dr, Phoenix, AZ 85048, United States",,,,,,,,,0,,,,,,,,,12,5,2
D,2.7,2.7,phoenix,Desert Night Air,+1 928-978-9351,https://desertnightair.com,,,,,,,,,,0,,,,,,,,,12,5,4
D,2.61,2.61,phoenix,Ranger auto repair,,http://fb.me/rangersautorepair,"3848 W Buchanan St, Phoenix, AZ 85009, United States",,,,,,,,,0,,,,,,,,,6,4.7,2
D,2.6,2.6,phoenix,HomeFix HVAC Masters,,,"1243 S 111th Dr, Avondale, AZ 85323, United States",,,,,,,,,0,,,,,,,,,11,5,3
D,2.6,2.6,phoenix,RV Fixed Yet?,+1 707-695-8125,,"18421 W Miami St, Goodyear, AZ 85338, United States",,,,,,,,,0,,,,,,,,,11,5,2
D,2.6,2.6,phoenix,Air Conditioning Master LLC,+1 520-839-3508,,"2219 W Peoria Ave, Phoenix, AZ 85029, United States",,,,,,,,,0,,,,,,,,,11,5,2
D,2.6,2.6,phoenix,Cy Cooling & Refrigeration repair service,+1 520-208-5513,,,,,,,,,,,0,,,,,,,,,11,5,3
D,2.5,2.5,phoenix,Hart Mechanical Inc,+1 928-398-6380,,"15709 W Ventura St, Surprise, AZ 85379, United States",,,,,,,,,0,,,,,,,,,10,5,2
D,2.5,2.5,phoenix,Arrow Mechanical Solutions,+1 847-345-3283,https://hvacrams.com,,,,,,,,,,0,,,,,,,,,10,5,0
D,2.38,2.38,phoenix,Bright HVAC Repair Phoenix,+1 520-339-6524,http://brighthvacrepairphoenix.com,"1222 Grand Ave, Phoenix, AZ 85007, United States",,,,,,,,,0,,,,,,,,,9,5,1
D,2.38,2.38,phoenix,Zadok Heating & Air LLC,+1 928-588-7873,https://www.zadokheatingair.com,,,,,,,,,,0,,,,,,,,,9,4.9,1
D,2.38,2.38,phoenix,Klein Heating and cooling,,,"1166 E Warner Rd #101, Gilbert, AZ 85296, United States",,,,,,,,,0,,,,,,,,,9,5,1
D,2.38,2.38,phoenix,Arizona Industrial Equipment,+1 929-675-9217,https://azcooler.com,"1201 N 54th Ave, Phoenix, AZ 85043, United States",,,,,,,,,0,,,,,,,,,9,5,3
D,2.38,2.38,phoenix,Prime Home Finishes,+1 253-905-1727,http://primebuilder.net,"19672 E Vallejo St, Queen Creek, AZ 85142, United States",,,,,,,,,0,,,,,,,,,9,5,1
D,2.38,2.38,phoenix,Air Cool Cooling Center Best frigde ac repair services,+92 300 9146755,,"Street 20, Ghouri Town VIP Block Ghauri Town, Islamabad, 44000, Pakistan",,,,,,,,,0,,,,,,,,,9,5,1
D,2.26,2.26,phoenix,Desert Oasis AC Services,+1 786-520-1617,https://desertoasisacservices.com,"867 E Libra Pl, Chandler, AZ 85249, United States",,,,,,,,,0,,,,,,,,,8,5,2
D,2.26,2.26,phoenix,Trouble Shooters Air Conditioning,+92 333 5138039,,"Ghani Market, Shop# 1 Street No. 6, near Madni Masjid, Sector 3 Airport housing society, Rawalpindi, 46000, Pakistan",,,,,,,,,0,,,,,,,,,8,5,3
D,2.12,2.12,phoenix,Air Conditioning AZ Inc,+1 520-843-2599,,"11154 W Joblanca Rd, Avondale, AZ 85323, United States",,,,,,,,,0,,,,,,,,,7,5,0
D,2.12,2.12,phoenix,West & East Hvac Innovation,+1 928-421-4180,https://wandehvac.com,,,,,,,,,,0,,,,,,,,,7,5,0
D,2.12,2.12,phoenix,Ford home solutions,+1 877-441-5776,https://fordhomesolutions.com,,,,,,,,,,0,,,,,,,,,7,5,0
D,2.12,2.12,phoenix,DL Air Conditioning AZ,+1 520-800-8212,,"3921 E Camelback Rd, Phoenix, AZ 85018, United States",,,,,,,,,0,,,,,,,,,7,5,0
D,1.94,1.94,phoenix,MVG All Pro Duct Service,+1 928-275-8608,,"6751 N Sunset Blvd Suite 320, Glendale, AZ 85305, United States",,,,,,,,,0,,,,,,,,,6,5,0
D,1.94,1.94,phoenix,Dalle Air Cleaners,+1 520-412-7988,,"24 W Buffalo St, Chandler, AZ 85225, United States",,,,,,,,,0,,,,,,,,,6,5,0
D,1.94,1.94,phoenix,Phonix air duct and chimney,,,"14046 N Scottsdale Rd, Scottsdale, AZ 85254, United States",,,,,,,,,0,,,,,,,,,6,5,0
D,1.75,1.75,phoenix,Peoria HVAC Mechanical,+1 520-839-3515,,"9256 W Peoria Ave, Peoria, AZ 85345, United States",,,,,,,,,0,,,,,,,,,5,5,0
D,1.75,1.75,phoenix,FixPros Home Service,+1 839-297-4324,,"4034 W Lawrence Ln, Phoenix, AZ 85051, United States",,,,,,,,,0,,,,,,,,,5,5,0
D,1.75,1.75,phoenix,Hakes Air llc,,,"14644 N 7th Pl, Phoenix, AZ 85022, United States",,,,,,,,,0,,,,,,,,,5,5,0
D,1.75,1.75,phoenix,Copper State Duct Care,+1 877-860-4962,,"15240 W Cottonwood St, Surprise, AZ 85388, United States",,,,,,,,,0,,,,,,,,,5,5,1
D,1.75,1.75,phoenix,WinterAir Solutions,+1 810-330-7734,,"5809 W Leiber Pl, Glendale, AZ 85310, United States",,,,,,,,,0,,,,,,,,,5,5,0
D,1.75,1.75,phoenix,D&D Local Air Conditioning,+1 520-608-7028,,"2934 Hayden Rd, Scottsdale, AZ 85251, United States",,,,,,,,,0,,,,,,,,,5,5,0
D,1.51,1.51,phoenix,Ready HVAC Repair Phoenix,+1 520-339-6512,http://readyhvacrepairphoenix.com,"1513 W Roosevelt St, Phoenix, AZ 85007, United States",,,,,,,,,0,,,,,,,,,4,5,0
D,1.51,1.51,phoenix,Solid Comfort Air Conditioning-Heating Inc,,https://www.solidcomfortac.com,"260 S Alma School Rd Suite 134, Mesa, AZ 85210, United States",,,,,,,,,0,,,,,,,,,4,5,0
D,1.51,1.51,phoenix,APEX HEATING & AIR LLC,,https://apexheatairllc.com,,,,,,,,,,0,,,,,,,,,4,5,2
D,1.51,1.51,phoenix,Houston Haier Repair,+1 832-365-6962,,,,,,,,,,,0,,,,,,,,,4,5,0
D,1.51,1.51,phoenix,Airheads HVAC LLC,+1 520-771-0360,https://airheadsaz.com,,,,,,,,,,0,,,,,,,,,4,5,0
D,1.51,1.51,phoenix,FreshFlow HVAC,+1 912-773-4988,,"2322 W Le Marche Ave, Phoenix, AZ 85023, United States",,,,,,,,,0,,,,,,,,,4,5,0
D,1.51,1.51,phoenix,EZGreen Air Duct & Vents Cleaning,+1 928-408-7770,,"13843 W Meeker Blvd #118, Sun City, AZ 85375, United States",,,,,,,,,0,,,,,,,,,4,5,0
D,1.51,1.51,phoenix,Franco & Sons Automotive Llc,+1 909-543-9092,,"24459 W Atlanta Ave, Buckeye, AZ 85326, United States",,,,,,,,,0,,,,,,,,,4,5,1
D,1.51,1.51,phoenix,A/C PRO SERVICES LLC,,,"24423 N 158th Dr, Surprise, AZ 85387, United States",,,,,,,,,0,,,,,,,,,4,5,1
D,1.51,1.51,phoenix,"H&H Companies, LLC",,,"4702 W Escuda Dr, Glendale, AZ 85308, United States",,,,,,,,,0,,,,,,,,,4,5,0
D,1.19,1.19,phoenix,AC Repair Fountain Hills AZ,+1 520-536-1737,https://acrepairfountainhillsaz.com,,,,,,,,,,0,,,,,,,,,3,5,0
D,1.19,1.19,phoenix,Leyva Auto Service - Phoenix,+1 323-682-1845,,"1440 S 222nd Ln, Buckeye, AZ 85326, United States",,,,,,,,,0,,,,,,,,,3,5,0
D,1.19,1.19,phoenix,Kabul Asia HVAC,+1 202-902-3734,https://kabulasiahvac.com,"3541 E Van Buren St, Phoenix, AZ 85008, United States",,,,,,,,,0,,,,,,,,,3,5,0
D,1.19,1.19,phoenix,AG Air,+1 847-412-8902,https://www.agairphx.com,,,,,,,,,,0,,,,,,,,,3,5,0
D,1.19,1.19,phoenix,Southwest Boiler & Mechanical LLC,+1 877-646-0167,http://www.southwestboiler.com,"15001 Hayden Rd Ste 111, Scottsdale, AZ 85260, United States",,,,,,,,,0,,,,,,,,,3,5,0
D,0.75,0.75,phoenix,COMFORT PROS Air Conditioning and Heating,+1 818-489-2826,http://www.comfortprosaz.com,,,,,,,,,,0,,,,,,,,,2,5,0
D,0.75,0.75,phoenix,A-Z Casa Repair,,https://www.azcasarepairllc.com,"6002 S 99th Ave, Tolleson, AZ 85353, United States",,,,,,,,,0,,,,,,,,,2,5,0
D,0.75,0.75,phoenix,Smith Auto & cycle,+1 520-752-4190,https://smithautoandcycle.com,"4747 S Pinal Dr ste 3, Apache Junction, AZ 85120, United States",,,,,,,,,0,,,,,,,,,2,5,0
D,0.75,0.75,phoenix,A/c Brakes Tune-Up,,,"N 30th St, Phoenix, AZ 85008, United States",,,,,,,,,0,,,,,,,,,2,5,0
D,0.75,0.75,phoenix,All-In-One Appliance Repair Services,,,"5039 N 57th Ave, Glendale, AZ 85301, United States",,,,,,,,,0,,,,,,,,,2,5,0
D,0.75,0.75,phoenix,Commercial HVAC System Sweeping,+1 928-216-3951,,"3637 W Roanoke Ave, Phoenix, AZ 85009, United States",,,,,,,,,0,,,,,,,,,2,5,0
D,0.75,0.75,phoenix,Weeks HVAC Clean,+1 229-890-3298,,"6220 E Huntress Dr, Paradise Valley, AZ 85253, United States",,,,,,,,,0,,,,,,,,,2,5,0
D,0.75,0.75,phoenix,Freezin It Refrigeration,+1 855-294-8221,https://www.freezinitrefrigeration.com,,,,,,,,,,0,,,,,,,,,2,5,0
D,0.75,0.75,phoenix,Comfort HVACR Engineering Services Private Limited,+92 300 5004340,http://www.comfortengr.com,"H4XX+RGC Comfort HVACR Engineering Services Private Limited, Koral Town, Islamabad, Pakistan",,,,,,,,,0,,,,,,,,,2,5,0
D,0.75,0.75,phoenix,Handy Helpers LLC,+1 575-635-7364,http://handyhelpersarizona.com,"17424 W Eugene Terrace, Surprise, AZ 85388, United States",,,,,,,,,0,,,,,,,,,2,5,0
D,0.0,0.0,phoenix,Umas-Uriarte Maintenance and AC Services,,,,,,,,,,,,0,,,,,,,,,1,5,0
D,0.0,0.0,phoenix,Hashknife Mechanical Electrical Repair LLC,+1 928-547-3477,,,,,,,,,,,0,,,,,,,,,1,5,0
D,0.0,0.0,phoenix,American Cooling And Heating,,,"Mesa, AZ 85206, United States",,,,,,,,,0,,,,,,,,,1,5,0
D,0.0,0.0,phoenix,Mighty Air & heating,,,"1560 W Todd Dr, Tempe, AZ 85283, United States",,,,,,,,,0,,,,,,,,,1,5,0
D,0.0,0.0,phoenix,Archer Klein Repair Time,,,"1821 E Indigo St, Mesa, AZ 85203, United States",,,,,,,,,0,,,,,,,,,1,5,0
D,0.0,0.0,phoenix,VentXpert Systems,+1 472-233-6102,,"9031 W Clarendon Ave, Phoenix, AZ 85037, United States",,,,,,,,,0,,,,,,,,,1,5,0
D,0.0,0.0,phoenix,AirWorx Pros,+1 681-498-7192,,"7225 W MacKenzie Dr, Phoenix, AZ 85033, United States",,,,,,,,,0,,,,,,,,,1,5,0
D,0.0,0.0,phoenix,Marilyn Fowler Heating and Cooling System,+1 928-324-6025,,"3337 N 40th Dr, Phoenix, AZ 85019, United States",,,,,,,,,0,,,,,,,,,1,5,0
D,0.0,0.0,phoenix,BreezeTech HVAC,+1 409-356-6254,,"7437 N 128th Ave, Glendale, AZ 85307, United States",,,,,,,,,0,,,,,,,,,1,5,0
D,0.0,0.0,phoenix,Krauses Cooling & Heating Inc.,+1 520-494-0380,,,,,,,,,,,0,,,,,,,,,1,5,0
D,0.0,0.0,phoenix,RED WOLF REFRIGERATION LLC,,,"4810 W Cheryl Dr, Glendale, AZ 85302, United States",,,,,,,,,0,,,,,,,,,1,5,0
D,0.0,0.0,phoenix,NexGen Ventilation,+1 443-531-6209,,"15633 N Verde St, Surprise, AZ 85378, United States",,,,,,,,,0,,,,,,,,,1,5,0
D,0.0,0.0,phoenix,HVAC Wrangler,,,,,,,,,,,,0,,,,,,,,,1,5,0
D,0.0,0.0,phoenix,HVAC RNTL - Phoenix,+1 800-595-5950,https://www.hvacrntl.com/phoenix-az,"1450 W Rose Garden Ln, Phoenix, AZ 85027, United States",,,,,,,,,0,,,,,,,,,1,5,0
D,0.0,0.0,phoenix,AC Technician and Electronics repair and service centre,+92 336 6392324,,"Flat no 1 1st floor, AC Technician and Electronics repair and service centre, JS plaza, Civic centre, Airport Housing Society Sector 3 Airport Employees CHS, Rawalpindi, 46000, Pakistan",,,,,,,,,0,,,,,,,,,1,5,1
D,0.0,0.0,phoenix,Madina Auto Car AC,+92 301 9585556,,"Al-Madina auto workshop, Gulzar e Quaid, Rawalpindi, 44000, Pakistan",,,,,,,,,0,,,,,,,,,1,5,0
D,0.0,0.0,phoenix,A/C Service Quick Lube,,,"4245 N 7th Ave, Phoenix, AZ 85013, United States",,,,,,,,,0,,,,,,,,,1,5,0
D,0.0,0.0,phoenix,Electric & Air llc,,,"20009 W Roy Rogers Rd, Wittmann, AZ 85361, United States",,,,,,,,,0,,,,,,,,,1,5,0
A,84.68,44.68,phoenix,FH Air Conditioning,+1 480-389-2366,https://www.fhairconditioning.com,"3514 N Power Rd Ste 116, Mesa, AZ 85215, United States",John Michael Hardin,President,,,John Michael Hardin,John Michael Hardin,,calls_unanswered,5,An absolute nightmare to deal with. Does not keep appointments that he agrees to and blames it on the answering service claiming that he doesn't get messages. Then when he makes an appointment he doesn't show up. Not a contractor to rely on.,"I can’t express how profoundly frustrated and disappointed I am with FH Air. We had them come out and perform routine maintenance last year. We paid for a package that included two visits. Everything went well first visit. We had to cancel the second visit due to unforeseen circumstances and we never got around to rescheduling. I called 6/5 to set up the same package for this year. I was willing to pay the full price even though they still technically owe me a second visit from last year. They have an answering service and there is no way to speak to anyone in operations - red flag number one. I scheduled the appointment for Friday 6/14 between 3:00pm and 6:00pm. I asked for someone to call me in order to discuss options and pricing. I never received a call - red flag number two. Despite no follow up, I left work early to be home for the visit. No one showed - MAJOR red flag number three. I called them at 6:05pm and of course got the answering service. They noted my concern and we agreed someone would follow up. As of this morning, Wednesday 6/19, no call back received- red flag number four. I called them yet again this afternoon and I spoke to a representative with the answering service. I respectfully explained my experience and gave them one more opportunity to call me back today. I still have not received a call back - red flag number five. Needless to say, this is an unbelievably bad customer experience. FH Air ghosted me. They’ve lost a customer. I shouldn’t have to beg to give them my business. Definitely Do Not Recommend.",,,1,1,AssistantDial 24/7 AI Receptionist — every call answered,billing_or_intake_errors;booking_friction;calls_unanswered;followup_dropped;frontline_communication,188,4.2,7
B,59.12,17.12,phoenix,Ron Brocks Heating & Cooling,+1 623-939-9970,http://www.ronbrocks.com,,Ronald W. Brock,Owner,,,Ronald W. Brock,Ronald W. Brock,rbdispatcher@ronbrocks.com,calls_unanswered,2,Miss diagnosed the problem and had to pay $700 anyways. Quoted $700 to replace another parts but ok let's get it done. Weeks goes by with no communication and after I call to check in om told its $4K. after asking to talk to the tech that quoted 700 I never got a call for weeks again. Then they called back to schedule and was told its going to be $3k. This company has no idea who is doing what or what their own prices are. $4k i can replace the whole damn unit.,,,,1,,AssistantDial 24/7 AI Receptionist — every call answered,billing_or_intake_errors;calls_unanswered,112,3.8,35
B,58.49,18.49,phoenix,Desert Diamond Air Cooling & Heating,+1 623-246-2377,https://desertdiamondhvac.com/residential/air-conditioning-repair/?se_campaign=Google+My+Business+-+Clicked+to+Website,"16602 N 25th Ave, Phoenix, AZ 85023, United States",Carlo Salvatore Cardella,Owner,,,Carlo Salvatore Cardella,Carlo Salvatore Cardella,,frontline_communication,3,"UPDATE:

This breakdown is entirely new to me. In the video, your technician explicitly states that the part cost COULD BE LOWERED TO $555 IF we signed up for the PM plan. However, the invoice itself contains no itemized breakdown to support the pricing now being presented.

We also asked whether we could source the part ourselves at a lower cost and were told no. We were informed that the only way to receive any discount on the part was by enrolling in your program. While prior PMs may have been scheduled, no technician was on site during the original PM plan.

Additionally, the labor hours you’ve provided do not align with reality. I have this on video as well. The technician was on site for a total of 3.5 hours. At no point were we informed that we would be billed for time spent sourcing the part. Frankly, sourcing parts through your partners is generally understood to be part of your company’s responsibility, not an additional billable service, and if it is, it needs to be clearly stated as a charge.

If it was honest and transparent, as your breakdown showed me, I would have no issue. The problem lies with the technician going back and forth, not being transparent on charges and telling me a part I know the price of is over $500, and not providing a breakdown. If he said the part is roughly $100 and labor will be roughly $500, this would not have been an issue. But based on your breakdown, my invoice and what the tech said, that’s 3 different versions, so how can you not feel ripped off?

ORIGINAL:
I want to share my most recent experience with Diamond Air, because it went from great to completely unacceptable.

My first experience with Diamond Air was excellent. They were fair, transparent, and professional. Based on that, I signed up for their PM plan and scheduled my routine service check. No one ever showed up. When I called customer service, I was told there was “nothing they could do” because the year had expired. So much for the plan I paid for.

Recently, I called again due to a loud noise coming from my system. A technician came out and diagnosed a blower fan wheel issue. The part was extremely overpriced, but I was told it would be fixed the same day. The part was installed, but it was the wrong size and the noise was still there. I had the technician recheck it, and he confirmed it was incorrect and needed to be reordered, delaying the repair another day.

When I questioned the cost and asked for a breakdown of parts and labor, none was provided. The next day, the technician returned and told me the “correct” part was even more expensive, despite being the same part just a different size. I was told the higher price was actually a “discount” for the inconvenience. At that point, I had no real choice but to pay.

To make matters worse, I was never given a clear breakdown of charges. Everything was billed as a single lump sum. Given that technicians are paid commission, this lack of transparency is extremely concerning.

Between the missed PM service, incorrect parts, inflated pricing, delays, and refusal to provide itemized billing, I will never use Diamond Air again.

Never again. Stay away.",,,,1,,AssistantDial AI Receptionist — consistent frontline,billing_or_intake_errors;followup_dropped;frontline_communication,2496,4.9,4
B,57.82,15.82,phoenix,Chandler Air,+1 480-372-5008,https://www.chandlerair.com,"3250 N Colorado St, Chandler, AZ 85225, United States",Ryan Bond,Owner and Principal,https://www.linkedin.com/in/ryan-bond-b8903b1a/,,Ryan Bond,Ryan Bond,https://www.linkedin.com/in/ryan-bond-b8903b1a/,booking_friction,2,"I've used this family owned business in the past for AC service.  Sadly, they've merged with Penguin Air, and have lost their customer focus. I talked to 3 different people trying to get an appointment scheduled for same day service,  they refused to provide anything more than 9 hour window.  Canceled and promptly called another local family owned AC business and got 3 hour window for lower price.  These national companies are not focused on customer satisfaction,  only their own profit.",We paid a lot of money for a new HVAC system to be installed in our home. We had it done during the winter months so we would be ready for summer. Summer came around and so did the issues. We had to call them back out multiple times to come fix issues we were having with the house cooling. The upstairs still doesn’t cool right so we had another company come out to look. The original ductwork installation was wrong and Chandler Air isn’t interested in making it right. Now I’m paying another company to come fix it.,,,1,1,AssistantDial Appointment Booking + Calendar Sync,booking_friction;delivery_quality,988,4.9,4
B,55.07,13.07,phoenix,Semper Fi Heating and Cooling,+1 480-741-1440,https://www.semperfiheatingcooling.com,"1335 S Clearview Ave, Mesa, AZ 85209, United States",Jesse Keenan,Founder / Owner / CEO,https://www.linkedin.com/in/jesse-keenan-81a44b167/,,Jesse Keenan,Jesse Keenan,https://www.linkedin.com/in/jesse-keenan-81a44b167/,billing_or_intake_errors,1,"So I called Semper Fi and was quoted a price which included a crane fee, the salesman said they had to us one even though its a small ground unit, $300 added to the overall cost. The total bill was set at $12,500 and the next day the tech …",,,,,,AssistantDial structured call intake,billing_or_intake_errors,12410,4.8,2
B,54.64,11.64,phoenix,Five Star Air,+1 623-303-8644,https://fivestar-airconditioning.com,"2401 W Behrend Dr Unit 35, Phoenix, AZ 85027, United States",Tim Lime,Owner,,,Tim Lime;Daniel L Dumouchel,Tim Lime,,booking_friction,2,Over charged by 200.00 changed appointment 3 times. Then wanted to replace my wifi circuit for 1300. I can  get the same part for 300.00,,,,2,,AssistantDial Appointment Booking + Calendar Sync,billing_or_intake_errors;booking_friction,21,4.9,14
B,51.2,11.2,phoenix,Auto Air Conditioning Repair Shop,+1 602-370-2376,https://autoairconditioning.repair,"22275 S Scotland Ct Suite 104, Queen Creek, AZ 85142, United States",Louis Combs,Owner,,,Louis Combs,Louis Combs,service@autoairconditioning.repair,calls_unanswered,1,The word and unprofessional repair shop I have ever dealt with. I should have known when I called to try to make an appointment and never received a call back. So I drive down and drop my car off at 8 am the next day. I walk in the shop and …,,,,,,AssistantDial 24/7 AI Receptionist — every call answered,calls_unanswered,76,4.7,52
B,50.34,10.34,phoenix,Super Cool Services,+1 602-493-5200,https://supercoolaz.com,"728 E Desert Dr S, Phoenix, AZ 85042, United States",Jimmy Borbon,Owner,,,Jimmy Borbon,Jimmy Borbon,,hidden_subcontracting,1,They use subcontractors to do all the work not my type of business,,,,1,,,hidden_subcontracting,4,3,1
C,49.23,9.23,phoenix,AC Medics Hvac/Plumbing,+1 623-266-2660,https://phoenixacrepair.com,"1050 N Fairway Dr ste c 105, Avondale, AZ 85323, United States",David S. Douglas,Owner,,,David S. Douglas,David S. Douglas,,billing_or_intake_errors,1,No one came to my house! No service was performed. This company is trying to scam me with a bill that is false. Never had an appointment with this company. No one was at my house.,,,,,,AssistantDial structured call intake,billing_or_intake_errors,144,4.5,2
C,48.37,23.37,phoenix,Chandler Heating and Air Conditioning,+1 480-257-5647,,"928 N Alma School Rd, Chandler, AZ 85224, United States",,,,,,,,calls_unanswered,2,"I called two weeks ago and left a message requesting servicing of my air-conditioning. After waiting a week, I called back seven days later and spoke with a lady in the office. She said she'll get back with me today (five days later) and call me in the morning to schedule an appointment.  Never heard another word. After TWO (2) calls, I'm done! The obviously don't need the business!","I used them for around 10 years for several homes and multiple businesses.  Over the last 6 months they became increasingly hard to get to finiah work. Now have a warranty issue for the last 3 months and have been promised  service, no one showed. They just flat out lie, don't answer phone or return calls.",,,1,1,AssistantDial 24/7 AI Receptionist — every call answered,calls_unanswered;followup_dropped,12,3.7,5
C,41.33,16.33,phoenix,HVAC Near Me Repair and Installation of Fountain Hills,+1 602-962-0560,https://hvacnearme.today/service-areas/fountain-hills-arizona-hvac-services,"16930 E Palisades Blvd Ste 6, Fountain Hills, AZ 85268, United States",,,,,,,,,0,,,,,,,,,0,0.0,0
C,41.33,16.33,phoenix,Arizona EZ AC,+1 480-660-6604,https://azezac.com,,,,,,,,,,0,,,,,,,,,0,0.0,0
C,41.33,16.33,phoenix,AZ/AC and Heat,+1 480-318-2635,https://azacpro.com,,,,,,,,,,0,,,,,,,,,0,0.0,0
C,41.33,16.33,phoenix,Five Star Phoenix AC Repair,+1 480-666-6495,https://fivestarphoenixacrepair.com,"9001 W Coronado Rd, Phoenix, AZ 85037, United States",,,,,,,,,0,,,,,,,,,0,0.0,0
C,41.33,16.33,phoenix,"Sun Tech Air Conditioning, LLC",+1 602-900-3520,,,,,,,,,,,0,,,,,,,,,0,0.0,0
C,41.33,16.33,phoenix,All Metro Air Conditioning,+1 602-460-6602,https://allmetroairaz.com,,,,,,,,,,0,,,,,,,,,0,0.0,0
C,41.33,16.33,phoenix,San tan valley hvac llc,+1 623-521-8930,,,,,,,,,,,0,,,,,,,,,0,0.0,0
C,41.33,16.33,phoenix,Plumber Elite of Buckeye,+1 623-284-0885,https://plumberelitebuckeye.com,,,,,,,,,,0,,,,,,,,,0,0.0,0
C,41.33,16.33,phoenix,Plumber Elite of Goodyear,+1 623-284-1059,https://plumberelitegoodyear.com,,,,,,,,,,0,,,,,,,,,0,0.0,0
C,41.33,16.33,phoenix,HVAC Near Me Repair And Installation Of Gilbert,+1 480-956-3995,,"890 W Elliot Rd #101, Gilbert, AZ 85233, United States",,,,,,,,,0,,,,,,,,,0,0.0,0
C,41.33,16.33,phoenix,kandrrefrigeration,+1 480-892-7100,http://kandrrefrigeration.com,,,,,,,,,,0,,,,,,,,,0,0.0,0
C,41.33,16.33,phoenix,K and R Refrigeration,+1 480-892-7100,https://kandrrefrigeration.com,"514 E Campbell Ave, Gilbert, AZ 85234, United States",,,,,,,,,0,,,,,,,,,0,0.0,0
C,41.33,16.33,phoenix,More Than Air & Heating,+1 602-919-2703,,,,,,,,,,,0,,,,,,,,,0,0.0,0
C,41.33,16.33,phoenix,accurate energy,+1 602-327-1669,http://accurateenergymanagement.com,,,,,,,,,,0,,,,,,,,,0,0.0,0
C,41.33,16.33,phoenix,AC Air,+1 480-453-6445,,"1817 S Horne, Mesa, AZ 85204, United States",,,,,,,,,0,,,,,,,,,0,0.0,0
C,41.33,16.33,phoenix,AC REPAIRMEN Of Phoenix,+1 602-755-3804,https://acrepairmen.us,,,,,,,,,,0,,,,,,,,,0,0.0,0
C,41.33,16.33,phoenix,"1st Choice Heating, Air Conditioning, & Plumbing LLC",+1 623-764-1891,,,,,,,,,,,0,,,,,,,,,0,0.0,0
C,41.33,16.33,phoenix,"CDL Mechanical, LLC",+1 623-249-9028,https://cdlmechanical.com,,,,,,,,,,0,,,,,,,,,0,0.0,0
C,41.33,16.33,phoenix,"Air Force One Air Conditioning & Heating, LLC",+1 602-629-0286,https://www.airforce1az.com,,,,,,,,,,0,,,,,,,,,0,0.0,0
C,41.33,16.33,phoenix,Desert valley repair,+1 480-862-0304,http://www.desertvalleyrepair.com,,,,,,,,,,0,,,,,,,,,0,0.0,0
C,41.33,16.33,phoenix,More than Air and Heating.,+1 602-919-2703,,,,,,,,,,,0,,,,,,,,,0,0.0,0
C,41.33,16.33,phoenix,B3 Refrigeration,+1 480-629-5323,https://acservicerepairphoenix.com/contact,"2925 E Riggs Rd, Chandler, AZ 85249, United States",,,,,,,,,0,,,,,,,,,0,0.0,0
C,41.33,16.33,phoenix,Canyon Trails Mechanical LLC,+1 480-330-0234,https://www.canyontrailsmechanical.com,"17444 W Monroe St, Goodyear, AZ 85338, United States",,,,,,,,,0,,,,,,,,,0,0.0,0
C,41.33,16.33,phoenix,AIR DOCTORS LLC,+1 480-495-0636,https://azairdoctors.com/about-us/our-company,"7303 S 172nd St, Queen Creek, AZ 85142, United States",,,,,,,,,0,,,,,,,,,0,0.0,0
C,41.33,16.33,phoenix,Air Express Heating and Cooling LLC,+1 480-430-3431,http://airexpressaz.com,,,,,,,,,,0,,,,,,,,,0,0.0,0
C,41.33,16.33,phoenix,Zims Heating and Cooling LLC,+1 602-856-4155,https://www.instagram.com/zimsheatingandcoolingllc?igsh=cDBxaXpicmMzcjU1,,,,,,,,,,0,,,,,,,,,0,0.0,0
C,41.33,16.33,phoenix,SummerCold HVAC,+1 602-554-4367,http://www.summercoldhvac.com,,,,,,,,,,0,,,,,,,,,0,0.0,0
C,41.33,16.33,phoenix,William's Air Conditioning & Heating & Commercial Appliances,+1 602-549-9222,http://www.williamsairandheating.com,"9020 N 103rd Ave, Sun City, AZ 85351, United States",,,,,,,,,0,,,,,,,,,0,0.0,0
C,41.33,16.33,phoenix,Dr. AirCon Peoria,+1 623-253-3792,,,,,,,,,,,0,,,,,,,,,0,0.0,0
C,41.33,16.33,phoenix,Cooley's Comfort,+1 480-719-5000,https://www.cooleyscomfort.com,,,,,,,,,,0,,,,,,,,,0,0.0,0
C,41.33,16.33,phoenix,Sears Heating and Air Conditioning,+1 480-805-8063,https://www.searshomeservices.com/repair/hvac-repair-service?SID=1034718&phone=4808058063,"8684 E Raintree Dr #101, Scottsdale, AZ 85260, United States",,,,,,,,,0,,,,,,,,,0,0.0,0
C,41.33,16.33,phoenix,AC BY RAY LLC,+1 623-313-2772,,,,,,,,,,,0,,,,,,,,,0,0.0,0
C,41.33,16.33,phoenix,AC BY RAY LLC,+1 623-313-2772,,,,,,,,,,,0,,,,,,,,,0,0.0,0
C,41.33,16.33,phoenix,My HVAC Tech,+1 480-803-8338,https://www.instagram.com/my_hvactech,,,,,,,,,,0,,,,,,,,,0,0.0,0
C,41.33,16.33,phoenix,M&R Refrigeration,+1 602-346-6622,https://www.mandrrefrigeration.com,"17070 N 134th Dr, Surprise, AZ 85378, United States",,,,,,,,,0,,,,,,,,,0,0.0,0
C,41.33,16.33,phoenix,"Pro Solutions Air, Sun City",+1 623-233-0913,,,,,,,,,,,0,,,,,,,,,0,0.0,0
C,41.33,16.33,phoenix,Boldt HVAC & Repair Inc.,+1 623-340-1881,,,,,,,,,,,0,,,,,,,,,0,0.0,0
C,41.33,16.33,phoenix,Boldt HVAC & Repair INC.,+1 623-340-1881,,,,,,,,,,,0,,,,,,,,,0,0.0,0
C,41.33,16.33,phoenix,Mason Pro Services,+1 480-835-9928,https://masonproservices.com,"14415 N 73rd St #106, Scottsdale, AZ 85260, United States",,,,,,,,,0,,,,,,,,,0,0.0,0
C,41.33,16.33,phoenix,American Home Water and Air,+1 602-698-4432,https://americanhomewater.com,"7720 E Evans Rd Suite 211C, Scottsdale, AZ 85260, United States",,,,,,,,,0,,,,,,,,,0,0.0,0
C,41.33,16.33,phoenix,Hacienda Heating & Cooling,+1 602-390-6410,http://firebirdac.com,"2550 E Rose Garden Ln, Phoenix, AZ 85050, United States",,,,,,,,,0,,,,,,,,,0,0.0,0
C,41.33,16.33,phoenix,Tatem & Sons,+1 623-910-0452,https://www.facebook.com/profile.php?id=61555365332644&sk=about_contact_and_basic_info,,,,,,,,,,0,,,,,,,,,0,0.0,0
C,41.33,16.33,phoenix,"Air-Zona Air Conditioning, Heating & Ventilation L.L.C.",+1 623-244-8761,https://www.air-zona.net,,,,,,,,,,0,,,,,,,,,0,0.0,0
C,41.33,16.33,phoenix,Qual-Tech Air Conditioning And Heating,+1 623-234-3608,https://www.qualtechachtg.com,,,,,,,,,,0,,,,,,,,,0,0.0,0
C,41.33,16.33,phoenix,CW Air Conditioning & Heating,+1 480-473-7019,https://cwairconditioning.com/contact-us,"29170 Hayden Rd, Scottsdale, AZ 85266, United States",,,,,,,,,0,,,,,,,,,0,0.0,0
C,41.33,16.33,phoenix,Paladin MFG/Construction,+1 602-405-7726,http://paladinmfgconstruction.com,,,,,,,,,,0,,,,,,,,,0,0.0,0
C,41.33,16.33,phoenix,Masterful HVAC,+1 623-565-1119,http://www.masterfulhvac.com,,,,,,,,,,0,,,,,,,,,0,0.0,0
C,41.33,16.33,phoenix,J & G APPLIANCE REPAIR LLC,+1 480-520-9005,,"17470 N Pacesetter Way, Scottsdale, AZ 85255, United States",,,,,,,,,0,,,,,,,,,0,0.0,0
C,41.33,16.33,phoenix,Saguaro Mechanical Heating & Cooling,+1 480-587-3475,http://saguaroacmen.com,,,,,,,,,,0,,,,,,,,,0,0.0,0
C,41.33,16.33,phoenix,Critical Refrigeration Company,+1 602-456-7931,https://criticalrefrigerationco.com,,,,,,,,,,0,,,,,,,,,0,0.0,0
C,41.33,16.33,phoenix,Exhaust Hood Repair,+1 602-703-6125,https://mandrrefrigeration.com/about-us,"15723 West Dynamite Blvd, Surprise, AZ 85387, United States",,,,,,,,,0,,,,,,,,,0,0.0,0
C,41.33,16.33,phoenix,Masterful HVAC,+1 623-565-1119,http://masterfulhvac.com,,,,,,,,,,0,,,,,,,,,0,0.0,0
C,41.33,16.33,phoenix,Premium HVAC Phoenix Services,+1 480-999-1830,https://premiumhvacphoenixservices.com,"4437 N Central Ave, Phoenix, AZ 85012, United States",,,,,,,,,0,,,,,,,,,0,0.0,0
C,41.33,16.33,phoenix,Jamrac Mechanical,+1 480-316-8620,https://jamracmechanical.com/contact-us,"106 W Osborn Rd, Phoenix, AZ 85013, United States",,,,,,,,,0,,,,,,,,,0,0.0,0
C,41.33,16.33,phoenix,Hot N' Cold,+1 602-905-4009,http://hotncoldhvacaz.com,,,,,,,,,,0,,,,,,,,,0,0.0,0
C,41.33,16.33,phoenix,Hvac Repair Service Experts,+1 602-584-5977,,,,,,,,,,,0,,,,,,,,,0,0.0,0
C,41.33,16.33,phoenix,AC Medics N. 99th Ave.,+1 623-266-2660,https://phoenixacrepair.com,"13640 N 99th Ave #200, Sun City, AZ 85351, United States",,,,,,,,,0,,,,,,,,,0,0.0,0
C,41.33,16.33,phoenix,1st Choice Mechanical,+1 623-321-2515,https://1stchoicemechanicalaz.com/about-us,"22025 N 103rd Ln, Peoria, AZ 85383, United States",,,,,,,,,0,,,,,,,,,0,0.0,0
C,41.33,16.33,phoenix,Desert Air Conditioning LLC,+1 623-260-1187,https://masterrepairservicez.com,"2519 W Brookhart Way, Phoenix, AZ 85085, United States",,,,,,,,,0,,,,,,,,,0,0.0,0
C,38.0,13.0,phoenix,Mountain Peak Air LLC,+1 480-318-9341,https://mountainpeakair.com,,,,,,,,,,0,,,,,,,,,1,1,0
C,38.0,13.0,phoenix,FH Air Conditioning,+1 480-464-2030,https://www.fhairconditioning.com/contact,"16927 E Saguaro Blvd, Fountain Hills, AZ 85268, United States",,,,,,,,,0,,,,,,,,,1,1,1
C,38.0,13.0,phoenix,Paladin MFG/Construction,+1 602-405-7726,,,,,,,,,,,0,,,,,,,,,1,1,1
C,37.0,12.0,phoenix,Parker & Sons,+1 602-424-9619,https://www.parkerandsons.com,"3636 E Anne St A, Phoenix, AZ 85040, United States",,,,,,,,,0,,,,,,,,,34201,4.7,5
C,36.99,11.99,phoenix,Chas Roberts A/C & Plumbing,+1 602-560-6776,http://www.chasroberts.com,"8320 E Germann Rd, Queen Creek, AZ 85242, United States",,,,,,,,,0,,,,,,,,,99,2.8,8
C,36.05,11.05,phoenix,Goettl Air Conditioning and Plumbing - Phoenix AZ,+1 602-517-0039,https://www.goettl.com/location/phoenix-arizona,"4611 E Baseline Rd, Phoenix, AZ 85042, United States",,,,,,,,,0,,,,,,,,,14215,4.7,2
C,35.78,10.78,phoenix,Parker & Sons,+1 602-424-9622,https://www.parkerandsons.com,"12455 N 92nd Dr Bldg C, Peoria, AZ 85345, United States",,,,,,,,,0,,,,,,,,,7,2.3,4
C,35.62,10.62,phoenix,Sigler Wholesale,+1 623-388-5100,https://www.siglers.com,"9702 W Tonto St, Tolleson, AZ 85353, United States",,,,,,,,,0,,,,,,,,,52,3,29
C,35.41,10.41,phoenix,Kerry's Car Care,+1 623-939-9491,https://www.kerryscarcare.com/locations/az/glendale/auto-repair-4312-w-olive-ave,"4312 W Olive Ave, Glendale, AZ 85302, United States",,,,,,,,,0,,,,,,,,,1693,4.2,4
C,35.28,10.28,phoenix,"ACE Cooling, Heating, Plumbing and Electrical",+1 602-830-2365,https://acehomeaz.com/areas-served/phoenix-az,"5029 E Sunrise Dr, Phoenix, AZ 85044, United States",,,,,,,,,0,,,,,,,,,7014,4.7,2
C,35.23,10.23,phoenix,Firestone Complete Auto Care,+1 480-630-2703,https://www.firestonecompleteautocare.com/arizona/mesa/1553-s-crismon-rd/?cmp=oloc_google_localmaps_maps,"1553 S Crismon Rd, Mesa, AZ 85209, United States",,,,,,,,,0,,,,,,,,,574,3.9,3
C,35.2,10.2,phoenix,"Penguin Air, Plumbing & Electrical",+1 480-581-1976,https://www.penguinair.com,"3710 E University Dr #1, Phoenix, AZ 85034, United States",,,,,,,,,0,,,,,,,,,6522,4.7,2
C,35.16,10.16,phoenix,Firestone Complete Auto Care,+1 623-688-5539,https://www.firestonecompleteautocare.com/arizona/goodyear/15420-w-van-buren-st/?cmp=oloc_google_localmaps_maps,"15420 W Van Buren St, Goodyear, AZ 85338, United States",,,,,,,,,0,,,,,,,,,536,3.9,7
C,35.13,10.13,phoenix,Chas Roberts A/C & Duct,+1 623-385-3036,http://www.chasroberts.com,"4239 S Litchfield Rd, Goodyear, AZ 85338, United States",,,,,,,,,0,,,,,,,,,61,3.2,8
C,35.01,10.01,phoenix,George Brazil Air Conditioning & Heating,+1 602-649-1374,https://georgebrazilhvac.com,"2655 E Magnolia St #200, Phoenix, AZ 85034, United States",,,,,,,,,0,,,,,,,,,5439,4.7,4
C,34.98,9.98,phoenix,Firestone Complete Auto Care,+1 623-738-2671,https://www.firestonecompleteautocare.com/arizona/buckeye/1520-s-watson-rd/?cmp=oloc_google_localmaps_maps,"1520 S Watson Rd, Buckeye, AZ 85326, United States",,,,,,,,,0,,,,,,,,,841,4.1,5
C,34.96,9.96,phoenix,"Day & Night Air Conditioning, Heating, & Plumbing",+1 602-584-7758,https://www.dayandnightair.com,"3669 E La Salle St, Phoenix, AZ 85040, United States",,,,,,,,,0,,,,,,,,,9621,4.9,2
C,34.94,9.94,phoenix,Precision Air & Plumbing,+1 602-490-8566,http://precisionairandplumbing.com,"3045 N Colorado St Ste 3, Chandler, AZ 85225, United States",,,,,,,,,0,,,,,,,,,5138,4.7,2
C,34.92,9.92,phoenix,"Emergency Air Heating, Cooling and Plumbing",+1 602-926-0581,https://www.emergencyair.com,"4330 W Chandler Blvd #1, Chandler, AZ 85226, United States",,,,,,,,,0,,,,,,,,,6793,4.8,2
C,34.86,9.86,phoenix,Sears Heating and Air Conditioning,+1 623-250-7952,https://www.searshomeservices.com/repair/hvac-repair-service?SID=1033924&phone=6232507952,"8701 W McDowell Rd, Tolleson, AZ 85353, United States",,,,,,,,,0,,,,,,,,,3,2.3,2
C,34.83,9.83,phoenix,Meineke Car Care Center,+1 623-208-5871,https://www.meineke.com/locations/az/surprise-4338,"15494 W Bell Rd, Surprise, AZ 85374, United States",,,,,,,,,0,,,,,,,,,999,4.2,5
C,34.8,9.8,phoenix,AAMCO Transmissions & Total Car Care,+1 480-462-7063,http://www.aamcoqueencreek.com,"20767 E Maya Rd, Queen Creek, AZ 85142, United States",,,,,,,,,0,,,,,,,,,209,3.7,6
C,34.77,9.77,phoenix,Service Experts Tempe,+1 602-393-6964,https://www.serviceexperts.com/locations/service-experts-tempe,"2922 S Roosevelt St, Tempe, AZ 85282, United States",,,,,,,,,0,,,,,,,,,3221,4.6,4
C,34.62,9.62,phoenix,Hobaica Services,+1 602-675-8338,https://www.hobaica.com,"10636 N Cave Creek Rd, Phoenix, AZ 85020, United States",,,,,,,,,0,,,,,,,,,7088,4.9,2
C,34.53,9.53,phoenix,Brake Masters #223,+1 602-884-8454,https://www.brakemasters.com/stores/431-south-watson-rd-buckeye-az,"431 S Watson Rd, Buckeye, AZ 85326, United States",,,,,,,,,0,,,,,,,,,555,4.1,3
C,34.47,9.47,phoenix,"Maxon Air, LLC",+1 623-434-5182,http://maxonairllc.com,,,,,,,,,,0,,,,,,,,,45,3.3,6
C,34.42,9.42,phoenix,Ready Air Heating and Cooling,+1 480-699-1636,http://myreadyair.com,"2716 N Ogden Ste 105, Mesa, AZ 85215, United States",,,,,,,,,0,,,,,,,,,5,2.6,3
C,34.38,9.38,phoenix,George Brazil Plumbing & Electrical,+1 602-529-3749,https://georgebrazilplumbingelectrical.com,"3830 S 38th St, Phoenix, AZ 85040, United States",,,,,,,,,0,,,,,,,,,3050,4.7,2
C,34.35,9.35,phoenix,Firestone Complete Auto Care,+1 623-428-2068,https://www.firestonecompleteautocare.com/arizona/surprise/17038-w-bell-rd/?cmp=oloc_google_localmaps_maps,"17038 W Bell Rd, Surprise, AZ 85374, United States",,,,,,,,,0,,,,,,,,,641,4.2,5
C,34.26,9.26,phoenix,Alaskan Air Conditioning & Heating,+1 602-529-5555,https://www.alaskanac.com/phoenix-az/service-area/tempe-az-hvac-services,"2428 W Campus Dr, Tempe, AZ 85282, United States",,,,,,,,,0,,,,,,,,,2726,4.7,2
C,34.22,9.22,phoenix,Chas Roberts Air Conditioning and Plumbing,+1 602-328-5010,https://www.chasroberts.com,"9828 N 19th Ave, Phoenix, AZ 85021, United States",,,,,,,,,0,,,,,,,,,1432,4.5,5
C,34.21,9.21,phoenix,Arizona's Dukes of Air & Plumbing,+1 480-773-6565,https://www.serviceexperts.com/gilbert-az,"6938 E Parkway Norte, Mesa, AZ 85212, United States",,,,,,,,,0,,,,,,,,,4832,4.9,4
C,34.15,9.15,phoenix,Kerry's Car Care,+1 623-572-2727,https://www.kerryscarcare.com/locations/az/phoenix/auto-repair-25175-n-67th-ave,"25175 N 67th Ave, Phoenix, AZ 85083, United States",,,,,,,,,0,,,,,,,,,1819,4.6,4
C,34.12,9.12,phoenix,Sun Devil Auto,+1 480-498-7393,https://www.sundevilauto.com/locations/az/phoenix/auto-repair-5104-e-ray-rd,"5104 E Ray Rd, Phoenix, AZ 85044, United States",,,,,,,,,0,,,,,,,,,707,4.3,3
C,34.04,9.04,phoenix,Kerry's Car Care,+1 623-440-2922,https://www.kerryscarcare.com/locations/az/peoria/auto-repair-8294-w-lake-pleasant-pkwy,"8294 W Lake Pleasant Pkwy, Peoria, AZ 85382, United States",,,,,,,,,0,,,,,,,,,1208,4.5,4
C,33.92,8.92,phoenix,Meineke Car Care Center,+1 480-389-2204,https://www.meineke.com/locations/az/phoenix-4234,"4115 E Chandler Blvd, Phoenix, AZ 85044, United States",,,,,,,,,0,,,,,,,,,1076,4.5,2
C,33.82,8.82,phoenix,Greulich's Automotive Repair,+1 480-591-7868,https://www.greulichs.com/locations/az/surprise/auto-repair-16641-w-bell-rd,"16641 W Bell Rd, Surprise, AZ 85374, United States",,,,,,,,,0,,,,,,,,,1833,4.7,2
C,33.82,8.82,phoenix,Midas,+1 602-842-0875,https://www.midas.com/store/az/phoenix/39-east-southern-avenue-85040/?shopnum=1433,"39 E Southern Ave, Phoenix, AZ 85040, United States",,,,,,,,,0,,,,,,,,,726,4.4,4
C,33.81,8.81,phoenix,Howard Air Showroom & Design Center,+1 602-805-8215,https://howardair.com,"17855 N Black Cyn Hwy, Phoenix, AZ 85023, United States",,,,,,,,,0,,,,,,,,,3339,4.9,2
C,33.8,8.8,phoenix,PlumbSmart Plumbing Heating and Air,+1 480-654-8865,https://itsjustplumbsmart.com,"3010 E Main St Bldg 1, Mesa, AZ 85213, United States",,,,,,,,,0,,,,,,,,,3308,4.9,4
C,33.79,8.79,phoenix,Rainforest Plumbing & Air,+1 480-359-4513,https://rainforestplumbingandair.com/air-conditioning/ac-repair-in-phoenix-az,"1837 N Rosemont, Mesa, AZ 85205, United States",,,,,,,,,0,,,,,,,,,2418,4.8,2
C,33.79,8.79,phoenix,Sun Devil Auto,+1 480-646-4866,https://www.sundevilauto.com/locations/az/mesa/auto-repair-1932-n-power-rd,"1932 N Power Rd, Mesa, AZ 85205, United States",,,,,,,,,0,,,,,,,,,1304,4.6,3
C,33.76,8.76,phoenix,AC by J,+1 602-607-0943,https://acbyj.com,"7595 E Gray Rd #1, Scottsdale, AZ 85260, United States",,,,,,,,,0,,,,,,,,,2344,4.8,3
C,33.75,8.75,phoenix,Brakes Plus,+1 623-386-7568,https://www.brakesplus.com/stores/buckeye/az/0212/?storenum=0212,"1116 S Watson Rd, Buckeye, AZ 85326, United States",,,,,,,,,0,,,,,,,,,1262,4.6,4
C,33.72,8.72,phoenix,Sun Devil Auto,+1 480-761-3892,https://www.sundevilauto.com/locations/az/chandler/auto-repair-895b-e-chandler-blvd,"895B E Chandler Blvd, Chandler, AZ 85225, United States",,,,,,,,,0,,,,,,,,,898,4.5,24
C,33.71,8.71,phoenix,American Home Water & Air,+1 602-726-1448,https://americanhomewater.com,"2030 W Desert Cove Ave, Phoenix, AZ 85029, United States",,,,,,,,,0,,,,,,,,,3047,4.9,2
C,33.68,8.68,phoenix,"Rescue One Air Cooling, Heating & Plumbing",+1 602-536-9593,http://rescueoneair.com,"7910 S Kyrene Rd #101, Tempe, AZ 85284, United States",,,,,,,,,0,,,,,,,,,2947,4.9,2
C,33.67,8.67,phoenix,"Christian Brothers A/C, Plumbing & Electrical",+1 623-321-5741,https://cbrothers.com,"6827 W Belmont Ave, Glendale, AZ 85303, United States",,,,,,,,,0,,,,,,,,,2154,4.8,2
C,33.64,8.64,phoenix,Service Experts Tempe,+1 602-584-0109,https://www.serviceexperts.com/phoenix-az,"2922 S Roosevelt St, Tempe, AZ 85282, United States",,,,,,,,,0,,,,,,,,,2104,4.8,3
C,33.63,8.63,phoenix,Sun Devil Auto,+1 480-764-2497,https://www.sundevilauto.com/locations/az/tempe/auto-repair-1824-e-elliot-rd,"1824 E Elliot Rd, Tempe, AZ 85284, United States",,,,,,,,,0,,,,,,,,,1135,4.6,3
C,33.63,8.63,phoenix,Half Price Auto Repair & Performance,+1 623-848-1970,https://hpautorepair.com,"7329 W Indian School Rd, Phoenix, AZ 85033, United States",,,,,,,,,0,,,,,,,,,1539,4.7,5
C,33.62,8.62,phoenix,AAMCO Transmissions & Total Car Care,+1 480-359-1103,http://www.aamcoeastmesa.com,"2736 S Sossaman Rd, Mesa, AZ 85209, United States",,,,,,,,,0,,,,,,,,,447,4.3,4
C,33.62,8.62,phoenix,A/C & Plumbing Doctors,+1 602-767-1830,https://theacdoctors.com,"1394 N Farrell Ct, Gilbert, AZ 85233, United States",,,,,,,,,0,,,,,,,,,2798,4.9,2
C,33.58,8.58,phoenix,Rooter Hero Plumbing & Air of Phoenix,+1 480-351-0043,https://rooterhero.com/plumber-phoenix-az-plumbing-repair-service,"5424 S 40th St, Phoenix, AZ 85040, United States",,,,,,,,,0,,,,,,,,,1467,4.7,3
C,33.58,8.58,phoenix,Wilhelm Automotive,+1 623-526-9585,https://www.wilhelmautomotive.com/locations/az/surprise/auto-repair-14297-w-grand-ave,"14297 W Grand Ave, Surprise, AZ 85374, United States",,,,,,,,,0,,,,,,,,,1466,4.7,4
C,33.56,8.56,phoenix,AAA Chandler West Auto Repair Center,+1 602-230-3600,https://mwg.aaa.com/agent-office-locations/az/chandler/aaa-chandler-west-auto-repair-center,"6205 W Chandler Blvd, Chandler, AZ 85226, United States",,,,,,,,,0,,,,,,,,,227,4.1,2
C,33.56,8.56,phoenix,Greulich's Automotive Repair,+1 623-307-4172,https://www.greulichs.com/locations/az/avondale/auto-repair-1615-n-dysart-rd,"1615 N Dysart Rd, Avondale, AZ 85392, United States",,,,,,,,,0,,,,,,,,,1439,4.7,3
C,33.53,8.53,phoenix,Firestone Complete Auto Care,+1 602-842-6282,https://www.firestonecompleteautocare.com/arizona/phoenix/4301-e-thomas-rd/?cmp=oloc_google_localmaps_maps,"4301 E Thomas Rd, Phoenix, AZ 85018, United States",,,,,,,,,0,,,,,,,,,758,4.5,4
C,33.53,8.53,phoenix,Charles Roberts Air Conditioning,+1 480-385-3035,https://www.chasroberts.com,"Tempe, AZ 85288, United States",,,,,,,,,0,,,,,,,,,3,2.7,1
C,33.49,8.49,phoenix,Canyon State Service Experts,+1 602-844-4104,https://www.serviceexperts.com/surprise-az,"11560 N Dysart Rd Ste 116, Surprise, AZ 85379, United States",,,,,,,,,0,,,,,,,,,2502,4.9,4
C,33.49,8.49,phoenix,Greulich's Automotive Repair,+1 480-591-7276,https://www.greulichs.com/locations/az/peoria/auto-repair-10175-w-deer-valley-rd,"10175 W Deer Valley Rd, Peoria, AZ 85382, United States",,,,,,,,,0,,,,,,,,,1354,4.7,3
C,33.47,8.47,phoenix,"Tucker Hill Air, Plumbing and Electric",+1 480-591-2400,https://tuckerhillaz.com,"1553 W Elna Rae St #101, Tempe, AZ 85281, United States",,,,,,,,,0,,,,,,,,,1786,4.8,2
C,33.45,8.45,phoenix,Greulich's Automotive Repair,+1 480-674-3874,https://www.greulichs.com/locations/az/phoenix/auto-repair-10827-s-48th-st,"10827 S 48th St, Phoenix, AZ 85044, United States",,,,,,,,,0,,,,,,,,,1301,4.7,6
C,33.44,8.44,phoenix,Thomas Home Services,+1 480-790-8821,https://www.thomashomeservices.com,"3400 N Arizona Ave #106, Chandler, AZ 85225, United States",,,,,,,,,0,,,,,,,,,1287,4.7,2
C,33.43,8.43,phoenix,Trane Supply,+1 602-252-9100,https://www.tranesupply.com/store-locator/?query=tempe,"437 W Fairmont Dr, Tempe, AZ 85282, United States",,,,,,,,,0,,,,,,,,,32,3.5,18
C,33.42,8.42,phoenix,Sun Devil Auto,+1 623-887-4255,https://www.sundevilauto.com/locations/az/glendale/auto-repair-6750-w-bell-rd,"6750 W Bell Rd, Glendale, AZ 85308, United States",,,,,,,,,0,,,,,,,,,930,4.6,13
C,33.42,8.42,phoenix,Firestone Complete Auto Care,+1 623-239-4276,https://www.firestonecompleteautocare.com/arizona/peoria/8188-w-deer-valley-rd/?cmp=oloc_google_localmaps_maps,"8188 W Deer Valley Rd, Peoria, AZ 85382, United States",,,,,,,,,0,,,,,,,,,682,4.5,3
C,33.38,8.38,phoenix,Christian Brothers Automotive Litchfield Park,+1 623-343-1759,https://www.cbac.com/litchfield-park,"12337 W Camelback Rd, Litchfield Park, AZ 85340, United States",,,,,,,,,0,,,,,,,,,1217,4.7,3
C,33.38,8.38,phoenix,Firestone Complete Auto Care,+1 623-428-1928,https://www.firestonecompleteautocare.com/arizona/glendale/1124-thunderbird-st/?cmp=oloc_google_localmaps_maps,"1124 Thunderbird St, Glendale, AZ 85307, United States",,,,,,,,,0,,,,,,,,,356,4.3,7
C,33.36,8.36,phoenix,Sears Appliance Repair,+1 480-493-0403,https://www.searshomeservices.com/locations/az/gilbert/sears-appliance-repair/857-n-val-vista-dr-ste-101?SID=1034944&phone=4804930403,"857 N Val Vista Dr #101, Gilbert, AZ 85234, United States",,,,,,,,,0,,,,,,,,,189,4.1,8
C,33.36,8.36,phoenix,Kerry's Car Care,+1 480-998-1605,https://www.kerryscarcare.com/locations/az/scottsdale/auto-repair-8115-e-raintree-drive,"8115 E Raintree Dr, Scottsdale, AZ 85260, United States",,,,,,,,,0,,,,,,,,,877,4.6,5
C,33.36,8.36,phoenix,Sun Devil Auto,+1 480-674-4871,https://www.sundevilauto.com/locations/az/fountainhills/auto-repair-13226-n-la-montana-dr,"13226 N La Montana Dr, Fountain Hills, AZ 85268, United States",,,,,,,,,0,,,,,,,,,648,4.5,4
C,33.34,8.34,phoenix,Wilhelm Automotive,+1 623-526-9496,https://www.wilhelmautomotive.com/locations/az/goodyear/auto-repair-3900-s-estrella-parkway,"3900 Estrella Pkwy, Goodyear, AZ 85338, United States",,,,,,,,,0,,,,,,,,,1602,4.8,3
C,33.33,8.33,phoenix,Wilhelm Automotive,+1 623-526-2957,https://www.wilhelmautomotive.com/locations/az/peoria/auto-repair-9715-west-happy-valley-road,"9715 W Happy Valley Rd, Peoria, AZ 85383, United States",,,,,,,,,0,,,,,,,,,1581,4.8,2
C,33.33,8.33,phoenix,Semper Fi Heating and Cooling,+1 480-885-1999,https://www.semperfiheatingcooling.com/heating-cooling-peoria-az,"9720 W Peoria Ave #107, Peoria, AZ 85345, United States",,,,,,,,,0,,,,,,,,,1567,4.8,2
C,33.32,8.32,phoenix,Howard Air Service Center,+1 602-428-4239,https://howardair.com,"13235 N Cave Creek Rd, Phoenix, AZ 85022, United States",,,,,,,,,0,,,,,,,,,1151,4.7,2
C,33.29,8.29,phoenix,Firestone Complete Auto Care,+1 480-400-9027,https://www.firestonecompleteautocare.com/arizona/chandler/6944-w-chandler-blvd/?cmp=oloc_google_localmaps_maps,"6944 W Chandler Blvd, Chandler, AZ 85226, United States",,,,,,,,,0,,,,,,,,,607,4.5,2
C,33.28,8.28,phoenix,Sun Devil Auto,+1 480-591-7869,https://www.sundevilauto.com/locations/az/sunlakes/auto-repair-9716-e-riggs-rd,"9716 E Riggs Rd, Sun Lakes, AZ 85248, United States",,,,,,,,,0,,,,,,,,,822,4.6,3
C,33.28,8.28,phoenix,Wilhelm Automotive,+1 623-526-2886,https://www.wilhelmautomotive.com/locations/az/litchfieldpark/auto-repair-13973-w-indian-school-road,"13973 W Indian School Rd, Litchfield Park, AZ 85340, United States",,,,,,,,,0,,,,,,,,,1507,4.8,4
C,33.26,8.26,phoenix,Midas,+1 480-900-6170,https://www.midas.com/store/az/scottsdale/9550-n-90th-street-suite-a-2-85258/?shopnum=1394,"9550 N 90th St A-2, Scottsdale, AZ 85258, United States",,,,,,,,,0,,,,,,,,,590,4.5,3
C,33.24,8.24,phoenix,Greulich's Automotive Repair,+1 480-746-4315,https://www.greulichs.com/locations/az/buckeye/auto-repair-1145-s-watson-rd,"1145 S Watson Rd, Buckeye, AZ 85326, United States",,,,,,,,,0,,,,,,,,,580,4.5,4
C,33.23,8.23,phoenix,Sun Devil Auto,+1 480-697-5981,https://www.sundevilauto.com/locations/az/gilbert/auto-repair-6300-s-higley-rd,"6300 S Higley Rd, Gilbert, AZ 85298, United States",,,,,,,,,0,,,,,,,,,1061,4.7,3
C,33.22,8.22,phoenix,Brakes Plus,+1 623-214-1900,https://www.brakesplus.com/stores/surprise/az/0209/?storenum=0209,"16839 N Reems Rd, Surprise, AZ 85374, United States",,,,,,,,,0,,,,,,,,,1434,4.8,4
C,33.22,8.22,phoenix,Greulich's Automotive Repair,+1 480-764-3290,https://www.greulichs.com/locations/az/tempe/auto-repair-1750-e-elliot-rd,"1750 E Elliot Rd, Tempe, AZ 85284, United States",,,,,,,,,0,,,,,,,,,1044,4.7,3
C,33.22,8.22,phoenix,AAMCO Transmissions & Total Car Care,+1 602-737-3414,https://www.aamcophoenixlaveen.com,"6161 S 35th Ave, Phoenix, AZ 85041, United States",,,,,,,,,0,,,,,,,,,306,4.3,3
C,33.21,8.21,phoenix,Sun Devil Auto,+1 480-405-2363,https://www.sundevilauto.com/locations/az/scottsdale/auto-repair-7943-e-mcdowell-rd,"7943 E McDowell Rd, Scottsdale, AZ 85257, United States",,,,,,,,,0,,,,,,,,,763,4.6,13
C,33.21,8.21,phoenix,Wilhelm Automotive,+1 480-618-5489,https://www.wilhelmautomotive.com/locations/az/phoenix/auto-repair-5211-e-thomas-road,"5211 E Thomas Rd, Phoenix, AZ 85018, United States",,,,,,,,,0,,,,,,,,,1040,4.7,3
C,33.2,8.2,phoenix,Christian Brothers Automotive Goodyear,+1 623-632-0425,https://www.cbac.com/goodyear,"16800 W Yuma Rd, Goodyear, AZ 85338, United States",,,,,,,,,0,,,,,,,,,757,4.6,12
C,33.2,8.2,phoenix,Sun Devil Auto,+1 623-400-2614,https://www.sundevilauto.com/locations/az/surprise/auto-repair-16820-n-civic-center-dr,"16820 N Civic Center Dr, Surprise, AZ 85374, United States",,,,,,,,,0,,,,,,,,,1034,4.7,2
C,33.19,8.19,phoenix,Firestone Complete Auto Care,+1 480-400-8485,https://www.firestonecompleteautocare.com/arizona/scottsdale/7531-e-camelback-rd/?cmp=oloc_google_localmaps_maps,"7531 E Camelback Rd, Scottsdale, AZ 85251, United States",,,,,,,,,0,,,,,,,,,750,4.6,3
C,33.17,8.17,phoenix,Deer Valley Plumbing & Air Conditioning - Phoenix,+1 623-343-3077,https://www.deervalleyplumbing.com,"2411 W Lone Cactus Dr, Phoenix, AZ 85027, United States",,,,,,,,,0,,,,,,,,,1363,4.8,2
C,33.16,8.16,phoenix,Sun Devil Auto,+1 480-697-5857,https://www.sundevilauto.com/locations/az/scottsdale/auto-repair-8660-e-frank-lloyd-wright-blvd,"8660 E Frank Lloyd Wright Blvd, Scottsdale, AZ 85260, United States",,,,,,,,,0,,,,,,,,,730,4.6,4
C,33.15,8.15,phoenix,Meineke Car Care Center,+1 623-432-9307,https://www.meineke.com/locations/az/peoria-4350,"8880 W Bell Rd, Peoria, AZ 85382, United States",,,,,,,,,0,,,,,,,,,723,4.6,3
C,33.14,8.14,phoenix,AAA Scottsdale Auto Repair Center,+1 602-248-3700,https://mwg.aaa.com/agent-office-locations/az/scottsdale/aaa-scottsdale-auto-repair-center,"15509 Hayden Rd, Scottsdale, AZ 85260, United States",,,,,,,,,0,,,,,,,,,211,4.2,5
C,33.14,8.14,phoenix,Sun Devil Auto,+1 623-526-7943,https://www.sundevilauto.com/locations/az/suncitywest/auto-repair-13905-w-camino-del-sol,"13905 W Camino Del Sol, Sun City West, AZ 85375, United States",,,,,,,,,0,,,,,,,,,980,4.7,3
C,33.12,8.12,phoenix,Greulich's Automotive Repair,+1 480-761-2128,https://www.greulichs.com/locations/az/chandler/auto-repair-1985-s-alma-school-rd,"1985 S Alma School Rd, Chandler, AZ 85286, United States",,,,,,,,,0,,,,,,,,,1305,4.8,3
C,33.12,8.12,phoenix,Brakes Plus,+1 480-616-0010,https://www.brakesplus.com/stores/gilbert/az/0203/?storenum=0203,"6340 S Higley Rd, Gilbert, AZ 85298, United States",,,,,,,,,0,,,,,,,,,1777,4.9,3
C,33.12,8.12,phoenix,Wilhelm Automotive,+1 623-400-8209,https://www.wilhelmautomotive.com/locations/az/peoria/auto-repair-8245-grand-ave,"8245 W Grand Ave, Peoria, AZ 85345, United States",,,,,,,,,0,,,,,,,,,1313,4.8,3
C,33.09,8.09,phoenix,Efficient Air HVAC & Energy Solutions,+1 623-882-8390,https://myefficientair.com,"1503 South 175th Drive, Goodyear, AZ 85338, United States",,,,,,,,,0,,,,,,,,,1264,4.8,4
C,33.08,8.08,phoenix,Sun Devil Auto,+1 480-725-7103,https://www.sundevilauto.com/locations/az/queencreek/auto-repair-21430-s-ellsworth-rd,"21430 S Ellsworth Rd, Queen Creek, AZ 85142, United States",,,,,,,,,0,,,,,,,,,674,4.6,3
C,33.07,8.07,phoenix,"We Fix It Home Services, LLC",+1 480-698-0123,https://www.wefixitazair.com,"750 E Gila Blvd, Florence, AZ 85132, United States",,,,,,,,,0,,,,,,,,,1683,4.9,2
C,33.04,8.04,phoenix,"Any Hour Services - Electric, Plumbing, Heating & Air",+1 602-609-7184,https://anyhourservices.com/arizona,"3415 W Northern Ave, Phoenix, AZ 85051, United States",,,,,,,,,0,,,,,,,,,1646,4.9,2
C,33.03,8.03,phoenix,Pep Boys Auto Service & Tires,+1 480-500-6131,https://www.pepboys.com/stores/az/scottsdale/11478-e-sahuaro-dr?Cid=gbp_appt_AN%3APB%7CPB%3AG%7CTT%3AGBP%7CCG%3ACONVERSION%7CCD%3ASERVICE,"11478 E Sahuaro Dr, Scottsdale, AZ 85259, United States",,,,,,,,,0,,,,,,,,,350,4.4,6
C,33.03,8.03,phoenix,Greulich's Automotive Repair,+1 480-746-7587,https://www.greulichs.com/locations/az/glendale/auto-repair-5208-w-bell-rd,"5208 W Bell Rd, Glendale, AZ 85308, United States",,,,,,,,,0,,,,,,,,,875,4.7,4
C,32.99,7.99,phoenix,Greulich's Automotive Repair,+1 480-764-2649,https://www.greulichs.com/locations/az/scottsdale/auto-repair-8423-east-butherus-drive-110,"8423 E Butherus Dr #110, Scottsdale, AZ 85260, United States",,,,,,,,,0,,,,,,,,,850,4.7,14
C,32.98,7.98,phoenix,Big O Tires,+1 480-900-4751,https://www.bigotires.com/location/az/phoenix/15625-s-desert-foothills-pkwy-85048/004221,"15625 S Desert Foothills Pkwy, Phoenix, AZ 85048, United States",,,,,,,,,0,,,,,,,,,837,4.7,4
C,32.98,7.98,phoenix,Sun Devil Auto,+1 480-764-2185,https://www.sundevilauto.com/locations/az/scottsdale/auto-repair-8919-e-san-victor-dr,"8919 E San Victor Dr, Scottsdale, AZ 85258, United States",,,,,,,,,0,,,,,,,,,615,4.6,6
C,32.96,7.96,phoenix,Brakes Plus,+1 480-565-1060,https://www.brakesplus.com/stores/phoenix/az/0215/?storenum=0215,"1840 W Happy Valley Rd, Phoenix, AZ 85085, United States",,,,,,,,,0,,,,,,,,,1528,4.9,2
C,32.92,7.92,phoenix,AZ Home Services Group AC Repair & Plumbing Services,+1 602-806-7212,https://azhomeservices.group,"1331 E Carmen St, Tempe, AZ 85283, United States",,,,,,,,,0,,,,,,,,,1477,5,2
C,32.92,7.92,phoenix,Greulich's Automotive Repair,+1 480-591-7168,https://www.greulichs.com/locations/az/scottsdale/auto-repair-10301-n-scottsdale-rd,"10301 N Scottsdale Rd, Scottsdale, AZ 85253, United States",,,,,,,,,0,,,,,,,,,1090,4.8,2
C,32.92,7.92,phoenix,Scottsdale Air Heating & Cooling,+1 602-834-5334,https://scottsdaleair.com,"722 S Perry Ln, Tempe, AZ 85288, United States",,,,,,,,,0,,,,,,,,,1467,4.9,2
C,32.91,7.91,phoenix,Sun Devil Auto,+1 480-618-5429,https://www.sundevilauto.com/locations/az/chandler/auto-repair-5855-w-ray-rd,"5855 W Ray Rd, Chandler, AZ 85226, United States",,,,,,,,,0,,,,,,,,,788,4.7,4
C,32.89,7.89,phoenix,Greulich's Automotive Repair,+1 480-790-8268,https://www.greulichs.com/locations/az/mesa/auto-repair-2930-s-alma-school-rd,"2930 S Alma School Rd, Mesa, AZ 85210, United States",,,,,,,,,0,,,,,,,,,1057,4.8,2
C,32.88,7.88,phoenix,Ferguson HVAC Supply,+1 623-474-7200,https://www.ferguson.com/store/az/phoenix/hvac-1401,"6652 W Buckeye Rd, Phoenix, AZ 85043, United States",,,,,,,,,0,,,,,,,,,90,4,66
C,32.87,7.87,phoenix,Greulich's Automotive Repair,+1 480-764-2494,https://www.greulichs.com/locations/az/mesa/auto-repair-9125-e-guadalupe-rd,"9125 E Guadalupe Rd, Mesa, AZ 85212, United States",,,,,,,,,0,,,,,,,,,559,4.6,6
C,32.85,7.85,phoenix,Mason Pro Services,+1 480-835-9928,https://masonproservices.com,"2200 N Arizona Ave #18, Chandler, AZ 85225, United States",,,,,,,,,0,,,,,,,,,1380,4.9,2
C,32.84,7.84,phoenix,Sears Appliance Repair,+1 480-630-2284,https://www.searshomeservices.com/locations/az/goodyear/sears-appliance-repair/13277-w-mcdowell-rd-ste-101?SID=1034019&phone=4806302284,"13277 W McDowell Rd #101, Goodyear, AZ 85395, United States",,,,,,,,,0,,,,,,,,,295,4.4,16
C,32.83,7.83,phoenix,Sears Appliance Repair,+1 480-493-0391,https://www.searshomeservices.com/locations/az/chandler/sears-appliance-repair/2100-s-gilbert-rd-ste-7?SID=1034184&phone=4804930391,"2100 S Gilbert Rd Ste 7, Chandler, AZ 85286, United States",,,,,,,,,0,,,,,,,,,291,4.4,5
C,32.83,7.83,phoenix,North Valley Mechanical HVAC & Plumbing,+1 602-975-4247,https://northvalleymechanical.com,"2110 W Greenway Rd, Phoenix, AZ 85023, United States",,,,,,,,,0,,,,,,,,,1352,4.9,4
C,32.82,7.82,phoenix,Firestone Complete Auto Care,+1 480-304-8166,https://www.firestonecompleteautocare.com/arizona/scottsdale/6915-n-pima-rd/?cmp=oloc_google_localmaps_maps,"6915 N Pima Rd, Scottsdale, AZ 85250, United States",,,,,,,,,0,,,,,,,,,392,4.5,2
C,32.79,7.79,phoenix,Christian Brothers Automotive Buckeye,+1 623-304-9467,https://www.cbac.com/buckeye,"23385 W Yuma Rd, Buckeye, AZ 85326, United States",,,,,,,,,0,,,,,,,,,959,4.8,3
C,32.78,7.78,phoenix,Mountain Peak Air,+1 480-568-2679,http://mountainpeakair.com,,,,,,,,,,0,,,,,,,,,1295,5,12
C,32.78,7.78,phoenix,Pep Boys Auto Service & Tires,+1 480-485-3697,https://www.pepboys.com/stores/az/scottsdale/6828-e-thomas-rd?Cid=gbp_appt_AN%3APB%7CPB%3AG%7CTT%3AGBP%7CCG%3ACONVERSION%7CCD%3ASERVICE,"6828 E Thomas Rd, Scottsdale, AZ 85251, United States",,,,,,,,,0,,,,,,,,,514,4.6,2
C,32.77,7.77,phoenix,Brakes Plus,+1 480-977-1280,https://www.brakesplus.com/stores/goodyear/az/0217/?storenum=0217,"760 N Estrella Pkwy, Goodyear, AZ 85338, United States",,,,,,,,,0,,,,,,,,,941,4.8,4
C,32.77,7.77,phoenix,B & M Muffler & Complete Auto Repair,+1 623-936-4165,http://bmmuffler.com,"9404 W Van Buren St, Tolleson, AZ 85353, United States",,,,,,,,,0,,,,,,,,,375,4.5,2
C,32.75,7.75,phoenix,Christian Brothers Automotive Ocotillo,+1 480-725-0707,https://www.cbac.com/ocotillo,"290 E Ocotillo Rd, Chandler, AZ 85249, United States",,,,,,,,,0,,,,,,,,,926,4.8,7
C,32.75,7.75,phoenix,Greulich's Automotive Repair,+1 480-746-3989,https://www.greulichs.com/locations/az/phoenix/auto-repair-1775-w-happy-valley-rd,"1775 W Happy Valley Rd, Phoenix, AZ 85085, United States",,,,,,,,,0,,,,,,,,,927,4.8,5
C,32.72,7.72,phoenix,"1st Choice Plumbing, Air & Insulation",+1 623-292-3697,https://1stchoicemechanicalaz.com/air-conditioning-phoenix-az,"23309 N 17th Dr Ste 116, Phoenix, AZ 85027, United States",,,,,,,,,0,,,,,,,,,1219,4.9,2
C,32.68,7.68,phoenix,Greulich's Automotive Repair,+1 480-790-6166,https://www.greulichs.com/locations/az/queencreek/auto-repair-18704-east-rittenhouse-road,"18704 E Rittenhouse Rd, Queen Creek, AZ 85142, United States",,,,,,,,,0,,,,,,,,,874,4.8,12
C,32.67,7.67,phoenix,Integrity A/C Auto Climas LLC,+1 602-475-1026,https://www.facebook.com/Integrity-AC-Auto-Climas-339210629620745/?fref=ts,"2215 N 35th Ave, Phoenix, AZ 85009, United States",,,,,,,,,0,,,,,,,,,252,4.4,6
C,32.66,7.66,phoenix,K&R Refrigeration,+1 480-892-7100,https://kandrrefrigeration.com,,,,,,,,,,0,,,,,,,,,1159,5,52
C,32.66,7.66,phoenix,Gemba Automotive,+1 480-520-3784,https://www.gembaautomotive.com/mesa-broadway-location,"2035 W Broadway Rd, Mesa, AZ 85202, United States",,,,,,,,,0,,,,,,,,,627,4.7,2
C,32.66,7.66,phoenix,Firestone Complete Auto Care,+1 480-900-6013,https://www.firestonecompleteautocare.com/arizona/scottsdale/9396-n-90th-st/?cmp=oloc_google_localmaps_maps,"9396 N 90th St, Scottsdale, AZ 85258, United States",,,,,,,,,0,,,,,,,,,627,4.7,2
C,32.64,7.64,phoenix,Greulich's Automotive Repair,+1 480-746-7797,https://www.greulichs.com/locations/az/fountainhills/auto-repair-17150-east-shea-boulevard,"17150 E Shea Blvd, Fountain Hills, AZ 85268, United States",,,,,,,,,0,,,,,,,,,841,4.8,3
C,32.63,7.63,phoenix,Christian Brothers Automotive Mesa Gateway,+1 480-741-1817,https://www.cbac.com/mesa-gateway,"5627 S Power Rd, Mesa, AZ 85212, United States",,,,,,,,,0,,,,,,,,,613,4.7,2
C,32.58,7.58,phoenix,Firestone Complete Auto Care,+1 480-400-9044,https://www.firestonecompleteautocare.com/arizona/queen-creek/21443-s-ellsworth-rd/?cmp=oloc_google_localmaps_maps,"21443 S Ellsworth Rd, Queen Creek, AZ 85142, United States",,,,,,,,,0,,,,,,,,,425,4.6,2
C,32.58,7.58,phoenix,AAMCO Transmissions & Total Car Care,+1 602-702-5404,http://www.aamcoglendalearrowhead.com,"6033 W Bell Rd, Glendale, AZ 85308, United States",,,,,,,,,0,,,,,,,,,315,4.5,6
C,32.57,7.57,phoenix,Paragon Service Pros Heating and Air Conditioning,+1 480-999-9725,https://ppc.paragonservicepros.com/ac-repair-services-east-valley,"22275 S Scotland Ct Ste 106, Queen Creek, AZ 85142, United States",,,,,,,,,0,,,,,,,,,1061,4.9,4
C,32.56,7.56,phoenix,All Valley Car Care,+1 623-243-6206,https://allvalleycarcare.com,"11541 W Bell Rd Ste. 107, Surprise, AZ 85378, United States",,,,,,,,,0,,,,,,,,,777,4.8,3
C,32.53,7.53,phoenix,"Olive Air, Heating & AC Repair",+1 602-878-6394,https://oliveairandheating.com,"1873 S Colt Dr, Gilbert, AZ 85295, United States",,,,,,,,,0,,,,,,,,,1034,4.9,2
C,32.53,7.53,phoenix,American Refrigeration Supplies Inc (ARS),+1 623-878-1822,http://arsnet.com,"9700 N 91st Ave Suites 108 & 110, Peoria, AZ 85345, United States",,,,,,,,,0,,,,,,,,,26,3.7,18
C,32.52,7.52,phoenix,Sears Heating and Air Conditioning,+1 480-716-7463,https://www.searshomeservices.com/repair/hvac-repair-service?SID=1033926&phone=4807167463,"1445 S Power Rd, Mesa, AZ 85206, United States",,,,,,,,,0,,,,,,,,,3,3,2
C,32.45,7.45,phoenix,"Rescue One Air Cooling, Heating & Plumbing",+1 602-584-9965,https://rescueoneair.com/area/phoenix-plumbers,"3826 E Illini St, Phoenix, AZ 85040, United States",,,,,,,,,0,,,,,,,,,515,4.7,5
C,32.42,7.42,phoenix,AC Repair Near Me,+1 602-780-7100,https://acrepairnearme.services,"77 W Chicago St Unit 4, Chandler, AZ 85225, United States",,,,,,,,,0,,,,,,,,,935,5,52
C,32.42,7.42,phoenix,AAA Surprise Auto Repair Center,+1 623-209-0120,https://mwg.aaa.com/agent-office-locations/az/surprise/aaa-surprise-auto-repair-center,"13020 W Bell Rd, Surprise, AZ 85378, United States",,,,,,,,,0,,,,,,,,,148,4.3,7
C,32.41,7.41,phoenix,AAA Paradise Valley Auto Repair Center,+1 602-230-3200,https://mwg.aaa.com/agent-office-locations/az/phoenix/aaa-paradise-valley-auto-repair-center,"15439 N 40th St, Phoenix, AZ 85032, United States",,,,,,,,,0,,,,,,,,,198,4.4,3
C,32.4,7.4,phoenix,"Air-zona Air Conditioning, Heating & Ventilation L.L.C.",+1 602-584-5439,https://www.air-zona.net,"9299 W Olive Ave Ste 202, Peoria, AZ 85345, United States",,,,,,,,,0,,,,,,,,,909,4.9,2
C,32.38,7.38,phoenix,AZ Home Services Group of Queen Creek,+1 480-223-1181,https://azhomeservices.group/service-areas/queen-creek-arizona-air-conditioner-plumbing-services,"23010 S 208th St, Queen Creek, AZ 85142, United States",,,,,,,,,0,,,,,,,,,899,5,2
C,32.38,7.38,phoenix,Sears Appliance Repair,+1 602-353-7532,https://www.searshomeservices.com/locations/az/phoenix/sears-appliance-repair/10001-n-metro-parkway-w?SID=1588&phone=6023537532,"10001 N Metro Pkwy W, Phoenix, AZ 85051, United States",,,,,,,,,0,,,,,,,,,141,4.3,7
C,32.37,7.37,phoenix,Aristotle Air Conditioning & Heating,+1 602-825-3317,https://aristotleair.com,"7318 S 89th Pl Ste 110, Mesa, AZ 85212, United States",,,,,,,,,0,,,,,,,,,649,4.8,3
C,32.37,7.37,phoenix,Greulich's Automotive Repair,+1 480-790-6458,https://www.greulichs.com/locations/az/buckeye/auto-repair-19547-w-indian-school-rd,"19547 W Indian School Rd, Buckeye, AZ 85396, United States",,,,,,,,,0,,,,,,,,,477,4.7,4
C,32.36,7.36,phoenix,Anthony's Plumbing,+1 623-936-5400,https://www.dayandnightair.com/anthonysplumbing,"1201 N 54th Ave #127, Phoenix, AZ 85043, United States",,,,,,,,,0,,,,,,,,,645,4.8,3
C,32.34,7.34,phoenix,Half Price Auto Repair & Performance,+1 602-935-3551,https://hpautorepair.com,"15812 N 32nd St A-1, Phoenix, AZ 85032, United States",,,,,,,,,0,,,,,,,,,865,4.9,2
C,32.32,7.32,phoenix,Greulich's Automotive Repair,+1 480-790-6285,https://www.greulichs.com/locations/az/goodyear/auto-repair-16460-w-yuma-rd,"16460 W Yuma Rd, Goodyear, AZ 85338, United States",,,,,,,,,0,,,,,,,,,628,4.8,2
C,32.28,7.28,phoenix,Faith Works Automotive,+1 480-897-1010,http://www.faithworksauto.com/Alma-School-and-Guadalupe,"2855 S Alma School Rd Unit 101, Mesa, AZ 85210, United States",,,,,,,,,0,,,,,,,,,600,4.8,5
C,32.28,7.28,phoenix,B & H AUTO REPAIR,+1 480-288-0511,,"455 S Meridian Rd, Apache Junction, AZ 85120, United States",,,,,,,,,0,,,,,,,,,439,4.7,3
C,32.27,7.27,phoenix,All Valley Car Care,+1 480-497-4787,https://allvalleycarcare.com,"1655 W Guadalupe Rd Ste. 101, Gilbert, AZ 85233, United States",,,,,,,,,0,,,,,,,,,436,4.7,4
C,32.24,7.24,phoenix,A/C Rangers Heating & Cooling,+1 480-818-4772,https://www.acrangers.com,"451 E Juanita Ave Ste 19 - 21, Mesa, AZ 85204, United States",,,,,,,,,0,,,,,,,,,787,4.9,4
C,32.24,7.24,phoenix,Sun Devil Auto,+1 623-263-3042,https://www.sundevilauto.com/locations/az/goodyear/auto-repair-13850-w-test-dr,"13850 W Test Dr, Goodyear, AZ 85338, United States",,,,,,,,,0,,,,,,,,,426,4.7,2
C,32.23,7.23,phoenix,One Hour Air Conditioning & Heating of Scottsdale,+1 480-907-3938,https://www.onehourheatandair.com/scottsdale,"124 W Orion St Ste F8, Tempe, AZ 85283, United States",,,,,,,,,0,,,,,,,,,575,4.8,12
C,32.22,7.22,phoenix,Half Price Auto Repair & Performance,+1 480-686-8125,https://hpautorepair.com,"3800 N 7th St, Phoenix, AZ 85014, United States",,,,,,,,,0,,,,,,,,,770,4.9,2
C,32.17,7.17,phoenix,Emergency Master Plumbing & Air,+1 623-584-4706,https://emergencymasterplumbingair.com,"16200 N 154th Dr, Surprise, AZ 85374, United States",,,,,,,,,0,,,,,,,,,733,4.9,2
C,32.16,7.16,phoenix,Half Price Auto Repair & Performance,+1 602-888-2277,https://hpautorepair.com,"9666 N Cave Creek Rd, Phoenix, AZ 85020, United States",,,,,,,,,0,,,,,,,,,538,4.8,3
C,32.13,7.13,phoenix,Greulich's Automotive Repair,+1 480-790-6329,https://www.greulichs.com/locations/az/chandler/auto-repair-4995-s-arizona-ave,"4995 S Arizona Ave, Chandler, AZ 85248, United States",,,,,,,,,0,,,,,,,,,523,4.8,12
C,32.12,7.12,phoenix,Brakes Plus,+1 623-219-4434,https://www.brakesplus.com/stores/litchfield-park/az/0223/?storenum=0223,"19339 W Indian School Rd, Litchfield Park, AZ 85340, United States",,,,,,,,,0,,,,,,,,,703,4.9,3
C,32.12,7.12,phoenix,All Valley Car Care,+1 623-979-6441,https://allvalleycarcare.com,"10675 N 67th Ave, Glendale, AZ 85304, United States",,,,,,,,,0,,,,,,,,,280,4.6,53
C,32.11,7.11,phoenix,Champion Air,+1 480-681-7470,https://championair.com/service-area/scottsdale,"8989 E Vía Linda #117A, Scottsdale, AZ 85258, United States",,,,,,,,,0,,,,,,,,,696,4.9,2
C,32.08,7.08,phoenix,Sears Heating and Air Conditioning,+1 480-805-5688,https://www.searshomeservices.com/repair/hvac-repair-service?SID=2678&phone=4808055688,"3175 W Chandler Blvd, Chandler, AZ 85226, United States",,,,,,,,,0,,,,,,,,,2,3,2
C,32.08,7.08,phoenix,SSC Auto Repair,+1 480-988-3001,http://www.sscautorepair.com,"18214 E Williams Field Rd, Gilbert, AZ 85295, United States",,,,,,,,,0,,,,,,,,,272,4.6,12
C,32.08,7.08,phoenix,Honest HVAC Installation & Repair,+1 623-304-5895,https://honesthvaccompany.com/tempe-ac-installation-repair,"64 E Broadway Rd 200, Suite 101 B33, Tempe, AZ 85282, United States",,,,,,,,,0,,,,,,,,,2,3,0
C,32.08,7.08,phoenix,Super Cool Services,+1 602-304-1300,https://supercoolaz.com,"3401 E Thomas Rd G, Phoenix, AZ 85018, United States",,,,,,,,,0,,,,,,,,,2,3,1
C,32.07,7.07,phoenix,San Tan A/C Comfort Pros,+1 480-840-5084,,,,,,,,,,,0,,,,,,,,,672,5,12
C,31.97,6.97,phoenix,Around the Clock Plumbing,+1 480-962-9326,,"2134 E Evergreen St, Mesa, AZ 85213, United States",,,,,,,,,0,,,,,,,,,39,4,25
C,31.95,6.95,phoenix,Efficient Air HVAC & Energy Solutions,+1 623-882-8390,https://myefficientair.com/buckeye-hvac-services,"1957 N 199th Ave, Buckeye, AZ 85326, United States",,,,,,,,,0,,,,,,,,,444,4.8,2
C,31.94,6.94,phoenix,HVAC Near Me,+1 602-932-0124,https://hvacnearme.today,"947 W Redwood Dr, Chandler, AZ 85248, United States",,,,,,,,,0,,,,,,,,,600,5,52
C,31.91,6.91,phoenix,AZ Home Services Group AC Repair & Plumbing Services of Fountain Hills,+1 480-493-1352,https://azhomeservices.group/service-areas/fountain-hills-arizona-air-conditioner-plumbing-services,"16930 E Palisades Blvd #100, Fountain Hills, AZ 85268, United States",,,,,,,,,0,,,,,,,,,581,5,12
C,31.9,6.9,phoenix,Mountainside Air Conditioning Repair,+1 480-914-3425,https://mountainsideair.com/ac-repair-phoenix-az,"2501 W Behrend Dr Ste b-27, Phoenix, AZ 85027, United States",,,,,,,,,0,,,,,,,,,574,5,2
C,31.83,6.83,phoenix,Suttle Air,+1 602-492-6620,https://suttleair.com,"180 N Pecan Ct, Gilbert, AZ 85234, United States",,,,,,,,,0,,,,,,,,,541,4.9,2
C,31.82,6.82,phoenix,Sears Appliance Repair,+1 480-725-1241,https://www.searshomeservices.com/locations/az/mesa/sears-appliance-repair/6515-e-southern-ave?SID=1033372&phone=4807251241,"6515 E Southern Ave, Mesa, AZ 85206, United States",,,,,,,,,0,,,,,,,,,214,4.6,5
C,31.81,6.81,phoenix,Pro Solutions Air,+1 623-232-8425,https://prosolutionsair.com,"28535 N 173rd Ave, Surprise, AZ 85387, United States",,,,,,,,,0,,,,,,,,,287,4.7,2
C,31.81,6.81,phoenix,Phoenix Air Dynamics,+1 602-621-3797,,,,,,,,,,,0,,,,,,,,,18,3.8,8
C,31.8,6.8,phoenix,Efficient Air HVAC & Energy Solutions,+1 623-882-8390,http://myefficientair.com,"9860 Estrella Pkwy #B-100, Goodyear, AZ 85338, United States",,,,,,,,,0,,,,,,,,,526,4.9,12
C,31.75,6.75,phoenix,Sun Devil Heating & Cooling,+1 602-466-1932,http://www.sundevilaz.com,,,,,,,,,,0,,,,,,,,,272,4.7,13
C,31.75,6.75,phoenix,A-1 Heating & Cooling Inc,+1 602-944-0080,https://www.a1coolingheating.com,"11020 N 15th St, Phoenix, AZ 85020, United States",,,,,,,,,0,,,,,,,,,5,3.4,1
C,31.74,6.74,phoenix,American Refrigeration Supplies Inc (ARS),+1 602-944-9681,http://arsnet.com,"2135 W Mountain View Rd, Phoenix, AZ 85021, United States",,,,,,,,,0,,,,,,,,,17,3.8,13
C,31.73,6.73,phoenix,Gemba Automotive,+1 480-771-9158,https://www.gembaautomotive.com/scottsdale-location,"3014 N Civic Center Plaza, Scottsdale, AZ 85251, United States",,,,,,,,,0,,,,,,,,,267,4.7,4
C,31.72,6.72,phoenix,Aire Serv of East Valley,+1 480-630-3261,https://www.aireserv.com/east-valley/?cid=LSTL_ASV-US000187,"1138 S Wilbur Unit 104, Mesa, AZ 85210, United States",,,,,,,,,0,,,,,,,,,485,4.9,2
C,31.7,6.7,phoenix,Semper Fi Heating and Cooling,+1 602-362-8592,https://www.semperfiheatingcooling.com/heating-cooling-phoenix-az,"536 E Dunlap Ave Ste 6, Phoenix, AZ 85020, United States",,,,,,,,,0,,,,,,,,,480,4.9,2
C,31.68,6.68,phoenix,Champion Air,+1 480-210-6327,https://championair.com/service-area/phoenix,"2025 W Rose Garden Ln, Phoenix, AZ 85027, United States",,,,,,,,,0,,,,,,,,,473,4.9,3
C,31.68,6.68,phoenix,Scottsdale Air Heating & Cooling,+1 602-834-2160,https://scottsdaleair.com,"4747 E Thomas Rd Ste F, Phoenix, AZ 85018, United States",,,,,,,,,0,,,,,,,,,466,4.9,2
C,31.64,6.64,phoenix,Aire Serv of Red Mountain,+1 480-428-8498,https://www.aireserv.com/red-mountain/?cid=LSTL_ASV-US000187,"2160 E Brown Rd Ste 1, Mesa, AZ 85213, United States",,,,,,,,,0,,,,,,,,,455,4.9,2
C,31.64,6.64,phoenix,AAA Phoenix East Thomas Auto Repair Center,+1 602-639-9199,https://mwg.aaa.com/agent-office-locations/az/phoenix/aaa-phoenix-east-thomas-auto-repair-center,"3638 E Thomas Rd, Phoenix, AZ 85018, United States",,,,,,,,,0,,,,,,,,,98,4.4,3
C,31.63,6.63,phoenix,One Hour Heating & Air Conditioning,+1 602-638-2884,https://www.onehourheatandair.com/west-valley,"9831 S 51st St Ste D133, Phoenix, AZ 85044, United States",,,,,,,,,0,,,,,,,,,449,5,2
C,31.62,6.62,phoenix,Hughes Air,+1 480-247-6927,http://www.hughesairco.com,"220 W 6th Ave Suite 1, Mesa, AZ 85210, United States",,,,,,,,,0,,,,,,,,,242,4.7,2
C,31.61,6.61,phoenix,Faith Works Automotive,+1 480-986-9711,https://www.faithworksauto.com/east-mesa-auto-repair,"8027 E Main St, Mesa, AZ 85207, United States",,,,,,,,,0,,,,,,,,,323,4.8,3
C,31.6,6.6,phoenix,Superior Heating and Air Conditioning,+1 602-610-7638,https://www.shac.co,"995 S Hamilton St, Chandler, AZ 85225, United States",,,,,,,,,0,,,,,,,,,435,4.9,2
C,31.59,6.59,phoenix,AAA Gilbert Auto Repair Center,+1 480-857-3200,https://mwg.aaa.com/agent-office-locations/az/gilbert/aaa-gilbert-auto-repair-center,"2786 S Santan Village Pkwy, Gilbert, AZ 85295, United States",,,,,,,,,0,,,,,,,,,235,4.7,3
C,31.58,6.58,phoenix,Einstein Heating and Cooling Phoenix Arizona,+1 602-888-9250,https://einsteinprosphoenix.com,"10001 N 19th Ave, Phoenix, AZ 85021, United States",,,,,,,,billing_or_intake_errors,1,This company has a very dishonest owner.  Quoted and billed home warranty and myself for unnecessary work and then didn't even complete any of the work that was invoiced to the warranty company. Buyer BEWARE. VERY dishonest because he didn't know I had cameras EVERYWHERE and good thing.  Tried to claim he was at my hour for 4 hours but was really here 45 minutes- also confirmable via cameras.  DO NOT USE!!!!! I have filed a complaint with Home warranty and ROC.,,,,1,,AssistantDial structured call intake,billing_or_intake_errors,5,4.2,2
C,31.58,6.58,phoenix,Kerry's Car Care,+1 623-224-2580,https://www.kerryscarcare.com/locations/az/gilbert/auto-repair-4655-e-queen-creek-road,"4655 E Queen Creek Rd, Gilbert, AZ 85297, United States",,,,,,,,,0,,,,,,,,,170,4.6,32
C,31.58,6.58,phoenix,Ron Brock's Heating And Cooling Inc,+1 623-939-9970,https://ronbrocks.com,"6009 N 57th Dr, Glendale, AZ 85301, United States",,,,,,,,,0,,,,,,,,,27,4,21
C,31.55,6.55,phoenix,H&I Automotive,+1 480-279-2456,http://handiautomotive.com,"4550 S Higley Rd, Gilbert, AZ 85297, United States",,,,,,,,,0,,,,,,,,,226,4.7,12
C,31.55,6.55,phoenix,The Cooling & Plumbing Co,+1 480-813-1155,https://azcpg.com,"5026 E Main St Unit 16, Mesa, AZ 85205, United States",,,,,,,,,0,,,,,,,,,418,5,3
C,31.53,6.53,phoenix,SSC Auto Repair,+1 480-855-3500,http://www.sscautorepair.com,"900 E Germann Rd, Chandler, AZ 85286, United States",,,,,,,,,0,,,,,,,,,302,4.8,2
C,31.53,6.53,phoenix,Big O Tires,+1 623-232-9942,https://www.bigotires.com/location/az/goodyear/660-n-dysart-rd-85338/004274,"660 N Dysart Rd, Goodyear, AZ 85338, United States",,,,,,,,,0,,,,,,,,,223,4.7,3
C,31.53,6.53,phoenix,Big O Tires,+1 480-359-2228,https://www.bigotires.com/location/az/fountain-hills/11429-n-saguaro-blvd-85268/004170,"11429 N Saguaro Blvd, Fountain Hills, AZ 85268, United States",,,,,,,,,0,,,,,,,,,162,4.6,4
C,31.52,6.52,phoenix,Worlock Air Conditioning & Heating,+1 623-294-5409,https://www.worlockair.com/service-areas/peoria,"8386 W Park View Ct, Peoria, AZ 85383, United States",,,,,,,,,0,,,,,,,,,298,4.8,2
C,31.52,6.52,phoenix,Master Mechanical,+1 623-688-6556,https://www.mastermechanicalaz.com,,,,,,,,,,0,,,,,,,,,403,5,3
C,31.49,6.49,phoenix,Five Star Air & Plumbing,+1 623-244-8262,https://fivestar-airconditioning.com,"39216 N 21st Ave, Anthem, AZ 85086, United States",,,,,,,,,0,,,,,,,,,394,5,3
C,31.48,6.48,phoenix,Cactus Plumbing And Air,+1 480-418-9912,https://cactusplumbingandair.com/scottsdale-plumber-and-ac-repair,"6730 E McDowell Rd #129, Scottsdale, AZ 85257, United States",,,,,,,,,0,,,,,,,,,388,4.9,2
C,31.48,6.48,phoenix,Grand Canyon Home Services,+1 623-444-6988,https://grandcanyonac.com/surprise-az,"15331 W Bell Rd Ste. 212-66, Surprise, AZ 85374, United States",,,,,,,,,0,,,,,,,,,390,4.9,2
C,31.47,6.47,phoenix,AAMCO Transmissions & Total Car Care,+1 623-471-6735,https://www.aamcobuckeye.com,"6151 S Miller Rd, Buckeye, AZ 85326, United States",,,,,,,,,0,,,,,,,,,154,4.6,2
C,31.47,6.47,phoenix,Sears Appliance Repair,+1 480-757-5705,https://www.searshomeservices.com/locations/az/scottsdale/sears-appliance-repair/15500-greenway-hayden-loop-103?SID=1034862&phone=4807575705,"15500 N Greenway Hayden Loop #103, Scottsdale, AZ 85260, United States",,,,,,,,,0,,,,,,,,,113,4.5,7
C,31.45,6.45,phoenix,Trane Supply,+1 602-903-1103,https://www.tranesupply.com/store-locator/?query=gilbert,"220 E Germann Rd Suite 115, Gilbert, AZ 85297, United States",,,,,,,,,0,,,,,,,,,13,3.8,5
C,31.44,6.44,phoenix,Sears Appliance Repair,+1 480-900-5698,https://www.searshomeservices.com/locations/az/tempe/sears-appliance-repair/9025-s-kyrene-rd-opus-commons?SID=5861&phone=4809005698,"Opus Commons, 9025 S Kyrene Rd, Tempe, AZ 85284, United States",,,,,,,,,0,,,,,,,,,150,4.6,4
C,31.42,6.42,phoenix,Greulich's Automotive Repair,+1 480-764-2305,https://www.greulichs.com/locations/az/surprise/auto-repair-10878-n-cotton-ln,"10878 N Cotton Ln, Surprise, AZ 85388, United States",,,,,,,,,0,,,,,,,,,200,4.7,3
C,31.4,6.4,phoenix,Alaskan Air Conditioning & Heating,+1 480-999-9901,https://www.alaskanac.com/phoenix-az/service-area/scottsdale,"9590 E Ironwood Square Dr Ste 230-E, Scottsdale, AZ 85258, United States",,,,,,,,,0,,,,,,,,,363,5,2
C,31.4,6.4,phoenix,Adams Refrigeration,+1 602-269-6447,https://adamsrefrig.com/phoenix,"1824 N 35th Ave, Phoenix, AZ 85009, United States",,,,,,,,,0,,,,,,,,,145,4.6,3
C,31.4,6.4,phoenix,American Home Water and Air,+1 602-698-4432,https://americanhomewater.com/service-areas/scottsdale-hvac,"16427 N Scottsdale Rd Ste 410, Scottsdale, AZ 85254, United States",,,,,,,,,0,,,,,,,,,362,4.9,52
C,31.4,6.4,phoenix,AAA 7th Street Auto Repair Center,+1 602-296-0910,https://mwg.aaa.com/agent-office-locations/az/phoenix/aaa-phoenix-7th-street-auto-repair-center,"5827 N 7th St, Phoenix, AZ 85014, United States",,,,,,,,,0,,,,,,,,,144,4.6,4
C,31.39,6.39,phoenix,Cactus Plumbing And Air,+1 480-608-9942,https://cactusplumbingandair.com/tempe,"425 S McClintock Dr #6, Tempe, AZ 85288, United States",,,,,,,,,0,,,,,,,,,266,4.8,52
C,31.38,6.38,phoenix,Brake Masters#237,+1 623-201-4953,https://www.brakemasters.com/stores/3014-e-queen-creek-rd-gilbert-az,"3014 E Queen Creek Rd, Gilbert, AZ 85297, United States",,,,,,,,,0,,,,,,,,,261,4.8,4
C,31.33,6.33,phoenix,Precise Air & Heating,+1 602-396-0869,https://preciseairandheating.com,"3039 E Washington Ave, Gilbert, AZ 85234, United States",,,,,,,,,0,,,,,,,,,342,4.9,2
C,31.33,6.33,phoenix,"Four Seasons Home Services - Cave Creek, AZ",+1 480-489-3210,https://fourseasonshs.com,"6121 E Milton Dr, Cave Creek, AZ 85331, United States",,,,,,,,,0,,,,,,,,,341,4.9,2
C,31.33,6.33,phoenix,Lennox Stores (Parts Plus),+1 602-276-4731,https://www.lennoxpros.com/stores/location/litchfield-park,"16555 W Glendale Ave, Litchfield Park, AZ 85340, United States",,,,,,,,,0,,,,,,,,,73,4.4,42
C,31.33,6.33,phoenix,PlumbSmart Plumbing Heating and Air,+1 623-250-2238,https://itsjustplumbsmart.com,"2550 W Union Hills Dr Ste 350-364, Phoenix, AZ 85027, United States",,,,,,,,,0,,,,,,,,,339,4.9,2
C,31.3,6.3,phoenix,Cactus Plumbing And Air,+1 480-418-5934,https://cactusplumbingandair.com/fountain-hills,"16810 E Ave of the Fountains Ste 109, Fountain Hills, AZ 85268, United States",,,,,,,,,0,,,,,,,,,244,4.8,52
C,31.27,6.27,phoenix,Cactus Plumbing And Air,+1 480-933-7732,https://cactusplumbingandair.com/gilbert-plumber-and-ac-repair,"1111 N Gilbert Rd Suite# 210-B, Gilbert, AZ 85234, United States",,,,,,,,,0,,,,,,,,,236,4.8,52
C,31.26,6.26,phoenix,Vessel Home Services LLC,+1 480-890-0848,https://www.vesselhomeservices.com,"1832 S MacDonald Ste 104, Mesa, AZ 85210, United States",,,,,,,,,0,,,,,,,,,318,4.9,2
C,31.26,6.26,phoenix,SERVPRO of Buckeye and SERVPRO of West Surprise / Wickenburg,+1 623-248-1148,https://www.servpro.com/locations/az/servpro-of-buckeye-and-servpro-of-west-surprise-wickenburg,"19100 W Indian School Rd, Litchfield Park, AZ 85340, United States",,,,,,,,,0,,,,,,,,,173,4.7,3
C,31.24,6.24,phoenix,Cactus Plumbing And Air,+1 480-906-3884,https://cactusplumbingandair.com/phoenix,"14819 N Cave Creek Rd Unit 1, Phoenix, AZ 85032, United States",,,,,,,,,0,,,,,,,,,315,4.9,52
C,31.23,6.23,phoenix,"Tucker Hill Air, Plumbing, and Electric - Chandler",+1 602-767-7975,http://tuckerhillaz.com,"3100 W Ray Rd, Chandler, AZ 85226, United States",,,,,,,,,0,,,,,,,,,91,4.5,5
C,31.22,6.22,phoenix,William's Air Conditioning & Heating,+1 623-250-2910,http://www.williamsairandheating.com,"15359 W Morning Glory St, Goodyear, AZ 85338, United States",,,,,,,,,0,,,,,,,,,228,4.8,13
C,31.22,6.22,phoenix,Rainforest Plumbing and Air,+1 480-615-1510,https://rainforestplumbingandair.com/heating/heater-repair-in-phoenix-az,"19820 N 7th St Ste 230-204, Phoenix, AZ 85024, United States",,,,,,,,,0,,,,,,,,,307,4.9,2
C,31.2,6.2,phoenix,Cactus Plumbing And Air,+1 623-257-5117,https://cactusplumbingandair.com/glendale-plumber-and-ac-repair,"5008 W Glendale Ave Unit 105, Glendale, AZ 85301, United States",,,,,,,,,0,,,,,,,,,222,4.8,43
C,31.19,6.19,phoenix,Ferguson HVAC Supply,+1 602-438-8945,https://www.ferguson.com/store/az/phoenix/hvac-1402,"3402 E Roeser Rd, Phoenix, AZ 85040, United States",,,,,,,,,0,,,,,,,,,35,4.2,22
C,31.17,6.17,phoenix,Ferguson HVAC Supply,+1 480-832-3438,https://www.ferguson.com/store/az/mesa/hvac-1403,"3457 E Main St, Mesa, AZ 85213, United States",,,,,,,,,0,,,,,,,,,63,4.4,50
C,31.15,6.15,phoenix,AC Works,+1 602-780-3077,https://acworksaz.com,"9605 N Cave Creek Rd, Phoenix, AZ 85020, United States",,,,,,,,,0,,,,,,,,,289,5,12
C,31.13,6.13,phoenix,"A/C Doctors, LLC",+1 480-718-9820,https://www.theacdoctors.com,,,,,,,,,,0,,,,,,,,,33,4.2,21
C,31.12,6.12,phoenix,Semper Fi Heating and Cooling,+1 623-283-2272,https://www.semperfiheatingcooling.com/heating-cooling-phoenix-az,"3726 W Roanoke Ave Suite 4, Phoenix, AZ 85009, United States",,,,,,,,,0,,,,,,,,,207,4.8,3
C,31.12,6.12,phoenix,J & M Cooling & Heating,+1 623-283-3060,https://jandmcoolingandheating.com,,,,,,,,,,0,,,,,,,,,281,5,22
C,31.12,6.12,phoenix,Gemba Automotive,+1 602-609-2390,https://www.gembaautomotive.com/surprise-location,"13315 W Bell Rd, Surprise, AZ 85378, United States",,,,,,,,,0,,,,,,,,,205,4.8,2
C,31.1,6.1,phoenix,A & A Cooling & Heating LLC,+1 480-757-1440,https://www.aacoolingaz.com/utm_source=google&utm_medium=organic&utm_campaign=gbp_listing,"386 S Ironwood Dr, Apache Junction, AZ 85120, United States",,,,,,,,,0,,,,,,,,,203,4.8,2
C,31.09,6.09,phoenix,Master Mechanical,+1 480-400-0323,http://mastermechanicalaz.com,,,,,,,,,,0,,,,,,,,,273,4.9,2
C,31.08,6.08,phoenix,Sun Devil Heating and Cooling,+1 602-466-1932,https://sundevilaz.com,"3033 N 35th Ave, Phoenix, AZ 85017, United States",,,,,,,,,0,,,,,,,,,200,4.8,3
C,31.06,6.06,phoenix,All Metro Air Conditioning,+1 602-460-6602,https://allmetroairaz.com,,,,,,,,,,0,,,,,,,,,57,4.4,2
C,31.06,6.06,phoenix,SERVPRO of North Tempe,+1 480-877-1714,https://www.servpro.com/locations/az/servpro-of-north-tempe,"1828 N Higley Rd #101, Mesa, AZ 85205, United States",,,,,,,,,0,,,,,,,,,266,4.9,2
C,31.05,6.05,phoenix,Cactus Plumbing And Air,+1 480-933-7732,https://cactusplumbingandair.com/Avondale-plumber-and-ac-repair,"318 N Central Ave Unit 318, Avondale, AZ 85323, United States",,,,,,,,,0,,,,,,,,,193,4.8,3
C,31.03,6.03,phoenix,AAMCO Transmissions & Total Car Care,+1 480-426-8419,https://www.aamcochandlerocotillo.com,"1880 S Arizona Ave, Chandler, AZ 85286, United States",,,,,,,,,0,,,,,,,,,139,4.7,3
C,31.03,6.03,phoenix,Cactus Plumbing And Air,+1 623-294-8853,https://cactusplumbingandair.com/sun-city-az,"12630 N 103rd Ave #214, Sun City, AZ 85351, United States",,,,,,,,,0,,,,,,,,,257,4.9,52
C,31.02,6.02,phoenix,All Season Plumbing And Air,+1 623-304-8128,https://allseasonsplumbingandair.com/scottsdale,"3010 N 67th Pl suite#106, Scottsdale, AZ 85251, United States",,,,,,,,,0,,,,,,,,,255,5,52
C,31.02,6.02,phoenix,Phoenix Air Department,+1 602-586-6001,https://phxairdept.com,"2130 E 5th St, Tempe, AZ 85288, United States",,,,,,,,,0,,,,,,,,,256,4.9,3
C,31.02,6.02,phoenix,Felix Appliance Heating & Air,+1 480-744-0731,https://felixappliancerepair.net,"1535 N Horne #31, Mesa, AZ 85203, United States",,,,,,,,,0,,,,,,,,,256,4.9,3
C,31.02,6.02,phoenix,Rooter Hero Plumbing & Air of Tempe,+1 480-646-3888,https://rooterhero.com/plumber-tempe-az-plumbing-repair-service,"60 E Rio Salado Pkwy Ste 900A, Tempe, AZ 85281, United States",,,,,,,,,0,,,,,,,,,256,4.9,53
C,31.01,6.01,phoenix,Cactus Plumbing And Air,+1 623-323-7599,https://cactusplumbingandair.com/chandler-plumber-and-ac-repair,"333 N Dobson Rd Ste 5 - 127, Chandler, AZ 85224, United States",,,,,,,,,0,,,,,,,,,254,4.9,32
C,31.01,6.01,phoenix,AHR Mechanical Services,+1 480-991-2353,http://www.ahrmechanical.com,"2009 E 5th St #9, Tempe, AZ 85288, United States",,,,,,,,,0,,,,,,,,,253,4.9,52
C,31.01,6.01,phoenix,Entity Refrigeration LLC,+1 623-428-3544,http://www.entityrefrigeration.com,"2211 W 1st St #109, Tempe, AZ 85281, United States",,,,,,,,,0,,,,,,,,,16,4,8
C,30.99,5.99,phoenix,Arizaz Heating and Cooling,+1 480-343-4034,https://arizazheatingandcooling.com,,,,,,,,,,0,,,,,,,,,250,5,2
C,30.99,5.99,phoenix,Johnstone Supply,+1 602-269-9354,https://www.johnstonesupply.com/store449,"3451 N 35th Ave, Phoenix, AZ 85017, United States",,,,,,,,,0,,,,,,,,,29,4.2,14
C,30.99,5.99,phoenix,Emergency Master Plumbing & Air LLC,+1 623-584-4706,https://emergencymasterplumbingair.com,"2118 W Julie Cir, Phoenix, AZ 85027, United States",,,,,,,,,0,,,,,,,,,250,4.9,2
C,30.95,5.95,phoenix,Boldt HVAC & Repair Inc.,+1 623-340-1881,,,,,,,,,,,0,,,,,,,,,38,4.3,25
C,30.93,5.93,phoenix,Champion Air,+1 480-716-0523,https://championair.com/service-area/mesa,"10147 W Grand Ave, Sun City, AZ 85351, United States",,,,,,,,,0,,,,,,,,,236,4.9,2
C,30.93,5.93,phoenix,Paragon Service Pros Heating and Air Conditioning,+1 480-780-1007,https://ppc.paragonservicepros.com/ac-repair-services-phoenix,"2121 S Mill Ave Ste 222, Tempe, AZ 85282, United States",,,,,,,,,0,,,,,,,,,236,5,2
C,30.89,5.89,phoenix,Phoenix Heating & Air Conditioning,+1 602-844-1944,,"18 N 2nd St, Phoenix, AZ 85004, United States",,,,,,,,,0,,,,,,,,,36,4.3,18
C,30.88,5.88,phoenix,Action Plumbing Heating Air & Electric,+1 480-808-1641,https://actionplumbing.net/location/tempe-az/?loc=az_1,"927 W 23rd St, Tempe, AZ 85282, United States",,,,,,,,,0,,,,,,,,,226,4.9,4
C,30.87,5.87,phoenix,Qual-Tech Air Conditioning and Heating,+1 623-234-3608,https://www.qualtechachtg.com,"17918 W Waddell Rd, Surprise, AZ 85388, United States",,,,,,,,,0,,,,,,,,,222,4.9,12
C,30.87,5.87,phoenix,Arizona Air Experts,+1 602-253-6995,http://www.azacexperts.com,"10645 N Tatum Blvd #200-215, Phoenix, AZ 85028, United States",,,,,,,,,0,,,,,,,,,26,4.2,16
C,30.87,5.87,phoenix,Auto Air and Electric,+1 602-548-0901,http://www.autoairandelectric.com,"2240 W Bell Rd, Phoenix, AZ 85023, United States",,,,,,,,,0,,,,,,,,,222,4.9,53
C,30.86,5.86,phoenix,Daikin Comfort,+1 602-943-4229,https://www.daikincomfort.com,"2110 W Desert Cove Ave, Phoenix, AZ 85029, United States",,,,,,,,,0,,,,,,,,,35,4.3,13
C,30.83,5.83,phoenix,H&I Automotive,+1 480-985-9279,http://handiautomotive.com,"5338 E Main St #1, Mesa, AZ 85205, United States",,,,,,,,,0,,,,,,,,,215,4.9,4
C,30.83,5.83,phoenix,B & E Heating and Cooling,+1 602-281-6610,http://www.beheatingcooling.com,,,,,,,,,,0,,,,,,,,,215,4.9,22
C,30.83,5.83,phoenix,Thomas Home Services,+1 480-568-3316,https://www.thomashomeservices.com,,,,,,,,,,0,,,,,,,,,213,4.9,3
C,30.79,5.79,phoenix,Cactus Plumbing & Air,+1 623-294-2452,https://cactusplumbingandair.com/surprise-plumber-and-ac-repair,"12211 W Bell Rd Ste 109, Surprise, AZ 85378, United States",,,,,,,,,0,,,,,,,,,207,4.9,53
C,30.77,5.77,phoenix,US Air Conditioning Distributors,+1 602-253-2771,https://us-ac.com,"1850 E Watkins St, Phoenix, AZ 85034, United States",,,,,,,,,0,,,,,,,,,32,4.3,13
C,30.77,5.77,phoenix,Johnstone Supply,+1 623-925-9200,https://www.johnstonesupply.com/store452,"650 N 99th Ave Ste 109, Avondale, AZ 85323, United States",,,,,,,,,0,,,,,,,,,32,4.3,18
C,30.77,5.77,phoenix,Rapid Rooter Plumbing and Air,+1 602-780-3676,https://rapidrooteraz.com,"4123 W Saguaro Park Ln, Glendale, AZ 85310, United States",,,,,,,,,0,,,,,,,,,203,5,2
C,30.75,5.75,phoenix,America’s Home Services Of Chandler,+1 623-286-3776,https://americahomeservicesllc.com/chandler-plumber-and-ac-repair,"333 N Dobson Rd #5-104, Chandler, AZ 85224, United States",,,,,,,,,0,,,,,,,,,200,5,62
C,30.7,5.7,phoenix,All Season Plumbing And Air,+1 623-462-0357,https://allseasonsplumbingandair.com/tempe,"405 W Southern Ave Unit 1-105, Tempe, AZ 85282, United States",,,,,,,,,0,,,,,,,,,191,5,62
C,30.7,5.7,phoenix,CDL Mechanical,+1 623-249-9028,https://www.cdlmechanical.com,"12545 W Butler Dr Building B, El Mirage, AZ 85335, United States",,,,,,,,,0,,,,,,,,,191,4.9,2
C,30.7,5.7,phoenix,Grand Canyon Home Services,+1 623-777-4880,https://grandcanyonac.com/youngtown-az,"11134 W Wisconsin Ave, Youngtown, AZ 85363, United States",,,,,,,,,0,,,,,,,,,191,5,12
C,30.64,5.64,phoenix,Cactus Plumbing And Air,+1 623-280-0805,https://cactusplumbingandair.com/mesa-plumber-and-ac-repair,"9333 E Apache Trail Ste 128, Mesa, AZ 85207, United States",,,,,,,,,0,,,,,,,,,133,4.8,4
C,30.64,5.64,phoenix,Phoenix Heating & Air Conditioning Services,+1 602-844-1988,,"2526 W Bell Rd, Phoenix, AZ 85023, United States",,,,,,,,,0,,,,,,,,,21,4.2,3
C,30.58,5.58,phoenix,American Refrigeration Supplies Inc (ARS),+1 602-566-9029,http://arsnet.com,"2632 E Chambers St, Phoenix, AZ 85040, United States",,,,,,,,,0,,,,,,,,,50,4.5,25
C,30.53,5.53,phoenix,America’s Home Services LLC,+1 623-462-3485,https://americahomeservicesllc.com/phoenix,"14819 N Cave Creek Rd Ste 11, Phoenix, AZ 85032, United States",,,,,,,,,0,,,,,,,,,164,4.9,62
C,30.53,5.53,phoenix,Einstein Heating and Cooling Phoenix AZ,+1 602-888-9250,https://einsteinprosphoenix.com,,,,,,,,,,0,,,,,,,,,48,4.5,38
C,30.53,5.53,phoenix,DeGeorge Plumbing and HVAC,+1 602-830-3977,https://www.degeorgeplumbing.com,"1801 E Camelback Rd Ste 201 unit 17, Phoenix, AZ 85016, United States",,,,,,,,,0,,,,,,,,,163,4.9,2
C,30.53,5.53,phoenix,AZBLUE Cooling & Heating,+1 623-414-0721,http://www.azbluech.com,"22966 W Durango St, Buckeye, AZ 85326, United States",,,,,,,,,0,,,,,,,,,162,5,52
C,30.53,5.53,phoenix,Daikin Comfort,+1 480-491-1785,https://www.daikincomfort.com,"6840 S Harl Ave #124, Tempe, AZ 85283, United States",,,,,,,,,0,,,,,,,,,35,4.4,16
C,30.5,5.5,phoenix,B3 Refrigeration LLC,+1 480-629-5323,http://acservicerepairphoenix.com,,,,,,,,,,0,,,,,,,,,159,4.9,42
C,30.5,5.5,phoenix,Cool/Hot Guys AC,+1 602-266-5287,https://coolhotguys.com,,,,,,,,,,0,,,,,,,,,117,4.8,22
C,30.49,5.49,phoenix,"Emergency Air Heating, Cooling and Plumbing",+1 602-789-3840,https://www.emergencyair.com,"4326 W Bell Rd #5, Glendale, AZ 85308, United States",,,,,,,,,0,,,,,,,,,116,4.8,62
C,30.49,5.49,phoenix,US Air Conditioning Distributors,+1 623-334-8302,https://us-ac.com,"9802 N 91st Ave #114, Peoria, AZ 85345, United States",,,,,,,,,0,,,,,,,,,25,4.3,15
C,30.47,5.47,phoenix,Discount Air Cooling & Heating,+1 480-725-0839,https://discountaircoolingheating.com,,,,,,,,,,0,,,,,,,,,155,5,72
C,30.45,5.45,phoenix,M&R Refrigeration - AC Repair,+1 602-703-6125,https://www.mandrrefrigeration.com,"15723 West Dynamite Blvd, Surprise, AZ 85387, United States",,,,,,,,,0,,,,,,,,,111,4.8,2
C,30.44,5.44,phoenix,Mountainside Air Conditioning Repair,+1 602-512-1241,https://mountainsideair.com/peoria-air-conditioning-services,"9132 W Cactus Rd E, Peoria, AZ 85381, United States",,,,,,,,,0,,,,,,,,,150,5,2
C,30.44,5.44,phoenix,RSD - Refrigeration Supplies Distributor,+1 623-412-2189,http://www.rsd.net,"8952 W Bloomfield Rd, Peoria, AZ 85381, United States",,,,,,,,,0,,,,,,,,,44,4.5,13
C,30.43,5.43,phoenix,Johnstone Supply,+1 623-516-4701,https://www.johnstonesupply.com/store451,"2034 W Rose Garden Ln, Phoenix, AZ 85027, United States",,,,,,,,,0,,,,,,,,,32,4.4,15
C,30.41,5.41,phoenix,Liberty Tradesmen,+1 602-609-4324,https://www.libertytradesmen.com/az,"21611 W Hilton Ave, Buckeye, AZ 85326, United States",,,,,,,,,0,,,,,,,,,146,5,2
C,30.4,5.4,phoenix,Red Mountain Air Conditioning,+1 480-878-7098,http://redmountainair.com,"1661 N Quail, Mesa, AZ 85205, United States",,,,,,,,,0,,,,,,,,,145,4.9,2
C,30.38,5.38,phoenix,All Season Plumbing And Air,+1 623-292-7548,http://allseasonsplumbingandair.com/glendale,"5008 W Glendale Ave Unit 115, Glendale, AZ 85301, United States",,,,,,,,,0,,,,,,,,,142,5,2
C,30.38,5.38,phoenix,Arizona Air Plumbing & Electrical,+1 602-376-2075,http://www.arizona-air.com,"8260 E Raintree Dr #7, Scottsdale, AZ 85260, United States",,,,,,,,,0,,,,,,,,,9,4,1
C,30.37,5.37,phoenix,America’s Home Services,+1 623-462-3565,https://americahomeservicesllc.com/sun-city,"12630 N 103rd Ave Ste 244, Sun City, AZ 85351, United States",,,,,,,,,0,,,,,,,,,103,4.8,73
C,30.35,5.35,phoenix,A & M Mechanical LLC,+1 602-405-8289,http://www.chillitaz.com,,,,,,,,,,0,,,,,,,,,138,5,2
C,30.34,5.34,phoenix,Rooter Hero Plumbing & Air of Mesa,+1 480-696-1111,https://rooterhero.com/plumber-mesa-az-plumbing-repair-service,,,,,,,,,,0,,,,,,,,,74,4.7,3
C,30.31,5.31,phoenix,Sears Heating and Air Conditioning,+1 602-654-3787,https://www.searshomeservices.com/repair/hvac-repair-service?SID=6661&phone=6026543787,"12820 N Tatum Blvd, Phoenix, AZ 85032, United States",,,,,,,,,0,,,,,,,,,21,4.3,12
C,30.29,5.29,phoenix,Dependable Air LLC,+1 480-232-3647,https://dependableairaz.com,"1155 S Power Rd Ste 114/77, Mesa, AZ 85206, United States",,,,,,,,,0,,,,,,,,,131,5,2
C,30.27,5.27,phoenix,Grand Canyon Home Services,+1 623-777-4955,https://www.grandcanyonac.com/sun-city,"9009 N 103rd Ave #109, Sun City, AZ 85351, United States",,,,,,,,,0,,,,,,,,,128,5,2
C,30.26,5.26,phoenix,Olive Air and Heating,+1 480-725-4389,https://www.oliveairandheating.com/mesa-air-conditioning-services,"3707 E Southern Ave #2038, Mesa, AZ 85206, United States",,,,,,,,,0,,,,,,,,,127,4.9,2
C,30.26,5.26,phoenix,Trane,+1 602-828-8505,https://trane.com,"407 S 107th Ave, Tolleson, AZ 85353, United States",,,,,,,,,0,,,,,,,,,8,4,2
C,30.26,5.26,phoenix,Grand Canyon Home Services,+1 623-777-4779,https://grandcanyonac.com/peoria-az,"14050 N 83rd Ave Ste 290-220, Peoria, AZ 85381, United States",,,,,,,,,0,,,,,,,,,127,5,3
C,30.25,5.25,phoenix,America’s Home Services Of Gilbert,+1 623-462-3591,https://americahomeservicesllc.com/gilbert-plumber-and-ac-repair,"1111 N Gilbert Rd Ste 211-B, Gilbert, AZ 85234, United States",,,,,,,,,0,,,,,,,,,126,4.9,74
C,30.23,5.23,phoenix,Grand Canyon Refrigeration,+1 602-326-8936,https://grandcanyonref.com,,,,,,,,,,0,,,,,,,,,124,5,2
C,30.22,5.22,phoenix,Ferguson HVAC Supply,+1 480-824-4250,https://www.ferguson.com/store/az/gilbert/hvac-1549,"1171 N Fiesta Blvd, Gilbert, AZ 85233, United States",,,,,,,,,0,,,,,,,,,36,4.5,24
C,30.19,5.19,phoenix,Ascent Heating and Cooling,+1 480-915-9466,https://ascentheatingandcooling.com/contact-us,"1628 E Southern Ave, Tempe, AZ 85282, United States",,,,,,,,,0,,,,,,,,,3,3.7,1
C,30.19,5.19,phoenix,Phoenix AC & Heating Experts,+1 602-773-5522,https://www.phoenixacexperts.com,,,,,,,,,,0,,,,,,,,,3,3.7,1
C,30.17,5.17,phoenix,Desert Diamond Air,+1 623-233-2605,https://desertdiamondhvac.com,"12630 N 103rd Ave Ste 215, Sun City, AZ 85351, United States",,,,,,,,,0,,,,,,,,,117,4.9,12
C,30.16,5.16,phoenix,"Budget Cooling & Heating, LLC",+1 623-241-1892,https://budgetcoolingandheating.com,"2322 N 88th Ave, Phoenix, AZ 85037, United States",,,,,,,,,0,,,,,,,,,85,4.8,52
C,30.16,5.16,phoenix,Trane Supply,+1 623-478-0073,https://www.tranesupply.com/store-locator/?query=tolleson,"10115 W Van Buren St #8, Tolleson, AZ 85353, United States",,,,,,,,,0,,,,,,,,,25,4.4,10
C,30.14,5.14,phoenix,Huffman's Heating & Cooling LLC,+1 623-606-1145,http://www.handyandyac.com,"16811 W Barwick Dr, Surprise, AZ 85387, United States",,,,,,,,,0,,,,,,,,,114,4.9,2
C,30.13,5.13,phoenix,"Lee's Air, Plumbing, & Heating",+1 602-649-2180,https://leesair.com/peoria,"9210 W Peoria Ave Ste 6b, Peoria, AZ 85345, United States",,,,,,,,,0,,,,,,,,,113,5,4
C,30.13,5.13,phoenix,Hercules Industries,+1 480-736-1701,http://www.herculesindustries.com,"404 W 21st St, Tempe, AZ 85282, United States",,,,,,,,,0,,,,,,,,,33,4.5,12
C,30.09,5.09,phoenix,"Four Seasons Home Services - Phoenix, AZ",+1 480-489-3210,https://fourseasonshs.com,"1535 W Parkside Ln A, Phoenix, AZ 85027, United States",,,,,,,,,0,,,,,,,,,109,4.9,32
C,30.07,5.07,phoenix,America’s Home Services Of Glendale,+1 623-343-2611,https://americahomeservicesllc.com/glendale-plumber-and-ac-repair,"5008 W Glendale Ave Unit 2, Glendale, AZ 85301, United States",,,,,,,,,0,,,,,,,,,107,4.9,62
C,30.07,5.07,phoenix,Ascent Heating and Cooling LLC,+1 480-915-9466,http://www.ascentheatingandcooling.com,,,,,,,,,,0,,,,,,,,,106,5,2
C,30.05,5.05,phoenix,Lindauer Enterprise Heating & Cooling,+1 623-266-3551,https://www.facebook.com/LindauerHVAC,"8540 W Avenida Del Sol, Peoria, AZ 85383, United States",,,,,,,,,0,,,,,,,,,9,4.1,1
C,30.03,5.03,phoenix,Castellanos Pro Auto Repair,+1 602-233-2927,https://sites.google.com/view/websitepromopage994/partofadsmanag,"2726 W Van Buren St, Phoenix, AZ 85009, United States",,,,,,,,,0,,,,,,,,,103,4.9,12
C,30.01,5.01,phoenix,AC Air conditioning & Heating,+1 602-313-3802,,"10545 W McDowell Rd, Avondale, AZ 85392, United States",,,,,,,,,0,,,,,,,,,40,4.6,23
C,30.01,5.01,phoenix,A & B Automotive,+1 602-906-9579,https://www.abautomotiveaz.com,"1235 E Dunlap Ave, Phoenix, AZ 85020, United States",,,,,,,,,0,,,,,,,,,74,4.8,57
C,30.0,5.0,phoenix,"AC and Refrigeration (AC, Heating, Refrigeration, Electrical and Plumbing)",+1 480-890-0848,https://www.vesselhomeservices.com,"1705 W University Dr UNIT 107, Tempe, AZ 85281, United States",,,,,,,,,0,,,,,,,,,100,5,2
C,29.99,4.99,phoenix,All About Auto Care,+1 623-933-3040,https://www.facebook.com/AllAboutAutoCare,"11529 W Bell Rd #207, Surprise, AZ 85378, United States",,,,,,,,,0,,,,,,,,,73,4.8,48
C,29.97,4.97,phoenix,Phoenix HVAC,+1 480-908-6255,,"1707 W Bell Rd, Phoenix, AZ 85023, United States",,,,,,,,,0,,,,,,,,,21,4.4,3
C,29.93,4.93,phoenix,Mucho Frio Heating and Cooling LLC,+1 623-227-6175,https://sites.google.com/view/muchofrioheatingandcooling,,,,,,,,,,0,,,,,,,,,69,4.8,12
C,29.92,4.92,phoenix,AC by Sam LLC,+1 480-427-5588,https://acbysamllc.com,"4131 E Taro Ln, Phoenix, AZ 85050, United States",,,,,,,,,0,,,,,,,,,93,5,2
C,29.83,4.83,phoenix,Elite Air Conditioning Solutions,+1 480-409-2111,,"3155 N Nevada St #2, Chandler, AZ 85225, United States",,,,,,,,,0,,,,,,,,,10,4.2,3
C,29.83,4.83,phoenix,"Arizona Air Repair, Inc.",+1 480-599-0052,https://www.arizonaairrepair.com,,,,,,,,,,0,,,,,,,,,10,4.2,3
C,29.83,4.83,phoenix,Efficient Air HVAC & Energy Solutions,+1 623-294-1589,https://myefficientair.com,"14959 S 184th Ave, Goodyear, AZ 85338, United States",,,,,,,,,0,,,,,,,,,85,5,2
C,29.81,4.81,phoenix,Around the Sun Heating and Cooling,+1 623-303-8449,http://www.aroundthesunaz.com,"150 N William Dillard Dr D113, Gilbert, AZ 85233, United States",,,,,,,,,0,,,,,,,,,84,5,2
C,29.8,4.8,phoenix,Huffman's Heating & Cooling Llc,+1 623-606-1145,http://www.handyandyac.com,"15657 N Dysart Rd, Surprise, AZ 85374, United States",,,,,,,,,0,,,,,,,,,83,4.9,2
C,29.8,4.8,phoenix,Merrill Mechanical LLC,+1 480-766-8998,https://www.facebook.com/profile.php?id=61557422666451,,,,,,,,,,0,,,,,,,,,83,5,60
C,29.76,4.76,phoenix,The Bee Heat & AC,+1 602-855-9969,https://www.degeorgeplumbing.com,"738 S Perry Ln #11, Tempe, AZ 85288, United States",,,,,,,,,0,,,,,,,,,59,4.8,2
C,29.75,4.75,phoenix,AHR Mechanical Services Inc,+1 602-201-5294,,"Phoenix, AZ 85022, United States",,,,,,,,,0,,,,,,,,,5,4,0
C,29.72,4.72,phoenix,ROYS Air Conditioning & Heating,+1 602-807-0317,https://www.instagram.com/roysairconditioning?igsh=MWV6dzJpOTJ4ajN0Yg%3D%3D,,,,,,,,,,0,,,,,,,,,77,4.9,2
C,29.7,4.7,phoenix,Reece HVAC,+1 602-806-7055,https://www.reece.com/hvac,"7865 E Ray Rd #101, Mesa, AZ 85212, United States",,,,,,,,,0,,,,,,,,,12,4.3,3
C,29.7,4.7,phoenix,HVAC Heroes,+1 602-767-4955,https://hvacheroesaz.com,,,,,,,,,,0,,,,,,,,,12,4.3,4
C,29.7,4.7,phoenix,Shalom Complete Auto Repair LLC,+1 602-473-3375,https://www.facebook.com/jutiapamofles.phx,"4032 W Buckeye Rd, Phoenix, AZ 85009, United States",,,,,,,,,0,,,,,,,,,12,4.3,3
C,29.67,4.67,phoenix,American Service Alliance,+1 480-257-7701,https://americanservicealliance.com/mesa,"5135 E Ingram St, Mesa, AZ 85205, United States",,,,,,,,,0,,,,,,,,,74,5,62
C,29.66,4.66,phoenix,Equi-Tech Mechanical Air Conditioning & Heating,+1 480-983-4979,https://azequitech.com,"1341 E Scenic St, Apache Junction, AZ 85119, United States",,,,,,,,,0,,,,,,,,,73,4.9,2
C,29.64,4.64,phoenix,Armer Air,+1 480-257-3233,http://facebook.com/armerair38,"9830 S 51st St Ste A128, Phoenix, AZ 85044, United States",,,,,,,,,0,,,,,,,,,53,4.8,39
C,29.64,4.64,phoenix,All Valley Air Inc.,+1 480-616-6587,https://www.allvalleyairinc.com,"11539 E Decatur St, Mesa, AZ 85207, United States",,,,,,,,,0,,,,,,,,,72,5,12
C,29.62,4.62,phoenix,America’s Home Services,+1 623-462-3590,https://americahomeservicesllc.com/mesa,"9333 E Apache Trail #102, Mesa, AZ 85207, United States",,,,,,,,,0,,,,,,,,,71,5,63
C,29.62,4.62,phoenix,Aristotle Air Conditioning & Heating,+1 602-825-3317,https://aristotleair.com,"2266 S Dobson Rd #200, Mesa, AZ 85202, United States",,,,,,,,,0,,,,,,,,,70,5,2
C,29.6,4.6,phoenix,Phoenix Heating & Cooling,+1 623-888-8980,http://www.azairpros.com,"519 W Lone Cactus Dr Ste 305, Phoenix, AZ 85027, United States",,,,,,,,,0,,,,,,,,,69,4.9,12
C,29.6,4.6,phoenix,North Valley Mechanical,+1 623-292-4643,https://northvalleymechanical.com/paradise-valley-village-ac-installation-repair-plumbing-draining-water-heater-repair,"11811 N Tatum Blvd Suite B33, Phoenix, AZ 85028, United States",,,,,,,,,0,,,,,,,,,11,4.3,2
C,29.58,4.58,phoenix,Discount Air Care LLC,+1 480-540-3733,https://kooldogaz.com,"13771 N Fountain Hills Blvd #114-308, Fountain Hills, AZ 85268, United States",,,,,,,,,0,,,,,,,,,37,4.7,2
C,29.58,4.58,phoenix,All Season Plumbing And Air,+1 623-462-1482,http://allseasonsplumbingandair.com/phoenix,"2942 N 24th St #205, Phoenix, AZ 85016, United States",,,,,,,,,0,,,,,,,,,27,4.6,21
C,29.57,4.57,phoenix,Four Silos HVAC LLC,+1 480-808-6466,https://www.foursilosservices.com,"1952 E Fairfield St, Mesa, AZ 85203, United States",,,,,,,,,0,,,,,,,,,67,5,12
C,29.53,4.53,phoenix,San Tan Air,+1 602-885-1560,http://www.santanair.com,"1443 E Press Rd, San Tan Valley, AZ 85140, United States",,,,,,,,,0,,,,,,,,,65,4.9,2
C,29.51,4.51,phoenix,Superior Heating and Cooling Repair,+1 480-530-6918,,"920 W Chandler Blvd #480, Chandler, AZ 85225, United States",,,,,,,,,0,,,,,,,,,4,4,1
C,29.51,4.51,phoenix,Maxon Air LLC,+1 623-434-5182,https://maxonairllc.com/contact-us,"3505 W Rose Garden Ln, Glendale, AZ 85308, United States",,,,,,,,,0,,,,,,,,,4,4,1
C,29.5,4.5,phoenix,The Lion Home Services,+1 480-242-7716,https://www.facebook.com/TheLionHomeServicesLLC,,,,,,,,,,0,,,,,,,,,10,4.3,1
C,29.49,4.49,phoenix,4K Repair Services LLc,+1 602-772-8227,https://sites.google.com/4krepairservices.com/4krepairservices/home,"1807 W Buchanan St, Phoenix, AZ 85007, United States",,,,,,,,,0,,,,,,,,,34,4.7,23
C,29.45,4.45,phoenix,JAMRAC MECHANICAL LLC,+1 480-316-8620,https://jamracmechanical.com,,,,,,,,,,0,,,,,,,,,13,4.4,8
C,29.39,4.39,phoenix,Adams Refrigeration,+1 602-649-4446,https://adamsrefrig.com/litchfield-park,,,,,,,,,,0,,,,,,,,,57,5,12
C,29.37,4.37,phoenix,All Season Plumbing And Air,+1 623-343-2503,https://allseasonsplumbingandair.com/mesa,"244 N Country Club Dr #201, Mesa, AZ 85201, United States",,,,,,,,,0,,,,,,,,,41,4.8,35
C,29.37,4.37,phoenix,Summercold HVAC,+1 602-554-4367,http://www.summercoldhvac.com,,,,,,,,,,0,,,,,,,,,56,5,40
C,29.36,4.36,phoenix,US Air Conditioning Distributors,+1 623-580-4101,https://us-ac.com,"21420 N 15th Ln Ste 116, Phoenix, AZ 85027, United States",,,,,,,,,0,,,,,,,,,22,4.6,13
C,29.36,4.36,phoenix,CW Air Conditioning & Heating,+1 480-473-7019,https://cwairconditioning.com,,,,,,,,,,0,,,,,,,,,22,4.6,3
C,29.33,4.33,phoenix,Five Star RV & Trailer Services,+1 602-596-2399,http://fivestarrvservices.com,"6744 W Wolf St, Phoenix, AZ 85033, United States",,,,,,,,,0,,,,,,,,,54,4.9,2
C,29.31,4.31,phoenix,Canyon Trails Mechanical LLC,+1 480-330-0234,https://www.canyontrailsmechanical.com,"17444 W Monroe St, Goodyear, AZ 85338, United States",,,,,,,,,0,,,,,,,,,21,4.6,13
C,29.27,4.27,phoenix,1st Choice Plumbing,+1 623-552-6193,https://1stchoicemechanicalaz.com/plumbing-in-phoenix-az,"23309 N 17th Dr Ste 116, Phoenix, AZ 85027, United States",,,,,,,,,0,,,,,,,,,51,5,2
C,29.25,4.25,phoenix,Precise Air And Heating,+1 602-396-0869,https://preciseairandheating.com,,,,,,,,,,0,,,,,,,,,50,5,3
C,29.25,4.25,phoenix,Phoenix Air Conditioning and Heating,+1 480-903-0875,,"1018 1st Ave, Phoenix, AZ 85004, United States",,,,,,,,,0,,,,,,,,,20,4.6,7
C,29.25,4.25,phoenix,"Ready Air, a Division of Straface Mechanical Services, Inc.",+1 480-699-1636,http://myreadyair.com,,,,,,,,,,0,,,,,,,,,20,4.6,6
C,29.23,4.23,phoenix,America’s Home Services,+1 623-294-5429,https://americahomeservicesllc.com/scottsdale,"6730 E McDowell Rd Unit 145, Scottsdale, AZ 85257, United States",,,,,,,,,0,,,,,,,,,49,4.9,38
C,29.23,4.23,phoenix,Hercules Industries,+1 602-266-9920,http://www.herculesindustries.com,"3898 N 28th Ave, Phoenix, AZ 85017, United States",,,,,,,,,0,,,,,,,,,36,4.8,13
C,29.2,4.2,phoenix,US Air Conditioning Distributors,+1 602-572-2953,https://us-ac.com,"1250 N Fairway Dr Bldg A-103, Avondale, AZ 85323, United States",,,,,,,,,0,,,,,,,,,14,4.5,6
C,29.2,4.2,phoenix,Elite Air Conditioning & Heating,+1 480-478-9958,,"1241 E Broadway Rd, Mesa, AZ 85204, United States",,,,,,,,,0,,,,,,,,,26,4.7,18
C,29.2,4.2,phoenix,Paladin MFG/Construction,+1 602-405-7726,,,,,,,,,,,0,,,,,,,,,26,4.7,3
C,29.16,4.16,phoenix,Red Mountain Air Conditioning,+1 480-878-7098,http://redmountainair.com,"12605 N Saguaro Blvd #1, Fountain Hills, AZ 85268, United States",,,,,,,,,0,,,,,,,,,25,4.7,16
C,29.16,4.16,phoenix,Phoenix Air Cooling & Heating Pros,+1 602-699-4695,,"4320 W Thomas Rd, Phoenix, AZ 85031, United States",,,,,,,,,0,,,,,,,,,46,5,37
C,29.13,4.13,phoenix,Deer Valley Plumbing & Air Conditioning,+1 623-257-0008,https://www.deervalleyplumbing.com,"9524 W Camelback Rd Ste 130-440, Glendale, AZ 85305, United States",,,,,,,,,0,,,,,,,,,45,5,34
C,29.13,4.13,phoenix,Budget Air Conditioning & Heating,+1 480-719-2636,https://budgetairconditioningheating.com,,,,,,,,,,0,,,,,,,,,45,5,35
C,29.13,4.13,phoenix,Smartactech llc,+1 602-583-4585,https://www.facebook.com/share/1DRyKAA1Ev,"2401 N 32nd St, Phoenix, AZ 85008, United States",,,,,,,,,0,,,,,,,,,45,5,30
C,29.1,4.1,phoenix,Phoenix Heating and Air Conditioning,+1 602-364-9629,,"2203 N 24th Pl, Phoenix, AZ 85008, United States",,,,,,,,,0,,,,,,,,,32,4.8,19
C,29.1,4.1,phoenix,SERVPRO of Litchfield/West Phoenix,+1 623-469-0036,https://www.servpro.com/locations/az/servpro-of-litchfield-west-phoenix,"1050 N Eliseo Felix Jr Way Ste 104, Avondale, AZ 85323, United States",,,,,,,,,0,,,,,,,,,32,4.8,2
C,29.1,4.1,phoenix,Budget Air Cooling & Heating,+1 623-239-0066,https://budgetcoolingandheating.com,"15601 W Bell Rd, Surprise, AZ 85374, United States",,,,,,,,,0,,,,,,,,,32,4.8,20
C,29.08,4.08,phoenix,Varsity Zone HVAC of Scottsdale,+1 480-590-4647,http://www.varsityzone.com/scottsdale-az,"1403 W 10th Pl Ste B-121, Tempe, AZ 85281, United States",,,,,,,,,0,,,,,,,,,43,5,3
C,29.06,4.06,phoenix,AC By Hank LLC,+1 602-400-7339,http://acbyhank.com,,,,,,,,,,0,,,,,,,,,42,5,2
C,29.06,4.06,phoenix,Lennox Stores (Parts Plus),+1 602-661-6880,https://www.lennoxpros.com/stores/location/mesa,"7535 E Ray Rd Bldg 1, Ste 101, Mesa, AZ 85212, United States",,,,,,,,,0,,,,,,,,,31,4.8,19
C,28.97,3.97,phoenix,Aire Serv of North Valley,+1 602-613-0224,https://aireserv.com/north-valley-az/?cid=LSTL_ASV-US000187,"9375 E Shea Blvd Ste 211, Scottsdale, AZ 85260, United States",,,,,,,,,0,,,,,,,,,39,4.9,3
C,28.94,3.94,phoenix,San Tan Air,+1 602-885-1560,http://www.santanair.com,"22424 Ellsworth Lp Rd, Queen Creek, AZ 85142, United States",,,,,,,,,0,,,,,,,,,6,4.3,1
C,28.94,3.94,phoenix,ShadeTree Mechanical Contractors LLC,+1 602-455-4376,http://www.shadetreemechanical.com,"3632 W Thomas Rd Suite 2, Phoenix, AZ 85019, United States",,,,,,,,,0,,,,,,,,,6,4.3,1
C,28.94,3.94,phoenix,Trane Commercial Sales Office,+1 602-258-9600,http://www.trane.com/phoenix,"850 W Southern Ave, Tempe, AZ 85282, United States",,,,,,,,,0,,,,,,,,,6,4.3,1
C,28.94,3.94,phoenix,Cool/Hot Guys AC,+1 602-266-5287,https://coolhotguys.com,,,,,,,,,,0,,,,,,,,,6,4.3,1
C,28.92,3.92,phoenix,Chandler Heating and Air Conditioning,+1 602-536-8319,,,,,,,,,,,0,,,,,,,,,37,5,28
C,28.87,3.87,phoenix,SPD REFRIGERATION LLC,+1 602-754-5988,http://www.spdrefrigeration.com,"2642 S 63rd Dr, Phoenix, AZ 85043, United States",,,,,,,,,0,,,,,,,,,14,4.6,3
C,28.87,3.87,phoenix,AC Pro,+1 602-648-0320,http://www.acpro.com,"3906 E Broadway Rd Ste 104, Phoenix, AZ 85040, United States",,,,,,,,,0,,,,,,,,,19,4.7,3
C,28.87,3.87,phoenix,AHR Mechanical Services Inc,+1 480-991-2353,,"Scottsdale, AZ 85251, United States",,,,,,,,,0,,,,,,,,,14,4.6,5
C,28.82,3.82,phoenix,Phoenix Air Dynamics,+1 602-621-3797,https://phxairdynamics.com,"3206 S Fair Ln, Tempe, AZ 85282, United States",,,,,,,,,0,,,,,,,,,34,5,23
C,28.82,3.82,phoenix,Air Express Heating & Cooling,+1 480-430-3431,https://airexpressaz.com,"20841 E Excelsior Ave, Queen Creek, AZ 85142, United States",,,,,,,,,0,,,,,,,,,25,4.8,13
C,28.78,3.78,phoenix,Firebird Air Conditioning & Heating,+1 602-390-6410,https://firebirdac.com,"2550 E Rose Garden Ln, Phoenix, AZ 85050, United States",,,,,,,,,0,,,,,,,,,7,4.4,1
C,28.74,3.74,phoenix,North Valley Mechanical HVAC,+1 623-624-7820,https://bestphoenixplumberrepair.com/downtown-mesa-plumbing-draining-water-heater-repair,"114 W Main St Ste B19, Mesa, AZ 85201, United States",,,,,,,,,0,,,,,,,,,23,4.8,2
C,28.72,3.72,phoenix,Aire Serv of E Glendale-Peoria,+1 623-246-1565,https://www.aireserv.com/east-glendale-peoria/?cid=LSTL_ASV-US000187,"14021 N 51st Ave #115, Glendale, AZ 85306, United States",,,,,,,,,0,,,,,,,,,31,5,2
C,28.69,3.69,phoenix,AZ Home Services Group AC Repair & Plumbing Services of Mesa,+1 602-730-9081,https://azhomeservices.group/service-areas/mesa-arizona-air-conditioner-plumbing-services,"3707 E Southern Ave, Mesa, AZ 85206, United States",,,,,,,,,0,,,,,,,,,30,5,22
C,28.69,3.69,phoenix,Arctic Fox Air Conditioning and Heating,+1 623-533-5718,https://www.arcticfoxairconditioning.com,,,,,,,,,,0,,,,,,,,,30,5,2
C,28.69,3.69,phoenix,Lee's Air Plumbing Heating,+1 623-335-8041,https://leesair.com/location/phoenix-az,"21241 N 23rd Ave #21, Phoenix, AZ 85027, United States",,,,,,,,,0,,,,,,,,,30,5,2
C,28.66,3.66,phoenix,AC Pro,+1 480-385-1380,https://store.acpro.com/location_details/peoria,"16681 N 84th Ave Ste 110, Peoria, AZ 85382, United States",,,,,,,,,0,,,,,,,,,29,4.9,15
C,28.62,3.62,phoenix,Reece HVAC,+1 480-681-3533,https://www.reece.com/hvac,"9030 W Cactus Rd Bldg 2, Peoria, AZ 85381, United States",,,,,,,,,0,,,,,,,,,28,5,13
C,28.62,3.62,phoenix,Sigler Wholesale Distributors,+1 623-388-5100,https://www.siglers.com,"7749 E Ray Rd, Mesa, AZ 85212, United States",,,,,,,,,0,,,,,,,,,28,5,16
C,28.61,3.61,phoenix,Chandler HVAC & Air Conditioning,+1 480-933-1480,,"4522 W Orchid Ln, Chandler, AZ 85226, United States",,,,,,,,,0,,,,,,,,,15,4.7,6
C,28.61,3.61,phoenix,BUDGET AIR CONDITIONING REFRIGERATION,+1 602-486-3030,http://budgetachvac.com,,,,,,,,,,0,,,,,,,,,15,4.7,6
C,28.61,3.61,phoenix,Truck N Trailer Mobile Maintenance,+1 623-764-0738,https://www.facebook.com/share/14ZPzg1f9BV,"16106 W Briles Rd, Surprise, AZ 85387, United States",,,,,,,,,0,,,,,,,,,15,4.7,7
C,28.59,3.59,phoenix,R.E. Michel Company,+1 480-725-9928,https://www.remichel.com/branches/scottsdale-az-85260-hvac,"16191 N 82nd St, Scottsdale, AZ 85260, United States",,,,,,,,,0,,,,,,,,,8,4.5,1
C,28.58,3.58,phoenix,Arizona Air Conditioning Control,+1 480-688-4890,http://arizonaairconditioningcontrol.com,"4307 E Blue Sage Ct, Gilbert, AZ 85297, United States",,,,,,,,,0,,,,,,,,,20,4.8,10
C,28.58,3.58,phoenix,"Equi-Tech Mechanical, Air Conditioning & Heating",+1 480-983-4979,http://www.azequitech.com,"749 E Gila Blvd Suite B, Florence, AZ 85132, United States",,,,,,,,,0,,,,,,,,,20,4.8,11
C,28.57,3.57,phoenix,Arizona EZ AC,+1 480-660-6604,https://azezac.com,"1689 E Sheffield Ave, Chandler, AZ 85225, United States",,,,,,,,,0,,,,,,,,,27,5,2
C,28.53,3.53,phoenix,AZ Home Services Group AC Repair & Plumbing Services of Chandler,+1 480-903-5615,,"3100 W Ray Rd #201, Chandler, AZ 85226, United States",,,,,,,,,0,,,,,,,,,19,4.8,3
C,28.53,3.53,phoenix,Cooley's Comfort,+1 480-719-5000,http://www.cooleyscomfort.com,"11222 S 39th Ln, Laveen Village, AZ 85339, United States",,,,,,,,,0,,,,,,,,,19,4.8,2
C,28.53,3.53,phoenix,Cactus Plumbing And Air,+1 480-750-7647,https://cactusplumbingandair.com/mesa-plumber-and-ac-repair,"244 N Country Club Dr #207, Mesa, AZ 85201, United States",,,,,,,,,0,,,,,,,,,26,4.9,19
C,28.53,3.53,phoenix,Double Check Cooling and Heating,+1 480-277-1741,https://doublecheckhvac.com,"7014 E Camelback Rd, Scottsdale, AZ 85251, United States",,,,,,,,,0,,,,,,,,,26,4.9,14
C,28.53,3.53,phoenix,American Service Alliance,+1 602-536-8383,https://americanservicealliance.com/chandler,"6150 W Gila Springs Pl, Chandler, AZ 85226, United States",,,,,,,,,0,,,,,,,,,26,5,17
C,28.53,3.53,phoenix,Hot N Cold,+1 602-905-4009,http://hotncoldhvacaz.com,"28420 N 225th Ave, Wittmann, AZ 85361, United States",,,,,,,,,0,,,,,,,,,19,4.8,2
C,28.49,3.49,phoenix,Around The Clock HVAC Repair & Install,+1 480-712-2767,https://aroundtheclockhva.com,,,,,,,,,,0,,,,,,,,,25,4.9,18
C,28.49,3.49,phoenix,White Feather HVAC,+1 623-680-9511,https://www.facebook.com/share/rewWxLYuMp8w7Qxp/?mibextid=LQQJ4d,,,,,,,,,,0,,,,,,,,,25,5,14
C,28.47,3.47,phoenix,Deer Valley Plumbing & Air Conditioning,+1 480-535-9996,https://www.deervalleyplumbing.com,"64 E Broadway Rd #200, Tempe, AZ 85281, United States",,,,,,,,,0,,,,,,,,,18,4.8,10
C,28.47,3.47,phoenix,American Refrigeration Supplies Inc (ARS),+1 602-265-3555,http://arsnet.com,"3024 W Weldon Ave, Phoenix, AZ 85017, United States",,,,,,,,,0,,,,,,,,,18,4.8,6
C,28.47,3.47,phoenix,Phoenix Air Conditioning & Refrigeration,+1 602-313-3249,,"1107 E Bell Rd, Phoenix, AZ 85022, United States",,,,,,,,,0,,,,,,,,,18,4.8,8
C,28.45,3.45,phoenix,Polar Experts HVAC,+1 480-913-3257,https://sites.google.com/view/polar-experts-hvac/home,"24404 S 195th St, Queen Creek, AZ 85142, United States",,,,,,,,,0,,,,,,,,,24,5,10
C,28.45,3.45,phoenix,Valdez Heating & Cooling,+1 623-203-1824,https://www.instagram.com/valdezheatingandcooling,,,,,,,,,,0,,,,,,,,,24,5,13
C,28.41,3.41,phoenix,Entity Refrigeration,+1 623-428-3544,https://www.entityrefrigeration.com,"8318 E Peralta Ave, Mesa, AZ 85212, United States",,,,,,,,,0,,,,,,,,,17,4.8,9
C,28.41,3.41,phoenix,AZ Home Services Group AC Repair & Plumbing Services of Phoenix,+1 602-844-7757,https://azhomeservices.group/service-areas/phoenix-arizona-air-conditioner-plumbing-services,"2375 E Camelback Rd #600, Phoenix, AZ 85016, United States",,,,,,,,,0,,,,,,,,,23,5,15
C,28.41,3.41,phoenix,Sta-Cool Refrigeration Inc,+1 602-469-0497,https://www.sta-coolrefrigeration.com,,,,,,,,,,0,,,,,,,,,23,5,13
C,28.41,3.41,phoenix,J & M Repairs,+1 623-979-9751,http://jandmrepairs.net,"14955 W Bell Rd #7904, Surprise, AZ 85374, United States",,,,,,,,,0,,,,,,,,,23,5,2
C,28.41,3.41,phoenix,AC PRO SOLUTIONS,+1 480-442-3111,http://www.acprosolutions.com,"515 E Carefree Hwy #760, Phoenix, AZ 85085, United States",,,,,,,,,0,,,,,,,,,23,5,3
C,28.36,3.36,phoenix,Air Doctors LLC,+1 480-495-0636,http://azairdoctors.com,"2314 E Butler St, Chandler, AZ 85225, United States",,,,,,,,,0,,,,,,,,,22,5,8
C,28.36,3.36,phoenix,AC Pro,+1 480-682-5405,http://store.acpro.com,"954 E Juanita Ave, Mesa, AZ 85204, United States",,,,,,,,,0,,,,,,,,,22,5,6
C,28.36,3.36,phoenix,Mesa Air Conditioning and Heating,+1 480-257-4236,,"1926 E Broadway Rd, Mesa, AZ 85204, United States",,,,,,,,,0,,,,,,,,,22,5,13
C,28.36,3.36,phoenix,AZ Home Services Group AC Repair & Plumbing Services of Scottsdale,+1 480-923-3969,https://azhomeservices.group/service-areas/scottsdale-arizona-air-conditioner-plumbing-services,"15333 N Pima Rd #305, Scottsdale, AZ 85260, United States",,,,,,,,,0,,,,,,,,,22,5,14
C,28.36,3.36,phoenix,"SERVPRO of San Tan Valley South, Blackwater",+1 480-571-8022,https://www.servpro.com/locations/az/servpro-of-san-tan-valley-south-blackwater,,,,,,,,,,0,,,,,,,,,22,5,14
C,28.34,3.34,phoenix,AZ Home Services Group AC Repair & Plumbing Services of Goodyear,+1 623-469-5911,https://azhomeservices.group/service-areas/goodyear-arizona-air-conditioner-plumbing-services,"1300 S Litchfield Rd Ste 200-A, Goodyear, AZ 85338, United States",,,,,,,,,0,,,,,,,,,16,4.8,8
C,28.31,3.31,phoenix,The Cooling Guy HVAC,+1 480-769-2238,https://www.thecoolingguyhvac.com,"1610 N Rosemont Ste 105, Mesa, AZ 85205, United States",,,,,,,,,0,,,,,,,,,21,5,12
C,28.31,3.31,phoenix,RSD - Refrigeration Supplies Distributor,+1 602-437-0776,http://www.rsd.net,"3634 E Southern Ave #5, Phoenix, AZ 85040, United States",,,,,,,,,0,,,,,,,,,21,4.9,4
C,28.31,3.31,phoenix,Rapid Rooter Plumbing and Air,+1 623-581-0346,https://rapidrooteraz.com,"2225 W Mountain View Rd suite 6, Phoenix, AZ 85021, United States",,,,,,,,,0,,,,,,,,,21,5,12
C,28.31,3.31,phoenix,Phoenix AC Air Conditioning & Heating Inc,+1 602-847-3430,,"13811 N 35th Dr, Phoenix, AZ 85053, United States",,,,,,,,,0,,,,,,,,,21,5,9
C,28.25,3.25,phoenix,Phoenix AC,+1 623-253-6240,https://phoenix-ac.ueniweb.com,,,,,,,,,,0,,,,,,,,,20,5,12
C,28.25,3.25,phoenix,Arctic Fox Airconditioning And Heating,+1 623-533-5718,http://www.arcticfoxairconditioning.com,,,,,,,,,,0,,,,,,,,,20,5,10
C,28.2,3.2,phoenix,"AZ/AC and Heat, LLC.",+1 480-318-2635,https://azacpro.com,,,,,,,,,,0,,,,,,,,,19,5,10
C,28.2,3.2,phoenix,Phoenix HVAC Contractors,+1 623-263-7875,,"25155 N 67th Ave, Phoenix, AZ 85083, United States",,,,,,,,,0,,,,,,,,,19,5,9
C,28.14,3.14,phoenix,AZ Home Services Group AC Repair & Plumbing Services of Gilbert,+1 480-923-3299,https://azhomeservices.group/service-areas/gilbert-arizona-air-conditioner-plumbing-services,"890 W Elliot Rd #101, Gilbert, AZ 85233, United States",,,,,,,,,0,,,,,,,,,18,5,10
C,28.14,3.14,phoenix,Discount AC & Refrigeration,+1 480-478-2616,https://discountacr.com,,,,,,,,,,0,,,,,,,,,18,5,2
C,28.14,3.14,phoenix,Winsupply of Gilbert HVAC,+1 602-338-9313,https://www.winsupplyinc.com/Location/Gilbert-AZ/85233/HVAC-Plumbing-Supplies,"1019 N Colorado St #104, Gilbert, AZ 85233, United States",,,,,,,,,0,,,,,,,,,18,5,7
C,28.14,3.14,phoenix,"Thomas Home Comfort, LLC",+1 602-882-4862,https://thomashomecomfort.com,,,,,,,,,,0,,,,,,,,,18,5,10
C,28.14,3.14,phoenix,AC WORKS West Valley,+1 623-400-6006,http://acworksaz.com/westvalley,,,,,,,,,,0,,,,,,,,,18,4.9,8
C,28.08,3.08,phoenix,"Equi-Tech Mechanical, Air Conditioning & Heating",+1 480-983-4979,http://www.azequitech.com,"8413 E Baseline Rd STE 106, Mesa, AZ 85209, United States",,,,,,,,,0,,,,,,,,,17,5,5
C,28.05,3.05,phoenix,Scottsdale Air Conditioning & Plumbing,+1 623-887-1096,,"6959 E Shea Blvd, Scottsdale, AZ 85254, United States",,,,,,,,,0,,,,,,,,,9,4.7,1
C,28.01,3.01,phoenix,Desert Air Pro LLC,+1 623-776-6767,https://desertairpro.com,,,,,,,,,,0,,,,,,,,,16,5,8
C,27.94,2.94,phoenix,Mesa Air Conditioning Inc,+1 602-844-7335,,"2753 E Broadway Rd, Mesa, AZ 85204, United States",,,,,,,,,0,,,,,,,,,15,5,6
C,27.93,2.93,phoenix,Arizona Air Works,+1 602-366-5071,,"2824 E Mulberry Dr, Phoenix, AZ 85016, United States",,,,,,,,,0,,,,,,,,,11,4.8,2
C,27.87,2.87,phoenix,Chandler Heating & Cooling Pros,+1 480-864-4654,,"1105 E Buffalo St, Chandler, AZ 85225, United States",,,,,,,,,0,,,,,,,,,14,4.9,3
C,27.87,2.87,phoenix,Critical Refrigeration Company,+1 602-456-7931,https://www.criticalrefrigerationco.com,,,,,,,,,,0,,,,,,,,,14,5,6
C,27.87,2.87,phoenix,Varsity Zone HVAC of North Phoenix,+1 480-392-0964,http://www.varsityzone.com/north-phoenix-az,"1725 W Williams Dr #64, Phoenix, AZ 85027, United States",,,,,,,,,0,,,,,,,,,14,5,2
C,27.78,2.78,phoenix,"We Fix It Home Services AC Repair in Maricopa, AZ",+1 480-698-0123,http://www.wefixitazair.com,,,,,,,,,,0,,,,,,,,,13,5,5
C,27.7,2.7,phoenix,Mountainside Air Conditioning Repair,+1 602-698-9388,https://mountainsideair.com,"36600 N Pima Rd #101-2, Carefree, AZ 85377, United States",,,,,,,,,0,,,,,,,,,12,5,3
C,27.7,2.7,phoenix,AZBlue Cooling & Heating,+1 623-414-0721,https://azbluech.com,"605 S 118th Dr, Avondale, AZ 85323, United States",,,,,,,,,0,,,,,,,,,12,5,4
C,27.7,2.7,phoenix,"Phoenix Heating, Refrigeration & Air Conditioning",+1 602-922-8507,,"1976 W Baseline Rd, Phoenix, AZ 85041, United States",,,,,,,,,0,,,,,,,,,12,5,4
C,27.7,2.7,phoenix,Saguaro Mechanical Heating & Cooling,+1 480-587-3475,http://saguaroacmen.com,"Scottsdale, AZ 85257, United States",,,,,,,,,0,,,,,,,,,12,4.9,3
C,27.7,2.7,phoenix,Sun Tech Air Conditioning,+1 602-900-3520,https://suntechair.com/hvac-contractor-paradise-valley-az,,,,,,,,,,0,,,,,,,,,12,4.9,3
C,27.7,2.7,phoenix,Honest HVAC Installation & Repair -Way Cool,+1 623-294-3641,https://honesthvaccompany.com/phoenix-ac-installation-repair,"16165 N 83rd Ave Suite 130 A100, Peoria, AZ 85382, United States",,,,,,,,,0,,,,,,,,,12,5,3
C,27.7,2.7,phoenix,Sun Tech Air Conditioning Glendale,+1 602-900-3520,https://suntechair.com,,,,,,,,,,0,,,,,,,,,12,5,3
C,27.7,2.7,phoenix,Air Conditioning Champ,+1 480-866-9234,https://airconditioningchamp.com/air-conditioner-repair-cave-creek-az,"6070 E Cave Creek Rd, Cave Creek, AZ 85331, United States",,,,,,,,,0,,,,,,,,,12,5,4
C,27.7,2.7,phoenix,J&M Mechanical LLC,+1 602-616-1033,https://www.facebook.com/JandMMechanicalLLC,,,,,,,,,,0,,,,,,,,,12,5,4
C,27.6,2.6,phoenix,Honest HVAC Installation & Repair - Way,+1 623-304-5644,https://honesthvaccompany.com/phoenix-ac-installation-repair,"20 E Thomas Rd 2200 Suite A200, Phoenix, AZ 85012, United States",,,,,,,,,0,,,,,,,,,11,5,3
C,27.6,2.6,phoenix,Phoenix HVAC Repair Authority,+1 480-520-3392,https://phoenixheatingcoolingauthority.com,"89 N 40th St, Phoenix, AZ 85032, United States",,,,,,,,,0,,,,,,,,,11,5,2
C,27.6,2.6,phoenix,Accurate Energy Management Inc.,+1 602-327-1669,http://accurateenergymanagement.com,"1210 E Southern Ave, Phoenix, AZ 85040, United States",,,,,,,,,0,,,,,,,,,11,5,2
C,27.59,2.59,phoenix,AC Pro,+1 602-675-8470,https://store.acpro.com/location_details/Goodyear,"580 N Bullard Ave Ste 64-65, Goodyear, AZ 85338, United States",,,,,,,,,0,,,,,,,,,8,4.8,0
C,27.5,2.5,phoenix,A 1 Cooling & Heating llc,+1 480-978-1067,http://a1coolingheating.com,,,,,,,,,,0,,,,,,,,,10,5,2
C,27.5,2.5,phoenix,Winsupply HVAC of Surprise,+1 602-262-3262,https://www.winsupplyinc.com/Location/Surprise-AZ/85379/HVAC-Supplies,"11470 N Dysart Rd Ste 100, Surprise, AZ 85379, United States",,,,,,,,,0,,,,,,,,,10,4.9,1
C,27.5,2.5,phoenix,AZ Home Services Group AC Repair & Plumbing Services of Sun City,+1 623-307-5731,https://azhomeservices.group/service-areas/sun-city-arizona-air-conditioner-plumbing-services,"10451 W Palmeras Dr, Sun City, AZ 85373, United States",,,,,,,,,0,,,,,,,,,10,5,2
C,27.5,2.5,phoenix,"Pro Solutions Air, Glendale Office",+1 623-745-8635,,"17505 N 79th Ave Suite 206, Glendale, AZ 85308, United States",,,,,,,,,0,,,,,,,,,10,5,2
C,27.38,2.38,phoenix,AC Repair Near Me Of Scottsdale,+1 480-757-5817,https://acrepairnearme.services/service-areas/scottsdale-arizona-ac-repair,"15333 N Pima Rd #305, Scottsdale, AZ 85260, United States",,,,,,,,,0,,,,,,,,,9,5,1
C,27.38,2.38,phoenix,Rams Auto Service/ Auto Repair,+1 602-737-4574,https://www.facebook.com/people/Rams-Auto-Service/100087858973025,"402n N 16th St, Phoenix, AZ 85006, United States",,,,,,,,,0,,,,,,,,,9,5,5
C,27.38,2.38,phoenix,Scottsdale Air Conditioning LLC,+1 602-291-0618,https://scottsdaleairllc.jobbersites.com,"6214 W Mitchell Dr, Phoenix, AZ 85033, United States",,,,,,,,,0,,,,,,,,,9,5,1
C,27.38,2.38,phoenix,Air Conditioning Champ,+1 480-956-0718,https://www.airconditioningchamp.com/locations/el-mirage-az,"15235 N Dysart Rd, El Mirage, AZ 85335, United States",,,,,,,,,0,,,,,,,,,9,5,1
C,27.27,2.27,phoenix,Lennox Stores (Parts Plus),+1 480-569-2930,https://www.lennoxpros.com/stores/location/phoenix-metro,"1717 E Grant St Ste 130, Phoenix, AZ 85034, United States",,,,,,,,,0,,,,,,,,,6,4.8,1
C,27.26,2.26,phoenix,Hughes Air - Air Conditioning & Heating Repair,+1 480-247-6927,https://hughesairco.com/arizona-az/chandler/air-conditioning-repair,"333 N Dobson Rd #5, Chandler, AZ 85224, United States",,,,,,,,,0,,,,,,,,,8,5,0
C,27.26,2.26,phoenix,spd refrigeration,+1 602-754-5988,http://www.spdrefrigeration.com,,,,,,,,,,0,,,,,,,,,8,5,4
C,27.26,2.26,phoenix,Phoenix Air Duct Cleaning & Dryer Vent Installation By Supreme Air Phoenix,+1 623-294-2152,https://supmreairsolutions.com/phoenix-air-duct-cleaning,"4539 N 22nd St Ste r, Phoenix, AZ 85016, United States",,,,,,,,,0,,,,,,,,,8,5,1
C,27.26,2.26,phoenix,Phoenix AC Help - Emergency Repair,+1 480-719-2758,https://phoenixachelp.com,,,,,,,,,,0,,,,,,,,,8,5,1
C,27.26,2.26,phoenix,Premium HVAC Phoenix Services,+1 480-999-1830,https://premiumhvacphoenixservices.com,"4437 N Central Ave, Phoenix, AZ 85012, United States",,,,,,,,,0,,,,,,,,,8,5,0
C,27.12,2.12,phoenix,Double check cooling and heating llc,+1 480-277-1741,https://doublecheckhvac.com,,,,,,,,,,0,,,,,,,,,7,5,0
C,27.12,2.12,phoenix,Johnstone Supply,+1 602-837-1400,https://www.johnstonesupply.com/store545,"5004 S 71st St Ste 2, Mesa, AZ 85212, United States",,,,,,,,,0,,,,,,,,,7,4.9,0
C,27.12,2.12,phoenix,Air Conditioning Champ,+1 480-944-7044,https://www.airconditioningchamp.com/locations/glendale-az,"5539 W Glendale Ave, Glendale, AZ 85301, United States",,,,,,,,,0,,,,,,,,,7,5,0
C,27.12,2.12,phoenix,AC Repair Near Me of Sun City,+1 623-323-8228,https://acrepairnearme.services/service-areas/sun-city-arizona-locksmith,"10451 W Palmeras Dr, Sun City, AZ 85373, United States",,,,,,,,,0,,,,,,,,,7,5,0
C,27.08,2.08,phoenix,Sears Heating and Air Conditioning,+1 623-250-7912,https://www.searshomeservices.com/repair/hvac-repair-service?SID=4962&phone=6232507912,"5734 W Peoria Ave, Glendale, AZ 85302, United States",,,,,,,,,0,,,,,,,,,2,4.5,0
C,26.94,1.94,phoenix,HVAC Near Me Repair and Installation of Peoria,+1 602-812-2767,https://hvacnearme.today/service-areas/peoria-arizona-hvac-services,"16165 N 83rd Ave, Peoria, AZ 85382, United States",,,,,,,,,0,,,,,,,,,6,5,0
C,26.94,1.94,phoenix,Arizona sunshine heating and cooling,+1 623-235-7074,https://www.azsunshineheatingandcooling.com,,,,,,,,,,0,,,,,,,,,6,5,0
C,26.75,1.75,phoenix,AC Repair Near Me of Peoria,+1 623-295-1377,https://acrepairnearme.services/service-areas/peoria-arizona-locksmith,"16165 N 83rd Ave, Peoria, AZ 85382, United States",,,,,,,,,0,,,,,,,,,5,5,0
C,26.75,1.75,phoenix,Air Conditioning Champ,+1 480-944-9823,https://www.airconditioningchamp.com/locations/avondale-az,"1717 N Dysart Rd, Avondale, AZ 85392, United States",,,,,,,,,0,,,,,,,,,5,5,0
C,26.75,1.75,phoenix,Elite Air Conditioning Tempe Specialists,+1 602-899-3048,https://eliteairconditioningtempespecialists.com,"Brickyard Engineering, 108 E 7th St, Tempe, AZ 85281, United States",,,,,,,,,0,,,,,,,,,5,5,0
C,26.75,1.75,phoenix,Arctic Air Conditioning Mesa Services,+1 623-335-1925,https://arcticairconditioningmesaservices.com,"1237 S Val Vista Dr, Mesa, AZ 85204, United States",,,,,,,,,0,,,,,,,,,5,5,0
C,26.75,1.75,phoenix,Jarhead Mechanical LLC,+1 602-637-0136,https://jarheadmechanical.com,,,,,,,,,,0,,,,,,,,,5,5,0
C,26.51,1.51,phoenix,CUBIRI AC,+1 602-419-0995,https://arizonacoolingcomfort.com,,,,,,,,,,0,,,,,,,,,4,5,2
C,26.51,1.51,phoenix,"Air Force One Air Conditioning and Heating, llc",+1 602-629-0286,https://www.airforce1az.com,,,,,,,,,,0,,,,,,,,,4,5,0
C,26.51,1.51,phoenix,Gilbert Air Duct Cleaning Dryer Vent By Supreme Air Phoenix,+1 623-304-5166,https://supmreairsolutions.com/gilbert-air-duct-cleaning,"566 N Swallow Ln, Gilbert, AZ 85234, United States",,,,,,,,,0,,,,,,,,,4,5,1
C,26.51,1.51,phoenix,Arctic Air Pros,+1 602-885-7201,,,,,,,,,,,0,,,,,,,,,4,5,0
C,26.51,1.51,phoenix,Heating and Cooling Repairs,+1 602-782-7302,,"6530 N Scottsdale Rd, Scottsdale, AZ 85253, United States",,,,,,,,,0,,,,,,,,,4,5,0
C,26.51,1.51,phoenix,Honest HVAC Installation & Repair,+1 623-286-3695,https://honesthvaccompany.com/north-tatum-phoenix-ac-installation-repair,"11811 N Tatum Blvd suite 130 a100, Phoenix, AZ 85028, United States",,,,,,,,,0,,,,,,,,,4,5,0
C,26.51,1.51,phoenix,HVAC Near Me Repair And Installation Of Tempe,+1 480-935-9650,https://hvacnearme.today/service-areas/tempe-arizona-hvac-services,"2005 W 14th St #134, Tempe, AZ 85281, United States",,,,,,,,,0,,,,,,,,,4,5,0
C,26.51,1.51,phoenix,Hercules Industries,+1 623-473-8684,http://www.herculesindustries.com,"13250 Cactus Rd Ste 112, Surprise, AZ 85379, United States",,,,,,,,,0,,,,,,,,,4,5,0
C,26.51,1.51,phoenix,BISWAS AIR AND REFRIGERATION,+1 480-358-8187,https://www.biswasairandrefrigeration.com,"9160 E Shea Blvd, Scottsdale, AZ 85260, United States",,,,,,,,,0,,,,,,,,,4,5,1
C,26.51,1.51,phoenix,HVAC Near Me Repair and Installation of Scottsdale,+1 480-885-8059,https://hvacnearme.today/service-areas/scottsdale-arizona-hvac-services,"15333 N Pima Rd #305, Scottsdale, AZ 85260, United States",,,,,,,,,0,,,,,,,,,4,5,0
C,26.51,1.51,phoenix,Air Conditioning Champ,+1 623-301-9085,https://www.airconditioningchamp.com/locations/surprise-az,"12801 W Bell Rd, Surprise, AZ 85378, United States",,,,,,,,,0,,,,,,,,,4,5,0
C,26.51,1.51,phoenix,HVAC Near Me Repair and Installation of Sun City,+1 623-439-5545,https://hvacnearme.today/service-areas/sun-city-arizona-hvac-services,"10451 W Palmeras Dr, Sun City, AZ 85373, United States",,,,,,,,,0,,,,,,,,,4,5,0
C,26.51,1.51,phoenix,Arizona Sunshine Heating and Cooling,+1 623-235-7074,http://www.azsunshineheatingandcooling.com,,,,,,,,,,0,,,,,,,,,4,5,0
C,26.51,1.51,phoenix,"Dave's A/C & Appliance, LLC",+1 480-900-5012,https://www.mrappliance.com,"2201 W Bethany Home Rd, Phoenix, AZ 85015, United States",,,,,,,,,0,,,,,,,,,4,5,0
C,26.19,1.19,phoenix,AC Repair Near Me of Mesa,+1 602-688-9945,https://acrepairnearme.services/service-areas/mesa-arizona-ac-repair,"3707 E Southern Ave, Mesa, AZ 85206, United States",,,,,,,,,0,,,,,,,,,3,5,1
C,26.19,1.19,phoenix,K&R Refrigeration,+1 480-892-7100,https://www.kandrrefrigeration.com,,,,,,,,,,0,,,,,,,,,3,5,1
C,26.19,1.19,phoenix,Jaime Construction Inc,+1 623-936-4348,https://www.steelehvacllc.com/contact,"910 N 91st Ave A, Tolleson, AZ 85353, United States",,,,,,,,,0,,,,,,,,,3,5,1
C,26.19,1.19,phoenix,SERVPRO of Paradise Valley,+1 602-935-9774,https://www.servpro.com/locations/az/servpro-of-paradise-valley,,,,,,,,,,0,,,,,,,,,3,5,0
C,26.19,1.19,phoenix,Suttle Air,+1 602-962-4840,https://suttleair.com,,,,,,,,,,0,,,,,,,,,3,5,0
C,26.19,1.19,phoenix,Discount AC & Refrigeration of Phoenix,+1 602-889-1367,https://discount-acr-phoenix.com,"10211 N 32nd St # E1, Phoenix, AZ 85028, United States",,,,,,,,,0,,,,,,,,,3,5,1
C,26.19,1.19,phoenix,Phoenix hvac Repair,+1 480-520-0772,https://phoenixhvacrepairpro.com,"3815 E Bell Rd, Phoenix, AZ 85032, United States",,,,,,,,,0,,,,,,,,,3,5,0
C,26.19,1.19,phoenix,American Refrigeration Supplies Inc (ARS),+1 480-702-0005,https://arsnet.com,"7925 E Ray Rd Bldg 5, Suite 101, Mesa, AZ 85212, United States",,,,,,,,,0,,,,,,,,,3,5,2
C,26.19,1.19,phoenix,"Pro Solutions Air, Surprise",+1 623-258-8361,,,,,,,,,,,0,,,,,,,,,3,5,0
C,26.19,1.19,phoenix,AC Air Conditioning & Heating Repair,+1 602-342-9588,,"5408 W Bell Rd, Glendale, AZ 85308, United States",,,,,,,,,0,,,,,,,,,3,5,0
C,26.19,1.19,phoenix,Winsupply N Phoenix HVAC,+1 602-262-3272,https://www.winsupplyinc.com/Location/Phoenix-AZ/85050/HVAC-Supplies,"2550 E Mohawk Ln Ste 150, Phoenix, AZ 85050, United States",,,,,,,,,0,,,,,,,,,3,5,0
C,26.19,1.19,phoenix,Opulent HVAC Cleaners,+1 602-704-1465,https://philippam853.wixsite.com/opulent-hvac-cleaner,"10235 N 58th Pl, Paradise Valley, AZ 85253, United States",,,,,,,,,0,,,,,,,,,3,5,0
C,26.19,1.19,phoenix,Kool Air Pros,+1 602-777-0975,,,,,,,,,,,0,,,,,,,,,3,5,1
C,26.19,1.19,phoenix,Krahn & Son A/C & Appliance Repair Co,+1 480-900-5004,https://www.mrappliance.com,"4909 W Michigan Ave, Glendale, AZ 85308, United States",,,,,,,,,0,,,,,,,,,3,5,0
C,25.75,0.75,phoenix,All Season Plumbing And Air,+1 623-294-0329,http://allseasonsplumbingandair.com/gilbert,"1111 N Gilbert Rd #208a, Gilbert, AZ 85234, United States",,,,,,,,,0,,,,,,,,,2,5,0
C,25.75,0.75,phoenix,AC REPAIRMEN Of Glendale,+1 602-755-3804,https://acrepairmen.us,,,,,,,,,,0,,,,,,,,,2,5,0
C,25.75,0.75,phoenix,J & R Heating And Cooling LLC,+1 602-545-0254,,,,,,,,,,,0,,,,,,,,,2,5,1
C,25.75,0.75,phoenix,Four Silos Services,+1 480-808-6466,https://foursilosservices.com/contact,"2036 N Gilbert Rd, Mesa, AZ 85203, United States",,,,,,,,,0,,,,,,,,,2,5,0
C,25.75,0.75,phoenix,R.E. Michel Compay,+1 480-571-3710,https://www.remichel.com/branches/gilbert-az-85297-hvac,"620 E Germann Rd, Gilbert, AZ 85297, United States",,,,,,,,,0,,,,,,,,,2,5,0
C,25.75,0.75,phoenix,A/C Rangers Heating & Cooling,+1 480-818-4772,http://acrangers.com,"22193 E Calle de Flores, Queen Creek, AZ 85142, United States",,,,,,,,,0,,,,,,,,,2,5,0
C,25.75,0.75,phoenix,Refined HVAC/Duct Clean,+1 480-525-7806,https://philippam853.wixsite.com/my-site-1,"5211 N 70th Pl, Paradise Valley, AZ 85253, United States",,,,,,,,,0,,,,,,,,,2,5,0
C,25.75,0.75,phoenix,A/C Rangers Heating & Cooling,+1 480-818-4772,https://www.acrangers.com,"502 W 3rd Ave Suite 11 & 12, Mesa, AZ 85210, United States",,,,,,,,,0,,,,,,,,,2,5,0
C,25.75,0.75,phoenix,Arizaz Heating And Cooling,+1 480-343-4034,https://arizazheatingandcooling.com,,,,,,,,,,0,,,,,,,,,2,5,0
C,25.75,0.75,phoenix,AZ Home Services Group AC Repair & Plumbing Services of Peoria,+1 623-335-4835,,"16165 N 83rd Ave Ste 221, Peoria, AZ 85382, United States",,,,,,,,,0,,,,,,,,,2,5,0
C,25.0,0.0,phoenix,"Chandler Air, Inc",+1 480-899-0167,https://www.chandlerair.com/service-area/air-conditioning-heating-ahwatukee-az,"1238 E Glenhaven Dr, Phoenix, AZ 85048, United States",,,,,,,,,0,,,,,,,,,1,5,0
C,25.0,0.0,phoenix,AC Repair Near Me of Gilbert,+1 480-808-9588,https://acrepairnearme.services/service-areas/gilbert-arizona-ac-repair,"890 W Elliot Rd #101, Gilbert, AZ 85233, United States",,,,,,,,,0,,,,,,,,,1,5,0
C,25.0,0.0,phoenix,AC Repair Near Me of Goodyear,+1 623-336-7679,https://acrepairnearme.services/service-areas/goodyear-arizona-ac-repair,"15150 W Pk Pl 2nd floor, Goodyear, AZ 85395, United States",,,,,,,,,0,,,,,,,,,1,5,0
C,25.0,0.0,phoenix,Jared the AC Guy,+1 480-220-7536,https://www.facebook.com/calljaredtheacguy,"1270 E March St, San Tan Valley, AZ 85140, United States",,,,,,,,,0,,,,,,,,,1,5,0
C,25.0,0.0,phoenix,HVAC Near Me Repair and Installation of Goodyear,+1 623-301-8763,https://hvacnearme.today/service-areas/goodyear-arizona-hvac-services,"15150 W Pk Pl 2nd floor, Goodyear, AZ 85395, United States",,,,,,,,,0,,,,,,,,,1,5,0
C,25.0,0.0,phoenix,Arctic Air Conditioning & Refrigeration,+1 480-562-0740,http://www.arcticaircool.com,"881 E Sherri Dr, Gilbert, AZ 85296, United States",,,,,,,,,0,,,,,,,,,1,5,0
C,25.0,0.0,phoenix,"HVAC Heroes LLC, Laveen, AZ 85339",+1 602-575-7977,https://hvacheroesaz.com,,,,,,,,,,0,,,,,,,,,1,5,0
C,25.0,0.0,phoenix,AC Repair Near Me of Tempe,+1 480-770-3710,https://acrepairnearme.services/service-areas/tempe-arizona-ac-repair,"64 E Broadway Rd, Tempe, AZ 85282, United States",,,,,,,,,0,,,,,,,,,1,5,0
C,25.0,0.0,phoenix,A & C HVAC & Construction LLC,+1 480-612-3244,,"5405 S 55th Ave, Laveen Village, AZ 85339, United States",,,,,,,,,0,,,,,,,,,1,5,0
C,25.0,0.0,phoenix,Zoop HVAC Repair | Phoenix,+1 602-313-0292,https://zoophvacrepair.net/zoop-hvac-repair-phoenix,,,,,,,,,,0,,,,,,,,,1,5,0
C,25.0,0.0,phoenix,Sta - Cool Refrigeration,+1 602-469-0497,http://sta-coolrefrigeration.com,,,,,,,,,,0,,,,,,,,,1,5,0
C,25.0,0.0,phoenix,Zoop HVAC Repair | Avondale,+1 623-243-4727,https://zoophvacrepair.net/zoop-hvac-repair-avondale,,,,,,,,,,0,,,,,,,,,1,5,0
C,25.0,0.0,phoenix,more than air and heating,+1 602-919-2703,https://www.morethanairandheating.net,,,,,,,,,,0,,,,,,,,,1,5,0
C,25.0,0.0,phoenix,BISWAS AIR & REFRIGERATION,+1 480-358-8187,http://www.biswasairandrefrigeration.com,"1428 E Canyon Way, Chandler, AZ 85249, United States",,,,,,,,,0,,,,,,,,,1,5,0
C,25.0,0.0,phoenix,Honest HVAC Installation Repair,+1 623-292-5457,https://honesthvaccompany.com/glendale-ac-installation-repair,"6751 N Sunset Blvd suite 102 b33, Glendale, AZ 85305, United States",,,,,,,,,0,,,,,,,,,1,5,0
C,25.0,0.0,phoenix,Shade Tree Mechanical Contractors,+1 602-455-4376,https://www.shadetreemechanical.com,"203 N Palo Verde Ave, Litchfield Park, AZ 85340, United States",,,,,,,,,0,,,,,,,,,1,5,0
C,25.0,0.0,phoenix,Dependable Air LLC,+1 480-232-3647,https://dependableairaz.com,,,,,,,,,,0,,,,,,,,,1,5,0
C,25.0,0.0,phoenix,Plumber Elite of El Mirage,+1 623-526-6104,https://plumbereliteelmirage.com,,,,,,,,,,0,,,,,,,,,1,5,0
C,25.0,0.0,phoenix,Jay's HVAC and Appliance,+1 480-600-3777,https://www.facebook.com/JaysHVAC,,,,,,,,,,0,,,,,,,,,1,5,0
C,25.0,0.0,phoenix,"ACE Cooling, Heating, Plumbing and Electrical",+1 602-973-5934,https://acehomeaz.com/areas-served/sun-city-az,"16901 N Boswell Blvd # B, Sun City, AZ 85351, United States",,,,,,,,,0,,,,,,,,,1,5,0
C,25.0,0.0,phoenix,Cold Air Mechanics,+1 623-245-5447,,"9524 W Camelback Rd, Glendale, AZ 85305, United States",,,,,,,,,0,,,,,,,,,1,5,0
C,25.0,0.0,phoenix,HVAC Near Me Repair and Installation of Phoenix,+1 602-932-1150,,"4641 N 12th St, Phoenix, AZ 85014, United States",,,,,,,,,0,,,,,,,,,1,5,0
C,25.0,0.0,phoenix,AC REPAIRMEN Of Mesa,+1 602-755-3804,https://acrepairmen.us,,,,,,,,,,0,,,,,,,,,1,5,0
C,25.0,0.0,phoenix,AC REPAIRMEN Of Scottsdale,+1 602-755-3804,https://acrepairmen.us,,,,,,,,,,0,,,,,,,,,1,5,0
C,25.0,0.0,phoenix,AC REPAIRMEN Of Tempe,+1 602-755-3804,https://acrepairmen.us,,,,,,,,,,0,,,,,,,,,1,5,0
C,25.0,0.0,phoenix,Zoop HVAC Repair | Tempe,+1 480-210-5162,https://zoophvacrepair.net/zoop-hvac-repair-tempe,,,,,,,,,,0,,,,,,,,,1,5,0
C,25.0,0.0,phoenix,Dr. AirCon Scottsdale,+1 602-641-9661,,,,,,,,,,,0,,,,,,,,,1,5,0
C,25.0,0.0,phoenix,Auto Air Conditioning Repair QC,+1 602-828-6854,http://www.autoairconditioning.repair,"1981 W Olivia Dr, San Tan Valley, AZ 85142, United States",,,,,,,,,0,,,,,,,,,1,5,0
C,25.0,0.0,phoenix,Desert Air Systems,+1 602-741-0697,https://desertairsystems.com,,,,,,,,,,0,,,,,,,,,1,5,0
D,16.33,16.33,phoenix,Desert Valley Repair,,http://www.desertvalleyrepair.com,,,,,,,,,,0,,,,,,,,,0,0.0,0
D,16.33,16.33,phoenix,CUBIRI AIR CONDITIONING,,https://arizonacoolingcomfort.com,,,,,,,,,,0,,,,,,,,,0,0.0,0
D,16.33,16.33,phoenix,Dr. AirCon Glendale,,,,,,,,,,,,0,,,,,,,,,0,0.0,0
D,16.33,16.33,phoenix,Air Conditioning Service LLC,+1 844-927-0198,https://masterrepairservicez.com,"4121 W Rose Ln, Phoenix, AZ 85019, United States",,,,,,,,,0,,,,,,,,,0,0.0,0
D,16.33,16.33,phoenix,Scottsdale Air,,,"Scottsdale, AZ 85260, USA",,,,,,,,,0,,,,,,,,,0,0.0,0
D,16.33,16.33,phoenix,Discount air conditioning and heating,,,,,,,,,,,,0,,,,,,,,,0,0.0,0
D,16.33,16.33,phoenix,Air4u,+1 520-317-7200,https://getair4u.com/about-us/accessibility-statement,"5219 W Tonopah Dr, Glendale, AZ 85308, United States",,,,,,,,,0,,,,,,,,,0,0.0,0
D,13.05,13.05,phoenix,Cold Air,,,"2905 W Buckeye Rd, Phoenix, AZ 85009, United States",,,,,,,,frontline_communication,1,"We spent $400 on AC kit that broke the day before our family road trip. My husband went in to get it replaced under their year warranty and got cussed out and ignored. When an employee finally offered to fix it, he installed a switch that drained our battery and our car was dead and had to be towed the next day. We're not even bothering to take it in again to get our money back. Please do not go here.",Seriously if I could sit in front of this place and stop all new customers from doing business here I would. After spending 350 dollars on a compressor my ac went out two days later. I brought it back since I had a warranty and was ignored for an hour. During that time I was talking to a few other people who said this is not the first time they were there either. Someone got the air to work again then another two days later it goes out. It's like all they did was put Freon in the car and that's it. I finally took it back a few weeks later because I had a baby shortly after. Now this time they say it's not the compressor its a wire. This place is a joke. You can tell there are tons of drugs and gambling going on. I feel stupid for bringing my car here. Just basically paid 350 dollars for Freon. Please do not bring your car here. It'll be a huge mistake! Every time I go back I talk to someone else who has to keep bringing their car back. They specialize in cold air but no one knows what they're doing.,,,1,1,AssistantDial AI Receptionist — consistent frontline,frontline_communication,9,3.7,3
D,10.78,10.78,phoenix,Goettl Air Conditioning and Plumbing - Las Vegas NV,+1 725-234-0840,https://www.goettl.com/location/las-vegas-nevada,"6521 W Post Rd Ste 1, Las Vegas, NV 89118, United States",,,,,,,,,0,,,,,,,,,11125,4.7,2
D,7.83,7.83,phoenix,Felix Appliance Heating & AC Repair,+1 520-636-5420,http://www.felixappliancerepair.net,"20871 N Danielle Ave, Maricopa, AZ 85138, United States",,,,,,,,,0,,,,,,,,,1359,4.9,2
D,7.59,7.59,phoenix,Chas Roberts AC-North,,http://chasroberts.com,"22015 N 22nd Ave, Phoenix, AZ 85027, United States",,,,,,,,,0,,,,,,,,,8,3.3,3
D,7.52,7.52,phoenix,Chandler HVAC Repair System,+1 206-410-9494,,"3498 N San Marcos Pl, Chandler, AZ 85225, United States",,,,,,,,,0,,,,,,,,,3,3,1
D,7.48,7.48,phoenix,Action Plumbing Heating Air & Electric,+1 928-275-3725,https://actionplumbing.net/location/mesa-az/?loc=az_1,"3707 E Southern Ave #6622, Mesa, AZ 85206, United States",,,,,,,,,0,,,,,,,,,720,4.8,5
D,7.17,7.17,phoenix,The Cooling Company - Las Vegas HVAC & Plumbing,+1 702-718-7331,https://www.thecoolingco.com,"4055 E Post Rd Ste A, Las Vegas, NV 89120, United States",,,,,,,,,0,,,,,,,,,542,4.8,2
D,6.98,6.98,phoenix,ACE Home Services (formerly Hero Home Services),+1 833-247-6926,https://acehomeaz.com/areas-served/phoenix-az,"409 E Watkins St, Phoenix, AZ 85004, United States",,,,,,,,,0,,,,,,,,,620,4.9,3
D,6.61,6.61,phoenix,American Home Water and Air,+1 833-240-9781,https://americanhomewater.com,"4600 E Washington St suite 300, Phoenix, AZ 85034, United States",,,,,,,,,0,,,,,,,,,441,4.9,4
D,5.44,5.44,phoenix,Home Services at The Home Depot,+1 844-476-2140,https://www.homedepot.com/l/Surprise/AZ/Surprise/85374/483/services?emt=HSGoogleMaps,"13760 W Bell Rd, Surprise, AZ 85374, United States",,,,,,,,,0,,,,,,,,,44,4.5,5
D,5.36,5.36,phoenix,American Home Pros of Arizona,,http://ahpofaz.com,"35530 N Ghost Rider St, San Tan Valley, AZ 85140, United States",,,,,,,,,0,,,,,,,,,139,5,2
D,5.04,5.04,phoenix,AIR4U Heating and Air Conditioning,+1 888-702-4748,http://www.getair4u.com,,,,,,,,,,0,,,,,,,,,104,4.9,12
D,4.58,4.58,phoenix,The Fast Fix( ac installation ac service in ghuari town near me),+92 332 1333201,https://sites.google.com/view/the-fast-fixcompany/home,"Office no 3 LG alkram plaza opposite Dr A.Q Khan school phasa 5 B Ghuari town, Ghuari, town, Islamabad, 44000, Pakistan",,,,,,,,,0,,,,,,,,,20,4.5,15
D,4.33,4.33,phoenix,Home Services at The Home Depot,+1 844-476-2140,https://www.homedepot.com/l/Scottsdale-Shea/AZ/Scottsdale/85258/420/services?emt=HSGoogleMaps,"9890 N 90th St, Scottsdale, AZ 85258, United States",,,,,,,,,0,,,,,,,,,29,4.7,3
D,4.01,4.01,phoenix,Phoenix HVAC Air Conditioning,+1 928-433-0801,https://www.phoenixhvacairconditioning.com,"101 W Portland St, Phoenix, AZ 85003, United States",,,,,,,,,0,,,,,,,,,40,4.9,30
D,3.81,3.81,phoenix,Heating and Air Conditioning,,,"955 W Broadway Rd, Mesa, AZ 85210, United States",,,,,,,,,0,,,,,,,,,18,4.7,9
D,3.78,3.78,phoenix,Phoenix Air Conditioning & Heating,+1 888-451-6919,,"5338 N 7th Ave, Phoenix, AZ 85013, United States",,,,,,,,,0,,,,,,,,,7,4.4,1
D,3.62,3.62,phoenix,Worlock Air Conditioning & Heating,+1 928-628-6047,https://www.worlockair.com/service-areas/sun-city,,,,,,,,,,0,,,,,,,,,28,4.9,21
D,3.61,3.61,phoenix,Heating And Air Conditioning Phoenix,+1 928-433-1132,,"1711 W Bell Rd, Phoenix, AZ 85023, United States",,,,,,,,,0,,,,,,,,,15,4.7,6
D,3.57,3.57,phoenix,SHAKIR AC and Fridge Repairs & Service Center,+92 303 2424450,https://wa.me/923032424450,"mart, Main Khanna Rd, near gelani, Al Noor Colony, Rawalpindi, 46000, Pakistan",,,,,,,,,0,,,,,,,,,27,4.9,15
D,3.14,3.14,phoenix,Mesa Air Conditioning Contractors,+1 661-582-0101,https://mesa-air-conditioning-contractors.ueniweb.com,,,,,,,,,,0,,,,,,,,,18,4.9,9
D,3.0,3.0,phoenix,North Valley HVAC,+1 928-421-8100,,"15331 W Bell Rd Suite 212 Suite 215, Surprise, AZ 85374, United States",,,,,,,,,0,,,,,,,,,1,4,0
D,2.7,2.7,phoenix,Phoenix AC Services: Heating & Air Conditioning,+1 928-433-1139,,"8937 N 12th St, Phoenix, AZ 85020, United States",,,,,,,,,0,,,,,,,,,12,5,3
D,2.7,2.7,phoenix,"⭐""Climora AC & Refrigeration""",+92 315 1316270,https://wa.me/923151316270,"Ghauri Town Phase 5-A, Phase 5 Ghauri Town, Islamabad, 44000, Pakistan",,,,,,,,,0,,,,,,,,,12,5,4
D,2.5,2.5,phoenix,Phoenix Heating & Air Conditioning Services,+1 928-433-1196,,"5115 W Indian School Rd, Phoenix, AZ 85031, United States",,,,,,,,,0,,,,,,,,,10,5,1
D,2.5,2.5,phoenix,The Cooling Guys,+1 458-325-7974,,"4633 W Alice Ave, Glendale, AZ 85302, United States",,,,,,,,,0,,,,,,,,,10,5,2
D,2.5,2.5,phoenix,Jarhead Mechanical LLC,+1 703-598-6674,https://jarheadmechanical.com,,,,,,,,,,0,,,,,,,,,10,5,2
D,2.5,2.5,phoenix,Cold Air Solution LLC,,,"16828 W Barwick Dr, Surprise, AZ 85387, United States",,,,,,,,,0,,,,,,,,,10,5,1
D,2.38,2.38,phoenix,Broken Equipment? Just Holler!,+1 800-313-2162,http://www.justholler.com,"15169 N Scottsdale Rd Suite 205, Scottsdale, AZ 85254, United States",,,,,,,,,0,,,,,,,,,9,5,4
D,2.26,2.26,phoenix,Discount AC Units. com,+1 866-763-2792,http://www.discountacunits.com,,,,,,,,,,0,,,,,,,,,8,5,0
D,1.75,1.75,phoenix,Broken Equipment? Just Holler!,+1 800-313-2162,http://justholler.com,"3707 E Southern Ave Floors 1 & 2, Mesa, AZ 85206, United States",,,,,,,,,0,,,,,,,,,5,5,1
D,1.75,1.75,phoenix,Superior Heating & Cooling Scottsdale,+1 928-435-7770,,"8320 Hayden Rd, Scottsdale, AZ 85258, United States",,,,,,,,,0,,,,,,,,,5,5,0
D,1.51,1.51,phoenix,Liberty Tradesmen,+1 425-426-0042,https://www.libertytradesmen.com/wa,,,,,,,,,,0,,,,,,,,,4,5,0
D,1.19,1.19,phoenix,Chandler HVAC & DUCT Cleaning,+1 928-216-2990,,"2668 E Commonwealth Cir, Chandler, AZ 85225, United States",,,,,,,,,0,,,,,,,,,3,5,0
D,1.19,1.19,phoenix,Discount Air Duct Cleaning Az LLC,+1 520-614-1717,https://discount-air-duct-cleaning-az.com,"260 E Rio Salado Pkwy #1033, Tempe, AZ 85281, United States",,,,,,,,,0,,,,,,,,,3,5,0
D,1.19,1.19,phoenix,North Valley Mechanical,+1 919-989-8898,,"5405 N 99th Ave Suite A41 031, Glendale, AZ 85305, United States",,,,,,,,,0,,,,,,,,,3,5,0
D,1.19,1.19,phoenix,Alpine Air Duct Cleaning,+1 520-812-4596,https://www.steelehvacllc.com/contact,"510 S Lewis, Mesa, AZ 85210, United States",,,,,,,,,0,,,,,,,,,3,5,0
D,1.19,1.19,phoenix,Zoop HVAC Repair,+1 928-430-5957,,"El Mirage, AZ 85335, United States",,,,,,,,,0,,,,,,,,,3,5,0
D,0.0,0.0,phoenix,Sears Heating and Air Conditioning,+1 928-641-4167,https://www.searshomeservices.com/repair/hvac-repair-service?SID=44&phone=9286414167,"4401 E Baseline Rd, Phoenix, AZ 85042, United States",,,,,,,,,0,,,,,,,,,1,5,0
D,0.0,0.0,phoenix,Zoop HVAC Repair | Maricopa,+1 520-210-4709,https://zoophvacrepair.net/service-areas,,,,,,,,,,0,,,,,,,,,1,5,0
D,0.0,0.0,phoenix,Dr. AirCon Paradise Valley,,,,,,,,,,,,0,,,,,,,,,1,5,0
