tier,quality_score,service_fit_score,metro,title,phone,website,address,owner_name,owner_title,owner_linkedin,additional_team,pocs,primary_contact,primary_contact_channel,top_pain_category,pain_breadth_count,pain_quote_1,pain_quote_2,pain_quote_1_original,pain_quote_2_original,pain_quote_1_rating,pain_quote_2_rating,recommended_service,all_pain_categories,review_count,rating,negative_reviews_1_3_star
A,90.0,50.0,tampa,Happy Wife,+1 727-288-6229,,"2855 Gulf To Bay Blvd #2311, Clearwater, FL 33759, United States",Bryan Purefoy,Owner,,,Bryan Purefoy,Bryan Purefoy,https://www.facebook.com/happywifeac/,calls_unanswered,6,"We had been using Bryan in the past and we had him install a new system last year.  I went to his website back in September to set up an appointment for our yearly maintenance, day of the appointment he never showed up.  I tried to call him several times the day of appointment, no answer.  I tried several times the next couple days, no answer.  I used his AI support, that said he would call back in an hour, never did.  Bryan finally  called me back several days later and told me his online appointment system doesn’t work, ask then why have it.  He told me he would could come out the following week, he never showed up.  About a month passed and we tried calling again using the AI system, never called back.  Out of the blue Bryan called us several weeks later and said he was on the way over and he would be there shortly, he never showed up and guess what, when we called him that day he never answered.  Waste of time, we called another company that same day and they are scheduled ( hopefully) to come over next week.  Not a very good business model.

January 2026 Update-Adding some more information, with our recent cold weather tried to turn the heat on for the first time since the new system was installed (didn’t need it last year) but we weren’t getting any heat.  Called another AC company to come out and take a look at it, was advised during installation Bryon never connected the heating wire to the thermostat.  Thanks Bryon for another $150 bill.  Do not use this company!","Built A 4000 SQ Ft. Custom Home, Had Bryan Purefoy (Owner Of The Company) Qualifier Of This Company Is Todd A Britton, He Also Holds A License For Allen Michael At Artic A/C & Heating LLC.
A/C Passed Inspection But After Moving In, The Ceiling Fell In While My Son Was Sleeping. I Called Bryan Purefoy, He Stated The A/C Is Out Of Warranty Which Shouldn’t Be As They Finally Passed The A/C Inspection After 3 Attempts, Which Would Give 9 Months. I Went Ahead & Gave Bryan Purefoy $450.00 To Fix As I Just Wanted It Fixed But After He Stopped It From Leaking, He Disappeared & Will Not Call Me Back. I Am Now Preparing A Complaint Against Happy Wife A/C & Heating LC & License Holder As They Are Responsible For The Damages. The Plenum That Leaked Is Warped & A Duct Wasn’t Hooked Up & Blowing Air In The Attic, Like Who Does This & How Did This Pass Inspection.",,,1,1,AssistantDial 24/7 AI Receptionist — every call answered,booking_friction;calls_unanswered;delivery_quality;followup_dropped;frontline_communication;hidden_subcontracting,75,4.1,10
A,90.0,50.0,tampa,The Airboss,+1 813-239-4455,,,Kevin Hughes,Managing Member,,,Kevin Hughes,Kevin Hughes,,booking_friction,4,"Terrible Service, Zero Professionalism
​I waited two days for a scheduled HVAC appointment, and no one showed up or called. When I finally reached someone, I was met with complete disrespect and insults. This is the worst customer service I have ever experienced. I highly recommend taking your business elsewhere.","Worst company ever. They were assigned to fix my dryer and fridge through American home shield (ASH) company. When they came out the first time they had to order parts. I didn't hear from them for months so I called to check on the status. They said they had the parts and could not reach me which is a lie. They said they would come out late next day, well no one called or showed up.  Called them again and no one answered. I do not understand why AHS is in business with this company. I told them in the past that this company has bad reviews. I'm just waiting to get my appliance fix then going to get away from AHS.",,,1,1,AssistantDial Appointment Booking + Calendar Sync,booking_friction;calls_unanswered;followup_dropped;frontline_communication,107,1.9,18
A,84.95,44.95,tampa,AC ALLSTARS TAMPA,+1 813-403-9936,http://www.coldairtonight.com,,Kenneth W. Hart II,Owner,,,Kenneth W. Hart II,Kenneth W. Hart II,,booking_friction,4,"1 Star – Extremely Unprofessional and Unreliable Technician

This is by far one of the worst service experiences I’ve had through a home warranty company.

The technician assigned to my pool pump claim, Kent, never canceled his first appointment. I took a half day off work to be home, only to find out the same day—after I texted him asking if he accepted debit card or Zelle for the deductible—that he was not coming. He then said he would come within the next two days.

I asked him to formally notify Home Choice Warranty (HCW) of the change. He claimed he already had and blamed HCW for not informing me. When I called HCW to confirm, I was told he never contacted them to reschedule at all.

When he finally showed up on a date he personally chose, he inspected the pool pump and said it needed to be replaced because the motor bearings were worn out. At that time, the pump was running with an extremely loud noise. HCW later denied replacement because the pump was “still working,” even though the technician himself recommended replacement.

Less than ten days later, the pump completely failed. I requested a recall, and because it was a recall, the same technician was required to return. An appointment was automatically generated, but he never confirmed it and did not show up. When I contacted him, he vaguely said, “I will come at some point next week,” without giving a date.

HCW contacted him again, and he promised to come on Tuesday and contact me. He never contacted me and never showed up. On Wednesday, I texted him asking which of the remaining two days he planned to come—no response. When HCW contacted him again, he said he would not be able to come out for the next two weeks.

Due to his repeated no-shows and lack of professionalism, HCW was forced to reassign my claim.

It is also important to note that Kent operates under another company name, No Sweat Residential Services LLC, which is the company that accepted my claim through HCW.

My advice: stay away from this technician and this company. Unreliable, unprofessional, poor communication, and complete disregard for customers’ time. No homeowner should have to deal with this kind of service.","I was very impressed with how I was treated and how the job started to replace my central air unit.  Ken kept me updated and let me know exactly when it would be done.  After the unit was installed and was running on July 19, Ken said he would be back the next day to install the UV light and remove all the packing material, ie 2x4s, cardboard, insulation and wiring that was left in my garage.  I didn’t hear from him for a week and then learned that he had been sick.  I guess there was nobody else that could fill in for him.  I was then told it would be done on July 25th but nobody showed up nor did he notify me.  I contacted him by text on the 26th and he told me Rick couldn’t reach me even though I was home and didn’t receive any missed calls.  He said he would be out himself the next day, but again he didn’t come nor did he notify me.  I have now texted twice asking for an answer, and he has not responded.  Initially when he was selling me on his services the communication and customer service were great, however after the payment and install he dropped the ball and left me with an incomplete job and a pile of trash.  (Photo of trash in my garage posted). What started as a good working relationship has ended on a very sour note especially since I am 80 years old and able to move all the trash myself.

Since posting this, I have learned that this is a fraudulent company and has no affiliation with AC Allstars.  Ken Hart is his real name, not Ken Hunt like he told me.  I guess he changed his name, because he had been fired by the real AC Allstars company.  He did not pull a permit, and now I have had to hire another company, this time legitimate, to inspect the a/c and pull a permit in order to have a valid warranty.  I also learned from the real AC Allstars that this is not the first time Ken Hart has done this.  Beware, do not use this man’s services.",,,1,1,AssistantDial Appointment Booking + Calendar Sync,booking_friction;calls_unanswered;delivery_quality;frontline_communication,13,3.5,6
A,82.16,37.16,tampa,Air Doctor,+1 813-891-9444,,"464 Douglas Rd E, Oldsmar, FL 34677, United States",Sandra G. Lucker,"Owner / President (Air Doctor Air Conditioning and Heating, Inc.)",https://www.linkedin.com/in/sandy-lucker-b57469aa/,,Sandra G. Lucker;Jim Lucker,Sandra G. Lucker,https://www.linkedin.com/in/sandy-lucker-b57469aa/,booking_friction,3,"I used them through my home warranty company after my ac died during a heat wave in tampa, fl. They came in 3 days after I filed the claim and too my ac motor. A week later they promised to come and fix it but on the day I called them they said they needed to order more parts. 3 days later they come back and install a used motor. The tech left stating he needed to order another part. After 2 weeks of no air conditioning I called another company the issue was fixed in 3 hours. I would not recommend them to anyone.","Used my home warranty service. Took 3 weeks to get an appointment. Jack came out, cleaned the condensate pump and when he reinstalled it the pump stopped working. Instead of owning the problem, he left and said I would need to set up a new service with the warranty company. Within 20 minutes of him leaving, the a/c stopped working all together. Called the office, they refused to send anyone out without a new claim number from the warranty company. Don’t use this company they will break your system and leave you with no a/c in 85 degree weather.",,,1,1,AssistantDial Appointment Booking + Calendar Sync,booking_friction;followup_dropped;frontline_communication,183,3.2,6
A,81.24,39.24,tampa,Bam Air Conditioning Services llc,+1 813-445-1939,https://bamairservices.wixsite.com/bamairservices,,Bobby Aaron Mobley,Owner,,,Bobby Aaron Mobley,Bobby Aaron Mobley,bamairservices@gmail.com,calls_unanswered,4,This company is so unprofessional. We called last night and asked if they could come out and help us with our air conditioner. He said that he would be here in about one hour. Then later texted to say sorry that it would have to be the next day between 9 and 10 in the morning. Around 9:45 we texted to ask if he would be there soon and he replied that his worker over slept so it would be about 1 hour before his worker got there and he would text us and let us know what time he would be here. After a little over an hour with no response we text again asking when he would be coming and he stopped responding. We texted three times and called but no response. He is now ignoring our calls and text messages. How unprofessional is that? Why not let us know that you can't do it so we could find someone else instead of just waiting in this hot house with my kids?,"Well, initially we hired them in 2019 to install a new AC unit, it was a great install, professional, friendly, clean.  This past weekend the unit went out for whatever reason, so I called them for some help, they didn't answer at 8am on Sunday, that's cool, I call back later, okay the tech will be out in three to four hours. Six hours later the tech shows up, says it was a bad relay and replaced it. The unit works for maybe two hours, I call back no answer. I think, maybe in the morning they'll answer. No answer. I call all day, no answer. My wife calls from her number, told a tech would be outin a little bit. No tech, no more answered calls either. So...I call Alverez to come look, said they'd be out Monday between 10 and 2, tech gets here at 1030, finds the motor is burnt out and the coils are absolutely caked up to the gills. Replaced the motor, cleans the coils and now I have AC. NEVER got a call back from BAM.",,,1,2,AssistantDial 24/7 AI Receptionist — every call answered,booking_friction;calls_unanswered;followup_dropped;frontline_communication,27,3.7,20
A,80.34,35.34,tampa,S&S Air Conditioning,+1 813-855-6692,https://ss-airconditioning.com,"105 Douglas Rd E, Oldsmar, FL 34677, United States",Shawn Smith,Owner / President (S&S Air Conditioning / S&S Electric),https://www.linkedin.com/in/shawnsmith9/,,Shawn Smith;Chris Smith,Shawn Smith,https://www.linkedin.com/in/shawnsmith9/,booking_friction,4,"We called this company on an emergency situation on Tuesday, they gave us as their best time , Thursday. By the way they installed our a/c system. I won't call them never again.","We called them on Saturday to schedule an AC repair job, we had an air handler out. An appointment was set up for the following Thursday. The morning of the appointment day they call to cancel it, as all the crews will be on new construction jobs the rest of the week. Too bad for us, with the AC out for a week.
By the way, they installed the units when the house was built, and had been servicing them for 9 years. They told us that new construction takes priority over service calls. If you need service, don't call them.",,,1,1,AssistantDial Appointment Booking + Calendar Sync,billing_or_intake_errors;booking_friction;followup_dropped;frontline_communication,40,3,23
A,79.99,34.99,tampa,McMullen Air Conditioning & Refrigeration,+1 727-527-0000,http://www.mcmullenhvac.com,"4877 28th St N, St. Petersburg, FL 33714, United States",Joseph M. Conti,President,,,Joseph M. Conti;Curtis E. Brown,Joseph M. Conti,,calls_unanswered,4,"Last year Kyle (who was recommended by a contractor) repaired our heat pump – we were pleased with the service.  I contacted Kyle again this year and made arrangements for him to service & maintain our HVAC system on Friday morning, May 24th.  Although I telephoned & texted Kyle several times during that day, he never came to our house & did not respond to my contacts.  Early in the evening on May 24th Kyle finally texted me that he had gotten confused about the date of service & apologized for his mistake.  I made arrangements for Kyle to service & maintain our HVAC system at 9 am the following Friday, May 31st.  When Kyle did not arrive by 9:20 am that day, I texted Kyle about whether he was still coming to our house.  Kyle did not respond that day – and has not responded since.  The contractor who recommended Kyle to us contacted Kyle on June 1st about what happened.  Kyle has not responded to him as well.",Have tried to call them twice in the last year and a half because their service stickers are on the RTU each time it was a nightmare holding for twenty minutes and never receiving any help Never Again,,,1,1,AssistantDial 24/7 AI Receptionist — every call answered,booking_friction;calls_unanswered;followup_dropped;frontline_communication,25,3.7,9
A,79.25,37.25,tampa,"Encore Air, LLC Heating & Air Conditioning",+1 727-314-3781,,"2190 62nd Ave S #4, St. Petersburg, FL 33712, United States",James A. McClow,Owner,https://www.linkedin.com/in/jamesmcclow/,,James A. McClow,James A. McClow,https://www.linkedin.com/in/jamesmcclow/,calls_unanswered,3,"Last July, Encore was great and installed my new air conditioning systems on time and on budget. However, within the last week we have unable to place a service call or talk with anyone. We get their answering service that say they are …","Used Encore Air to install a new system.  I had a warranty issue and the unit stopped working.  I tried calling 5 times and their answering service kept taking messages, but I never received a call back from anyone at the company.  Maybe …",,,,,AssistantDial 24/7 AI Receptionist — every call answered,booking_friction;calls_unanswered;followup_dropped,43,3.2,13
A,77.53,37.53,tampa,Comfort Central Inc.,+1 813-885-4448,https://www.comfortcentral.com/contact.htm,"9420 Lazy Ln, Tampa, FL 33614, United States",Daniel Rivera,Director,,,Daniel Rivera,Daniel Rivera,,calls_unanswered,3,"Horrible communication and execution - This company responded to a home warranty repair claim for a pool salt cell generator.  The initial service call was 5/5.  The tech that responded had no idea what he was looking at or for, and I walked him through the fact that the SCG was not working and that I had trouble shot it to confirm.  After completing his tests, it was confirmed.  He advised I would get the same (comparable item - Pentair branded btw) and left.  Weeks went by with not follow up, return calls or emails from this vendor.  Calls go to a call center and even when marked urgent they do not call back.  Finally get a email that parts are on order - get a text on 5/18 to provide times they can come which I gave them 3 different days.  No response.  Multiple calls and emails  and a follow up with the HW Company, I finally get a text on 5/28 and the tech shows up with parts that a knowledgeable vendor would have came with.  The company could have directly replaced this SCG with the newer version of the model I had - unscrewed two unions, put in the new one and tightened, plugged in and left.  Instead, they bought a knock off Aqualix part from Amazon, destroyed the pool plumbing that was actually done by a pool company.  Once that was done, there was two leaks, the tech had to redo it again.  Still had a leak and the solution was to slather the union with more PVC glue - Still leaked.  Tech could not fix it, due to not having any more supplies.  I advised him the SCG was not working and he said he could not fix that as he does not know how to link it to the automation and correctly set it up.  The tech said they would be back to fix the leak.

Multiple calls from myself and the HW Company to the vendor with no response, and a text message to the number that text me yesterday with no response.  Pool still leaking from the poor plumbing repair, and the SCG not working due to the not having the correct replacement part.  I live 55 minutes away from their shop, so an easy trip to correct their mistakes, but instead they cannot even respond to calls/emails for follow up.

I would stay as far away from this company as possible - and if you use a home warranty company and see them assigned - call immediately to get someone else.  It is not worth the hassle or the shoddy repair work.  All I paid was $75 and I still overpaid for their work.","This company was sent by Aquacal to repair my pool heater that I spend $9000 on last year. They were there 4 times over a period of a few weeks, and each time after they left I was told it was working. It was never returned to working order. After that I could not get a call back from them, and I had to contact Aquacal to have another company sent. This cost me time and money as an Airbnb host.",,,1,1,AssistantDial 24/7 AI Receptionist — every call answered,calls_unanswered;followup_dropped;frontline_communication,56,2.2,6
A,75.84,32.84,tampa,Bayshore Cooling,+1 813-900-3256,,,Kory Dykman,Owner,,,Kory Dykman;Kevin R. Dykman,Kory Dykman,,frontline_communication,3,"AC has not worked since it was installed September 21st. I have repeatedly called, emailed, and requested help from Bayshore. I cannot get a straight answer about when replacement parts are coming in. There is no email trail to even see if the parts were ordered. I have requested service help a dozen times. When they say they are coming to help they either don't show, or come at the wrong time/date. They have come out before but only add coolant to make the AC work for 3/4 days before it blows hot again. I have paid a TON of money on a brand new HVAC and have no answers on if and when it will actually be fixed. Was delivered a lemon. BEWARE this company",These guys are ridiculous. They use horrible sub contractors and cannot fix their mistakes. They’ve been ignoring my complaints.,,,1,1,AssistantDial AI Receptionist — consistent frontline,booking_friction;calls_unanswered;frontline_communication,4,1,4
B,74.58,34.58,tampa,Brad's a/c company,+1 813-779-7508,,"5154 Ridge St, Zephyrhills, FL 33542, United States",Charles Bradley McLemore,Owner,,,Charles Bradley McLemore,Charles Bradley McLemore,,booking_friction,4,"Brad's A/C installed a Daiken series 19. Had it serviced on 3/23/24 for no cold air. Over the summer lost cold air, called for service beginning 9/24. Spoke to Brad 2 different times, I was told he would come out the next day. Both times no show. Contacted Brad again in early 12/24. Spoke to Brad, he had an injury to his hand, took my info and was told he would contact me after feeling better. I called him in late January and same thing happened. No call, no service visit. I'm looking for a new company.",Worst ac contractor I have ever dealt with. Would like to give zero stars if I could. Excuse after excuse of why he couldn’t do the job right after he said he was done. Crawled under the mobile home and saw the mess he left behind. Then he couldn’t figure out why the ac was freezing up. I found that he had mixed up the supply and return ducts. Had to throw him off the job after breaking water lines and tell me he would return the next day to fix them and not showing up till 4pm saying that he had an emergency call to do first. You would think that braking water lines and leaving no ac would be his first emergency.,,,1,1,AssistantDial Appointment Booking + Calendar Sync,booking_friction;calls_unanswered;frontline_communication;service_quality_in_session,5,1.8,4
B,74.56,34.56,tampa,National Heating & Air Conditioning Inc.,+1 727-784-9399,http://nationalheatingair.com,"2650 Enterprise Rd, Clearwater, FL 33763, United States",Bryan Henderson,Owner,,,Bryan Henderson,Bryan Henderson,,frontline_communication,4,"We’ve had nothing but issues since they came out to service our AC that was working fine before they came. The only thing we needed replaced was a drain line on the exterior of the house. This has been going on since March. What i needed addressed from my initial conversation was never fixed. They replaced lines in the attic when we needed a drain line on the exterior of our home fixed. I’m not an AC person so I’m putting my trust in a company that knows what they are doing.  Come home from
Vacation to my AC leaking and water damage throughout my home. Brian calls and speaks with my husband and HANGS UP ON HIM!! Worst company we’ve ever dealt with. Takes our money and won’t fix the damage they caused.  We used this company because they called us, guess i should’ve saw that as a red flag.
DO NOT USE THIS COMPANY!!",These people are rude and cons. I bought a 3 year warranty and I had an emergency with my air conditioning. It was not running and it was 85 out of they refused to come to my house. I called 4 times starting on Friday at 6 pm. Finally a VERY rude supervisor got on the phone and said they emailed me. In my experience you don’t email a customer. I did not receive an email. They said stop calling because we are not coming out.,,,1,1,AssistantDial AI Receptionist — consistent frontline,booking_friction;calls_unanswered;followup_dropped;frontline_communication,421,4.5,6
B,73.02,33.02,tampa,Lucky's Reliable Home Services,+1 813-576-1245,https://www.luckyshomeservices.com,"1508 Touchton Rd, Lutz, FL 33549, United States",Shane C. Raymond,Owner,,,Shane C. Raymond,Shane C. Raymond,,booking_friction,5,AC was out for a week. They came by the next day to evaluate. Figured out the issue and ordered a new part. No issues. Then on Friday when they were supposed to come back to fix it they no call no showed us. Saturday the same thing. It is …,1.)  On two different occasions I received texts from them that they’re “scheduled to come tomorrow”.  Had to call them and reschedule as I had no idea they schedule on their own accord without consulting the homeowner. (They were given the …,,,,,AssistantDial Appointment Booking + Calendar Sync,booking_friction;calls_unanswered;followup_dropped;frontline_communication;service_quality_in_session,218,4.5,24
B,70.69,28.69,tampa,Delta Mechanical Service Corporation,+1 813-935-1000,,"700 W Waters Ave B, Tampa, FL 33604, United States",Dimitrios Moutafis,President,https://www.linkedin.com/in/dimitrios-moutafis-058b011a2/,,Dimitrios Moutafis,Dimitrios Moutafis,https://www.linkedin.com/in/dimitrios-moutafis-058b011a2/,booking_friction,2,"They advertise same day service, yet soonest toilet installation was 2 weeks out.  2 days before the appointment they called, I answered nobody spoke (dead silence) then get an e-mail cancelling my appointment - they could reschedule over a week later after my guests were due to arrive. No attempt made to schedule anything earlier for despite telling them on the original call the original installation was cutting it close. Though polite service is non-existent.","Would like to rate no stars. Poor customer service,  when you call you get voice mail, and they never call back. I've had to call literally all day to get someone to talk to. Had a problem with their installation for two years and they …",,,1,,AssistantDial Appointment Booking + Calendar Sync,booking_friction;calls_unanswered,22,3.3,15
B,69.74,26.74,tampa,Hales AC,+1 727-386-8956,https://www.halesac.com,"4700 95th St N, St. Petersburg, FL 33708, United States",George McPherson,President / Registered Agent,,,George McPherson;Jeremy Hetherington,George McPherson,,calls_unanswered,4,"Anthony D. was an experienced tech who knew what he was doing and was able to finally fix a problem my system has had for 4 years. Service manager PJ is amazing and able to really help me through my last service. skill level of techs and service management is really improving. The knock remaining now is that they are heavily AI driven for all contacts. It takes 45 minutes to get to a person (seemingly one person). big focus on recurring maintenance fee but no real value other than discount on repairs you should not have, and once a year cleaning.","1. The wrong condensing unit was installed—a Merit instead of the Elite model specified in my contract. If I hadn’t checked the unit’s tag myself, this expensive mistake would have gone unnoticed for the unit’s entire lifespan. Although the correct unit was eventually installed, no explanation was ever given for the error. Caveat emptor.
2. After installation, my credit card was charged multiple times for the $15,200 cost. I had to call Hale’s office repeatedly to reverse the extra charges. No one explained why this happened, and it was only resolved because I followed up myself.
3. For a month after installation, I called every few days requesting an invoice listing the installed equipment’s model and serial numbers, along with a copy of the permit, to apply for a Duke Energy rebate. This simple request proved difficult. After a month of persistence, I received an invoice without serial numbers. I eventually found the permit online myself. The office seems unable to handle non-routine requests or follow through accurately.
4. After a month, I called three times asking for management to contact me regarding these issues and the installation itself. No one ever got back to me.
5. Permitting was complicated by two major hurricanes in Fall 2024, requiring a permitting official to visit my home multiple times due to repeated inspection failures. The last failure was due to the technician not checking a box on the AHU sticker indicating the heat strip type. It would have been helpful to be notified when installation was approved, as requested—I wrongly assumed it was. About a month ago, I received a letter from the City of Seminole stating the permit had expired and the installer might be reported to the state licensing office. I informed Hale's, and only then did they arrange for the permitting official to return and finalize the inspection—well over a year after the initial installation. This would not have happened if I hadn’t reported the letter.
6. In December, I was called to renew my service contract on all three systems in my home (all installed by Hale’s), but the free preventive maintenance contract offered with the new unit was not honored. Neither I nor the representative could explain why. I pointed out that the new unit didn’t require maintenance yet, and was still under warranty. I asked to have someone check with management and respond, but received no follow-up.
7. More recently, after voicemails about owing money for preventive maintenance, I called again and learned that Hale’s wanted to charge me in advance for this year’s maintenance on all three systems. The person I spoke to—who had previously promised to look into the free maintenance—had no record of our earlier conversation, and still couldn’t answer my question. I decided not to continue servicing my units with Hale’s and informed them.
To be fair, the installation and maintenance crews were courteous, aside from the error with the wrong unit. My main concern is the repeated mistakes and persistent lack of accurate information from the company, which led me to end the relationship. The inability to reach a manager when requested is a major red flag, reflecting either poor phone representative training or an unwillingness from senior management to engage with customer issues.
Note: Hale’s is listed as a Lennox Premier dealer on Lennox’s corporate website, but I suspect that rating reflects past ownership’s performance. For new customers, I strongly recommend proceeding with caution, double-checking their work, or even shopping around for providers with better recent reviews regarding service and communication.",,,3,1,AssistantDial 24/7 AI Receptionist — every call answered,billing_or_intake_errors;calls_unanswered;followup_dropped;frontline_communication,916,4.6,5
B,68.57,25.57,tampa,Harrington Air Conditioning,+1 727-477-1004,https://www.harringtonac.com,"7840 62nd St N, Pinellas Park, FL 33781, United States",Robert Harrington,Owner / President,,,Robert Harrington;Robert J. Harrington,Robert Harrington,,booking_friction,4,"I’ve been using Harrington Air for quite a few years. I liked them because they were able to come out to my house within a day or two, they were honest, and they were reasonably priced.

Well, I recently called to schedule regular maintenance on my AC. They’re now using AI to answer the phone, which I hate, and the dumb bot told me they didn’t have anything available until July 12th. What?? I’ve never had to wait that long before. Not only that, I asked to speak to a human, and it told me to call back during regular business hours. I asked it what regular business hours were, and it said they closed at 5. I said, well it’s only 4:30. Then it gave me some lame excuse, and I just hung up out of frustration.

It’s bad enough to get caught up in a loop of menus where you have to keep pressing buttons to get to a human, but now I have to talk to AI?? Not a fan!! You just lost a customer, Harrington!

Now the owner is gonna respond with some lame excuse for this as I’ve seen in every reply to an unfavorable review since ownership has changed.","Harrington installed Daikon 3 ton AC 16 months ago and it is under warrantee.  Last week the system stopped cooling. On Wednesday May 6 Harrington technician found out that condenser is not working because there was no fridgerant in the condensor. The leak detector was indicating a leak but the technician could not locate it. Manager David advised him over the phone that probably caps were lose and that he should add fridgerant. Technician left after 5 hours but the reason for leakage was not identified as on following Friday May 8 (yesterday) the condenser stopped working again and we had 90 F in bedroom. I called customer service to send technician the following day which was Saturday. The technician just called that he is on his way and that I have to pay $200 for weekend. I told him the issue was not fixed 2 days ago and I will not pay $200. He turned around  without coming to fix the problem and I got a text from Harrington thanking me for trusting them and asking for an review. Incredible!!! If the heat impacts my 84 year old husband health condition, Harrington will be responsible.",,,1,1,AssistantDial Appointment Booking + Calendar Sync,billing_or_intake_errors;booking_friction;calls_unanswered;service_quality_in_session,1240,4.8,5
B,68.1,28.1,tampa,Gator Mechanical Of Tampa Bay Inc,+1 727-452-5727,http://gator-mechanical.com,"6901 49th Ave N, St. Petersburg, FL 33709, United States",Christopher B. Love,Owner,,,Christopher B. Love,Christopher B. Love,https://www.facebook.com/p/Gator-Mechanical-of-Tampa-Bay-Inc-100057319793908/,calls_unanswered,3,"I am building a new ADU and this company had done the rough plumbing for our contractor.  I have contacted them 4 times to get a quote to connect to our sewer and do the finish plumbing since they are on our building permit, and I have never received a call back.  What a sham of a company.  It’s a wonder they are still in business.  If they don’t want my business, a simple phone call to say that they can’t continue to work on the project would be the moral and ethical thing to do.  Ignoring someone who wants to pay you to provide a product or service is never a prudent decision.  I would caution anyone looking at this company to look elsewhere. This company does not appear to have any interest in being an upstanding, productive company.","We’ve used them in the past and the experience had always been great. This most recent experience warrants a 1/5. I placed a service call at 5:13 and almost three hours later we still had not received so much as a phone call back from a technician. I called again to check the status and was basically told they will try again. No apology, no remorse, nothing. The customer service has definitely gone down hill.",,,1,1,AssistantDial 24/7 AI Receptionist — every call answered,calls_unanswered;followup_dropped;frontline_communication,11,2.5,10
B,67.53,27.53,tampa,Xpress Air Systems,+1 813-284-4718,http://xpressairsystems.com,,Kevin Quarry,Owner,,,Kevin Quarry,Kevin Quarry,https://www.facebook.com/xpressairsystems/,calls_unanswered,3,"By far the worse service I have ever had.
After they came out to fix my ac they charged me 241 to fix two issues and told me that it was the problem. About 3 hours later my ac was out again.
I called them first thing in the morning they said they would call me back but didn't receive a call back even after calling them 3 times. So I had to get a different company to come to my house to fix my ac. The other company found the real problem and fixed my ac. After my ac was worked on by the new company they called me and basically argued with me about everything and told me it was my word against their  Technician. Then told me they wanted to come out and fix the issue I told them it was too late and that someone else already fixed the problem  and that I wanted a refund they told me that they dont do refunds and that it wasnt going to happen. Then basically hung up on me.",I have given this company a year to correct their faulty workmanship after installing a new unit. Now they are not answering and refusing to fix it. Better business bureau will be hearing from me along with a small claims court hearing to pay my money back from having to have another company come out and fix their problem. By any means do not use this company.,,,1,1,AssistantDial 24/7 AI Receptionist — every call answered,billing_or_intake_errors;calls_unanswered;frontline_communication,14,3,8
B,67.22,24.22,tampa,Technical Services: TSI,+1 941-845-6042,http://www.tsiair.com,"651 17th St W Unit K, Palmetto, FL 34221, United States",Janette Chaviano,President / Registered Agent,,,Janette Chaviano;Luis Alonso,Janette Chaviano,,calls_unanswered,4,Newly built house I have them doing maintenance they came out 6 months at a time I never had no problem with my ac until they came out. It shut down I was in the summer heat with no ac for 4 days. I call them 7pm they said they can’t come out until the next day. Came out the next nothing change they left I called again they didn’t come at until I call the 3rd day and they said they coming I never heard from them again I had to call another company to look at my ac. When the next six month came they called me to schedule maintenance I still have answer they phone call and they call me again another 6 months I still decline they call I will not subject my to this horrible service. They suck and they mess up what is not broken to they rob you for money.,"Please stop calling me. We had an offer for a $50 dollar coil cleaning on my hvac unit. Technician arrived within the time slot I was told, only to come find out he was only spraying some foam cleaner and wiping it down. Then quoted me $650 for cleaning service. None of this information was provided during the call with the office, if I had known it was just a quick preliminary visit and something I could of done myself with after a trip to home depot. It would be nice for the people in the office to communicate everything so there are no surprises. The Technician ended up leaving, doing nothing and basically throwing the company he works for under the bus.",,,1,1,AssistantDial 24/7 AI Receptionist — every call answered,billing_or_intake_errors;calls_unanswered;followup_dropped;frontline_communication,487,4.4,5
B,66.0,21.0,tampa,Arctic Air Home Services,+1 941-977-3822,https://www.arcticair4me.com,"6870 26th Ct E, Sarasota, FL 34243, United States",Scott Whitaker,Owner / Co-Founder,https://www.linkedin.com/in/scott-whitaker-5a20b739/,,Scott Whitaker;Don Ellerbee,Scott Whitaker,https://www.linkedin.com/in/scott-whitaker-5a20b739/,booking_friction,3,"Honest review of my recent experience: I signed up for their ""Gold Membership"" which includes 2 maintenance visits. The experience was pleasant to start as the staff was very friendly and quick to get my first appointment scheduled. Unfortunately, it took a turn from here on out. They provided me a 4-hour window in which I took off work for. The technician never showed up and was I contacted to reschedule. The tech showed up on the second visit and after inspecting my unit (less than 1 year old), showed me that there was ""growth"" in both units and attempted to sell me on ~$5k UV light system. He then went on to tell me that he could not clean out the growth as it is not included with my package. After he left, I found my brand new carpet (picture below) covered in dirt. I contacted the office to give them a chance to rectify the situation as I had to rent a carpet cleaner just to get it out, and was told the service manager was out and would get back to me. I followed up a week later and once again was told they would follow up with me. It's now been a month and I haven't heard back.

Overall, I would not recommend using this company for their annual HVAC maintenance based on this experience. I essentially paid $265 to have someone come out and tell me my unit was dirty and then stain my carpet.","Had specifically requested Jesse from Arctic Air Home Services to be our technician when we made the appointment several months earlier (based on neighbor recommendations).  Instead, David M. showed up.
We were pressed intently to add a UVC carbon air treatment system to our HVAC at a ""discounted"" price of over $2000 that I'm not sure we actually needed.
And after the technician left, we received his report - which contained numerous photos of various pieces of HVAC equipment from someone else's home.  Sorry, David, but we have a Honeywell thermostat, not the Trane pictured.  And our system is not the Bryant you depicted, but rather a Carrier system.
Not confident in this technician at all!

Having paid ahead for one year of the Gold Membership, we were also stunned to be charge nearly $300 just to clean the condensate drain line (which we maintain routinely ourselves), and an additional $231 to ""top off"" the Freon refrigerant.  We've never had an HVAC company charge extra for those things, as they are typically included as part of the twice yearly maintenance.

We're seriously reconsidering having signed up with Arctic Air Home Services.",,,1,3,AssistantDial Appointment Booking + Calendar Sync,billing_or_intake_errors;booking_friction;followup_dropped,5417,4.9,4
B,65.92,22.92,tampa,Air Remedies,+1 727-717-4796,,"427 75th Ave, St Pete Beach, FL 33706, United States",Glenn Bonds,Owner,,,Glenn Bonds;Eric Mattison,Glenn Bonds,,calls_unanswered,2,"I wish I could give negative stars. I purchased a whole new system in spring 2025. The post installation inspection still has not been completed despite several requests to have it set up. Currently the system is not performing as it should. We have tried multiple times to contact SOMEONE, ANYONE, who will respond and address the problems. The only person we have been able to speak with, Yaz, has not shown up when he has said he would. Other messages go unanswered. I am extremely frustrated, angry and seeking action for this business to follow through with their end of the contractual agreement.",,,,1,,AssistantDial 24/7 AI Receptionist — every call answered,calls_unanswered;followup_dropped,2,1,2
B,64.72,22.72,tampa,Total Air Air Conditioning & Heating,+1 727-888-2922,https://totalairinc.net,"3100 39th Ave N, St. Petersburg, FL 33714, United States",Aaron Freedman,Owner / President,https://www.linkedin.com/in/aaron-freedman-09651249/,,Aaron Freedman,Aaron Freedman,https://www.linkedin.com/in/aaron-freedman-09651249/,calls_unanswered,3,"I hate leaving bad reviews, but when it's severely warranted, it's important to. I was a previous customer of Total Air and used their subscription to maintain my units, after a 2 unnecessarily high quotes for repair, I ended my subscription and moved to another company. After a couple of years, I re-contacted Total Air for a quote on a new AC unit, and again, they came in substantially over the cost of every other quote I received. After that, they called me with an offer to inspect my units, and provide a cleaning, seemingly as a win back strategy to earn my business back. I accepted, and when finished, was presented with a bill that surpassed what I have paid in the past, and the only option being to sign up for their recurring subscription again. After another two months I call and asked to cancel the subscription. Lori, from accounting called me with a balance. That's fine, but I do reserve the right to review, and submit payment. Lori asked (rudely lol) to use the card on file, I said no, and she submitted the payment despite my request not to. Note, this was not an overdue payment. I simply asked to receive the invoice via email, which she did, then immediately sent me a receipt of payment. Lori has yet to return my call. It's all a bit weird, but reinforced my distaste for the company.","This was a bad experience. Mostly with the way it was handled. I had them come out to inspect my plenum that they installed and had started to come apart. They quoted me 323 dollars which I thought was a bit high, but then they wanted to add a 99 dollar service fee when I was not told about that. I don't have a problem paying when I'm told ahead of time but not when you are trying to charge me 323 with an additional 99 dollars. So 422+ dollars! Would not call them again! I wanted to get some maintenance done and would have gladly scheduled additional services now they lost me as a customer.",,,1,2,AssistantDial 24/7 AI Receptionist — every call answered,billing_or_intake_errors;calls_unanswered;frontline_communication,1929,4.8,4
B,64.67,39.67,tampa,Free AC Repair Services,+1 941-748-8348,,"2511 Manatee Ave E, Bradenton, FL 34208, United States",,,,,,,,calls_unanswered,4,"My brother lives in a rental home with his 5 month old baby.

I called Saturday as the unit they installed within the last year stopped working. I was told that I was on the list and someone would be out same day; Nobody ever called or arrived. I called Sunday and was told that they would be out same day; Nobody ever called or arrived. This morning I called and nobody answered. I left a 1 star review and within an hour the owner called to berate me for leaving the review. He stated that he couldn't reach the landlord but planned to send someone to fix the unit today….only if I removed the review. I responded that as soon as the ac was running, that I would absolutely update the review. The owner stated that is not how this works. He actually said ""he would never step foot in the house if the review was up."" I replied that it is good business practice to at least communicate with clients if you are not going to make it. I understand that if he couldn't reach my brother's landlord then he couldn't get approval. My frustration is that the owner doesn't care about his clients and only called because he was upset he received a negative review. The worst thing about this, however, is that there is a 5 month old baby dealing with his immaturity and poor business habits.

I will edit/update this review based on how he handles this mistake. I understand nobody is perfect and I hope this is not the normal for this company.","I never leave reviews but this company is horrible! Don't waste your time. They are very unprofessional! I called yesterday to schedule an appointment because my unit isn't cooling. I was told someone would be out this morning. Around 11:30, I call, and the guy said his wife didn't put me down. He would then be to my place within an hour. I call again after 2 hours go by and the wife tells me that I was on the list! I tell her I have an appointment that I have to go to a little after 3. She then tells me she'll tell them to come after 4. As I'm heading to my appointment they show up at 2:55! I have my son let them in and I come back to find that they didn't fix it! I call again at 4:30 to tell them nothing was fixed and the guy tells me he'll have them loop around and come back. I tried called calling around 7pm since no one had come back out. They won't answer or return my call. Just rude and unprofessional. Don't waste your time calling them! Give your money to a deserving reliable company.",,,1,1,AssistantDial 24/7 AI Receptionist — every call answered,booking_friction;calls_unanswered;followup_dropped;frontline_communication,54,3.8,9
B,64.29,22.29,tampa,Cool Works Heating & Cooling LLC,+1 941-685-0194,http://coolworksac.com,,James M. Hoffman,Owner,,,James M. Hoffman,James M. Hoffman,coolwork2016@yahoo.com,frontline_communication,3,"We have a home warranty service and they sent Cool Works out to us. WORST COMPANY EVER SENT BY AHS!! First they did not contact us in a timely manner and they do not answer their phone. So after reporting a problem with our AC on Thursday afternoon, they finally call Monday morning around 10am, mad as all get out. Cindy, the woman who handles scheduling, told me that my appt was going to be canceled because I did not reply to a text (that I NEVER RECEIVED) and then Cindy had the audacity to tell me that I WAS WASTING HER VALUABLE TIME BECAUSE SHE HAD TO CALL ME ABOUT THIS!!! So the tech arrives and it went downhill fast. Then he tells me he is going to write up the report so AHS probably will not cover the work. And of course, that is what he did. NEVER LET THESE PEOPLE ON YOUR PROPERTY, worst company ever. Any company that cannot be bothered to answer their phone has red flags all over!!! You do not want to let AHS home warranty send them out. Read the other reviews. It is causing me to cancel my AHS home warranty and go with FPL home warranty providers instead.","We have a thousands of dollars repair on our AC. Our warranty company sent Cool Works. 1st tech polite and said it's a leak. Put coolant and leak stop. It lasted a mo. Called our warranty co again then Cool Works the 2nd time. This tech was combative from the start. Then it took weeks for an estimate of repair, nor did we ever receive a scope of work that was preformed on both visits. I called numerous times. They continued to say they sent it, yet I got texts saying they were sending someone to measure. Overall this is stressful enough and hope for 2 things, a knowledgeable tech and understanding.  We had Tropic Air out, they were courteous, understanding and explained everything.  DONT USE COOL WORKS",,,1,1,AssistantDial AI Receptionist — consistent frontline,calls_unanswered;followup_dropped;frontline_communication,152,4.6,24
B,63.68,21.68,tampa,"Ken Hope Air Conditioning & Heating, Inc.",+1 813-671-2107,https://kenhopeac.com,"11531 US Hwy 41 S, Gibsonton, FL 33534, United States",Ken M. Hope,Owner,,,Ken M. Hope,Ken M. Hope,http://www.facebook.com/kenhopeac,booking_friction,3,"If there less 1 star i will do !

In August 2023, my air conditioner stopped cooling. I contacted ""Ken hope,"" a company recommended to me by the home's previous owner, who had been a regular client of theirs.
He had informed me that the AC units were under warranty and that we needed to transfer the coverage into my name.
A technician arrived and explained that the AC's drainage line was clogged and required cleaning. He performed the work, left me with a $100 invoice, and departed.
The AC resumed working for only two nights before breaking down again—bear in mind that this unit serves the bedrooms, and it was August, meaning scorching summer heat, and I have children! I called the company again to report the issue, but they scheduled me for an appointment a month later.
I told the representative that I could not wait a month—that it involved the bedrooms, I had children, and the weather was sweltering.
Her response was simply that I was not a ""regular customer"" and, because I was a new client, no earlier appointments were available for me!
I asked her if she was serious, and she replied, ""Yes."" She then demanded that I pay the outstanding $100 balance from just two days prior, which I refused to do due to her unprofessional attitude.
A year later, I called again to transfer the warranty into my name because the other AC unit required repairs. They told me, ""You have no warranty coverage,"" and rejected my request.
The technician I currently work with also called them on my behalf, and they refused once again! This is, without a doubt, the worst company to deal with.",,,,1,,AssistantDial Appointment Booking + Calendar Sync,booking_friction;calls_unanswered;frontline_communication,64,4.5,6
B,63.33,23.33,tampa,Florida Energy Air Conditioning Inc.,+1 727-845-4422,https://www.floridaenergyair.com,"4546 Trouble Creek Rd, New Port Richey, FL 34652, United States",Carey J. Carter,Owner,,,Carey J. Carter,Carey J. Carter,https://www.facebook.com/Florida-Energy-Air-Conditioning-Inc-677396372339106/,frontline_communication,3,"We had a service contract with this company. The first technician that came out to check it for us was extremely rude. Our following service was much more pleasant.
However, on Friday, May 24th, we called them when our a/c quit working. We were told they couldn't come out until Tuesday. We understood that going into a 3 day weekend, it might be difficult to have it fixed asap. But expecting us to wait 3 days without a/c was unreasonable. Especially since we had just had our a/c serviced by this company.
I called back the following Thursday, May 30th and told them we would not be continuing our service contract based on our experience Friday night. I was told everyone is having issues and how busy they are and she implied they are short staffed. When I told her I had called another company and they had someone out within hours and had us up and running, she was very rude and sarcastically said, ""I am glad they got it working for you"" and hung up on me.","I am renting a house with a newly-installed, almost $10,000 Airtemp A/C system, that has a 1-year, all-inclusive warranty on the parts and installation, according to the home-owner.

The system is only 7 months old and we've only had 2 issues.  One was the filter had to be replaced, so I bought a new one and we were good up until June 1, 2018.

My wife is 7 months pregnant and high-risk with a heart condition, so getting it addressed as quickly as possible is incredibly important for her health, so I called our property manager.  We did the some standard trouble-shooting, checked the filter and everything looked fine.

Our property manager called Florida Energy Air Conditioning Inc. to try and help us get them out here ASAP and apparently there was an altercation between him and the staff, not related to me, as I've only ever been exceptionally pleasant to the technicians who came out, Denise the office manager and even Cary, the owner of the company.  I even went so far as to praise how knowledgeable and friendly Denise and their technicians were when I worked with them personally, to Cary, and to Denise herself.

In their defense, we did call at a very inopportune time and they were extremely busy with other customers, but they sent 2 of their technicians out to look at the issue the next day anyway, after I called and spoke with Cary, who walked me through a couple of more advanced troubleshooting steps to see if we could get the system working again.

While talking to Cary on the phone, I went outside to check the outdoor unit and found that it was iced over.  Not only that, but the compressor inside of the unit was leaned over and resting against the copper reverse valve tubing inside of the unit.  I wasn't sure at the time, but I'm sure that the metal outer housing of the compressor should not be resting against a copper pipe as the vibrations from the compressor will eventually lead to damage to the copper piping and Cary agreed that the compressor should be perfectly up-right and not leaning at what appeared to be, approximately, a 30-degree angle and resting against the reverse-valve.

When the technicians arrived, they took the outer housing off of the outdoor unit, and climbed inside, and found that I was correct.  All of the freon leaked out where the compressor and reverse-valve were touching, creating a hole in the pipe where contact was made.  They tried to weld the pipe, twice, to fix it, but could not get the issue resolved and decided that the reverse-valve had to be replaced, which was a special-order part from one of their suppliers.  The part wouldn't arrive for 5 days.

Regardless, I understood that the company was busy and decided that we would do our best to deal with it by purchasing fans for the house to try and stay cool.  The technicians ordered the part and left.  After they left, I called Cary to see if there was any way to have the part over-nighted at my expense, which I did pay for, as a show of good faith.  Cary then told me that after the altercation between the property manager and Denise and he would no longer work with the property manager of the home.  He would only work with the home owner, but he said he'd look into having the part over-nighted and call me back.

I decided that I would take the higher ground and called Cary back and VERY nicely told him that I completely understood that they were busy and we would hold out until they could get on-site, to which he replied that the part could be sent over-night.

The issue was resolved the day the part arrived, but today I received a certified letter with an unpaid bill for $1060.00 for services related to what was OBVIOUSLY covered under warranty.  I shouldn't be involved as this is not my house, but even after speaking with Cary, he SPECIFICALLY told me that he knew, but he wants his money and he is just following the path of least resistance....ME...  STAY AWAY FROM THIS COMPANY.  This is between the home owner and the company, NOT ME.  This is EXTREMELY unprofessional, even after treating them all with the utmost respect",,,1,1,AssistantDial AI Receptionist — consistent frontline,billing_or_intake_errors;calls_unanswered;frontline_communication,10,3.4,3
B,63.21,18.21,tampa,Air Hawk Heating and Cooling,+1 813-929-4295,https://airhawkac.com,"11437 Challenger Ave, Odessa, FL 33556, United States",Joseph L. Massa Sr.,Owner / President,https://www.linkedin.com/in/joseph-massa-277b74b0/,,Joseph L. Massa Sr.;Carly A. Massa,Joseph L. Massa Sr.,https://www.linkedin.com/in/joseph-massa-277b74b0/,calls_unanswered,2,"I'd give a 0 or less if possible. AC died last night at 11 pm. Called their 'emergency' service to schedule a 1st-thing-in-the-morning visit, but they never called back in the morning. After a lengthy call with the female child on the other end of the line, we got blown off. These people are NOT to be trusted. They are now owned by multiple layers of equity firm businesses. Look them up and see what I mean. ANYTHING that's equity firm owned is GARBAGE. Too bad, b/c Nolan, the original service tech and owner, was a very nice man, competent and reliable. His son has run this business in the ground. No more Airhawk for us! BUYER BEWARE!",,,,1,,AssistantDial 24/7 AI Receptionist — every call answered,calls_unanswered;frontline_communication,1924,4.9,3
B,62.23,17.23,tampa,AC1 Heating and Cooling,+1 941-300-0889,https://www.callac1.com,"3103 29th Ave E, Bradenton, FL 34208, United States",Doug Lewis,Owner,https://www.linkedin.com/in/doug-lewis-65604460/,,Doug Lewis;Joshua D. Lewis,Doug Lewis,https://www.linkedin.com/in/doug-lewis-65604460/,calls_unanswered,2,"I had this company come and install a new AC system a few years ago when they were new. They were happy to have the business.  I also hired them back out the following year for all new duct work. A complete system... They also did the maintenance twice a year for a couple years.  I was in the attic a few weeks ago and noticed the cold air return plenum fell off the unit and was sucking attic air through the system.  I called to schedule a repair and the on call technician said they dont service our area anymore.  I offered to pay whatever the cost to get it fixed. The unit was supposed to have a 10 year warranty. I assumed they would stand by their workmanship,  but understood there would likely be a charge.  I asked the technician to please ask a manager since I am a repeat customer and they install the system and duct work.  He stated the manager said there is nothing we can do. I asked him to call me or to give me his number.  He said the manager did not want to talk to me since it was a Saturday, even though the tech said he just spoke to him and that he was available.  The technician was nice, but his hands were tied by his leadership. I also called Josh, the owner and left a voicemail.  Still haven't heard back.",,,,1,,AssistantDial 24/7 AI Receptionist — every call answered,calls_unanswered;frontline_communication,576,4.8,4
B,62.02,19.02,tampa,"Midnight Control Services, Inc.",+1 727-647-3720,https://www.midnightac.com,"420 E Lemon St, Tarpon Springs, FL 34689, United States",Troy C. Duff,Owner / President,,,Troy C. Duff;Teri L. Duff,Troy C. Duff,,frontline_communication,1,"Terrible service, very unprofessional & Nasty Attitude. Would not recommend this company if your looking for Professionals..","Really bad service and workers with the worst behavior I never see before, I’ll never recommend this company👎🏼👎🏼",,,1,1,AssistantDial AI Receptionist — consistent frontline,frontline_communication,3,2.3,3
B,61.88,16.88,tampa,Super Fast Air Conditioning,+1 813-563-7392,http://superfastac.com,,Robert Ballard,"Owner (Authorized Member, Super Fast Air Conditioning LLC)",,,Robert Ballard;Justin Harrell,Robert Ballard,,calls_unanswered,2,"It’s being 3 months since my A/C installation feeling abounded.  I wrote a great review for the company with a lot of sincerity because of how I felt at that moment. The Installers were AWESOME! They help with the stones around the unit so the inspection would it be perfect.  Now, unfortunately I must change somethings due to the lack of communication since the moment I signed their contract until now.  They change the interest rate on the contract after signed and charge me $200.00 for a loan on the A/C unit. Mathew was our repair specialist that came home to inspect the A/C with Stay Cool A/C and Heating, LLC.  I have called him many times, no replied from him or the person who was so desperate for us to sign the documents that now, He is impossible to reach.  Just, keep all your conversations with them and record everything they say.  I did and still they are ignoring me and not doing anything to correct the loan documents.  ON TOP OF ALL THAT... They change the contract interest rate and the amount due in the contract without applying what the insurance paid them to replace the unit.  THE PEOPLE IN THEIR LOAN PROGRAM ARE NOT TRUSTWORTHY!!!",,,,3,,AssistantDial 24/7 AI Receptionist — every call answered,billing_or_intake_errors;calls_unanswered,765,4.5,6
B,61.77,21.77,tampa,Mario's Air Conditioning & Heating,+1 727-843-9598,https://mariosac.com,"16615 Scheer Blvd, Hudson, FL 34667, United States",Mario Zoraja,Owner,,,Mario Zoraja,Mario Zoraja,info@mariosac.com,calls_unanswered,2,"Been a customer for over 2 years since they originally installed my AC. On the most recent visit, the technician upsold me a hard start kit, claiming my AC was having a “heart attack.” I later contacted the manufacturer directly for a warranty check, and their technician confirmed the unit was working normally and did not need the part. I asked Mario to remove the device and issue a refund. They took the part back but never refunded me. I’ve been calling for over four weeks and keep being told a “manager” will call me back—no one ever does. At this point, I’m preparing to file a complaint with the Better Business Bureau in Florida. Be cautious—another technician accurately described them as “salesmen disguised as technicians.”","I had Mario’s come out because they installed our AC system in our new build home 5 years ago. The system was cooling but it was very humid in the house. The tech who came out told me my system wasn’t designed to remove humidity from the house and would need a whole new, higher end system to do that (removing humidity and creating cold air in the house are literally the only functions of every air conditioner, so this was a bold lie). After telling me my system was running perfectly fine the tech offered to install a $2800 uv bulb to stop any mold growth due to the house being humid. Not sure who is paying near $3k for a light bulb. The tech then offered to clean my drain pan and condensate line (which would not do away with the $110 house call), for a grand total of over $450, please save your money and do this yourself it is not hard in any capacity. I had to diagnose the issue myself after the tech left and found that my blower fan would not stop running, even if I turned off the whole system. This pushes the water from the evaporator coils back in the house, making it humid. My system was still under warranty for parts so I called Mario’s the next day to see what their labor rates were. The girl who answered told me she would have the manager call me, surprise, he never did. This outfit is your typical upsell whatever they can without actually fixing your issue. They avoided a 1 star review by at least being nice.",,,1,2,AssistantDial 24/7 AI Receptionist — every call answered,billing_or_intake_errors;calls_unanswered,1096,4.4,5
B,61.76,16.76,tampa,EasyBreezy AC,+1 727-856-4822,https://www.easybreezyac.com,"6652 Osteen Rd, New Port Richey, FL 34653, United States",Michael Mattingly,Owner,https://www.linkedin.com/in/michael-mattingly-45a259162/,,Michael Mattingly;Michael David Smith (Mike Smith),Michael Mattingly,https://www.linkedin.com/in/michael-mattingly-45a259162/,frontline_communication,2,"The good: I had my ac repaired by Dave (who was experienced and super pleasant to talk to) and Rob was very responsive to my after hours call.

The bad: I read the reviews on yelp and they were not sounding good at all, but them I read the google reviews and decided to go for it (please read the yelp reviews if you are considering this company). So they fixed my contacter. Afterwards, my neighbor asked his ac guy what a contacter costs and he said around 150 and that is consistent with what I've researched as well, so I reached out to Rob just to inquire if the 350 portion of my bill was just the part or if it was also labor (because I also paid the 99.00 diagnostic fee, and he diagnosed the problem within the first thirty minutes - there was an issue with finding my unit on the roof but that time was not counted against me). So the actual labor once he found my correct unit was very minimal, maybe 15 minutes max.

In response, Rob said that the price was parts alone and that the 150.00 number sounded like the estimate for a single prong contactor. I said, ""OK, so the 350 is more like the cost of a two prong"" and he said yes, and that they also had to make a little money, which I understand that.

I ended up researching some more and discovered that the single and double prong are the same price and at that point I reached back out and very gently said I wouldn't be posting a bad review, that I'm not angry, I just don't like the fact that I was told that the 350 was largely the price of the part alone and I said that I wouldn't be a patron going forward.

And I still wasn't going to post a review but I can't sleep and I feel disturbed by how he responded. He kept saying in long texts that he didn't say what he said about the part price, and that they fixed the problem, he wasn't there, he didn't have the prices in front of him when when he told me the part price, that he wasn't the one to fix the ac, that the ac was fixed so why was I turning on him, that I was picking apart his every word, that he regretted checking in with me so often if I was now angry (I'm not angry), that he was just an employee abd they don't make the prices, gas prices are high, it takes a lot to run a business, and to enjoy my comfort. He said that multiple times. Enjoy your comfort. Felt very passive aggressive.

My impression is that he is very business minded and cares a lot about keeping his business reputation clear, however, the way he treated me, with passive aggressive remarks after very gently explaining why I won't be a returning patron, that revealed a lot.

So I'm posting my honest review so that I can stop thinking about this. Rob, I don't believe you are a bad guy at all. But I do feel disturbed by our interaction. I am grateful for you guys promptly coming out and fixing my contacter and as I said many times in response to you, I'm not angry. I felt the need to write this review to give others a clear picture of what they might experience and also to not gaslight myself, because I heard what I heard and even though you say you never said it about the part price, you absolutely did. And I repeated it multiple times so you could have corrected me if there was a misunderstanding. The prices are not the problem (although if I had gone with my neighbors ac guy it would've been tremendously cheaper, rather than going with an ac company - which I do regret). The problem is the dishonesty about the part price and the passive aggressive responses. When trust is broken, I'm out.",,,,1,,AssistantDial AI Receptionist — consistent frontline,billing_or_intake_errors;frontline_communication,1090,4.9,3
B,61.6,19.6,tampa,Family Comfort Air and Heating,+1 813-542-5467,http://www.familycomfortair.com,,Kristopher Giroux,Owner,,,Kristopher Giroux,Kristopher Giroux,familycomfortair@gmail.com,booking_friction,3,It's 87 degrees in my house.  I have 2 dogs and an elderly parent. FCAH told me they could come on Friday.  It's Tuesday right now. They don't care!,"I had a very disappointing experience with Family Comforting and Air through my home warranty company. I originally contacted my warranty company because I noticed watermarks forming on my bathroom wall and on the ceiling directly beneath the AC unit area. They dispatched this company to inspect the issue.

The technician spent less than five minutes looking at the system. He briefly checked the drip pan, acknowledged that it was rusty, but quickly dismissed it by saying “it’s not that bad.” The drip pan is located directly above the exact area where the water damage is appearing, yet he insisted the issue had nothing to do with the AC and told me to “check the roof.”

To be thorough, I hired a roofing professional afterward, who confirmed the roof was not the cause of the watermarks near the AC unit. This made the inspection from Family Comforting and Air feel rushed, dismissive, and incomplete.

What made the experience even more uncomfortable was the way the technician pushed for a five-star review before leaving. He asked me to pull out my phone, sent me the review link himself, and heavily guided the process to the point where it felt inappropriate and pressured.

When I later called the company to follow up and express my concerns, I was talked over on the phone and made to feel like my concerns did not matter. Instead of listening to me as a homeowner and customer, the technician stated that we were “not understanding each other,” rather than addressing the actual issue.

From my experience, it felt more important to close out the warranty claim quickly and secure a positive review than to properly diagnose the problem. That process feels unethical, especially when homeowners rely on these companies for honest assessments and repairs.

I cannot recommend this company based on my experience.",,,1,1,AssistantDial Appointment Booking + Calendar Sync,booking_friction;frontline_communication;service_quality_in_session,110,4.3,24
B,61.57,19.57,tampa,"Martin Carpenter's Air Conditioning & Heating, Inc.",+1 727-528-0171,https://www.keepingtampabaycool.com,"3691 27th Ave N, St. Petersburg, FL 33713, United States",Martin Carpenter,Owner,,,Martin Carpenter,Martin Carpenter,mcac@tampabay.rr.com,booking_friction,3,"We were originally recommended this company from a friend. We've been trying to have our AC blower motor replaced through them for over a month now and it only just got done as of today. First, we called to schedule a diagnosis we were told would be free. I spoke to 2 different Secretaries and was assured we were on the route list for the upcoming week. Me and my wife both took off work, only for no one to show up. No call/text/email confirmation either. We called a couple days after and somehow we were never added to their schedule at all. So we rescheduled and my wife took off work again. Once they were actually able to come out and give us a diagnosis, they tried to charge my wife when Martin told us it would be free, which isn't the technicians fault, but instead, poor communication on the management side with their employees. Then, our part had to be ordered. It took over 2 weeks to come in, and once it did and the technician was finally able to come back out, he had a mishap trying to install it and our new part was damaged. So after the part being ordered AGAIN and me and my wife wife having to call out of work AGAIN, we asked for a 50 dollar cash discount on the 650 dollar service charge, which I believe to be reasonable for the inconvenience and missed work time this has caused us - but we were denied that. It's like a slap in the face for all of their mistakes that they themselves could've avoided from happening. I do not blame the technicians, they were nice and efficient, I blame the secretaries and management. I know the customer isn't always right, and I have plenty of understanding for some mishaps here and there with people/companies, but unfortunately this is one of the most disorganized and inconsiderate companies I've ever done business with. I'm glad it went well for my friend who recommended them to us, but I will most definitely NOT be recommending this company to anyone.","Yikes. This company tried to use “tariffs” as an excuse for charging me $645 more than their original quote dating back only two weeks ago?! What’s more is I had another company do the same work for half of Martin’s original quote of $855. What lack of class. Moreover, the admin must have exchanged 20 emails with me as I asked for an itemized quote before committing to using their service, too much back and forth, eluding to the sketch pot this company is. The company I reached out to today provided same day service no problem, and photos of the work they completed. BBB A+ rating? More like scam rating. NEXT!",,,1,1,AssistantDial Appointment Booking + Calendar Sync,billing_or_intake_errors;booking_friction;frontline_communication,67,4.4,25
B,61.31,21.31,tampa,Gulf Mechanical,+1 727-724-9570,https://www.gulfmechanicalinc.com,"27837 US Hwy 19 N, Clearwater, FL 33761, United States",James J. Barcza,Owner,,,James J. Barcza,James J. Barcza,,frontline_communication,3,AVOID AVOID AVOID! This company is extremely unprofessional. They installed my HAVC unit and installed it incorrectly. The return is too small for the unit so my system has been having issues. I called and the owner said “you have a two year warranty for parts and labor”. They send out a tech to not FIX the return but to do something else to the system. Two months later I get a call saying I owe them $300 for the labor and that I didn’t have a 2 year warranty for parts and labor. Scammers. Then the owner decides to call me rude things over the phone because I did not want to pay. Unprofessional and rude! Do not use their service!!!,"Never showed up to the appointment, and when I called they said they don't have time to make it this week. No phone call or communication or anything from them. I would have booked someone else if they were honest about their availability. Now I am stuck for another week waiting for my equipment to get fixed.",,,1,,AssistantDial AI Receptionist — consistent frontline,billing_or_intake_errors;booking_friction;frontline_communication,39,4.2,29
B,60.87,18.87,tampa,"TWC Services, Inc.",+1 813-884-0037,https://www.twcservices.com,"13937 Lynmar Blvd, Tampa, FL 33626, United States",Michael Alan Aliotta,"Licensed Qualifying Agent / Regional Service Manager (Tampa branch; company is national, HQ Des Moines IA)",https://www.linkedin.com/in/mike-aliotta-81746929/,,Michael Alan Aliotta,Michael Alan Aliotta,https://www.linkedin.com/in/mike-aliotta-81746929/,booking_friction,3,"The Worst Service!!! I had to spend 3 weeks to get the Techncian to get to the site, and when I was supposed to receive the quotes for the work that has to be done, I have received just several of them. Finally when I was trying to accept the quotes and schedule the service, they didn't have them on the system, and no information about the Technician who was on the site! THE WORST - I DO NOT RECCOMEND IF YOU NEED THINGS TO GET DONE!!!","worst refrigeration service ever.  technician bragged about how many similar units he had serviced.  after a long time, he confirmed there was a leak.  after pushed for more testing he got a leak detector and found that the leak was somewhere behind the coiler.  I asked him if he could find it, he said no because he needed to use nitrogen and that will damage the system.  he did not offer any other way to find the exact leak.  worst part was when the experienced technician was on the floor with his feet against the coiler and his back against a cabinet trying to force the coiler into the unit.  He just couldn't put it back.  later on i found out in the invoice that they were charging me 45 extra minutes because of a rounding system thing.  to be fair, later they gave me the credit for those minutes.  next day i got another company to do the job, they found the leak with nitrogen, repaired it, did a vacuum and pressure test.  It was just simple, they wanted to do the job, not like experienced guy.",,,1,1,AssistantDial Appointment Booking + Calendar Sync,billing_or_intake_errors;booking_friction;followup_dropped,14,3.6,2
B,60.8,18.8,tampa,Tank Air Conditioning & Heating,+1 813-967-9777,https://tankac.netlify.app,"8005 N 40th St, Tampa, FL 33604, United States",Jose G. Young,Owner,https://www.linkedin.com/in/jose-young-84840042/,,Jose G. Young,Jose G. Young,https://www.linkedin.com/in/jose-young-84840042/,calls_unanswered,3,So I have spent probably close to $3000 on the ac unit we had making crazy repairs.  The person I had working on it did not return my phone calls in a timely manner.  My momma has health issues and needs the ac (and so do I). I wanted to …,"Absolutely disgrace of a company
Call these guys out and have a look at my air conditioning was not told it was a call out thing which isn’t a problem
After spending 15 to 20 minutes at my property and show me part which was broken which I believe to be roughly $30 , He ran turned around to tell me I owed them $550

Absolute disgrace of a company probably fight with you. The other ones would go elsewhere would not touch with a bar.

Oh, I forgot to say they turned up Late as well

At one point, he put his manager on the phone, but the manager didn’t realize he was on loudspeaker
His words were just telling him to pay $150 call out and get somebody else to fix it

Clearly shows they don’t care about their customers. All they care about is the coin the money.
I’ve had to edit this review
To whom this concerns !!!!!!!!!!
And then you say that you drop the price to $300 but don’t know who this is (Really that seems to contradict itself)

Your engineer never ever gave me a price for the work before he did the work, He told me the price at the end which was $550

I totally understand that a business has to make money and has to have minimum payments but for 20 minutes work and a minimal part. Do you think that’s a reasonable price?

I’ll leave it up to the people reading this review to make their own assumptions, And more than sure you’ll now edit your reply to try and make you look good and that you were doing us a favor if you call out doing someone a favor, That is so wrong

Your engineer agreed in My Home for us to pay $250 when he went outside to write the bill he wrote the bill up at 350, And asked me to sign it at that point I said no you just agreed $250 which he then said to me if you don’t pay 350 I’m taking the part back and I want 150 call out , Totally bullying tactics at this point, I’ve had enough and I offered to give him $300 in cash if you would like me to post a picture of the receipt where the 350 is scribbled out by your employee and 300 is wrote back out and more than willing to post the picture to prove that I am definitely not a liar and that your response is otter lies
PS you might want to tell your employee not to put the phone on loudspeaker so I could hear everything that you said to him just get the money was the FrazE",,,,1,AssistantDial 24/7 AI Receptionist — every call answered,billing_or_intake_errors;calls_unanswered;service_quality_in_session,387,4.7,5
B,60.79,17.79,tampa,Air Titans,+1 813-355-8352,http://www.airtitans.com,"5310 56th Commerce Park Blvd, Tampa, FL 33610, United States",Jacob Canfield,Owner,,,Jacob Canfield;Brandon Fink,Jacob Canfield,,calls_unanswered,2,"Do not use this company, they will sell you a full overpriced unit that doesn't function accordingly to how its supposed to. Don't complete paid work. They're horrible at customer service. End up blocking my number. Damaged 2 of my dry walls and had to pay additional to get that fixed. Do not used this company, save your money. They are scammers that love to take advantage of hard working paying people. Never thought this day and age I would be treated like this by them... Kept calling me weird things as if we were buddies. No sir, you can call me brother, bro nor my man... You're not even my complexion. My daughter wanted me to record them. After the bad service and treatment they gave us, I called back, the customer service answered 2 times. Told me they would swing by to fix the issues the next day, they never showed. Called back but they never answered. I'm thinking they've blocked my number.",,,,1,,AssistantDial 24/7 AI Receptionist — every call answered,calls_unanswered;followup_dropped,2817,4.9,5
B,60.56,17.56,tampa,"Air Medics A/C and Heating, Inc.",+1 813-654-6880,https://www.airmedicsac.info,"19524 Boyette Rd, Lithia, FL 33547, United States",Barbara D. Quintana,Owner,,,Barbara D. Quintana;Anthony D. Taveras,Barbara D. Quintana,,followup_dropped,2,"Had Air Medics come out for 2nd opinion after a different company said we needed a bigger unit and 2 additional returns. Tim said that no system size was fine (system is 2017 - 2018 installed prior to us buying in 2018) and that the insulation was original to house - that new insulation and 2 returns in the back would solve our problem. That made sense since our A/C is blowing cold, and with the added savings bonus from his boss waving $600 in taxes sounded ideal.
So I was sold - Tim seemed knowledgeable and that this would solve our problems. 2 guys came over next 2 days to add returns / replace insulation in the attic. At this time we noticed now the thermostat is reading HIGHER than before they ""fixed"" it . Called and spoke with Toby - he needed to find a senior tech to come out and review / but if it wasn't something with the insulation it's an $89 service fee... okay, whatever I was prepared to pay it just to get the issue fixed since it wasn't that high before hand. I also asked about the inspection that the guys (after they finished) said would be in about a couple days and Toby said it's 2-3 weeks before inspection is set up / comes out (still waiting for this going on 3 weeks later as of today...)
Sr. tech comes out (one of the same guys that was here to install insulation) and he sealed some air leaks and increased fan (this was supposed to be done as noted on original invoice). The back rooms continue to still feel hotter than the rest of the house (the whole point of adding the returns) and the thermostat still spikes up higher than before. Husband has also found our electric has gone up as well since the ""repair"" where Tim had said we'd be looking at probably 10% reduced energy with insulation.

I reviewed Air Medics and I thought they seemed good but deeper in the reviews it seems like someone had this same issue where insulation / duct work was said to be the issue and it didn't solve it / but that person ended up with a new system through AM as well and had issues shortly after that.

Their finance company is also terribly rated so I'm already preparing for that battle if / when the time comes. Didn't even think to look into that beforehand - huge expensive lesson learned there.

Very long story short I should have just went with the first company that came recommended from the radio station I listen to. Shame on me I should have done better research and not been blinded by $600 savings.","I called to schedule a maintenance appointment because my unit has not been serviced for a couple years due to Covid. I specified that my A/C is working fine, no problems, I was just trying to be proactive with maintenance and wanted to get back on a yearly maintenace contract. The day of my appointment, a guy arrived 3 hours early and said he was here to ""take a look at my unit that's not working."" When I told him everything was fine, he said he was told it was an emergency call and he wasn't here to do a routine maintenance call. He made a call to the office and then told me that he was only assigned to emergency calls and that the office would call me to reschedule my routine maintenance appointment. No one ever called. I made the appointment a week ago. How did my appointment get misinterpreted as an emergency call? Is that how long it takes to get a tech out in an ""emergency?"" Calling someone else. There are plenty of other, bigger A/C businesses to call. Really disappointed that this company bought out the original company that installed my unit.",,,1,1,AssistantDial Call Summaries + Auto Contact Creation,followup_dropped;frontline_communication,57,3.7,5
B,60.2,20.2,tampa,FL-Air Heating & Cooling,+1 813-591-4945,https://www.flairhvac.com/ac-repair-lutz-fl,"17910 US-41, Lutz, FL 33549, United States",Mark Lang,Owner / Managing Member,,,Mark Lang,Mark Lang,,frontline_communication,2,"Edit 1/3: After calling and leaving 2 messages at the contact number below and also sending an email, I was not contacted. I decided to text the number today and the owner, Channing, is stating that there is nothing that they can do.  Added photo of dryer vent cleaning tool, which could have caused a house fire. I do not own any dryer cleaning tools. Text message received from owner: ""I am not going to call you."" Highly unprofessional.

Terrible customer service and extremely unprofessional handling of a simple service. A technician came out to give a dryer vent cleaning estimate.  I scheduled the cleaning based on that conversation. After the technician completed the job and left, my dryer was no longer working. It worked that morning before he touched it.  When I called the company, I was told they “shouldn’t have done the job” because the vent is on the roof and they can’t access it — even though the technician saw the setup in person before offering and performing the service. That explanation made no sense. They then told me it was my problem to fix.
I called a handyman, who discovered that a dryer vent cleaning tool had been left stuck inside my vent, which is a serious fire hazard. I called this company three times and left messages — no one ever returned my calls. I had to hire another company to remove the tool and inspect the vent, and I’m now stuck with a $300 bill for a dryer that worked perfectly before their technician touched it. I am still waiting for a supervisor or the owner to contact me.

No accountability, no follow-up, and no concern for safety or the customer. I would not recommend this company to anyone.",,,,1,,AssistantDial AI Receptionist — consistent frontline,calls_unanswered;frontline_communication,1201,4.9,3
B,60.16,20.16,tampa,"Ultra A&C Solutions, Inc",+1 813-404-6399,http://www.ultraacsolutions.com,"5400 Southern Comfort Blvd Ste 200C, Tampa, FL 33634, United States",Osmani Armas,Owner,,,Osmani Armas,Osmani Armas,frontdesk@ultraacsolutions.com,calls_unanswered,2,"Just like the other bad review , I had a system installed last year. The outside unit stopped working ,called they came out looked at it and stated it was a switch that went bad . Took them several days to come get it working again. I have called several times since then and got no answer ! The system seemed to be struggling and I voiced this via text message, no reply . Now it's a Sunday and once again same problem!
Im not gonna be begging someone with a business to do the right thing. I wish that I had looked into the company further as I wouldn't have given them a dime of my money! Lesson learned I'll take my business elsewhere. If you want a system that breaks down and the company doesn't answer your calls then you have found the right company! Too bad 1 star is the worst rating you can give because they deserve 0

I have texted and called enough . Your voicemail was full so no message could be left so I sent a text to your cell and still no reply. At this point I don't feel I should allow you to fix my system especially when you want to fix it now that I left a bad review! That's backwards ... Thanks but no thanks I will find someone else","I called this company 2 weeks ago ,and was told they would contact me with a time for an estimate. Was told Saturday, then nobody showed up or contacted me. Here we are a week later to be told they are to busy and no availability. I would not recommend them to anyone",,,1,1,AssistantDial 24/7 AI Receptionist — every call answered,calls_unanswered;followup_dropped,34,4.5,11
B,60.06,20.06,tampa,Air Enforcement Air Conditioning And Heating,+1 813-743-5452,,"3738 Land O' Lakes Blvd, Land O' Lakes, FL 34639, United States",Dennis Copeland,Owner,,,Dennis Copeland,Dennis Copeland,,calls_unanswered,2,"Update Jan 2018:  Trane sent out an Authorized dealer to fix my air conditioner. $650 dollars in labor and they were able to get the parts immediately.  They also found issues with the ducts air enforcement put in.  They also found the sealing work around the inside unit to the air conditioner was not up to standard.  I will be seeking compensation in court.  In my opinion this company does not stand behind their work nor do they do an acceptable install.  The technician that put in our ac said he was working more then 70 hours a week with no time off.  They were still at our home at midnight.

...........

Previously

So disappointed with after service and fixing unit only a few weeks after install .  Still awaiting return calls and fixing!

We had a brand new indoor and outdoor Trane units put into our home In August And they have yet to replace the defective unit. It doesn’t matter how many text calls or emails I make they just keep telling me they will help but they never do. Definitely buyer beware with this company. I went with them because of all the good reviews but our experience has been anything but good and this unit continues to get louder and louder and make our home  uncomfortable. For more than $6700 I expect better service than this.   I’ve called again today and they’re supposed to come out tomorrow. I hope that means the new unit will be available to be installed. But given my experience so far I highly doubt it.

Update:  still no fix and we found out they installed it without and permits. They keep telling us that they’re waiting for Trane parts but Trane customer relations Say they are not a registered train dealer or installer.   They also said a Trane distributor Wouldn’t take this long getting new parts or warranting anything out.  Trane also said  they have no requested parts or replacement haven’t been requested. We had to go through another dealer to get it fixed and will have to recoup our losses in court.","I still feel Dennis and the team did a great job although 2 times i have needed service on the first unit they installed,  The OFFICE staff does not return your call so you may be without air for a few days i am changing my stars to 3 ..updated 07/06/2019

Dennis and his team are great to work with I will always use them.  They put a mini split in an addition I added on to my home and it works great.   This weekend my main unit went out they came out and put a new unit in the same day!  Best service you can get, I would give a ten star rating if allowed.",,,1,3,AssistantDial 24/7 AI Receptionist — every call answered,calls_unanswered;followup_dropped,31,4,25
B,59.97,19.97,tampa,Jack Joyner Heating & Air Conditioning Company,+1 727-330-1304,https://www.jackjoyner.com,"1860 N Hercules Ave, Clearwater, FL 33765, United States",Jack Joyner,Founder / President,,,Jack Joyner,Jack Joyner,,calls_unanswered,3,I used this company for generator service for the last few years. They had always been wonderful and professional. Last time I needed a new battery. They serviced the generator and changed the battery. Electricity went out and generator didn’t kick on. Says no charge to ac. Called them numerous times. Finally get a call 3days later  and they think I want a new generator setup. I explain again what’s going on again ( had left info with answering service twice and on their vm twice.) I tell them I believe something didn’t get hooked up when they replaced the battery. They said no that couldn’t be it. Said I still need it serviced so it works. Was told they would call the next day. It’s been over a week and nothing.  No call. I don’t know what has happened with them but there is no excuse for this type of treatment. I really think they messed up and just don’t want to deal with it. So dissappointed.,,,,1,,AssistantDial 24/7 AI Receptionist — every call answered,calls_unanswered;followup_dropped;frontline_communication,245,4.7,3
B,59.93,16.93,tampa,Nuccio Heating & Air Conditioning Inc,+1 813-961-7895,https://www.nuccioac.com,"6306 W Linebaugh Ave, Tampa, FL 33625, United States",Joseph Nuccio Sr.,Owner,,,Joseph Nuccio Sr.;Christopher Nuccio,Joseph Nuccio Sr.,,calls_unanswered,2,"Not a great experience this go round. Had a second unit installed in my home. Unit came broken, and they fixed it a few days later. My bigger issue is with Daniel H. He made promises for my job and did not follow through. Completely ignored any calls or emails after I paid my bill, with promised work not completed. If you have to deal with Daniel H, I hope your luck is better than mine and he actually respects you as a customer that’s spent thousands of dollars with them in just the last year.",,,,1,,AssistantDial 24/7 AI Receptionist — every call answered,calls_unanswered;followup_dropped,691,4.7,53
B,59.88,16.88,tampa,"Home Therapist Cooling, Heating, and Plumbing",+1 813-343-2212,https://callhometherapist.com,"1408 W Linebaugh Ave, Tampa, FL 33612, United States",Richard Morales,Owner,,,Richard Morales;Alejandro Morales;Aridel Morales,Richard Morales,,calls_unanswered,2,"Used these guys before. The good new is, the Daikin equipment is great. Super quiet, efficient, intelligent. THE INSTALLATION WAS REALLY BAD! Owner: Installation should last 6 hours. My wife has Parkinson’s and was recovering from a heart procedure so we wanted a smooth install. Reality closer to 9, but ok. It didn’t help that one of the workers stepped through the ceiling while he was in the attic! But, stuff happens. Next day guy shows up to repair the ceiling, and destroys the bathroom/bedroom trying to repair the drywall. Demo all over the floor with no drop cloth. (Pic) He tries to dry the joint compound with a heat gun, blowing dust literally all over the house. 5 hours to clean up. Dust all over medications, contact lenses, sinks, linens, clothes, bedding. Puppy is carrying around drywall nails (pic) Utter catastrophe. Owner: Riccardo had a bad day. No, my wife was in tears, she had a bad day. I finished drywall and painted the ceiling. Called owner, ready for permit inspection. Owner: have personal issues can’t do it now. 6 weeks later called them again for inspection. Inspector comes out. Did not pass. Breaker is too small, hurricane pad improperly installed (pic), and worst of all, The ducting had separated from the air handler (pic). For 6 weeks we were air-conditioning the attic. No wonder the electric bill was still high! Crew comes back out, fixes issues, inspection passes. Total catastrophe. Tip: permits are in your best interest. Owner: we had some “hiccups”. Texted owner to discuss problems. Owner: yeah give me a call sometime. One month, no call. He’s hoping I don’t write this review. No compensation, no apology. Needless to say, cannot recommend. EDIT: called the office on 1/5/26. no call back. Obviously the ""sympathetic"" response below is bs.",,,,1,,AssistantDial 24/7 AI Receptionist — every call answered,calls_unanswered;followup_dropped,895,4.8,3
B,59.56,19.56,tampa,Air Flow Designs Heating & Air Conditioning,+1 813-773-0870,https://www.airflowdesigns.com/locations/tampa,"6218 W Linebaugh Ave, Tampa, FL 33625, United States",Terry Hile Burd,Owner,,,Terry Hile Burd,Terry Hile Burd,,followup_dropped,2,"Airflow went to my condominium on Wed 4/15 to measure and give me an accurate estimate to replace my ac unit. MICAH was my point of contact. He told me they would have the estimate to me by end of business that day?!?
Never came.
Waited till Friday 4/17 to call - spoke to my point of contact MICAH again.
""You'll have it by end of day today.""
Never received!
Called again Monday, April 20th, spoke to MICAH, AGAIN! Guess what - same promise, never came!
Yes, I checked my spam folder everyday!
Today is Wednesday, one week later, and I am going with another company!
Airflow can go blow air!
Please don't waste your time with this company, because you undoubtedly will!
I would give ZERO stars but Google doesn't allow!","New built home in 2019. And we've had them out many times to fix and replace faulty parts.
Having the same issue we had 3 weeks ago. And have to wait 3 days for them to come back.
Was told they would call me and be out next day. No call. Followed up and they said they would be out on day 3. Even though it's the same issue as the one they "" repaired"" 3 weeks ago.
Super irritated with the lack of service and lack of reliability.",,,1,2,AssistantDial Call Summaries + Auto Contact Creation,followup_dropped;frontline_communication,31,3.4,7
B,59.42,14.42,tampa,Pronto Service Pros,+1 813-341-5400,https://prontoservicepros.com,"5133 W Clifton St, Tampa, FL 33634, United States",Tommi Hakula,Managing Member (Owner),,,Tommi Hakula;Helena Hakula;Shelley Brown,Tommi Hakula,,frontline_communication,1,Zero stars if possible.  Terrible customer service. Guy that showed up was rude and nasty acted like it was our fault we were having problems with a unit that was only a year old installed by them. Told us it was leaking and we had to pay someone to come find the leak another 300 dollars. No warranty on a year old unit. Not happy with them at all. Called another company to come look at it. They found leak in less then 10 minutes. Miraculously under warranty.,,,,1,,AssistantDial AI Receptionist — consistent frontline,frontline_communication,679,4.7,4
B,59.17,16.17,tampa,A Quality Service of Tampa Bay Inc,+1 813-962-0818,http://aqualityserviceco.com,"12822 N Blvd, Tampa, FL 33612, United States",Michael V. Bayless,Owner,,,Michael V. Bayless;Tanisha S. Bayless,Michael V. Bayless,,frontline_communication,3,"If You want to have poor and incomplete service this is the company, the owner Is a real monky in service Quality. Do not waste your Money and time with this cave man company. Call Simeone else. They only listen to what they want. For warranty customers and any other customer, this contractor is just a nightmare","Mike, the owner did not come back and install the cover for my AC unit on the outside which I paid in full.  My duct work has been exposed to the outside elements for year 1/2.  I've made several calls to Mike where he promise he would be over or  some excuse why he can't come fix the problem.  I will never do business with this company again or recommend this black own company.  Poor customer service.  I which I can give them a zero!",,,1,1,AssistantDial AI Receptionist — consistent frontline,billing_or_intake_errors;followup_dropped;frontline_communication,10,3.8,5
B,59.15,17.15,tampa,2 Cool Air Conditioning,+1 727-848-2665,http://www.2coolair.net,"7012 FL-54, New Port Richey, FL 34653, United States",Jeff Munger,Owner,https://www.linkedin.com/in/jeff-munger-bb6569b3/,,Jeff Munger,Jeff Munger,https://www.linkedin.com/in/jeff-munger-bb6569b3/,frontline_communication,2,"Stay away from this company. We were charged $3,700 for a unit clean and a santize machine from the first technician. The unit went down less than a week later and they sent out another technician. This technician advised us that the unit was not cleaned properly and that the sanitize machine was placed in the wrong area. He also advised us that the unit had been overcharged by almost triple capacity! Then instead of pulling a vaccum, he just vents off all the gas, which is illegal federally! I discussed this with the office manger who claimed the sanitizer was put in the correct place the first time and that since its been 3 days since the device had been installed I cannot have a refund. Now we are left with uniy that is not working at all and a device that is incorrectly installed, which renders it useless. There were no agreements or receipts from these people even though I was told it would be emailed. Now we have to turn this over to our attorney. Beware, this is the most unprofessional company we have ever used for anything.","I've done business with 2 cool air-conditioning since 2020. I had 2 complete systems installed in my home and 1 complete system installed in a rental and referred a friend for a complete system in Clearwater . I never had any issues with this company until today 4/9/2026 . It started 4/7/2026 when a technician came to my house to look at a return because it's leaking water out the bottom and ran over on top of where they mounted the breaker box on the underside . The technician stated to me that the plastic drip pan was cracked and more than likely it happened during the install . So then today when I called in to discuss the situation and got Billy in the office because I was in disbelief that they wanted to charge me 1,250.00 on a new drip pan she was telling me the date of install I told her it didn't sound right and she was very argumentive  about it . But then out of no where she proceeded to put words in my mouth that I had insisted on having that unit put in my home which is a bold face lie . What the truth is the first unit they brought here was to big and the closet door would not go on and they were going to rip walls out . That's when the installers Tyler and Alan called the owner and discussed things with him and decided to do a different unit that I had no say so in because this is all they could make fit . So I don't appreciate being treated that way by Billy after all the money I've spent here . At this point I am very disappointed with how I've been treated and spoken to . I'm in total disbelief of this situation . How can someone make accuations about the install when they were not present at it ? I'm not doing anymore business here unless this company resolves this matter . I'd like to add this complaint . On 4/14/2026 my friend suggested me using there ac company . Airheads in New port Richey fl so I scheduled an appointment for them to come take a look on same date . They looked and came to me and said drain pipe was to high on return so the pan couldn't drain correctly and found the threaded adapter where drain line comes out of the air handler didn't have any thread sealer on it or Teflon tape on it and that's why it was leaking everywhere . He put thread sealer on it and lower drain coming out of unit and everything is working perfectly. This is after a trained technician from 2 cool reporting I needed a whole new drain pan at the cost of 1,250.00 dollars . It really made me feel scammed beyond belief . To think that 2 cool wants a service call fee of 95.00 dollars for an incorrect diagnosis too . I would also like to say there reply to me had alot of false accusations in it to and untruthful . I also asked in the beginning for a phone call from the owner . That never happened either . I guess this company doesn't truly value a customer or there repeat business and faithfulness . But at least I'm happy now . My issue was solved for $125.00 dollars verses paying 1,250.00 for something I didn't even need . Peace finally",,,1,1,AssistantDial AI Receptionist — consistent frontline,followup_dropped;frontline_communication,723,4.9,5
B,59.14,19.14,tampa,Weber Air Conditioning and Heating,+1 727-495-4814,,,Jeff Weber,Owner,,,Jeff Weber,Jeff Weber,https://www.facebook.com/p/Weber-Air-Conditioning-And-Heating-100052046686695/,calls_unanswered,1,"Jeff came out two times to weld leaks on our 2 year old compressor.  Then added freon.  Yesterday, my a/c went out again.  I called at 5:30 pm last night to request an appointment.  I did not hear back.  Called another company that said …","Jeff Weber does not return calls and I've spent a lot of money with him!
He is nothing like his Father in Law George! Apparently
he is too busy to …",,,,,AssistantDial 24/7 AI Receptionist — every call answered,calls_unanswered,39,4.6,24
B,58.87,16.87,tampa,"Arctic Cool Solutions, LLC",+1 813-951-2584,,,"Paul Elkins, Sr.",Owner,,,"Paul Elkins, Sr.","Paul Elkins, Sr.",https://www.facebook.com/p/Arctic-Cool-Solutions-100067720090979/,frontline_communication,2,"The AC in our unit unexpectedly died and we called Arctic Cool Solutions to see if they could help address our problem. Before my fiancé could even finish explaining our dilemma they hung up on him. Total lack of professionalism, not to mention blatant rudeness.","Don't waste your time with the kind of children running this business. Dude has no problem flying across 3 lanes like a jackass almost causing an accident. I call them up confirming they're the company I'm calling saying ""depends who's this?"" Even I wasn't calling to make a complaint, who answers the number for their company like that? Tells you everything you need to know about their attitude. Don't get persuaded by fake reviews from their buddies and colleagues",,,1,1,AssistantDial AI Receptionist — consistent frontline,billing_or_intake_errors;frontline_communication,48,4.1,17
B,58.49,13.49,tampa,Rojas & Sons Building Services Inc.,+1 727-463-5005,http://www.rojasandsonsair.com,,Fabian Rojas,Owner,,,Fabian Rojas;Luis Rojas,Fabian Rojas,service@rojasandsonsair.com,calls_unanswered,2,"Please save yourself and NEVER patronize this company!  We spent $8,000 for a new air conditioning system that utilizes certain filters.  Every time we needed new filters they would not return our calls or messages.  When someone finally answered the phone they said they were so busy and promise to let us know when we could pick up the filters. Again, no follow through.  This dance would go on and on. The last excuse was someone’s arm was broken.  You can still return calls and text messages.

I hate doing this kind of thing where I am leaving a bad review. In fact I’m not sure I have ever done so as I can have compassion for most people and situations.  But this company literally would not provide a service after multiple chances. They literally don’t care at all what kind of job they do or if people get what they paid for.  I am worried my AC will break due to this and they are aware of this and do not care.

You have been warned.  This company wants to take your money and not do their job.","Was quoted $350 in total for labor to get my compressor replaced. After the job, they tried charging me $650 for labor. Was then told that $450 would be the best they can do, and they had forgotten that the price was raised. Don’t hire them without getting a quote in writing or else they will rip you off.",,,1,1,AssistantDial 24/7 AI Receptionist — every call answered,billing_or_intake_errors;calls_unanswered,85,4.8,65
B,58.35,16.35,tampa,Todd's Air Conditioning & Refrigeration,+1 727-585-6970,http://toddsairconditioning.com,"16603 US Hwy 19 N, Clearwater, FL 33764, United States",Todd Whitmire,Owner,https://www.linkedin.com/in/todd-whitmire-a2592234/,,Todd Whitmire,Todd Whitmire,https://www.linkedin.com/in/todd-whitmire-a2592234/,booking_friction,2,I really don't want to give this company any stars. I have tried twice now to have services provides by this company. The first time we had an appointment between 10am and 12 noon. They never called or showed up for the service appointment. …,Had someone come out on Wednesday morning early to give me a quote to repair my ductwork told me I’d have an estimate the next morning never received it. I called yesterday at 2 o’clock. They said they’d have it to me Friday morning. I never received it today either horrible company they don’t want. I guess you’re business.,,,,1,AssistantDial Appointment Booking + Calendar Sync,booking_friction;followup_dropped,161,4.4,23
B,58.27,18.27,tampa,Knights,+1 813-677-4014,http://www.knightsairconditioning.com,"6520 US-301, Riverview, FL 33578, United States",Wilbert Sisson Jr.,Manager,,,Wilbert Sisson Jr.,Wilbert Sisson Jr.,https://www.facebook.com/KnightsAir/,calls_unanswered,3,"Knight’s AC Company charged me $700 + for repairs on a thermostat issue, then the AC stopped working the next day. The owner (Lee), who previously worked on the unit, touched a wire and allegedly blew the motherboard and condenser. Shane (an employee) came out three days later but could not fix it. I have not received any response from Lee despite multiple calls and texts. I’m asking for a refund.  I do not recommend this business until they address these concerns and restore communication.","⭐☆☆☆☆

Very disappointing experience.

When we first moved to Apollo Beach two years ago, we hired Knights Air Conditioning because several neighbors recommended them. Initially, everything seemed fine and the service appeared professional.

Last year, we had an issue with our HVAC system and were told repairs would cost around $3,500. Strangely, after the technician left, the system started working again and we never received any meaningful follow-up.

This year, when our AC stopped blowing cold air, we called them again. The technician inspected the system and told us the outside unit was “operating at 60%” and that the compressor was likely failing. We were quoted approximately $7,000 for repairs or around $11,500 for a new unit. At no point were we given a clear recommendation or a simple troubleshooting approach. Meanwhile, we still had no AC.

The next day, we decided to get a second opinion from another company. Within about 10 minutes, their technician identified the actual problem: a blown capacitor. They replaced the capacitor Fl which they carried in their work truck for $150, and within 20 minutes our AC was working perfectly again and cooling the home.

That experience completely changed my view of this company. What Knights Air Conditioning presented as a potential $7,000–$11,500 issue ended up being a simple $150 repair.

Based on my experience, I no longer feel confident that they were looking out for our best interests. I strongly recommend homeowners get a second opinion before agreeing to major HVAC repairs or replacement recommendation from this company.",,,1,1,AssistantDial 24/7 AI Receptionist — every call answered,calls_unanswered;followup_dropped;service_quality_in_session,175,4.6,36
B,57.77,14.77,tampa,Advanced Cooling Systems,+1 727-334-7155,http://www.acs-advancedcooling.com,"1660 N Hercules Ave E, Clearwater, FL 33765, United States",Jim Osiel,Owner (DBPR qualifying agent James C. Osiel),,,Jim Osiel;Jeff Rapaport,Jim Osiel,,frontline_communication,2,"Service was prompt and polite.  BUT?…I was not given a price before work was done and I was shocked at the number.   I believed I was told it would not be too bad and I believed him.   Then I was told I was getting a 20% discount for having been a teacher.  I got 10%!   I feel that I was taken advantage of for sure!   Though service was good and workers were very polite, I would not recommend this company to anyone.","EDIT: Everything in the reply to my comment is a complete lie because:

1. The technician did not offer to replace the capacitor and used high pressure tactics to force pay for a job that did nothing to fix the unit. My girlfriend was at work. Her father doesn’t own the unit and has no say on if a job should be started or not.

2. If the technician did their job correctly and ran the proper checks they would have seen a negative pressure reading which means there is a substantial leak. Not saying “client will let us know about a leak”

3. If they knew anything about r-22 systems they would know the refrigerant is phased out, and the system would need a complete replacement because of the leak.

This company is money hungry so do yourself a favor and choose someone else for the job. They are dishonest and will rob you blind if you don’t know anything about HVAC

Shady business. Was asked to check out a unit that was not blowing cold air. All their tech did was replace a capacitor for $300 when it’s just a $30 part. This is what they wrote in the description.  Description Of Work Completed:
Repair fault in voltage enhancement system system is out of refrigerant custome: will let us know about a leak search. Once I got a company out that actually knew what they were doing, they realized that the whole system had a huge leak that was unrepairable and the system was shot and needed to be replaced so we paid this scam company $300 for nothing. don’t do business with them. There are plenty of other reputable businesses that won’t steal your money and do an honest job",,,3,1,AssistantDial AI Receptionist — consistent frontline,billing_or_intake_errors;frontline_communication,814,4.9,4
B,57.54,12.54,tampa,"Cornerstone Pros - Air Conditioning, Plumbing & Electrical",+1 813-669-3531,https://www.cornerstonepros.com,"4946 Land O' Lakes Blvd, Land O' Lakes, FL 34639, United States",Dana Spears,Founder & President,https://www.linkedin.com/in/dana-spears-9553b5a/,,Dana Spears;Gary Campbell,Dana Spears,https://www.linkedin.com/in/dana-spears-9553b5a/,billing_or_intake_errors,1,"Mixed experience overall. On the positive side, the plumber arrived on time and did fix the issue we called about — so credit where it's due.

That said, there are two things I can't overlook. First, the final charge didn't match the estimate we were given. No one flagged the difference beforehand or explained the reason for it — we were just handed a higher bill. That's not acceptable. An estimate should mean something, and if the scope changes, a quick heads-up is the bare minimum.

Second — and this is the part that really bothered us — our tap was visibly scuffed and scratched after the work was done. The technician said nothing. We only noticed it ourselves after they left. Damaging a customer's fixtures and walking out without acknowledging it, let alone offering to make it right, is a serious lack of professionalism.

Punctuality and competence matter, but so does honesty and respect for someone's home. I'd want to see both of those issues addressed before I'd consider booking again or recommending this company.",,,,2,,AssistantDial structured call intake,billing_or_intake_errors,7638,4.8,3
B,57.37,17.37,tampa,"AIRE SOLUTIONS, INC.",+1 727-563-4775,http://www.airsolutionsacrepair.com,"3787 118th Ave N, Clearwater, FL 33762, United States",Christopher Parker,President,,,Christopher Parker,Christopher Parker,,calls_unanswered,2,"Absolutely horrible. My HVAC system failed that they installed in one year. They came out, claimed system was fine and I needed to replace the copper cooling line between the outside condenser and the inside air handler. Offered a 12% discount for cash, so since I had done business before I opted for cash. BIG MISTAKE! After install it lasted 24 hours. Took most of a day and Kevin returned, said they’d bumped into the filling valve and refilled the system. Lasted 24 hours. Said he’d be out the following evening- that’s 4 days ago! Won’t answer phone, no text response. It’s August in Cape Coral. I spoke with another AC company- the 15 -20 minute test they ran to see if both units held Freon was nowhere near long enough. So they run off with your money (I should have paid more, put it on a card and then canceled payment) and hide by not responding to your calls/texts. Protect yourselves!!!!","We hired this company for a complete new Central AC system and installation of mini split systems for an addition.

I can’t say enough good things for this company. They’ll work around your schedule. They’ll make sure the job is done right the first time and correct other issues they encounter along the way.

They are very Communicative, very responsible, very punctual. But above all, they are very clean, and that’s where their professionalism shine.

The price is very modest in comparison with other big companies.

I have other projects lined up and definitely will contact them again for the AC/heat part.

Feb 11 2021
Lowering review to two stars, the contact person either lied multiple times about coming to fix the AC or has Final Destination Level of Bad Luck since something happened every single day and couldn’t make it to the service location. I left it at 2 because I really liked the work they did and the price.

To management: it’s better not to offer a labor guarantee, if you’re not gonna honor it. Too bad that it went down like this since We were ready to install two new central AC units that we needed in nearby locations.",,,1,2,AssistantDial 24/7 AI Receptionist — every call answered,booking_friction;calls_unanswered,41,4.4,5
B,57.25,12.25,tampa,"Anchor Air Conditioning, Inc.",+1 813-260-1017,https://www.anchorair.net,"5010 N Coolidge Ave Suite #3, Tampa, FL 33614, United States",Kevin V. Hodges,Owner,https://www.linkedin.com/in/kevin-hodges-1a345318/,,Kevin V. Hodges;Katherine E. Hodges,Kevin V. Hodges,https://www.linkedin.com/in/kevin-hodges-1a345318/,frontline_communication,1,They recommended 2 new HVAC units in 2017 and I am wondering now if I really needed.  The one tech didn’t know how to install and the one flooded my floor.  A new tech came out and was really nasty and rude because he didn’t want to be …,If you're a tenant and your landlord uses them be prepared to be told no details of the job or potential issues due to company policy. …,,,,,AssistantDial AI Receptionist — consistent frontline,frontline_communication,50,4.5,29
B,57.23,14.23,tampa,MELVIN'S A/C HEATING OF TAMPA LLC,+1 813-263-6503,,"103 SW 11th Ave, Ruskin, FL 33570, United States","Melvin R. Lewis, Jr.",Owner,,,"Melvin R. Lewis, Jr.;Daniel A. Lewis","Melvin R. Lewis, Jr.",,calls_unanswered,2,Came out on a Monday paid the service call but problem was not fixed.  Called twice on Tuesday with no response.  Called again on Wednesday and finally talked to someone. Came back out on Thursday hopefully they have fixed the problem. Over priced for the repair.   Probably won’t use them again.,"Nice ,and good customer service
Way over priced . Less than a half hour for a thermostat. $325.00. When questioned, I was told the world we live in. Never told me the price before the work was done. My own fault. Be ware seniors!!",,,3,3,AssistantDial 24/7 AI Receptionist — every call answered,billing_or_intake_errors;calls_unanswered,49,4.4,40
B,57.13,17.13,tampa,"Mercury Heating and Air, Inc.",+1 727-249-6616,https://www.mercuryaircool.com,"6000 Haines Rd N, St. Petersburg, FL 33714, United States",Juan Murillo,President,,,Juan Murillo,Juan Murillo,,calls_unanswered,2,"Don't even bother, if allowed I would give no star. I called to have my HVAC evaluated. A very nice young man came over, told me what he thought and that the office would let me know the pricing on the two things we talked about. Never heard from them, I called and left a message asking them to call me back. No one ever called. I had paid them a $75.00 fee just to look at the unit. This is a company that one would assume does not stand by their work, they don't even do the work! They just take your money for the visit. Any grifter could do that. They answered  this post by saying they would call that day, and yet I haven't heard from them. Not surprised, but at the same time don't care. Only an idiot would do business with these people.","I called at 8:13am and my information was taken. I was told would call back after he looked at schedule and knew when he could get someone out to look at A/C. After an hour, I called another company and received an estimate of 3-4 hours to …",,,1,,AssistantDial 24/7 AI Receptionist — every call answered,calls_unanswered;followup_dropped,330,4.9,13
B,56.87,16.87,tampa,Max Cool Air Conditioning LLC.,+1 813-565-2665,https://maxcoolac.com,"100 Frandorson Cir #103, Apollo Beach, FL 33572, United States",Kenneth E. Salch,Owner,,,Kenneth E. Salch,Kenneth E. Salch,,frontline_communication,2,"⭐☆☆☆☆ ABSOLUTELY UNACCEPTABLE SERVICE, THEY DESERVE NO STARS !!
My wife and I experienced one of the worst customer service encounters we have ever had with an HVAC company.  This is terrible !
Technician Daryl arrived with an attitude and appeared more concerned about getting to his next appointment than properly diagnosing our AC issue. Calling me Bro instead of calling me Sir i knew i was in for a real unprofessional technician that was sent to my home.
We repeatedly asked simple questions  to Daryl about water leaking from the system and received no clear explanation. Instead of investigating the problem thoroughly, he became argumentative, defensive, and dismissive. We never had scene a AC company so unprofessional .
What makes this situation even worse is that the service call was never properly completed. Daryl did not inspect the entire system,  Nor he did not check the attic unit, did not perform a comprehensive diagnosis, and made no effort to access all components that should have been examined.
Daryl  made no effort to retrieve a ladder and perform a complete evaluation. When we continued asking reasonable questions about our AC system, he became frustrated with simple questions from us and  kept stating lhow he had 17years of experience and he knew what he was talking about . Later we found out after a major complaint to his office he lied and only had 4 years of experience.
Rather than troubleshoot the problem, Daryl Max Cools  top experience technician repeatedly insisted everything was fine while refusing to provide simple  answers that made sense.
The interaction became so confrontational that Daryl abruptly announced he was leaving before completing the inspection. As paying customers, we were left with unanswered questions, an unresolved issue, and no confidence that our system had been properly evaluated.
When I later spoke with management, including Jason, I found the same lack of accountability and professionalism. Instead of addressing our concerns and ensuring a proper inspection was completed, management appeared more interested in defending the technician than resolving the problem.
An HVAC company is hired to diagnose problems, explain findings, and treat customers with respect. In our experience, Max Cool failed on all three counts. We were treated as though our questions were an inconvenience rather than legitimate concerns from homeowners seeking answers.
If you value professionalism, thorough service, communication, and respect, I would strongly recommend looking elsewhere. Based on our experience, this was a complete waste of time , waste of money and one of the most frustrating service calls we have ever encountered.
Stay away !!
Consumer beware!!",,,,1,,AssistantDial AI Receptionist — consistent frontline,frontline_communication;service_quality_in_session,649,4.7,3
B,56.84,13.84,tampa,Air Quality Control,+1 727-347-0202,https://aqc-fl.com,"4582 28th St N, St. Petersburg, FL 33714, United States",Rick Vassallo,Owner,,,Rick Vassallo;Vic Pagano,Rick Vassallo,,frontline_communication,2,"While highly recommended, they came out 2 hrs late for meeting. I shared with them what was wrong, and they came with no plan to fix it. They left saying they would order parts to correct for me. Then called 3 days later to say never mind, we decided we don’t want to work on it.

All of the data was supplied prior to the first appointment so there was no confusion. It’s a fine result. Anyone can choose which jobs to take. But what an unbelievable waste of time and poor communication.",,,,1,,AssistantDial AI Receptionist — consistent frontline,frontline_communication;service_quality_in_session,545,4.8,3
B,56.69,14.69,tampa,"Bayside Heating & Air Conditioning, Inc.",+1 727-669-4300,https://www.bayside-ac.com,"22085 US Hwy 19 N, Clearwater, FL 33765, United States","Anastasios ""Tom"" Provatas",President / Owner,,,"Anastasios ""Tom"" Provatas","Anastasios ""Tom"" Provatas",https://www.facebook.com/baysidehvac/,frontline_communication,1,"If you’re looking for a Tampa-based company with strong customer service that truly goes above and beyond, Bayside Heating & Air is not it. This has been one of the worst customer service experiences I’ve ever had.

They lock you into a three-year agreement, and once you’re signed up, you’re stuck dealing with ongoing issues. I’ve had repeated problems with their technicians. In one instance, a technician got insulation throughout my air handler, which then blew into my home for weeks. Customer service initially denied any mistake, but even the technicians they later sent out to clean the ductwork admitted the issue was caused by improper work.

More recently, the paneling on my air handler started deteriorating, with the foil peeling off. Instead of properly repairing it with foil tape, they removed it entirely, leaving insulation exposed. This has now created moisture issues and a musty smell throughout my home.

When I reached out again, customer service was rude and unwilling to take responsibility. There is simply no accountability here. Overall, extremely disappointing experience.",,,,1,,AssistantDial AI Receptionist — consistent frontline,frontline_communication,879,4.7,3
B,56.56,16.56,tampa,Griffith Air Conditioning & Heating Service Inc.,+1 813-645-0710,,,Gregg S. Griffith,Owner,,,Gregg S. Griffith,Gregg S. Griffith,,calls_unanswered,2,"Have tried to call them for at least a week straight. I leave messages, But I’m still waiting for a response a week later so I guess I will have to find somebody else to Fix my AC unit…","We used these people last year and were happy,  so we called toward the end of April to reschedule for this year.  We were told the schedule was too full and that she needed to talk to her boss and would call us back.  Well, she never did. …",,,1,,AssistantDial 24/7 AI Receptionist — every call answered,calls_unanswered;followup_dropped,31,4.3,19
B,56.48,14.48,tampa,"Shades, Inc.",+1 727-422-4119,http://www.shadesairflorida.com,"656 Patricia Ave, Dunedin, FL 34698, United States",Arthur O'Sullivan,Owner,,,Arthur O'Sullivan,Arthur O'Sullivan,shadesac@hotmail.com,calls_unanswered,2,We had love Arthur and his sons service at our home. They have always done excellent service. When we had that cold snap this year our air conditioner froze over and they were going to have to get a part for us. We never heard from them again and we have left voicemails with no callbacks.,,,,,,AssistantDial 24/7 AI Receptionist — every call answered,calls_unanswered;followup_dropped,72,4.7,53
B,56.37,16.37,tampa,Jaime Central Air Conditioner and Heating Specialist,+1 813-601-0764,https://jaimeair.com,"121 W Seneca Ave, Tampa, FL 33612, United States",Jaime Guerrero,Owner / Manager,,,Jaime Guerrero,Jaime Guerrero,,frontline_communication,1,"Jamie the owner was very unpleasant to deal with! He came out today and quoted me $1,300 for an a/c repair and said it needed Freon. When I told him no thank you he went ballistic. Started yelling and cursing. I paid him $80 in cash for the service call and then he yelled at me, got in my face and tore up the money. Surreal experience. The kicker is I got a new quote for $300 for freon but when the new a/c tech actually came out he told me I didn’t need to do anything that it was just a valve that needed to be open. Do not use Jaime Central Air Conditioner and Heating. Scary experience.",Jamie leaves in our Neighbour hood and he  called him to clean the ac drain line  which he came and clean it but it keep clogging again and again. I called him and ask him take a look again and he yelled stop calling me. Vary rude guy and specially if he treat fellow Neighbour like this I can imaging how low his work ethics are.,,,1,1,AssistantDial AI Receptionist — consistent frontline,frontline_communication,19,3.7,14
B,56.34,16.34,tampa,Jim McDonald & Sons Heating & Cooling Inc.,+1 941-360-9898,https://www.jimmcdonaldcool.com,"2017 58th Ave Cir E Unit 102, Bradenton, FL 34203, United States",Robert Bermudez,President / Owner,,,Robert Bermudez,Robert Bermudez,,frontline_communication,2,"I rarely leave negative reviews, but my experience with Jim McDonald & Sons Heating & Cooling was frustrating enough that I feel obligated to share it. Hopefully, this helps someone else avoid the same experience.

On Friday evening, my HVAC unit stopped running due to a clogged drain line. I called the office and spoke with Chelsea, who was helpful and quoted me $238 ($200 cash price) for a technician to come out, inspect the unit, and clean the drain line if that was the issue. Based on that quote, I scheduled the service.

Paul arrived within an hour, which I appreciated. After inspecting the unit, drain line, and coils, he confirmed the drain line was clogged and agreed that the cost would be the quoted $200 cash price. Based on that understanding, I authorized the work.

While clearing the drain line, Paul pointed out some sawdust buildup in an adjacent area (see attached photo). He used a handheld shop vacuum to remove the debris from an area approximately 12"" x 24"" and vacuumed as far as he could reach by hand. At no point was I informed there would be an additional charge for this work, nor was I asked to approve any additional service. The vacuuming took roughly 20 minutes.

Only after the work was completed did Paul call the office to determine what to charge. He then returned with a bill for $400—double the agreed-upon amount. In other words, I was charged an additional $200 for approximately 20 minutes of vacuuming in a very small area. Had I been told beforehand that this would cost an additional $200, I would have declined the service immediately and completed it myself. I understand this service being a small incremental amount, but $200 caught me off guard.

I paid the bill but informed Paul that I would be contacting the office to discuss the unexpected charge.

On Sunday, I spoke with Chelsea again. She was understanding of my concerns and told me the owner, Bob, would contact me on Monday. By 12:30 PM Monday, I still had not heard from him, so I called the office. No one answered. Less than five minutes later, Bob called me back.

Unfortunately, that conversation only created more confusion. Bob provided an explanation that differed from what both Chelsea and Paul had told me. He stated that the $400 charge included a diagnostic and trip charge. Given the conflicting explanations, I requested an itemized invoice.

The invoice only reinforced my concerns. See attached photo of description of work. The drain-line cleaning was listed at $238, despite the fact that I paid the quoted $200 cash price. While that discrepancy may seem minor, it highlights the larger issue I experienced throughout this process: inconsistent communication, unclear pricing, and charges that did not align with what was discussed before the work was performed.

What makes this even more concerning is that on May 1, 2026, the company posted on Instagram that ""McDonald Home Services keeps things simple with no extra charges after hours and diagnostic fees covered when you move forward with repairs. Flexible financing makes bigger fixes easier to handle without the stress."" A copy of that post is attached.
That statement directly conflicts with both my experience and the itemized invoice I was provided. I was charged fees beyond what was originally quoted, and the invoice clearly includes a diagnostic charge that was not waived despite moving forward with the repair.

My frustration is not that I had to pay for service. My frustration is that I was charged for work that contradicts with the information provided. Transparent pricing and customer authorization should be standard practice, especially when homeowners are dealing with urgent repairs.

I will also be submitting this information to the Better Business Bureau so that others can make an informed decision.","LOOK ELSEWHERE!!!! ABSOLUTELY TERRIBLE EXPERIENCE!!!!

We have spent a year dealing with this company and can’t begin to describe their incompetence and immorality.
Our saga began a year ago with a full system install (2 Daikin Fit units + ductwork). The units have not worked correctly the entire time we have owned them.  We have had at least 20-30 service calls without any relief. We are continually several degrees off from the set temperature with humidity of 70% and above.
The workmanship provided by this company is shockingly substandard (see photo album). When running a lineset, they took a sledgehammer unnecessarily to my flower bed, destroying it. The course of the lineset was above ground for several feet at both ends which looked laughably unsightly. When asked to come fix it, their tech took rocks from my drainage culvert and scrap pavers from my garage and piled it up over the lineset (see photo album). The lineset cover was applied crooked and any gaps were filled with spray foam.
We have recently had 2 independent inspections done of the units from reputable local companies. Both concluded that the ductwork is undersized and the upstairs unit is critically overfilled with coolant. Due to the insufficient air supply, my units will never function appropriately as designed.
Unfortunately, due to prolonged exposure to dangerously high humidity from underperforming units and inappropriately sealed ductwork penetrations, my home now suffers from multiple areas of mold growth which are affecting my family’s health and well-being (see photos).
Bob’s offer to remedy my situation was to switch out my units at an additional cost of $9500 to ME!! He will look you in the face and tell you that everything is working as intended despite having never seen your home/system. I’ll let the photos speak for themselves.
We are unfortunately proceeding with litigation against this company. There are far better A/C companies to do business with in Sarasota (check out AAP air or AC Today which are amazing). We regret the day we ever called Jim McDonald and sons. BEWARE!!!!",,,1,1,AssistantDial AI Receptionist — consistent frontline,billing_or_intake_errors;frontline_communication,547,4.8,4
B,56.33,16.33,tampa,Apollo Beach Air,+1 727-253-6080,http://apollobeachair.com,"220 Lakeway Ln, Apollo Beach, FL 33572, United States",James Martin Jr.,Owner,,,James Martin Jr.,James Martin Jr.,,booking_friction,1,"If you NEED someone to help you, go somewhere else! These people will promise you they are coming, but nobody will come.

I called at noon, setting an appointment for 5-7 p.m.  It was 93 degrees in my house and I have a baby and two dogs.

I left work early (read ""lost pay"")  to get home on time. By 6:30 nobody came. Called to confirm appointment and was assured someone would come today. 7:00, ""Still coming.""  8:00 ""No cancellation. We will be there.""  8:30 ""We are just running behind."" 9:00 ""I am not from your service area, and I have no estimation of when we will be there. But we should still be there.""  Nobody came.

I would like to tell you about their prices and how nice they are, but nobody ever came and the whole time I was told they would be there.",,,,1,,AssistantDial Appointment Booking + Calendar Sync,booking_friction,10,2.5,6
B,56.25,16.25,tampa,"All Veterans Air Conditioning, Inc",+1 813-410-3151,https://allveteransair.com/contact-us,"1407 W Pradera Ave, Tampa, FL 33612, United States",Terrence L. Gracie,Owner,,,Terrence L. Gracie,Terrence L. Gracie,,calls_unanswered,2,Absolutely horrible work and communication. Provided a 1 year warranty but would not return phone calls or emails. Lied multiple times  about returning to the job site to make corrections. Don't make the mistake that we did.,,,,1,,AssistantDial 24/7 AI Receptionist — every call answered,calls_unanswered;followup_dropped,2,3,1
B,56.23,14.23,tampa,Father & Sons AC / Heating Inc.,+1 727-321-9588,,"8095 46th Ave N, St. Petersburg, FL 33709, United States",Richard Kevin Schneider,Owner,,,Richard Kevin Schneider,Richard Kevin Schneider,https://www.facebook.com/p/Father-Sons-AC-and-Heating-61561687192060/,frontline_communication,2,"Company owner would not admit to mistakes.  Installed valve upside down, float switch would not engage and water pooled.  Company would not honor warranty on a separate $7000-plus install where tear in line developed and required customer to pay — in advance — for an additional $300 to repair.   Company sent installer who used profane and abusive language and scared tenant.  Company refused to be transparent on pricing of a unit.  I would never recommend.

Addendum:  this is to respond to the business owner’s recent response to my review.  There you go again, refusing to acknowledge any failure on your part.  My review did not state the AC did not work.  It stated that water pooled on the floor.  A fact.  My review did not state that you installed a float switch.  It stated that you installed a valve upside down.  You state that “someone”stepped on and broke a copper line you installed, which was your rationale for denying coverage of the repair under the warranty for the original work — for which I paid you $7000.  The only person in that area was your own worker — whom you later fired because of his anger management issues.   You said it didn’t sound like you to ask for prepayment before doing the repair.   That’s untrue.  You did, even though I had been a customer for years and never refused to pay.  You mentioned an additional issue — which is that you installed a damper in a bedroom duct to reduce noise.  Prior to that, your company tried to sell me an entirely new and quieter system, for which I would have had to pay thousands of dollars to replace a system less than 5 years old at the time, as a way to reduce the noise.  Only after I questioned again and again whether there was any other way to address it did you offer to address it with the damper. As to the new HVAC company I now have, they allowed my experienced  handyman to closely shadow them as they did the repairs and maintenance work so that we could save costs going forward by dividing up work the owner could do versus the company.  They are highly respected and ethical and have been used by neighbors for years.  I realize you have customers who have relied on you over the years.  That was me at one time, but no longer.","DO NOT use this company. Father & Sons was the third company I called out to give me an estimate to fix my AC. They were the only company that charged me for the estimate ($110), but I was willing to pay it for a detailed take from an honest family company on what's going on. The guy showed up, spent six minutes out by my AC testing my freon levels, then told me it'd cost me nearly $200 more for him to diagnose anything else to give me a proper estimate. He was not particularly friendly and did not make any effort to thoroughly explain what was going on. He was at my house for less than ten minutes and for $110, I left with zero information that could help me make a decision about what to do.

For reference, the first company (Quick Air USA) that came didn't charge at all for the estimate, and spent a solid half hour investigating the system and even took photos to show me and explain everything. They were very friendly and patient. The estimate from Father & Sons was also $800 higher than the other company's estimate. I was recommended Father & Sons by a friend, but I will absolutely not be using them.

When I tried to call explaining that perhaps we had had a misunderstanding and requesting a refund for the service call, the owner was incredibly rude with me on the phone, talking over me and not caring about my experience at all. I would hate to give these people more money to actually fix a problem and then hope they cared if something went wrong. I got zero sense of goodwill from anyone involved.

I highly, HIGHLY recommend looking elsewhere.

--

UPDATE to address their response: I, too, have a reference of exactly when the technician was here. He arrived at 4:12pm, gathered his things from his truck until about 4:20, spent a few minutes out by my unit, told me it'd cost more to diagnose anything, I paid him the $110, and then he left my house at 4:31pm. Even including his time gathering his things from his truck, that's less than 20 minutes. The company is flat-out lying in their response. Do not trust these people.",,,1,1,AssistantDial AI Receptionist — consistent frontline,frontline_communication;service_quality_in_session,78,4.8,4
B,55.86,12.86,tampa,Air Masters of Tampa Bay,+1 877-503-0588,https://airmasters.net,"4830 N Florida Ave, Tampa, FL 33603, United States",Beverly Bosley,Owner / President,,,Beverly Bosley;Phillip Gonsalves;John DeYoung,Beverly Bosley,,frontline_communication,1,"Technicians came out and made proper diagnosis of my AC problem. However, they did not bother (or call their office) to tell me all the parts were still under warranty and presented me with two options, including a brand new unit for $12k (the unit is less than 4 years old). I looked up the serial # and confirmed it is covered by Johnson Controls/York.

Second and third opinions from other local providers confirmed the unit is in pristine shape and the faulty components are under manufacture original warranty and their quotes will save me almost 80% from what I was quoted on site. To even think that suggesting a brand new unit purchase when the current one is less than 5 years old is very concerning  especially given that suffering from lack of AC is a desperate situation here in Florida. Even their quote for a replacement compressor was 4k more than what I am able to find from others.

30 minutes later- as I was getting ready to leave the home for the weekend- the technician came back to tell me what the service fee would be for their visit. Had I left the house and not noticed the van still parked down the street I would not have been made aware of the $ amount owed for their visit). The  process was unprofessional and disorganized- however the back office folks including Amy were very pleasant to deal with and thank her for helping me out.",,,,1,,AssistantDial AI Receptionist — consistent frontline,frontline_communication,1620,4.7,3
B,55.72,15.72,tampa,"American Design Air, Inc.",+1 727-538-8127,http://www.americandesignair.com,,Charlotte Hopkins,Owner,,,Charlotte Hopkins,Charlotte Hopkins,,frontline_communication,2,"My review is not based on quality of service but on the professionalism on the company. I was driving behind a van of this company in the morning the person was swerving, driving into incoming lanes and almost hit 2 cars beside. Also was hard breaking with no one in front. I called the number, the guy that answered I asked if he was the operator of the van, just to inform him of the wreck-less driving in a school zone and he hung up on me before I could say anything. People are not perfect by far and I would not report if it was just once or twice but this was continuous unsafe driving.",Installed new ac 1 yr ago have had problems with leaks and they could not fix. Unreliable say they will come and do not show up. Owner yelled at me not respectful at all,,,2,,AssistantDial AI Receptionist — consistent frontline,followup_dropped;frontline_communication,31,4.3,14
B,55.63,12.63,tampa,Polar Ice Air Heating & Cooling,+1 813-723-4556,https://www.polariceair.com,,Matthew Miller,Owner,,,Matthew Miller;Joshua Tracz;Josue Morales,Matthew Miller,,frontline_communication,1,"I would not recommend Polar Ice Air.

My experience was extremely frustrating from start to finish. After providing an estimate and moving forward with the project, the company later attempted to increase the price before work even began. This came after previous mistakes and delays related to the order, which had already cost valuable time.

What disappointed me most was the lack of professionalism and communication. Instead of a phone call to discuss the situation, I received a text message informing me that the price increase was ""non-negotiable."" As a customer, I expect transparency, accountability, and direct communication when issues arise.

Matthew was particularly rude, dismissive, and inconsiderate of both my time and my wife's time throughout this process. We rearranged our schedules, waited on updates, and tried to be patient while issues were addressed, only to be met with poor communication and an apparent lack of concern for the inconvenience being caused.

I entered this project in good faith based on the agreed-upon estimate. Being asked to absorb additional costs due to circumstances that appeared to be the company's responsibility was unacceptable. Rather than taking ownership of mistakes and delays, the burden was shifted to the customer.

Do not use this company. Get everything in writing, and be prepared for the possibility that the price you agree to may not be the price you're later asked to pay. Based on my experience, I would strongly caution anyone considering hiring them.

Unfortunately, this experience left me with little confidence in the company's reliability, professionalism, customer service, or respect for their customers' time.

Update to Company Response

Unfortunately, your latest message only reinforces the concerns I have expressed from the beginning. While you continue to explain why the delays, cost increases, and project issues occurred, you still refuse to take responsibility for them.

As the customer, I hired your company—not your suppliers. Any issues with suppliers, pricing, availability, or project management ultimately fall under your responsibility. Those are risks that should be anticipated and managed by the contractor, not passed on to the customer after an estimate has been accepted and weeks of delays have already occurred.

What stands out most is the complete lack of accountability. Rather than acknowledging the impact your decisions and project management had on your customer, every response attempts to redirect responsibility elsewhere. Being accountable is just as important as doing quality work. When problems arise, customers want to work with companies that own mistakes, communicate openly, and take responsibility for the outcome.

Instead, your responses have consistently focused on explaining why none of this was your fault. That may be your position, but it is not one I agree with.

Customers should be wary of doing business with any company that refuses to accept responsibility when things go wrong. The way a company handles mistakes and setbacks says far more about its professionalism than how it handles projects when everything goes according to plan.",,,,1,,AssistantDial AI Receptionist — consistent frontline,frontline_communication,243,5,4
B,55.62,10.62,tampa,J V Systems Services of Tampa Bay Inc,+1 727-475-2347,https://www.jvsystemsservices.com,"6330 46th St N, Pinellas Park, FL 33781, United States",John R. Anderson,Owner,,,John R. Anderson;Richard M. Anderson,John R. Anderson,jvsystems@yahoo.com,frontline_communication,1,"Recently had service done from them, left left my condensate unhooked which caused water to spill all over pine floors for several days as this was a vacant apartment. I called to express the issue, they refused to speak with me or acknowledge what happened. I deal with alot of professional vendors as a property manager and I used this Co as they were the ones who installed the new system. I would not recommend anyone to use the Co, they take 0 accountability and terrible customer service would be an upgrade here as opposed to none.",,,,1,,AssistantDial AI Receptionist — consistent frontline,frontline_communication,13,3.8,2
B,55.57,15.57,tampa,Nate & Sons Air Conditioning Service,+1 727-559-1007,,"2070 Calumet St, Clearwater, FL 33765, United States",Nathan Herring,Manager,,,Nathan Herring,Nathan Herring,,calls_unanswered,2,"We had an appointment scheduled for service in which they did not show. I called both phone numbers and was put to voice mail. I left a message, they never called us back.","I too thought Nate and Gerald were a 5 star team. Work was fast, needs met and Gerald said   He would get me a ‘REPORT’ on all that was done and photos of previous company’s poor and shoddy workmanship. After several calls and promises for the 5 mo nothing came. This irresponsible ‘service after the sale’ has made me skeptical of their work and statement Of what is needed going forward. I’m 69yo and can’t climb up in the go check on there work. All this leaves doubts. Sorry this has been a wet blanket. Get any reports promised efore you pay them.",,,,3,AssistantDial 24/7 AI Receptionist — every call answered,calls_unanswered;followup_dropped,17,4.4,8
B,55.55,12.55,tampa,Starboard A/C,+1 813-681-1113,,"108 N Pinewood Ave, Brandon, FL 33510, United States",Michael Stone,Owner,,,Michael Stone;Heather Stone,Michael Stone,,calls_unanswered,2,"Mike and his team were great 5 years ago, a lot has changed since!

* Update - Increased service cost. Have had to consistently follow-up just to determine when a part would be delivered. Disappointed that the ball was dropped after service and the part  obviously wasn't ordered in a timely fashion.

**Update 2 - They didnt answer phone calls and the part was installed 13 days after being ordered. They significantly overcharged for 45 minutes worth of service because they were obviously upset about my earlier, truthful review.

With so many AC companies in the Tampa area, I would stay very far away from this extremely unreliable company.",,,,1,,AssistantDial 24/7 AI Receptionist — every call answered,calls_unanswered;followup_dropped,9,4.6,1
B,55.26,12.26,tampa,Airite Air Conditioning Inc.,+1 813-886-2591,https://www.airiteair.com,"5321 W Crenshaw St, Tampa, FL 33634, United States",Harvey D. Venoy,Owner,,,Harvey D. Venoy;Joseph M. Venoy,Harvey D. Venoy,,calls_unanswered,2,"The job has been done in time (bad capacitor replacement), but the invoice I've got was questionable.
They overcharged the labor time and included supplies they did not use as well. I did not get any responses on my multiple calls.",,,,1,,AssistantDial 24/7 AI Receptionist — every call answered,billing_or_intake_errors;calls_unanswered,8,4.4,2
B,55.05,13.05,tampa,"McWilliams & Son, Inc",+1 727-862-7002,http://www.mcwilliamsandsoninc.com,"6211 Springer Dr, Port Richey, FL 34668, United States","Gilbert ""Gil"" McWilliams Jr.",Owner,,,"Gilbert ""Gil"" McWilliams Jr.","Gilbert ""Gil"" McWilliams Jr.",https://www.facebook.com/McWilliamsandson/,frontline_communication,1,"Supported this locally owned business for years, and will never use again after a particularly poor service experience. They came to service our home AC units as part of our bi-annual agreement in July. A week later we noticed our upstairs unit was not keeping temp during hot afternoons, and we called them back to check it out for us. Took a few days but a tech returned, looked it over, told us he couldn’t find a problem and charged us a service fee. All good, we’ll see what happens. The problem persisted so we called again, and again a few days later a tech returned, completed some service but found no issues. We continued to have issues and having already had techs out twice and with a newborn in the house, I finally reached out to the owner. He reluctantly came over, making it well known he was there against his wishes. He was extremely condescending to us telling us the issue was our thermostat settings (which hadn’t been changed at any point) or our air filter (which was admittedly dirty, but hadn’t been checked in other service calls!). He didn’t actually check our unit at any point, and he drove away with a laugh as I told him the temperature upstairs had gone up a degree since he arrived. Again, our son was 3 months old at the time, in the middle of the summer in Florida. We finally switched to another HVAC company, and surprise, the issue was not our filter. I’m sure many have had great experiences, but as for us, McWilliams has lost our business for good.",,,,1,,AssistantDial AI Receptionist — consistent frontline,frontline_communication,193,4.7,4
B,55.05,10.05,tampa,"C & C Services of Tampa, Inc.",+1 813-759-8756,http://ccservicesoftampa.com,"1007 Robinson Rd, Plant City, FL 33563, United States",Alan Carter,Owner,https://www.linkedin.com/in/alan-carter-aa233b2b,,Alan Carter;John Carlucci,Alan Carter,https://www.linkedin.com/in/alan-carter-aa233b2b,frontline_communication,1,"We had a technician come out and check out our unit, insulation and ductwork.  The technician was very cocky and made some slick comments.  He informed me that I would receive a quote from him later that afternoon.  I didn’t hear anything and then they called my husband at work to inform him they wouldn’t be able to do the job because someone prior had cut a truss and it would be a safety issue and liability.  My husband went up in the attic and checked when he got home that day and that wasn’t the case at all.  If they didn’t want to do the job they could’ve just said so to begin with.  They were referred to us by my father in law who had work done by them and spoke highly of the company but they fell a little short with us.  That’s too bad.",,,,1,,AssistantDial AI Receptionist — consistent frontline,frontline_communication,226,4.9,3
B,54.87,12.87,tampa,"Ordine's Air Conditioning and Heating, Inc.",+1 727-940-7379,https://www.ordineshvac.com,"1422 Hwy 19, Holiday, FL 34690, United States",Fred Ordine,Owner,https://linkedin.com/in/fred-ordine-024808322,,Fred Ordine,Fred Ordine,https://linkedin.com/in/fred-ordine-024808322,frontline_communication,2,I hired this family owned company. The father sent the son out to give me a quote for $6800 to install ducts though out the new addition of the home and build a system in the garage for air handler.They asked for half down. They were given over half $3800. The son showed up ran some of the duct work.There were problems during during their install with not showing with tools to do the job. There was bad communication from their office or home office.They never finished the job. Blocked all my calls. Amy the mother when we called unknown would make excuses and stated someone would call. I had another company come and they tore out all the ductwork Ordains installed. They stated it was installed wrong. I will be failing a complaint in smalls claim court against them. The new AC contractor documented there install and along with pictures of removing and reinstalling duct work correctly.,,,,1,,AssistantDial AI Receptionist — consistent frontline,delivery_quality;frontline_communication,301,4.9,3
B,54.76,12.76,tampa,"Miesz Mechanical, Inc.",+1 727-946-5560,http://clearwatercooling.net,"1903 Hastings Ln, Clearwater, FL 33763, United States",Ronald L. Miesz,Owner,,,Ronald L. Miesz,Ronald L. Miesz,MieszMechanical@gmail.com,followup_dropped,2,"Lew Miesz worked on our very old and battered AC unit at a prior residence and was so wonderful that when we finally purchased our next home, we couldn’t think of a better person to call for service.
Addendum-
It upsets me to write this. We used Miesz Mechanical in 2014-2016 and when we bought again in 2019, we, of course, stuck with Lew. Lew is very nice and so is his employee Danny. We have two units, one upstairs and one down. The upstairs unit became problematic in May of 2021. Danny came out and provided a quote for the work, which we agreed to. A week later, when the work was completed, the payment was $100 more. I did not realize it at the time but went back to compare and there it was. I attempted to contact Miesz for an explanation and it took several weeks to finally get one. Fast forward to 6/27/22. Our upstairs unit was making a noise and not cooling. From past experience, we thought it was likely the condenser fan. We were told there would be an overtime fee totaling $230 to come out. We were also told to turn off the unit. We decided to wait until the next Tuesday, to avoid the extra fee. They came out and could not replicate the problem and told us that everything seemed to be running normal. On 7/3/22 we came back from a short vacation to a hot upper level and that same sound coming from the machine. We had family in town and had to pay the extra fee for them to come out the same day. No one stepped foot inside my home to check on things, nor did anyone go into the attic to check on the handler. We were told it was the condenser fan and were charged nearly $1K for the replacement. It was still not cooling upstairs and by 7/13/22 it was not getting under 81 degrees during the day, with the unit running. We called again and were advised that the handler needed replacing and that the outside unit looked pretty good. We were told that we would have an estimate within a day or two. I was charged $260 for the visit, just to tell me that I need a new handler.  So I am now out nearly $1500 for essentially a condenser motor. I am 6 days out with no estimate and not even a call to let me know that there is a delay. I have called several other providers- whom do not charge overtime rates and have provided me with estimates within 24 hours. Customer service is clearly NOT a priority for Miesz and, unfortunately, I will not be using them again.",,,,1,,AssistantDial Call Summaries + Auto Contact Creation,billing_or_intake_errors;followup_dropped,8,3.5,3
B,54.7,14.7,tampa,MC Mechanical Air Conditioning Services Inc,+1 727-540-0400,http://mcacservices.com,"6465 123rd Ave N, Largo, FL 33773, United States",Douglas Edward McHenry,Owner,,,Douglas Edward McHenry,Douglas Edward McHenry,,booking_friction,1,"Typically I wouldn't waste the time to leave a negative review, but my time was wasted, twice. I was scheduled to receive service last Monday between 8AM and 10AM. At 11AM I called to get an ETA, as I understand things happen, and was told the technician would arrive around 1PM. At 3PM I called to have the service rescheduled because no one showed up. My new appointment was for today between 8AM and 10AM. At 9AM, I called to get an ETA and was told the technician was running behind at another job and would be arriving around 11AM. I left my office at 3PM and it is now 4:30PM and I have yet to hear anything from anyone. I understand that jobs can run longer than expected, but it's completely unprofessional to have a no call no show service offering.",,,,1,,AssistantDial Appointment Booking + Calendar Sync,booking_friction,48,3.5,5
B,54.56,12.56,tampa,Breakaway Air Conditioning and Heating,+1 941-216-1044,https://breakawayair.com,"2254 72nd Ave E, Sarasota, FL 34243, United States",Kristen Goldhammer,Owner,,,Kristen Goldhammer,Kristen Goldhammer,https://www.facebook.com/profile.php?id=61575766612581,calls_unanswered,1,"I've been trying to call Breakaway for weeks and the phone line disconnects, I've emailed to no response, and now their Facebook has disappeared

I wouldn't normally care but they hold the warranty on my unit plus I paid for their biannual maintenance service that they never conducted

I assume they went out of business

edit 1/25

pretty shady when you consider they were going to take my money to replace my unit's motor just before they disappeared

even shadier too when you consider the first time they came out to diagnose my AC system, the guy had no idea what he was doing and misdiagnosed the issue, he said he fixed the issue by tightening a few bolts and wanted to charge me $125 but awkwardly pressured me to sign up for their biannual maintenance service for $200 instead

whatever business they get into next surely will follow the same shady example",,,,1,,AssistantDial 24/7 AI Receptionist — every call answered,calls_unanswered,360,4.8,3
B,54.51,12.51,tampa,"Smith's Air Conditioning & Heating, LLC",+1 813-245-5145,,,Frederick E. Smith Jr.,Owner,https://www.linkedin.com/in/frederick-smith-a5515672/,,Frederick E. Smith Jr.,Frederick E. Smith Jr.,https://www.linkedin.com/in/frederick-smith-a5515672/,calls_unanswered,2,"Mr. Smith and his helper came out the other day to work on a neighbors AC unit so I asked him to look at mine and he gave me a price to come back and fix it. When he came back to fix it, he crawled underneath the house and said he didn’t have the correct parts and he assured me he would be back. He hasn’t came back and I’ve left messages with him and called him several times to see when and what his plans were, he will not return my calls and he will not return my text. If there was something wrong I can understand if you tell me what the problem is but to ignore my text and my calls. I find a childish unprofessional and down mean I am on a time schedule here, and all I ask is the truth to be spoken by the individual who said that he would do the job. My suggestion is find someone else this individual does not have the professional courtesy to talk to the homeowner. Give them the real truth about what is going on, he is childish and unprofessional. You can’t do business with people like that because you never know where they’re coming from or if they’re telling you lies.",,,,1,,AssistantDial 24/7 AI Receptionist — every call answered,calls_unanswered;followup_dropped,16,4.8,9
B,54.45,11.45,tampa,R&R Cooling Solutions,+1 813-331-9902,https://www.rrcoolingsolutions.com,"11415 Tangle Branch Ln, Gibsonton, FL 33534, United States",Alfredo Rodriguez Castillo,Owner,,,Alfredo Rodriguez Castillo;Yandry Rodriguez,Alfredo Rodriguez Castillo,https://www.facebook.com/rrcoolingsolutions/,calls_unanswered,1,After having no luck getting other A/C companies to answer the phone on a Sunday afternoon I tried R & R Cooling solutions. Yandry Rodriguez picked up on the first try and came over the very next morning(which happened to be Memorial Day). …,,,,,,AssistantDial 24/7 AI Receptionist — every call answered,calls_unanswered,177,5,22
B,54.42,14.42,tampa,"Acree Plumbing, Air & Electric",+1 813-324-1661,https://trustacree.com,"3801 Corporex Park Dr Ste 130, Tampa, FL 33619, United States",David Carpenter,CEO,,,David Carpenter,David Carpenter,,followup_dropped,1,"The technicians I dealt with were fine, but this company has really poor follow-up. You're going to have to chase them down to get anything accomplished. …",,,,,,AssistantDial Call Summaries + Auto Contact Creation,followup_dropped,10849,4.6,5
B,54.35,12.35,tampa,"Mosley Heating & Air, LLC",+1 813-230-3742,http://www.mosleyheatingandair.com,,Eric M. Mosley,Owner,https://www.linkedin.com/in/eric-mosley-8a40ba160/,,Eric M. Mosley,Eric M. Mosley,https://www.linkedin.com/in/eric-mosley-8a40ba160/,calls_unanswered,1,"Extremely Unprofessional – Do Not Trust This Company

I gave Mosley Heating & Air, LLC a $5,000 down payment back in February after being told I needed a new AC unit. Since then, the experience has been nothing but a nightmare. They’ve missed two scheduled appointments—first claiming they ordered the wrong size unit, and then the second time, they simply didn’t show up at all with no explanation.

We’ve reached out multiple times via text, email, and phone calls, and have received no response whatsoever. At this point, they’ve left me no choice but to file a police report and pursue legal action to try and recover my money.

This company has been completely unprofessional and unresponsive. I strongly urge anyone considering their services to stay far away. Save yourself the stress, time, and money.",,,,1,,AssistantDial 24/7 AI Receptionist — every call answered,calls_unanswered,403,4.9,3
B,54.28,11.28,tampa,ASA Air Conditioning and Heating LLC,+1 727-533-6885,https://asahvacservices.com,"4617 73rd Ave N St, Pinellas Park, FL 33781, United States",Joseph Becker III,Owner,,,Joseph Becker III;Julie Becker,Joseph Becker III,,frontline_communication,2,"Continuing to have ac issues. They seem to be dedicated to fixing their diagnosis.  ...and now this week will be the fifth time for a repair in three weeks.  (apparently a factory defect in the brazed part of the factory coil), but glad they are sticking by their work.  Stinks it has to be me with the factory defects, as Joey says it only happens once or twice a year.
Follow up. …they are back out for the sixth time in two months.  I have not been told the truth.  I am so disappointed.  I have learned that to properly braise this lines the 410 needs to be completely emptied and system unpressurized.  And after the braising happens run nitrogen and make sure there are no leaks before wasting all of the f
Refrigerate. I feel like these ppl should have told me “we can’t fix it”.  Because after showing up SIX times they can’t!  I need to be given an entire new system. The quote I was given and deduct the ridiculous amount of $3500 from the top, for what I just spent from them NOT being able to fix what they said they can fix.
And I was being gas lite last night in the phone from the owners wife Julie.  That is terrible. Joey is better to speak to","Scam alert , we call them to request the quote for the compressor replacement and and they said they have to come to diagnoses with $95.99 fee . i told them it said free estimate on their website for work and replacement and all we need to …",,,2,,AssistantDial AI Receptionist — consistent frontline,billing_or_intake_errors;frontline_communication,38,4.7,18
B,53.88,11.88,tampa,Ability Air & Heat Llc.,+1 727-341-9007,https://www.abilityman.com,"1130 Cleveland St Ste 290, Clearwater, FL 33755, United States",John Dungan,Owner,,,John Dungan,John Dungan,john@abilityman.com,frontline_communication,2,"Horrible company to work with please do not use. I used ability air to install a 15ton ac on a commercial property in 2019. The permit has never been closed out and is permitted as residential instead of commercial. I have six years of correspondence from the city of clearwater of the permit being continuously extended but never closed.  I’ve called the office many times, left emails and have spoken to John the owner for the last 6 years to rectify the issue. I always get the same answer that the problem will be fixed or taken care of and it never is, they completely lie about everything. Permit is still open and has to be inspected, not even sure if it will pass or if they did properly. Stay far away from this company unless you want issues down the line.",,,,1,,AssistantDial AI Receptionist — consistent frontline,delivery_quality;frontline_communication,122,4.9,3
B,53.85,13.85,tampa,Broward Factory Service,+1 727-442-3400,http://www.browardfactory.com,"1231 N Hercules Ave, Clearwater, FL 33765, United States",Crockett Herd,Owner,,,Crockett Herd,Crockett Herd,,frontline_communication,1,I have been using this company for about five years for both of my homes in the Tampa Bay Area. This is the fist time I have ever had an issue with the service which is why this review is hard to leave. I have had numerous issues with my AC at both homes and in the past they would fix it for free. Now I am being told after three different service calls that my compressor is bad after I was originally told it was the breaker that needed to be replaced. I asked to speak the manager at the clearwater location who was extremely rude and disrespectful because I wanted to know why I have to pay $1500 now to have my compressor replaced when it pass it was free. I will NEVER use this company again and I fill bad because I have reffed them to my family and numerous coworkers of mine who I am stationed with in the area as they have had a great reputation in the past. Now I am letting everyone know to NOT use this company anymore and I will no longer be referring anyone who I am stationed with to use them. The technicians are nice and and normally knowledgeable but this last time I felt as if it was a guessing game on what was wrong and I had to have my own electrician actually tell me what was wrong this time. Similar to others reviews this company and the management at the Clearwater location is why I will never use them again….,"We have been dealing with Broward factory service for over 2 years.

Recently, They came out and inspected our water heater leak, determined it was a serious electrical hazard. Told us they will contact the landlord same day and have it fixed within two days.

As promised, 2 days went by but our landlord was never notified. We had to notify the landlord because they never did. It has been over a week now without hot water, and they just told us they have guys out sick so they can't come fix it.

Do NOT let this company cover your home they do a terrible job at communicating,  being on time, and they barely want to fix anything that breaks or goes bad. Huge thumbs down , save your time!",,,1,1,AssistantDial AI Receptionist — consistent frontline,frontline_communication,47,4,5
B,53.82,10.82,tampa,Marlin James Air Conditioning & Heating,+1 813-689-0817,https://www.marlinjames.com,"1702 Marlin James Dr, Valrico, FL 33594, United States",Glenda Clark,Owner (took over from co-founder father in 2006),,,Glenda Clark;Marlin Clark Jr.,Glenda Clark,,followup_dropped,1,"The technician was great. However, Marlin James has yet to follow up with me with regard to some of the issues that he identified that he said he would be speaking with either Scott or Austin.",,,,,,AssistantDial Call Summaries + Auto Contact Creation,followup_dropped,994,4.9,22
B,53.78,13.78,tampa,Cross Creek Cooling & Plumbing,+1 813-486-4398,https://www.crosscreekcooling.com,,Robert F. Smith,Owner,,,Robert F. Smith,Robert F. Smith,,frontline_communication,1,"Unfortunately, I had a very bad experience today with Bob, From the moment I opened the door, his behavior was tense and visibly agitated, as if he were already having a bad day. However, that’s no excuse for the aggressive, loud voice and disrespectful way he treated me.

While I was trying to calmly explain the issue with our kitchen leak and then the bathroom leak, he abruptly raised his voice, spoke over me, and told me I “didn’t understand” in a condescending and dismissive tone. His behavior was so loud and hostile that my wife, who was downstairs, heard him from the second floor and was alarmed—she almost called the police.

This kind of behavior is unacceptable, inappropriate  and unprofessional.

In all my years of receiving service work, I have never been treated like this. No customer should ever be made to feel unsafe in their own home. Totally never again I am going to call this company.","One word …….Shady, I feel bamboozled.  I have been a faithful customer since 2016. Paula and Bob husband and wife duo are not honest people.   My air conditioner is broke again and it hasn’t even been a year yet. Not sure what they really fixed. Had to complain with them  because they put  refrigerant in my air conditioner with a leak still present  and  and get this, the technician told me it wasn’t his fault, that he missed the second leak. ( well it ain’t the homeowners). They confirmed with me they have checked my air conditioner thoroughly for any other leaks ( paid for dye service) and I was trusting of them that they did just that. They had the audacity to want to charge me a 2nd time for the refrigerant due to another leak they failed to detect at the initial inspection.  Mind you, this occurred within  1 1/2 -2 week  time span when I noticed that it still was not getting cold like it should.  Shame on them,  I thought they took care of their long term customers, heck all their customers. Looks like I am just another number. They are very defensive and argumentative and never own up to their mistakes like they can do no wrong and the customer is the liar with no accountability  whatsoever.  Where is the loyalty, integrity & professionalism in that.   Oh yeah, when you ask any questions regarding your system to understand it better, they overtalk and belittle you and make you feel like you are a bother.  They take forever to provide you an invoice and don’t itemize what you had done and swear up and down it was done (with no proof provided) Fool me once shame on you, fool me twice shame on me.” Just in, Cross creek cooling cracked my drain pan and want to blame it on another company who I called as a second opinion that showed me as soon as they seen the crack, got off the ladder and showed me their findings. It could have been their other technician Billy that cracked it and was afraid to tell them . They did have in come in the place of Bob.",,,1,1,AssistantDial AI Receptionist — consistent frontline,frontline_communication,28,4.6,4
B,53.77,10.77,tampa,Polar Air Conditioning Services LLC,+1 727-475-6378,,"735 Marguerita Terrace, Tarpon Springs, FL 34689, United States",Philip White,Owner,,,Philip White;Sherri White,Philip White,,frontline_communication,1,I called to get service and the guys picked up and hung up on me,,,,1,,AssistantDial AI Receptionist — consistent frontline,frontline_communication,11,3.7,4
B,53.68,13.68,tampa,Performance Air Conditioning & Heating,+1 813-880-6761,http://performance-ac.com/contact_us.htm,"8007 Somerset Ln, Tampa, FL 33615, United States",Thomas J. Deal,Owner,,,Thomas J. Deal,Thomas J. Deal,,calls_unanswered,1,Didn’t return call.,,,,1,,AssistantDial 24/7 AI Receptionist — every call answered,calls_unanswered,4,3,1
B,53.68,13.68,tampa,"B A Mechanical, LLC",+1 813-252-9800,,,Juan A. Puertos,Owner,,,Juan A. Puertos,Juan A. Puertos,,calls_unanswered,2,"We are a healthcare facility that had a quarterly contract with this company.  I followed Paul when he went to this company. unbeknownst to me, when I  tried contacting them regarding an issue and they ghosted me.  Never returned calls, never completed my quarterlys for 2 quarters and never gave me a reason.  The unfortunate thing is, I had to contact my old company because they were the ones that had computerized controls of my system...I needed them to just change temperatures...never expecting high school drama from a professional...",,,,1,,AssistantDial 24/7 AI Receptionist — every call answered,calls_unanswered;followup_dropped,4,4,1
B,53.62,11.62,tampa,"Heatwave Heating, Cooling, Plumbing & Electric",+1 727-513-8344,https://heatwavehvac.com,"10161 49th Street N Ste A, Pinellas Park, FL 33782, United States",Daniel Billingsley,Owner,https://www.linkedin.com/in/danielbillingsley/,,Daniel Billingsley,Daniel Billingsley,https://www.linkedin.com/in/danielbillingsley/,followup_dropped,1,"My experience with Heatwave started out great, but when I called them back to cut my  drain caps in my front yard down I’ve had nothing but times and no shows. These people are a joke. You pay big money but when need them you correct something they do nothing but tell lies!",,,,1,,AssistantDial Call Summaries + Auto Contact Creation,followup_dropped,443,4.4,3
B,53.59,11.59,tampa,Comfort Pro LLC,+1 813-348-5000,https://comfortprocooling.com,"1100 N 50th St Unit 4C, Tampa, FL 33619, United States",Steven Maines II,Managing Member / Owner,,,Steven Maines II,Steven Maines II,https://www.facebook.com/comfortprotampa/,hidden_subcontracting,1,"Buyer beware!!! My HVAC was weak, unable to keep up with the heat in July. I have a Homeowners warranty,  I called them to put in a service request, and Comfort Pro was called out the next day. I have never heard of this company. They seemed Professional. I was quickly told I needed a new system. I agreed, as I already knew that my unit was 11 years old, and it was underrated for the size of the house. I told them I was looking for a high-efficiency unit. I was offered a quote, and I accepted with hesitation due to the cost; the tech used the tariffs as an excuse. I was told it can be done the same day. That was a surprise. I should have stopped at that point, but I needed Cool air. My house was over 80 degrees as my old system was struggling to keep up. I accepted the offer. Two hours later, a Spanish-speaking gentleman arrived by himself, and another gentleman was on the phone. He was translating for him, asking me to allow him to start, and he would be there shortly. I asked if the tech was capable of starting, and he assured me he was; I should have stopped again at that point. It turns out they sub their installs out. All red flags. He started the removal process and and it took the other guy 3 hours before he arrived, Long story short- they took 11 hours to remove and install a new unit, the next day the unit was still runing as I woke to 65 degrees in the house, the tech had bypassed the thermostat just to get me cool air as he did not know what he was doing to wire the thermostat, it was 11 pm when he completed. I called the office, and they sent another tech out as I had to shut the system down. While I was checking the job, I noticed my laminate flooring was scarred due to the tech not putting any kind of cloth or cover to protect my flooring. I took pictures and showed the tech when he arrived. I received a quote for the repair of my flooring and sent it to the company. I was offered a soft start instead of replacing my flooring. I was livid. I should have been given the soft start due to the unit contacts banging when it turns on, and for the cost I paid for it, I was assured it was quieter than my older unit. I did not accept the offer. I have not, at the time of writing this review, had my flooring repaired. Please beware of my warning. The company has been nothing but trouble from the start.",,,,1,,,hidden_subcontracting,1727,4.6,3
B,53.57,10.57,tampa,Sarah's Air,+1 727-437-1080,https://sarahsair.com,"4604 49th Street N Ste 1151, St. Petersburg, FL 33709, United States",Sarah M. Austin,Owner,,,Sarah M. Austin;Sonny J. Austin,Sarah M. Austin,,frontline_communication,1,"Sarah‘s Air did a great job and replacing my 12-year-old Infinity HVAC system. I had many years of condensating ducts in the attic wetting all my drywall in the ceiling. I had many companies come out with different recommendations.
One company quoted me $29,000 for an LG inverter system with new duct work.
Sarah‘s Air recommended a Gree inverter system and all new duct work also, but quoted a much lower cost. That was a no-brainer. Not only that but Shane did an amazing job explaining the benefits of the Gree inverter system and how its technology works and how the main board is modular and can easily be serviced. Unlike other companies’ inverter system.
Their financing option with Greensky bank was very easy to do as well.
Communication with Shane via text message and email was wonderful as well. Tim, the main AC tech, did an amazing job installing everything.
Attention to detail and cleanliness was very evident.
I am very picky and do a lot of research before buying electronics and hiring companies. However, they have exceeded all my expectations. I would highly recommend them.

6/13/2026 unfortunately I have had high humidity levels at over 70% since the install.  Rarely gets under 70%.  And house feels sticky.
I never had this problem with my old a/c.   The tech has come out several times to figure out the problem but no success yet.   I am not having good communication from them.  I am still waiting on a solution.  Reducing to 3 stars.",,,,3,,AssistantDial AI Receptionist — consistent frontline,frontline_communication,366,4.9,3
B,53.47,10.47,tampa,The AC Guy of Tampa Bay Inc,+1 727-286-3170,https://www.acguyoftampa.com,"6537 116th Ave N, Largo, FL 33773, United States",Gregg Bowman,Owner (President),,,Gregg Bowman;Tabetha Bowman,Gregg Bowman,https://www.facebook.com/theacguyoftampabay/,billing_or_intake_errors,1,"I rarely leave negative reviews, but I feel other homeowners should know about my experience.

I have a maintenance plan with this company and have faithfully paid into it every month. On Friday, they performed routine maintenance on my AC unit. At that time, they pointed out several issues and gave me estimates for repairs and even for replacing the entire system, even though my unit had been running fine.

Just a few days later, on Monday, the unit developed an electrical problem serious enough that I had to call the fire department because of the smell of burning electrical components and concern about a possible fire.

When I contacted the company, they insisted they had done nothing wrong. However, they still repaired the unit and charged me $751.

The most frustrating part was that my maintenance plan had accumulated $282 in credits, but they refused to apply any of it toward the repair, claiming it could only be used on repairs over $1,000. That was extremely disappointing.

After this experience, I decided to get three quotes from other companies for a complete AC replacement. Their quote came in more than $2,000 higher than every other estimate I received. That only reinforced my concerns about how this company does business.

I can only speak from my own experience, but I was very disappointed with the way this entire situation was handled. I believe customers deserve fair pricing, transparency, and accountability, and unfortunately, I did not receive that.",,,,1,,AssistantDial structured call intake,billing_or_intake_errors,841,4.7,5
B,53.43,13.43,tampa,Ward's Air Conditioning & Appliance,+1 727-527-4250,http://www.wardsacinc.com,"2737 53rd Ave N, St. Petersburg, FL 33714, United States",Scott Ward,Owner,,,Scott Ward,Scott Ward,,frontline_communication,2,"Awful.  Rude, incompetent and utterly distrustful.  This is a grade A con shop.  They installed a unit incorrectly then refused to even do a service call.  The lady then hung up on me.  For your own peace of mind go elsewhere.

I’ve never dealt with people like this.","They replaced my evaporator core in my Rheem Prestiage A/C and Heat Pump.  They caused my TXV Valve to get clogged up and would promise the world, but never returned my call and finally I got in touch with a Rheem trouble shooter and now I have to have that valve replaced at the tune of $485.  Don't waste you time with this company, they don't know what they are doing and when they realize it, they just won't call you back.  I got in touch with the regional rep. and he helped me out, STAY AWAY FROM THESE GUYS< THEY WILL COST YOU MORE MONEY THAN THEY ARE WORTH!!!!!!!!       Now subtract 6 STARS",,,1,1,AssistantDial AI Receptionist — consistent frontline,followup_dropped;frontline_communication,11,3.9,6
B,53.34,10.34,tampa,Southern Heating and Air Conditioning,+1 813-613-1304,http://www.southernheatandac.com,,Gregory Martines,CEO,,,Gregory Martines;Tiffany Sykes,Gregory Martines,,frontline_communication,1,"VERY SUSPICIOUS – Poor Communication Made It Worse.
I chose this company based on their strong reviews, but unfortunately my experience was very disappointing. …",,,,,,AssistantDial AI Receptionist — consistent frontline,frontline_communication,294,5,3
B,53.17,11.17,tampa,Hern Heating and Air Conditioning,+1 727-201-8534,http://www.hernheatingandair.com,"2848 5th Ave N, St. Petersburg, FL 33713, United States",Christian Hern,Owner,https://www.linkedin.com/in/christian-hern-7564961b/,,Christian Hern,Christian Hern,https://www.linkedin.com/in/christian-hern-7564961b/,followup_dropped,1,"Hern installed a new AC system at my house. After ten months of actual use, the air handler completely broke.

When I called, they demanded $250 just to look at it, with additional costs for labor. I said I didn’t have the money at that time, and would get back to them. At no point was I rude or demanding, yet two weeks later they refused to answer my calls or return my texts.

In the end, I called another repair company, and they verified the breakdown was the result of improper installation.

I fell for Hern’s “honest, family business” image, but the mask fell off once they had my money. They are evasive, don’t stand by their work, and care little for customer satisfaction. A wolf in sheep’s clothing. Don’t get bit!","A month and several follow-ups later, these guys can't even turn a quote around for what should be a pretty straightforward job.  The last excuse provided was that the owner was on vacation but would get to it upon his return.  That was a couple weeks ago.  I can't imagine how bad service would get once they actually have your money in their pockets.  Definitely look elsewhere.",,,1,1,AssistantDial Call Summaries + Auto Contact Creation,followup_dropped,292,4.9,5
B,53.16,10.16,tampa,The Dan Wright Corp.,+1 727-849-5326,http://danwrightcorp.com,"5319 Locust Pl, New Port Richey, FL 34652, United States",Kenneth B. Parr,President,,,Kenneth B. Parr;Deanna W. Parr,Kenneth B. Parr,,calls_unanswered,1,"It's 83°in my condo. Put in a call to Dan Wright at 11:26 am. He came within an hour. Said all I need is refrigerant. It's 5:20 now & still he has NOT been back with it after he said "" I'll be a few minutes!!! "" I've called the office 2x bc they never return phone calls!!",,,,1,,AssistantDial 24/7 AI Receptionist — every call answered,calls_unanswered,29,4.7,20
B,53.09,10.09,tampa,"Balanced Air, Inc.",+1 727-472-9699,https://www.balancedair.com,"8009 Applesix Dr, Port Richey, FL 34668, United States",Ben Shari,Owner,,,Ben Shari;Gary Shari,Ben Shari,,frontline_communication,1,"So far this has been the most disappointing investment ever made. :(  On the 2nd compressor in 18 months and now possibly facing yet a 3rd.  We don't know of course because no one bothered to call and keep us updated.   Now, at 9pm after calling at 415 and having to leave a message, we receive a text of all things, informing us that someone will be in touch sometime tomorrow with information.... nothing further.... beginning to think this was the worst decision we ever made.",,,,2,,AssistantDial AI Receptionist — consistent frontline,frontline_communication,234,4.9,3
B,52.98,12.98,tampa,"INDEPENDENT AIR CONDITIONING, INC.",+1 813-421-2247,http://www.813air.com,"3424 E 7th Ave, Tampa, FL 33605, United States",Joe Leto,Owner,,,Joe Leto,Joe Leto,,frontline_communication,1,"Terrible. Had to call them out emergently when getting flooring installed when we found that out AC unit had leaked and ruined subfloor.
Ernesto, the lead tech, assured us it was an old leak, cleaned out coils, blew out condensation line, tried MULTIPLE TIMES to sell us a service agreement (while our whole floor is being ripped up) and $370 later went on his way.
Fast forward 8 weeks later we notice our flooring starting to buckle up a bit.
Call flooring guys back out..rip up brand new flooring only to discover exact same problem. Brand new subfloor destroyed.
Call this company again, ask for owner.
Owner Joe comes out and swears it's not the AC unit and recommends a plumber. Says NAYBE he can get someone to crawl under house to check condensation pipe three days kater. Leaves

Call plumber who crawls under and confirms it is a leaking condensation pipe.
Call Joe back, who argues that it can't be, but he will come check later.
Comes to check later, is shown PICTURES of the leaking pipe that the plumber took, still swears that's not it.
Was extremely rude too but husband.
I'll never use them again. We are new to the area and my nextdoor neighbor recommended them.
After telling her all of this, she confirmed that they screwed up her job and had to fix it again after Joe gave her a hard time.
She has a service agreement with them and I see her unit leaking all over outside.
Run!",,,,1,,AssistantDial AI Receptionist — consistent frontline,frontline_communication,337,4.9,3
B,52.95,9.95,tampa,"Xpress Quality Services, LLC",+1 813-843-0200,http://xpressqualityservices.com,"8325 N Albany Ave, Tampa, FL 33604, United States",Joel Reyna,Owner,,,Joel Reyna;Richard Montono,Joel Reyna,,frontline_communication,1,"UPDATE I called them for another job and they lied about getting part info after wasting an entire day. Then came back saying still needed part number, stated they got it and would buy part in morning. Didn't show until next night at 6pm with no part lying saying they gave him the wrong part when he was responsible for getting the part number. Bottom line they wasted 2 days of my time and did nothing but lie to me. AVOID THIS COMPANY!!!!",,,,1,,AssistantDial AI Receptionist — consistent frontline,frontline_communication,205,4.9,3
B,52.72,9.72,tampa,Metron Air,+1 727-422-2494,,"35246 US Hwy 19 N #334, Palm Harbor, FL 34683, United States",Frank Touloumis,Owner,,,Frank Touloumis;Alexander Touloumis,Frank Touloumis,,delivery_quality,2,"I was made aware of a deeply troubling situation involving someone close to me, who hired Metron Air Conditioning and Heating. Despite paying a significant amount of money upfront, Metron Air never followed through with the promised services. The owner's communication was evasive. Repeated delays and excuses followed.

It's hard to believe that this company has received such high praise, but it's also the reason why I felt the need to write this review. This experience has caused both financial and emotional stress for my loved one. I urge anyone considering this company to proceed with extreme caution and to thoroughly research the owners before making any commitments.",,,,1,,,deadline_missed;delivery_quality,77,4.9,3
B,52.6,12.6,tampa,"Heat Busters Air Conditioning & Heating, Llc",+1 941-518-8550,,"Box 511, Parrish, FL 34219, United States",Henry H. Sherrill III,Owner,,,Henry H. Sherrill III,Henry H. Sherrill III,,booking_friction,2,"DO NOT RECOMMEND!! THESE PEOPLE SUCK!!!!!!!!! They never know what they're supposed to do when their job is to FIX THE AC and they always manage to just break it more. It took them 2 weeks just to finally come out and mess around with the pipes and hit the ac unit to get it working again, then proceeded to make a larger hole into the wall for absolutely no reason. Absolutely unacceptable, don’t believe any of the other reviews on this business it’s NOT real.",,,,1,,AssistantDial Appointment Booking + Calendar Sync,booking_friction;delivery_quality,51,4.9,41
B,52.51,10.51,tampa,A/C Outfitters,+1 941-915-8521,http://ac-outfitters.com,,Scott A. Newbanks,Owner,,,Scott A. Newbanks,Scott A. Newbanks,outfittersboard@gmail.com,frontline_communication,1,Already knew what the problem was. Instead of listening to me the tech that was sent out wanted to diagnose the issue from inside his vehicle twenty feet away trying to sell me a new fan and motor. Was getting the money for the travel fee …,,,,,,AssistantDial AI Receptionist — consistent frontline,frontline_communication,344,5,22
B,52.36,27.36,tampa,Residential Services Inc,+1 813-269-7272,http://www.rsifl.com,,,,,,,,,calls_unanswered,2,"RSI installed a new A/C system in our house back in 2020.  We are now having a problem with our unit not cooling the house. We have called numerous times but nobody answers the phone and so we have to leave a voicemail.  We leave messages and nobody calls us back.  It has been over a month since we first called for regular maintenance service.  We ended up having to call another A/C company who came right out and serviced our unit.  However, the unit is struggling to cool just two weeks later with the recent high temperatures.  So, we again tried to call RSI, because we felt it was a problem with our system.  We never received a call back from them the first time, nor from our attempts to call them about the new struggling issue.  If you want a reliable A/C company who will be there when you need them and will support your new system, do not use RSI Residential Services in Brandon, FL.  You will be disappointed.","ABSOLUTELY GARBAGE COMPANY. STAY AWAY.
I paid these guys over $20K to install 2 units at my new construction home... its broken down over 5 times in the first 2 years of operating it. They have had to replace the same part over 3 times.
At this point they dont answer calls and the owner has messaged me saying find another company to deal with their mess, as they are going out of business",,,1,1,AssistantDial 24/7 AI Receptionist — every call answered,calls_unanswered;followup_dropped,3,2.3,2
B,52.34,10.34,tampa,Cox Heating & Air Conditioning,+1 727-442-6158,http://coxair.com,"2198 Calumet St, Clearwater, FL 33765, United States",Zach Moskowitz,President,https://www.linkedin.com/in/zach-moskowitz-07903a14,,Zach Moskowitz,Zach Moskowitz,https://www.linkedin.com/in/zach-moskowitz-07903a14,billing_or_intake_errors,1,"I rarely leave negative reviews, but homeowners deserve to hear this. I built a multi-million-dollar custom home and worked with many contractors throughout the project. I had absolutely no issues with any contractor except Cox Heating & Air.

Cox installed four HVAC systems totaling over $70,000. Three performed well. The fourth never worked correctly due to Cox’s installation choices — including mounting the outdoor unit higher than the indoor air handler (preventing proper drainage) and installing unnecessary dual filtration that restricted airflow.

After months of discussion, Cox acknowledged the issue stemmed from their own workmanship and agreed to absorb the $500 charge for the condensate pump required only because of their installation error.

Despite that agreement, Cox later sent the written-off amount to a debt collector, who then contacted not just us but also my husband’s parents, who have nothing to do with this project. This was distressing and entirely inappropriate.

To be clear: the dollar amount was never the issue. In a project of this scale, $500 is less than a rounding error to me. This was always about principle, professionalism, and accountability. Unfortunately, Cox was the only contractor on my entire multi-million-dollar build who did not uphold those standards.

I recommend homeowners proceed with caution.",,,,1,,AssistantDial structured call intake,billing_or_intake_errors,401,4.5,3
B,52.28,9.28,tampa,Frameworks Services,+1 813-956-1395,,"7324 W Comanche Ave, Tampa, FL 33634, United States",Thayne Swenson III,Managing Member,,,Thayne Swenson III;Charles Earle Jr.,Thayne Swenson III,,calls_unanswered,1,"After we paid over $4000 for services regarding our HVAC system, a few weeks later there were issues and no one responded to texts, phone calls or emails. Very disappointing! Other HVAC companies came out and told us very simple duct work problems were there; that Framework Services did not fix our problems or stand by their work.",,,,1,,AssistantDial 24/7 AI Receptionist — every call answered,calls_unanswered,13,4.7,6
B,52.18,10.18,tampa,Blume Mechanical,+1 727-544-5993,https://www.blumemechanical.com,"11300 43rd St N, Clearwater, FL 33762, United States",Stephen Blume,Owner,https://www.linkedin.com/in/stephen-blume-03898a9a/,,Stephen Blume,Stephen Blume,https://www.linkedin.com/in/stephen-blume-03898a9a/,frontline_communication,1,"As a Floridian, I called Blume to do proactive maintenance leading into the summer. I specifically chose them because I was looking for a local, family run business.

I run my unit down to 67 nightly and wanted to avoid any issues in peak summer  season. Not only did the servicemen come out a day earlier then expected (when only my wife was home and not myself), but the night they serviced my unit my AC ran significantly worse. It was unable to lower my home below 72.

When I called back about the issue they refused to take any accountability or even have someone come out and look. What's worse, they used accusatory language towards me implying I was trying to scam them.

The only positive thing is that they have verbally offered to refund me (which I'm still waiting on confirmation on), but now I need to find someone else to fix the unit that they broke.

would NOT recommend.",,,,1,,AssistantDial AI Receptionist — consistent frontline,frontline_communication,40,4.3,18
B,52.16,10.16,tampa,Benjamin Brothers Air Conditioning,+1 727-853-0600,http://www.benjaminbrothersac.com,"6711 Industrial Ave, Port Richey, FL 34668, United States",Douglas Lawrence Benjamin Jr.,Owner,https://www.linkedin.com/in/douglas-benjamin-b6502227/,,Douglas Lawrence Benjamin Jr.,Douglas Lawrence Benjamin Jr.,https://www.linkedin.com/in/douglas-benjamin-b6502227/,followup_dropped,1,"DON'T SAY YOU WEREN'T WARNED!! We hired them to replace 2 AC units. The salesman was great. That's as far as it went. They replaced a 5-ton gas Bosch furnace last summer. Problem #1: The tech never set up the gas connection. We found out when the cold weather hit and couldn't understand why no hot air was coming through. I called them, and they took a few days to come out. Problem #2:  It took 2 visits spread out over a week before the issue was fixed. Problem #3: Bosch systems use PVC for their exhaust systems. Ours was installed using standard exhaust materials. It was changed out by the last tech that came out. He found this out by going online to the Bosch website for techs. We also found out after the installation from one of their techs, that they are not trained to install Bosch systems. And he added that most of their techs are not familiar with gas systems. Problem #4: We recently called them because of water leaking from the exhaust pipe and also water leaking into the garage floor from the opposite side of the wall where the AC handler is located. The tech, Aidan, came out during a rainstorm and saw this for himself. Without touching the system, he took a video of it and left. He stated he didn't have the equipment and did not do that type of work. He called the next day to say the issue was not due to the system since it wasn't a new build. They installed a whole new system! And he further claimed that the issue was the roof leaking. Remember, he never physically checked the system or the roof area where the new exhaust pipe was put in when the system was put in. Meanwhile, our attic, roof, and ceiling in the utility closet are all dry. We asked to speak to a supervisor last week and have yet to hear from them. We reached out to Bosch. They confirmed that the problem has to do with the installation of the PVC exhaust pipe. Imagine that!! Thankfully, Bosch has awesome customer service. They helped us with the warranty questions and provided the names of the AC companies that they recommended. PLEASE. PLEASE PLEASE !! Save yourself the aggravation and skip over this company. It's not worth the headache and frustration.",,,,1,,AssistantDial Call Summaries + Auto Contact Creation,followup_dropped,116,4.4,4
B,52.08,12.08,tampa,Northern Air Inc,+1 727-541-4374,http://www.northernairpinellas.com,"7290 61st St, Pinellas Park, FL 33781, United States",Garland L. Osburn,Owner,,,Garland L. Osburn,Garland L. Osburn,,frontline_communication,2,"Went in to ask for an estimate, since I want to replace my condos AC, and since I’m between jobs and worked for a contractor for 7 years, I thought I’d hand in my resume in case they needed some office support.

Before I could finish my sentence, the older lady behind the desk cut me off with “NO”

Caught off guard I started to ask if they worked out in Tampa, and she must have thought I was asking about a job again, and cut me off mid-sentence with “NO!”

So I thanked her and left.

I worked for a contractor for seven years, and I have never been that rude to a walk in before… whether they were dropping off a résumé or looking for an installation…

The proper thing to do is to say “we aren’t hiring at the moment, but I’ll keep it on file in case anything changes“ and then take the résumé and let the person be on their way… or in my case, ask for an estimate… FYI.

I will be going with a nicer service provider to install my AC. Since I couldn’t even ask them for an estimate. And she just lost her contractor a cash job.","TL;DR: Called them to replace compressor, they replaced it, and the new compressor broke again within 3 days, they are refusing the refund my money or repair the AC free of charge.

I had a compressor on my AC short circuited and called Northern Air. They have replaced it, however the new compressor broke within 3 days. The unit was making very loud noises right before it broke, so it seems like some freon related issue.

I've called them back to fix it, and they are supposed to have a 30 days Labor guarantee, however, they are claiming that they are not going to honor it and want me to pay again to replace the compressor ones again. They are arguing that the compressor is not their fault and is due to voltage issues in my house. They even advised me to call Duke energy and get my refund from them, LOL!

I think they messed up and now trying to shift the blame and firmly denying to reimburse me.

Also, they have overcharged me by 1 hour. My camera clearly shows that they've spent a bit less than 2.5 hours at my property, but they have charged me 3.5 hours.

So, please beware!",,,1,1,AssistantDial AI Receptionist — consistent frontline,billing_or_intake_errors;frontline_communication,43,4.5,4
B,51.87,9.87,tampa,ACE Heating & Cooling,+1 813-657-8818,http://www.brandonac.net,,Chris Myers,Owner / President / Founder,https://www.linkedin.com/in/chris-myers-31686829/,,Chris Myers,Chris Myers,https://www.linkedin.com/in/chris-myers-31686829/,billing_or_intake_errors,1,I've used ACE for over 2 years with no issues. They installed a new unit last year. They called an scheduled an annual checkup/ cleaning priced at $125. I wasn't having any issues with the new unit but scheduled for preventative maintenance. The tech was cleaning the drain that I hadn't had a problem with. Next thing the tech says the drain line was clogged. He messed with it for a while. Then he said he would need to use nitrogen to unclog and that would be an additional charge. Bill was $210 not $125. I would think cleaning would at least include the drain line. What did they expect that everything would already be perfect and they would just look at it and collect the money. No longer happy with ACE.,,,,3,,AssistantDial structured call intake,billing_or_intake_errors,653,4.8,4
B,51.81,11.81,tampa,"Air Treatment Heating & Cooling, LLC",+1 813-624-3314,https://airtreatmentfl.com,,William Carlos Gonzalez,Owner,,,William Carlos Gonzalez,William Carlos Gonzalez,,frontline_communication,1,"What a terrible experience. I called this guy apparently on his day off even though it says open 24 hours on Google. He was mad because I disturbed his 'day off' (his words, not mine) and didn't make an appointment. I had a simple question about my HVAC. Wasn't sure if I had an issue or it was normal operation. I'm not going to pay you to come out if I don't have a real issue. Enjoy your bad review that you wholly deserve! Don't do business with this guy. Seems like he just wants your money!!!",Horrible service!!! Doesn't deserve a star at all!!! Charged me $110.00 for service call and to replace a wire outside. Less then 24 hours later unit still blowing out hot air! And when I called back to see what my options were because my ac unit is still not working he got angry snapped on me and my husband and told us to call someone else...,,,1,1,AssistantDial AI Receptionist — consistent frontline,frontline_communication,18,4.3,7
B,51.51,9.51,tampa,Complete Heating and Cooling,+1 727-545-3604,https://www.completeairinc.com,"2400 Tall Pines Dr Ste 4, Largo, FL 33771, United States",Christopher Christiansen,Owner,https://www.linkedin.com/in/chris-christiansen-49194712a/,,Christopher Christiansen,Christopher Christiansen,https://www.linkedin.com/in/chris-christiansen-49194712a/,followup_dropped,1,"I Do Not Recommend This Company!!
They installed my new air conditioning unit 2 1/2 years ago and offered a peace of mind plan for a big price for the year and didn’t even maintenance my unit correctly. I’ve had issues with it the entire time and recently had issues and they supposedly fixed it and they blamed my air ducts for their poor work performance they provided. I had a new company out 2 weeks later  and had duct work replaced and it wasn’t the issue they had to re due the job this company supposedly did but obviously not because it kept freezing. I’m still having issues.
The owner Chris has never answered or acknowledged any of my messages for this unprofessional work that has cost me over $6,000 dollars. Pictures below of their rigged work.
He makes his receptionist do his dirty work.
Very unprofessional and not reliable at all.
If you want honest,kind,professional hard working men you will not receive that from this company. Check around there’s much better out there!!

I just had to get a brand new unit not even 4 years later because of the unprofessional work of installing the previous unit to close to my house and the poor maintenance that was done by this company. The owner won’t even acknowledge me!
So very unprofessional and unreliable!
Don’t waste your money! This company doesn’t even deserve to be in business. Look elsewhere!!!",,,,1,,AssistantDial Call Summaries + Auto Contact Creation,followup_dropped,296,4.9,3
B,51.5,11.5,tampa,Nationwide Home Solutions,+1 813-341-5400,https://www.nationwidehomesolutions.com,"5133 W Clifton St Suite B, Tampa, FL 33634, United States",Tommi Hakula,Owner,,,Tommi Hakula,Tommi Hakula,,frontline_communication,1,"I’ve been a customer of this company for several years. I pay a monthly maintenance fee. I have been scheduled for my maintenance for over a week. My original scheduled time was 8 to 10. They had a technician call out and they had to reschedule me to the 12 to 2 time
slot. It is now 4 PM. I have no tech they cannot tell me where the tech is. They are not allowing me to escalate the call beyond the person answering the phone, they show no remorse for taking up my entire day without providing accurate timing. At a bare minimum they should at least be giving accurate information so that the customer (me) can make decisions on how to schedule my day.",,,,1,,AssistantDial AI Receptionist — consistent frontline,frontline_communication,100,4.2,6
B,51.44,11.44,tampa,Rusty's Air Conditioning & Heating Inc.,+1 727-510-5455,http://www.rustysair.com,"8088 118th Ave N, Largo, FL 33773, United States",Russell Jewett,Owner,,,Russell Jewett,Russell Jewett,,frontline_communication,2,"Called Rustys for a tune up.
He didnt check the capacitors or clean the condenser coil. I stated the the contactor in the air handler was loud and id like to replace it. He didnt even look …",,,,,,AssistantDial AI Receptionist — consistent frontline,frontline_communication;service_quality_in_session,44,4.7,28
B,51.44,11.44,tampa,Nice Guy Air Conditioning Inc,+1 727-247-3276,http://www.niceguyhvac.com,"6230 Stone Rd Ste Q, Port Richey, FL 34668, United States",Gus Gerig,Owner,,,Gus Gerig,Gus Gerig,,frontline_communication,1,Failed to braze my new refrigeratation correctly and there was a micro leak from less than a year ago and when we called the office to see if they would fix their own mistake they said they would have to charge us a $250 service call to fix it when they made the mistake from the beginning. Not to mention every other ac/refrigeration company is mostly $99. Not only that when we were talking he just hung up and told us to find another company instead of honoring their warranty. HIGHLY RECOMMEND STAYING AWAY FROM THIS COMPANY!! True scam artists over there !,"Avoid This Company at All Costs!
I had a terrible experience with this HVAC company. Less than a year after installation, there was a micro leak in the refrigeration system due to improper brazing. When I called to have them fix their mistake under warranty, I was told I’d have to pay an additional $250 for a service call. This is completely unacceptable, especially since the issue was caused by their own faulty workmanship!
To make matters worse, when I tried to resolve the issue, the representative actually hung up on me and told me to ""find another company."" It’s incredibly frustrating to deal with a company that refuses to honor their own warranty and shows no customer service or accountability. Do yourself a favor and choose a more reputable company for your HVAC needs!",,,1,1,AssistantDial AI Receptionist — consistent frontline,frontline_communication,81,4.9,4
B,51.43,11.43,tampa,Len's Air Conditioning,+1 727-588-9200,http://www.lensairconditioning.com,"13050 91st St, Largo, FL 33773, United States","Leonard ""Len"" Cantalupo",Owner,,,"Leonard ""Len"" Cantalupo","Leonard ""Len"" Cantalupo",,followup_dropped,2,"EMPTY PROMISES (but with a friendly voice). Len's installed my ac unit two years ago. Subsequently I noticed that I had problems with its air handling system: it would continually suck up my air filter into the handler. They came out to fix it, but didn't. I have called multiple times for them to return. Each time, in a friendly helpful voice, ""We have ordered a part and it should be in soon."" A year later and Ten calls! NOTHING!

And the street address seems fake","I had a very poor experience with this company, starting with presumably the owner misquoting me over the phone for a job (things happen- but I ended up agreeing to the almost doubled price upon their arrival). However, the AC tech that started working was not familiar with the specific unit I had mounted on my wall, and rather than admitting this, he first broke the metal bracket it was attached to on the wall, and then disassembled the unit.
I called the manufacturer (Lavella) and they told me that there are 2 very accessible clips to remove the unit from the wall.

This business practically destroyed a $300 air handler and didn’t complete their job.",,,1,1,AssistantDial Call Summaries + Auto Contact Creation,billing_or_intake_errors;followup_dropped,128,4.8,64
B,51.15,11.15,tampa,Air It Cool,+1 813-681-2477,http://www.airitcool.com,"2214 Lithia Pinecrest Rd, Valrico, FL 33596, United States",Yandro Ulloa,Owner,,,Yandro Ulloa,Yandro Ulloa,,frontline_communication,1,"I could not be more disappointed with this company. They installed a brand new HVAC unit for the previous homeowners last year. Shortly after buying the house mold began growing on the supply box of the indoor unit. I had another company come out who informed me that the unit was not installed correctly and we were losing air all around the supply box causing condensation and mold. They recommended having the installer (Air it Cool) come out to fix their mistake since rebuilding the supply box would be about $600. When I finally got them out here, they did a sloppy job and it still has condensation and water running down the front of the unit. Right after they left, the unit stopped working completely. We called them and they refused to come back out without charging me and it wouldn’t have even been same day. I was told “just because we touched it last, doesn’t mean we broke it”. Umm yea you did. I was then called “an uneducated homeowner” because I didn’t know where the drain is on the system. So unprofessional and rude. I had to have another company come out that night and do an emergency visit because it was 86° in my house and climbing. The second company informed me that due to fixing some of the air leak, it changed the static pressure in my system which allowed water to back up in the safety switch. They repositioned the drain pipes so there was a trap to prevent that from happening. Took them about 10 minutes and they were so kind and professional. I will still have to pay someone to come out and properly fix the condensation problem. Air it Cool should have stood behind their work and offered to come out and assess the problem they clearly caused instead of attempting to make me feel bad that I am not an HVAC professional and shift blame. DO NOT USE THIS COMPANY. Shoddy work and absolutely rude.",,,,1,,AssistantDial AI Receptionist — consistent frontline,frontline_communication,134,4.4,3
B,51.09,11.09,tampa,SOLARIS AIR CONDITIONING & HEATING,+1 813-300-0044,,"602 Crystal Clear Ln, Lutz, FL 33548, United States",Felix Camacho,Owner,,,Felix Camacho,Felix Camacho,,frontline_communication,1,"Company is very unprofessional and Racist. Broke my brother’s tablet and showed no remorse, even argued with my family in our home. I have video footage of the whole incident. Even threatened to leave us without air conditioner.",,,,1,,AssistantDial AI Receptionist — consistent frontline,frontline_communication,8,3.5,3
B,51.0,26.0,tampa,Best duct Cleaning,+1 813-776-5661,https://hopkotuk95.wixsite.com/best-duct-cleaning,"4008 W El Prado Blvd, Tampa, FL 33629, United States",,,,,,,,booking_friction,4,Schedule furnace check for over a month out and receive a call at 2p that is needs to be rescheduled.  Disrespectful for the working person.  This happened multiple times over the last couple years. WOULD NOT recommend when  furnace check takes 5 minutes. The tech doesn't even know they were the installers and speaks poorly about the furnace initially.  Not impressed at all.,Cheaper prices. Receptionists are rather rude. The technician did take the time to answer a few questions but he was on the phone a couple of times one asking questions about what to do and then it went into personal conversation with …,,,1,,AssistantDial Appointment Booking + Calendar Sync,billing_or_intake_errors;booking_friction;followup_dropped;frontline_communication,54,4.4,29
B,50.99,8.99,tampa,"Air 4 U Air Conditioning and Heating, Inc.",+1 813-973-1925,https://air4uac.com,"5450 Bruce B Downs Blvd #205, Wesley Chapel, FL 33544, United States",Steven G. Tuure,Owner,,,Steven G. Tuure,Steven G. Tuure,tuuresteve@yahoo.com,frontline_communication,1,"Terrible customer service from Chantelle at Air 4 U Air Conditioning & Heating, Inc. This should not be the case as my air conditioning unit is under warranty. Very disappointing.",,,,,,AssistantDial AI Receptionist — consistent frontline,frontline_communication,34,4.6,19
B,50.88,10.88,tampa,Orange State Air Conditioning & Htg. Inc,+1 727-347-8861,,"2972 66th St N, St. Petersburg, FL 33710, United States",Gordon McGeorge,Owner,,,Gordon McGeorge,Gordon McGeorge,,followup_dropped,2,"Unreliable still waiting on them to contact me about a heat pump after calling several times
Wouldn't recommend them","We had Orange State out to check our AC at my office. The technician didn’t do anything. Told me that the system was old, (which I knew).  He didn’t service anything.  Said it might go. He didn’t offer any solutions. A week later, the AC went out.  I called another company. They came out, diagnosed the problem and offered solutions. If I could give Orange State a negatve 5 stars, I would. Very poor service.",,,1,1,AssistantDial Call Summaries + Auto Contact Creation,followup_dropped;service_quality_in_session,9,4.1,3
B,50.88,8.88,tampa,"Air Cool A/C, Inc",+1 813-365-8116,https://www.aircoolnow.com,"5601 Luckasavage Rd, Plant City, FL 33567, United States",Steven W. McCord,Owner,,,Steven W. McCord,Steven W. McCord,steve@aircoolnow.com,billing_or_intake_errors,1,"Steve was great! He came out late in the evening and quickly diagnosed and repaired the condenser. I will definitely refer friends and family and will use again!

Update - After learning we were charged a 1,845% markup for the part that was replaced, I’ve decided to change my ratings. We were charged a higher than normal labor fee that should have compensated for the late night service call. A 50% markup is acceptable. Hell, a 100% markup would be acceptable for offering services after hours and a justifiable amount for a convenience fee to have the part on hand. What we were charged for the part is criminal and I can’t help but think that it was altered based on profiling. You know, the nicer the house, the more expensive the part becomes. I run a handyman company and I wouldn’t be able to sleep with myself knowing that’s how I ran my business. I reached out to Steve for an explanation and he simply said it’s the cost of business and even mentioned that Google charges him $65 alone for me making the phone call through their search. Like I’m solely responsible for his advertising budget. He left his sticker on our equipment expecting us to us him in the future as if that would ever happen knowing how he runs his business. Thanks but no thanks!!","Called for emergency AC repair after hours.   Steve came out and repaired the AC quickly! He came from Plant City to Lakeland--and fast. We thought we were going to have to stay at a hotel because it was going to be a timely repair but it literally took him 20 minutes to fix.  Would definitely recommend for FAST and professional service.

EDIT TO ADD:  He sat and waited for me to write my review before telling me my price which was VERY expensive.

FINAL EDIT:
The Air Cool A/C Technician from Plant City, Steve, showed up after normal business hours to repair a water leak at the Air Handler. He fixed the water leak, but gave no indication of the cost involved. After the repair, he asked if I would give him a good review on Google. He waited while the review was done. When he was satisfied that a stellar review was posted, he let me know that the cost was $557 for 25 minutes of work. He did not give me an estimate of cost, and never advised me of his after-hour rates. He also did not write paid on the invoice after charging my credit card. The next day, the property manager was notified who then said they wouldn't cover the cost. They called Steve to see why the cost was so high and he lied to them and said he was there 2 hours! They said they then looked him up on the BBB and saw complaints against him. I called Steve to see if he would lower the bill because it was, after all, excessive. He said, ""if you adjust my review I will take the cost down to $350."" I no longer feel this company can be trusted. The fact that he waited to give me the invoice until he got a good review from me is an underhanded business practice. Most customers needing a/c repairs will check his reviews and call for service, not realizing that he is tricking them into giving good reviews, then charging excessive costs. To people thinking of using this man for after-hours work, I do not recommend him. He price gouges.   If you so choose to go with him-just be prepared to pay a lot of money.",,,1,1,AssistantDial structured call intake,billing_or_intake_errors,89,4.7,4
B,50.87,8.87,tampa,"Thunder Bay Air, Inc",+1 727-543-8351,http://www.thunderbayair.com,,Sam Beard,Owner,,,Sam Beard,Sam Beard,sam@thunderbayair.com,delivery_quality,2,"Thunder Bay Air was hired by the former owner of our home to repair and replace old & damaged HVAC duct work throughout the house. They were also hired by the former owner to replace the AC unit. All of this work was done at our request as part of the addendum to the home sale. Thunder Bay Air was at our home a total of 3 times. First time they put in a new AC unit, then a new return duct under the house. Finally, they repaired two small sections of damaged metal duct work in the attic.

Since their involvement and our ownership of the house, we have discovered that the new unit was not installed properly, not hurricane clamped, not properly secured to the house, and the heat element was faulty. The new duct work under the home had to be secured and clamped to the foundation, as they simply left it lying on the ground, blowing around under the house.
The repairs to the duct work in the two attics had to all be torn out and completely replaced because the repair job was so poorly done, not only did it ruin the old ducts beyond further repair, but damaged our insulation so badly that  the insulation also had to be removed and replaced. Furthermore, his crews left 5-6 bags of trash throughout our attic & crawl space and 4-5 under the house.

When the owner of the company, Sam Beard, was confronted about the problem, and given a chance to visit our home to see the work of his crew, his response was that yes the work was ""deplorable"", and he would like to send the same crew to, ""teach them a lesson"". He also thought it would be acceptable to us that he ""might get to it in 2-3 weeks"".

The owner, of this company, Sam Beard, does not seem to have an actual HVAC background or skills, his website touts his work as an airline mechanic! After his company ruined our HVAC system, we had 6 different companies come look at their work, all recommended that the work was so badly done and beyond any further repair. He did not seem to have a response to this, and suggested that he could ""maybe put some more mastic"" and the gaping holes in our metal ducts. He did not properly acknowledge the horrible and shoddy work of his crew, and refused to take proper responsibility. As a result of this company, we had to spend and additional $7000 to have everything fixed!

Do not use this company!",,,,1,,,deadline_missed;delivery_quality,14,4.6,6
B,50.84,5.84,tampa,Hearts Heating and Air Conditioning,+1 727-717-4796,,"6610 Stafford Terrace Ave, Plant City, FL 33565, United States",Charles L Roberts II,Owner,,,Charles L Roberts II;Amanda Ogilvie,Charles L Roberts II,https://www.facebook.com/heartsandairhvac/,billing_or_intake_errors,1,"I was told that the tech would be there Friday to do the repairs between 1 and 3. Then Amanda called and said it would be between 3 and 4. He never showed up on Friday. He was to replace the compressor (Which was under warranty) and I was quoted $600. Maybe a little more according to the amount of coolant needed. Amanda seemed very knowledgeable about her business. The tech showed up the next day and the bill was almost $1,200. Quite a big difference.",,,,1,,AssistantDial structured call intake,billing_or_intake_errors,16,4.8,7
B,50.77,8.77,tampa,Element Solutions Air Conditioning & Heating LLC,+1 813-344-2661,http://www.nolongerinbusiness.com,,Aladino Quiles,Owner,https://www.linkedin.com/in/aladino-quiles-421b61293/,,Aladino Quiles,Aladino Quiles,https://www.linkedin.com/in/aladino-quiles-421b61293/,followup_dropped,1,"They might be excellent at installing units, but—be warned—when it comes to filing a warranty claim (in my case, for a Carrier unit), the technician took my call on the first day and then vanished; he never answered me again, and I ended up having to pay for the work out of my own pocket. The service regarding claims was very poor.!!!!!!!!!!!!!",,,,1,,AssistantDial Call Summaries + Auto Contact Creation,followup_dropped,110,4.8,4
B,50.76,10.76,tampa,High Life Heating and Air Conditioning LLC,+1 727-692-6024,,"2457 Moore Haven Dr E, Clearwater, FL 33763, United States",Akram Samuel Farid,Owner,,,Akram Samuel Farid,Akram Samuel Farid,,calls_unanswered,1,"This is the most dishonest person you can ever work with.He serviced my AC and filled freon and then it broke down , charged me $300.00 , then after 3 weeks it leaked out and he charged me another $300 to fill freon which leaked out again after a week.Then he suggested to buy a new unit and my problems will go away.I followed his advice and paid him 6800 dollars to install a brand new unit and the compressor died after 4 months.Now he is blaming the lightening strikes and me that i didn`t put vinegar in the pipes and they were clogged, but i spoke to the Goodman salesperson according to them the compressor can`t die just cuz you didn`t put vinigar in there.He is a liar and i would suggest do not persue business with him if you value your money .Make sure you do everything in writting , do not trust his words. He will be very nice in the beginning but after charging you he won`t return your calls and will charge you more. Even though we were entitled to free labour for 6 months and 10 year parts warranty . Just value your money and look else where not him.",,,,1,,AssistantDial 24/7 AI Receptionist — every call answered,calls_unanswered,8,4.1,2
B,50.61,10.61,tampa,Jack Rabbit Tampa,+1 813-344-5445,https://calljackrabbit.com/tampa,"1202 Tech Blvd, Tampa, FL 33619, United States",Douglas Perera Jr.,Owner (Managing Member),,,Douglas Perera Jr.,Douglas Perera Jr.,,billing_or_intake_errors,1,"I'm very disappointed with their service. They told me that I need to replace my ducts for my whole house. That a part of my ac system could explore outside because there is a leak in the ducts. That there is a special for that day if I signed for that promotion. The price was about 8,000 dollars. I was very scared and I said that I was going to think about it and I went to a second opinion and they said that the ducts were fine! So, it wasn't true and in top of everything they charge me something that they fix without telling me the price and after they fixed it I got the surprise with the bill. I told them I don't want their service any more. Because I paid for maintenance and I don't want they to come to touch my unit or say anything because I don't trust them!  They said that they were going to refund my money that I paid in advanced for the year maintenance and it's been forever I'm waiting for it. And nothing happens! It wasn't good experience at all! Now at days if you find a honest company please keep it!",,,,1,,AssistantDial structured call intake,billing_or_intake_errors,439,4.7,5
B,50.46,10.46,tampa,Budget Heating & Air Conditioning Inc.,+1 813-885-7999,https://www.budgetheating.com,"6217 Anderson Rd, Tampa, FL 33634, United States",Trenton Taucher,Owner,,,Trenton Taucher,Trenton Taucher,,billing_or_intake_errors,1,"These people uses bait and switch tactic . What they show you on the your  screen is not what you receive. Stay away if you don't want this trouble. very deceiving, after that they think they can talk their way out of it. They are not worthy you can do better.",,,,1,,AssistantDial structured call intake,billing_or_intake_errors,606,4.6,3
B,50.34,10.34,tampa,"Just Koolin' Air Conditioning & Heating, Inc.- Mike Solomon",+1 813-546-8667,http://justkoolinac.com,,Michael Anthony Solomon,Owner,,,Michael Anthony Solomon,Michael Anthony Solomon,,calls_unanswered,1,These guys were send to me by a home warranty company. Over a month later I am still trying to reach these guys to do their job....stay away,,,,1,,AssistantDial 24/7 AI Receptionist — every call answered,calls_unanswered,4,4,1
B,50.09,10.09,tampa,Air & Heat Inc,+1 941-750-6313,http://www.airandheatinc.net,"502 36th St W, Bradenton, FL 34205, United States",Daniel A. Baker,Owner,,,Daniel A. Baker,Daniel A. Baker,,followup_dropped,1,"1/14/26. Got a call from their administrative person saying sorry your email went into our spam folder. My response ""the work has been done"".

11/27/25 update. I had asked if they installed nest thermostats and got a quote. When I emailed to get one installed, no response.
-------------------
I was very pleased with Air & Heat. I had them install (3) UV bulb units to keep the mildew out of my HVAC air handlers. The scheduling was easy. Daniel showed up on time and finished in about an hour. I got an exorbitant quote for the company that now does my scheduled service. Air and Heat came in at a fraction of that quote at a price I thought was fair. I plan to switch to A&H as my regular servicer.",,,,3,,AssistantDial Call Summaries + Auto Contact Creation,followup_dropped,505,4.9,4
C,49.97,9.97,tampa,"Barron's Air Conditioning & Appliance Service, Inc",+1 727-784-1603,http://barronsac.com,"704 Tampa Rd, Palm Harbor, FL 34683, United States",Stephen Barron,Owner,,,Stephen Barron,Stephen Barron,,frontline_communication,1,"WARNING : VERY RUDE IGNORANT  FELLOW WHO ANSWERS THE PHONE  !  I called and Doug answered the phone , I asked a few questions about Barrons and he hung up on me . Very bad people stay away  !!!",,,,,,AssistantDial AI Receptionist — consistent frontline,frontline_communication,61,4.5,12
C,49.97,9.97,tampa,"Wesley Chapel Air Repair, LLC",+1 813-810-1986,https://www.wesleychapelairrepairs.com,,Jonathan A. Vetter,Owner,,,Jonathan A. Vetter,Jonathan A. Vetter,,frontline_communication,1,"Asked questions while getting a quote and instead of getting an answer I was insulted and dismissed. Wildly unprofessional service for someone who relies on customers to stay in business, I would never trust someone who can’t keep their own attitude in control with any of my property.",,,,1,,AssistantDial AI Receptionist — consistent frontline,frontline_communication,33,4.3,22
C,49.87,7.87,tampa,Doane's HVAC of Pinellas County Fl,+1 727-804-5786,http://www.doaneshvac.com,,Douglas Fred Doane,Owner,https://www.linkedin.com/in/doug-doane-10406aa9,,Douglas Fred Doane,Douglas Fred Doane,https://www.linkedin.com/in/doug-doane-10406aa9,followup_dropped,1,"I would give zero stars if possible.  I called this guy to come to our office to look at our ice machine on Monday, he said he would call me back.  He didn't.  Called him on Tuesday and he said he would be out that day.  No call, no show. …",,,,,,AssistantDial Call Summaries + Auto Contact Creation,followup_dropped,26,4.6,12
C,49.81,9.81,tampa,Montgomery Air Conditioning and Heating Services Inc,+1 941-467-1878,https://www.montgomeryair.com,,Joseph A. Montgomery,Owner,,,Joseph A. Montgomery,Joseph A. Montgomery,,frontline_communication,1,"While the heating and cooling unit itself seems to be functioning well, I’ve had ongoing issues with the company’s communication and follow-through. There were delays, a lack of updates, and several missteps that made the overall experience …",,,,,,AssistantDial AI Receptionist — consistent frontline,frontline_communication,98,4.7,32
C,49.78,9.78,tampa,MR A/C OF TAMPA LLC,+1 813-433-0200,https://www.mracoftampa.com,,Marcus Roberts Jr.,Owner,,,Marcus Roberts Jr.,Marcus Roberts Jr.,,booking_friction,1,"Got home from a work trip to my AC not working on a Friday night at 7pm and its 80 degrees in the house. I called another company first and they said they could fit me in on Monday, well that wasn't going to work so next I called Mr. A/C of …",,,,,,AssistantDial Appointment Booking + Calendar Sync,booking_friction,28,4.8,20
C,49.74,9.74,tampa,Really Professional,+1 727-301-4968,http://www.getcoldnow.com,"3791 Park Blvd, Pinellas Park, FL 33781, United States",Ryan Cossey,President,,,Ryan Cossey,Ryan Cossey,,followup_dropped,1,Brand new unit about one year old and the box they put in is corroding. Tried multiple times to have someone look at it for a warranty and they would not send anyone out. Having another company come out to fix the problem. Would not recommend them to anyone.,,,,1,,AssistantDial Call Summaries + Auto Contact Creation,followup_dropped,366,5,13
C,49.67,9.67,tampa,Perez Air Conditioning Services,+1 813-684-3054,http://perezacservices.com,,Jose D Perez,President,,,Jose D Perez,Jose D Perez,,calls_unanswered,1,"be careful i had a unit put on by Perez 2mos. and its already empty of coolant, and try to get a hold of him and they don't return phone calls back....SO BUYER BEWARE",,,,1,,AssistantDial 24/7 AI Receptionist — every call answered,calls_unanswered,10,4.5,1
C,49.47,9.47,tampa,K&B Cooling And Heating,+1 727-771-3594,http://kandbac.com,,Maxie B. Hardison,Owner,,,Maxie B. Hardison,Maxie B. Hardison,,booking_friction,1,"I need a repair and he has put me off for over a month. I've called 4 timed
and texted 1.",,,,,,AssistantDial Appointment Booking + Calendar Sync,booking_friction,21,4.8,11
C,49.44,7.44,tampa,Rossi Air Conditioning and Heating,+1 813-469-2167,https://rossi-hvac.com,,Wesley Rossi,Owner,https://www.linkedin.com/in/wes-rossi-bb089428b/,,Wesley Rossi,Wesley Rossi,https://www.linkedin.com/in/wes-rossi-bb089428b/,followup_dropped,1,"First off my appointment was scheduled to follow an appointment while they were already in my building. So no special trip to come over. I was charged $129 for being told that they couldn't diagnose my issue because there was no access. Further, there was no follow-up estimate for a new unit as I was told to expect.",,,,1,,AssistantDial Call Summaries + Auto Contact Creation,followup_dropped,44,4.9,36
C,49.36,9.36,tampa,Restaurant Refrigeration Services,+1 727-644-7206,http://www.restaurantrefrigerationservices.com,,Richard E. Dahm Sr.,Owner,,,Richard E. Dahm Sr.,Richard E. Dahm Sr.,,frontline_communication,1,"I googled local businesses for our refrigeration needs, as I try to support local as much as possible. A gentleman answered the listed phone # with ""hello"" and since I was confused on whether or not I dialed the right number I kindly asked if I was calling a business or personal phone. The gentleman seemed annoyed by my question, and answered ""business"".
I proceeded to ask him if I could schedule an appointment to have him come by and give me a quote for our business' reach in and walk in coolers, and after multiple times of telling him where we were located, he was very gruff and short about his answers to me so I told him ""never mind, it seems as though I'm bothering you"", to which he replied ""well ok"".

Maybe I'm just of a different mind-set that customer service is everything and that you only get one first impression, but if that's the first interaction to gain our business, II can just imagine how ""pleasant"" the person would be to work with in person.
No thanks, I'll support someone who appreciates their customers.

Also, a word to the wise: if you list your business under your personal phone # you may want to answer the phone properly...",,,,1,,AssistantDial AI Receptionist — consistent frontline,frontline_communication,3,3.7,1
C,49.28,9.28,tampa,Air At Your Door Tampa,+1 813-904-1853,https://airatyourdoorfl.com,"4221 N Lauber Way, Tampa, FL 33614, United States",Carlos Martin,Owner,,,Carlos Martin,Carlos Martin,,followup_dropped,2,I guess I called the wrong office. Stay away from this one at all cost. A “service” call were no service was performed and no real follow up because they don’t speak English.,,,,,,AssistantDial Call Summaries + Auto Contact Creation,followup_dropped;service_quality_in_session,13,4.7,2
C,49.12,6.12,tampa,Dav Pro Parts & Service LLC,+1 813-299-2141,,,Susan Davies,Owner,,,Susan Davies;James Davies,Susan Davies,,followup_dropped,1,"Jim and Mike were professional and knowledgeable in working with my business for about 6 months. As a restaurant we have plenty of HVAC and refrigeration needs and were happy with the services. Unfortunately in the end we were left waiting a week for services and were told by Mike that he'd be able to service us by weeks end or at the latest start of the following week. When we reached out start of the following week the text we received was ""we are moving in a different direction and not going to be able to service your equipment any longer"". As a fellow business owner I know things can happen but leaving us out to dry without following through on at least their commitment of services was unprofessional and inappropriate. We wish Dav Pro the best of luck with whatever the new direction is but felt the need to express our frustration since we were not provided the opportunity to do so at a last visit.",,,,3,,AssistantDial Call Summaries + Auto Contact Creation,followup_dropped,7,4.7,1
C,48.96,8.96,tampa,Instant A/C,+1 813-591-0744,https://www.instant-ac.com,"27552 Cashford Cir Ste 102, Wesley Chapel, FL 33544, United States",Daryll A. Hendrix,"Owner / DBPR qualifying agent, Instant A/C LLC",,,Daryll A. Hendrix,Daryll A. Hendrix,,service_quality_in_session,1,I signed up for their maintenance plan by looking at their reviews online. It's just a waste of time. The funny thing they did was visual inspection and did some Freon gas leakage as a task to test Freon gas level. The technician did not …,,,,,,AssistantDial demo line,service_quality_in_session,383,5,2
C,48.91,6.91,tampa,Air 1st Heating & Cooling LLC,+1 727-999-0049,http://air1stheatingandcooling.com,,Robert A. Korkoske Jr.,Owner,,,Robert A. Korkoske Jr.,Robert A. Korkoske Jr.,rob@air1stheatingandcooling.com,followup_dropped,1,He came to my house to quote some work months ago and despite emails to him and text messages to his associate I never heard back from him. His wife advertised on my local community page for business and when I posted he had not followed up on service to warn neighbors his wife took my comments down and left only the positive comments. A simple follow up would have solved any issues. Not reliable.,,,,1,,AssistantDial Call Summaries + Auto Contact Creation,followup_dropped,27,4.9,3
C,48.86,8.86,tampa,"Patriot A/C & Heating, Inc.",+1 727-344-0133,,,David A. Merrick,Owner,,,David A. Merrick,David A. Merrick,,followup_dropped,1,"Installed a new AC in my friend’s condo for $7k and left a part off saying he didn’t need it. Since installation last year, he’s gone through 3 compressors. When he finally called someone else because Patriot didn’t call him back,, he was …",,,,,,AssistantDial Call Summaries + Auto Contact Creation,followup_dropped,35,4.4,22
C,48.7,8.7,tampa,Guardian Home Services,+1 727-382-0704,https://www.guardianhomeservices.biz,"3713 FL-580, Oldsmar, FL 34677, United States",Adam Grebinger,Owner,,,Adam Grebinger,Adam Grebinger,,delivery_quality,1,"STAY AWAY!!!!! If I could give 0 stars I would. They came out and inspected my elderly mother in laws water softener and told her that it can be rebuilt and be 100% rather than going the replacing route. After confirming that it would be 100% multiple times that is what she went with. After spending thousands and thousands of dollars we noticed a leak day one. At first they said it was normal. Then couldn’t find a leak. Then when we were concerned about how much was leaking we finally found the spot that needed fixed. So we told them about the issue. They practically told us to go screw ourselves or pay $3,000 more dollars and have it fixed on the exterior, stating they only rebuilt the inside? (Wouldn’t you think they would’ve stated that both inside and out needed repaired the first time or while they fixed the unit or even tested the unit for leaks while they had it? Come on…). So now after all this we have spent $5000+ for a unit that needs another almost that to be “working 100%” like they initially told us it would be. HIGHLY RECOMMEND going elsewhere. This company is scam. They take advantage of the elderly and don’t care to make anything right even with proof.",,,,1,,,delivery_quality,163,4.7,3
C,48.7,8.7,tampa,Dbh Air Corp,+1 727-376-0260,http://dbhairco.com,"13206 Byrd Dr, Odessa, FL 33556, United States",Dirk Brendan Hornauer,Owner,,,Dirk Brendan Hornauer,Dirk Brendan Hornauer,,followup_dropped,1,If it is customer service you are looking for this is not the company I would recommend. Our landlord referred them to us in April 2024 for a service maintenance agreement and on three separate occasions we have called and were told they would have someone out. It is now July and no one has come by or contacted us for the system maintenance.,,,,1,,AssistantDial Call Summaries + Auto Contact Creation,followup_dropped,12,4.1,3
C,48.58,5.58,tampa,Professional Air Solutions,+1 727-822-6600,https://www.professionalairsolutions.com,,David C. Griffith,Owner,,,David C. Griffith;Russell Dixon III,David C. Griffith,https://www.facebook.com/p/Professional-Air-Solutions-Inc-100079622978595/,delivery_quality,1,"Had an amazing experience with Professional Air! Had my HVAC ""fixed"" by another company, but it didn't work for 2 weeks and was told to replace the whole thing. Professional Air came in and gave me a fair quote for a whole new unit, but …",,,,,,,delivery_quality,17,5,7
C,48.53,8.53,tampa,Ocean Air Conditioning - AC Repair & Installation,+1 813-888-9295,http://www.oceanairconditioning.com,"5008 W Linebaugh Ave Ste 39, Tampa, FL 33624, United States",Lilliana Muriel Vazquez,Owner,,,Lilliana Muriel Vazquez,Lilliana Muriel Vazquez,,billing_or_intake_errors,1,"Ocean air is extorting its customers. Ceasar and his team are charging people exacerbated prices. Not choosing them again. Thats all I have to say on their integrity.

Quoted me $1400 for a part that everyone in the business says its half than less of that quote for part and install so $700, if quoted, would've still been too much, as the unit is over 10 years old, and being one of the cheapest ac to fix and its parts. Not to mention the diagnostic fee of $75 which was suppose to be included in the service as per the rep on the phone, was excluded and charged separately when Ceasar arrived and acted like he wouldve done me a ""FAVOR""(""JUST FOR YOU"")by including it if I were to take the service.

I paid him $75 to do nothing, tell me what I already knew, and I actually told him what the issue was. I paid and just let him go on his merry way. Not again!",,,,1,,AssistantDial structured call intake,billing_or_intake_errors,140,4.7,3
C,48.53,8.53,tampa,Hinton Air Conditioning,+1 813-924-3836,https://www.hintonac.com,"10148 Montague St, Westchase, FL 33626, United States",Ed Hinton,Owner,,,Ed Hinton,Ed Hinton,,followup_dropped,1,"DO NOT HIRE THEM.

This company said they had fixed the AC leak in our house but it has continued to leak. I contacted them a week ago and was told they would call us back and assign a technician to come and take a look. No one has come despite calling them. Save your money and go somewhere else.",,,,1,,AssistantDial Call Summaries + Auto Contact Creation,followup_dropped,65,4.7,24
C,48.45,8.45,tampa,Langford Cooling,+1 813-590-2900,,"13570 Highland Rd, Wimauma, FL 33598, United States",William Langford,Owner,,,William Langford,William Langford,,followup_dropped,1,"I hired Langford to install a new 4 ton AC system. They were very pleasant and timely to do the install. However once I had a problem with the poor installation I can’t get them to call, text or email me back! I have oil leaking so bad that it’s inside the handler, destroyed all my new filters and even leaked all over my floor!!! They won’t call me back! I had to pull money from my 401K to afford this system. I don’t have the money to pay for a repair. This is horrible service. I have a case open with the BBB and hopefully they can help me get resolution. I don’t advise anyone use this business. Stick with a larger, reputable business",,,,1,,AssistantDial Call Summaries + Auto Contact Creation,followup_dropped,111,4.9,63
C,48.38,8.38,tampa,"T & W Air Conditioning, Inc.",+1 813-294-9541,https://www.twairnow.com,"114 Melanie Ln, Brandon, FL 33510, United States",Tavenoh Jean-Baptiste,Owner,,,Tavenoh Jean-Baptiste,Tavenoh Jean-Baptiste,,followup_dropped,1,"I use this business based on a family member reference, which goes to show some people have no clue how unethical some people can be. Owner claim he checked out both HVAC units inside and out. Found that the downstairs unit needed a new pump. Well, he made the repairs and said he didn't need to go inside anymore all the work can be done outside since I was leaving to go out of town. We arrived back in town and the house was cool didn't think anything was wrong until I got my electric bill weeks later. I didn't realize that the upstairs unit blower was continually running and never turning off. So I turned off the unit and swapped thermostats still had the same problem. I then opened the HVAC panel, and I couldn't believe what I founded. The control board in some wires was burnt. I called the owner Tavenoh numerous times starting on 9/2 and left messages. Now I understand why he did not return calls. I'm should he knew About the panel. He finely called 9/19 saying someone mentioned I called and I know why I received that call. Per his. request I sent him some pictures and I haven't heard from him since. His actions has to be the most cowardice thing I've seen a business owner take. You would think upon his inspection the circuit board and burnt wires would have been mentioned.",,,,1,,AssistantDial Call Summaries + Auto Contact Creation,followup_dropped,104,4.9,13
C,48.11,8.11,tampa,EnviroAir Systems®,+1 813-644-9261,https://enviroairsys.com,,Christopher Thome,Owner,,,Christopher Thome,Christopher Thome,,frontline_communication,1,"EnviroAir Systems, came recommended to us by another company we were working with. We were hesitant to try them as we wanted to get a quote for specific work, but they would only provide a quote after coming by and doing a ""detailed"" inspection at the cost of $345. I have yet to find another professional business that charges to provide a quote. Given the recommendations and the small cost saving, we decided to proceed with Tampa Air Systems to have our 2 systems in our new house worked on to sanitize and remove mold. This was part of a bigger remediation project. We were quoted a further $6425 (plus the $345 already paid), so a total of $6770 for the work. For this, we expected the job to be done well! Seems like a lot of money to clean a system (no new parts). We also expected that Christopher would be doing the work since we were told he operated on his own.
We were out of state while the work was being completed and it turned into the biggest nightmare. Within the first couple of days of work, they had managed to break the blower while trying to remove it to clean it (the system is less than 5 years old). They called us up with the ""bad news"" to let us know it would cost us a further $600-900 to replace and that the part wouldn't come in for about a week. Meanwhile, it was hot and humid and only half the house had any A/C running, while the other half of the house had a heat producing massive dehumidifier and we were supposed to move in in a few days.
Christopher and his team missed many areas of mold and his work failed the mold recheck the first 2-3 times. He claims he wasn't responsible for cleaning the mold on the outside of AC ducting, yet it was part of the HVAC remediation plan supplied by a company he supposed works with often. In the end our general remediation contractor jumped in to keep things moving. We then had to have another area rechecked, and it turned out he had missed another section of mold on the HVAC system. We arrived in the middle of the night to a home that was about 90 degrees due to the HVAC system not operating and a dehumidifier still running. A day or two later, the part arrived and Christopher got it installed. He decided not to charge us for the blower, but all in all, at this point, we were super unhappy, frustrated and felt that the whole experience was terrible! But, at least it was rectified and complete. Or so we thought.
Within a few days of the work being completed, we couldn't understand why our upstairs unit was always running and never getting below 78/80 degrees. We could feel some cool air coming through the vents, but we could not get the upstairs cool. We had guests in town so put the concern aside as we were super busy, then started looking around. We found that while working on the handler in one of the units, the tape sealing the ducting and handler was coming off and half of the cool air was blowing into the HVAC closest. It was working just fine, but only some of the air was making its way into the ducting and the rest was freezing the utility closet. We reached out to Christopher with photos and texts and asked for this to be resolved - he was the only person to have worked on the unit or to have been in the closet and we had just paid almost $7K. He responded that this was not his concern. When we asked how that could be due to the service, inspection and work completed, he continued to deny any responsibility and got defensive. When we asked what we had actually paid for, he claimed that my husband was being aggressive (by asking this question) and refused any further work!
All in all, the experience was terrible, the follow through was missing and this company does not stand by their work. If you do decide to work with this company, make sure EVERY part of the work you would like completed is noted on the proposal or they will claim it isn't in their scope. Better still, find a different company and save yourself the headache! Previously posted on their old company name, but we paid to THIS company so it seems appropriate to share here.",,,,1,,AssistantDial AI Receptionist — consistent frontline,frontline_communication,6,4.3,1
C,48.08,6.08,tampa,Always Bee Cool,+1 813-431-3760,https://alwaysbeecool.com,"13507 Greentree Dr, Tampa, FL 33613, United States",Richard Cox,Owner,https://www.linkedin.com/in/richard-cox-b384608/,,Richard Cox,Richard Cox,https://www.linkedin.com/in/richard-cox-b384608/,billing_or_intake_errors,1,"Richard was very pleasant and professional to speak with. I called on a Sunday afternoon,however Richard stated he couldn't make it until Monday morning around 9am. We were okay with that. He didn't arrive until around 12:30pm. I was still okay with that. Richard was at my property for just under 1hr. Richard fixed my unit in that time,the system required a new capacitor and hard start for the compressor. Again everything was good until i received Richard's invoice. He charged us $585 for the job.Unfortunately Richards rates are over inflated. On July 22 I had the same exact work on another A/C unit by another licensed company and was charged $150. We own multiple properties throughout Florida and have never been charged this much to replace a capacitor and add a hard start kit. I'm fully aware that repairmen mark up materials and replacement parts and i'm okay with that. But $585 to replace a capacitor which has a cost o$17-$32 on average and a hard start kit which cost $19-$32 is excessive. Again Richard is very polite and professional however his rates are way out of line.",,,,3,,AssistantDial structured call intake,billing_or_intake_errors,27,4.9,14
C,47.95,7.95,tampa,Arctic Cool Solutions,+1 813-951-2584,,"3516 W Euclid Ave, Tampa, FL 33629, United States","Paul Elkins, Sr.",Owner,,,"Paul Elkins, Sr.","Paul Elkins, Sr.",,frontline_communication,1,Called for service and they hung up on me because they did not want to do the work.,,,,1,,AssistantDial AI Receptionist — consistent frontline,frontline_communication,7,4.4,1
C,47.9,7.9,tampa,"Mannix Heating & Cooling of St. Petersburg, FL",+1 727-999-7002,https://mannixhvac.com/service-areas/treasure-island-fl,"10625 1st St E #200, Treasure Island, FL 33706, United States",Jerry Mannix,Owner,,,Jerry Mannix,Jerry Mannix,,followup_dropped,1,"I called up about our heat pump that was offline for about 2 years and our pool had just been remodeled and wanted to see if we could get it running or if it needed to be replaced.  Maybe I’m asking too much, but if a major hurricane had rolled through the region and you are going to refuse to even look at units that were partially or fully submerged in water, wouldn’t that be a question you ask before the technician comes out? I paid $99 for the technician to spend 5 minutes at my house and tell me he won’t touch it.  A simple question on the phone could have solved me shelling out $99.  Shame on me for not thinking of it in the moment when I was talking to them on the phone both to schedule the appointment and MONTHS ago when I called up about getting on the schedule when the pool was finished being remodeled.

Insult to injury… I asked them to quote me on a replacement unit.  I can buy it direct from Amazon for $4500, which I did for the first unit.  They quoted me $6000.  That’s a hell of a markup or exorbitant labor charge to replace a like-for-like unit.

When I talked on the phone about this with them, I got the BS statement that Aquacal wouldn’t support the warranty if I buy direct and self install.  That is completely false and clearly stated in their owner manual and warranty guidelines.  Not a great look to blatantly lie to me.

They promised they would get back to me with an updated quote on Thursday and if there is any willingness to fully or partially refund the $99 service charge.  It’s now Monday the following week.  They did not.  They probably will not.

I reached out to Mannix because they work on Aquacal and have only 5-star reviews.  Hopefully this helps others realize they aren’t perfect and make sure you protect yourself and do your own research.",,,,1,,AssistantDial Call Summaries + Auto Contact Creation,followup_dropped,67,4.9,3
C,47.85,7.85,tampa,Creamer Air Conditioning & Heating,+1 813-986-1881,http://creamerairconditioningandheating.com,"3304 Cooper Rd, Plant City, FL 33565, United States",Mark Creamer,Owner,,,Mark Creamer,Mark Creamer,,billing_or_intake_errors,1,They need to be more upfront.  Let customers know there is a service fee.  Charged me and did no service to my A/C other companies let you know what is wrong no charge.  WOULD NOT RECOMMEND THIS COMPANY,,,,1,,AssistantDial structured call intake,billing_or_intake_errors,138,4.9,63
C,47.76,7.76,tampa,Airbourne A/C Inc.,+1 813-917-0358,,"25278 Bunting Cir, Land O' Lakes, FL 34639, United States",John C Bourne,Owner,,,John C Bourne,John C Bourne,,frontline_communication,1,"Have a tech guy out right now as we speak and he's been very rude and unprofessional. I asked a simple question and the guy responded with, ""you're more than welcome to call somebody else"". So I called comfort airz and that is who I will use from now on.",,,,1,,AssistantDial AI Receptionist — consistent frontline,frontline_communication,8,4.5,1
C,47.53,7.53,tampa,All Seasons Cooling & Heating,+1 727-938-5554,http://www.allseasonscoolingtarpon.com,"40351 US Hwy 19 N STE. 306, Tarpon Springs, FL 34689, United States",Steven P. Schiwietz,Owner,,,Steven P. Schiwietz,Steven P. Schiwietz,,frontline_communication,1,"Super rude and very unprofessional staff. I called in with a simple question and was hung up on.... I called back to ask if they hung up on me just to make sure and was told ""Yes I hung up on you!"" and got hung up on again. Oh well, guess ill take my business somewhere else. I recommend anyone in the Bay area to check out AIR CARE HEATING AND AIR CONDITIONING, INC. They are very nice and treat you like a human being unlike these ridiculous people at ALL SEASONS. BUYER BEWARE!!!!!",,,,1,,AssistantDial AI Receptionist — consistent frontline,frontline_communication,12,4.7,4
C,46.78,6.78,tampa,Ryan Air Conditioning,+1 727-845-8728,http://www.ryanairconditioning.com,,Robert J. Peyton,Owner,,,Robert J. Peyton,Robert J. Peyton,,delivery_quality,1,"Ryan Air Technician came twice, but in the end refused to fix the problem. Technician said that the air blower motor needs to be replaced, but he is NOT going to do it, because he already spent too much time. My AC still not working. I have …",,,,,,,delivery_quality,38,4.8,25
C,46.78,6.78,tampa,Air Turbulencia INC.,+1 813-815-1234,http://www.airturbulencia.com,"4023 W Cayuga St, Tampa, FL 33614, United States",Angel De La Rosa,Owner,,,Angel De La Rosa,Angel De La Rosa,,billing_or_intake_errors,1,Avoid at all costs. Charged for a part that was under warranty. Son of the owner comes out numerous times within a few months to repair individual parts while racking up multiple service call charges instead of fixing everything at once.,,,,1,,AssistantDial structured call intake,billing_or_intake_errors,28,4.7,9
C,46.68,6.68,tampa,"Right-Way Heating & Air, Inc.",+1 813-562-6890,https://right-wayheatingandair.com,"3518 Buckhorn Springs Rd, Riverview, FL 33578, United States",Troy Lee Gardner,Owner,,,Troy Lee Gardner,Troy Lee Gardner,,followup_dropped,1,"As I read the other reviews, I wish I could relate to the experience. No show, no call. Perhaps something was safeguarding us from future negligence. Or...business is so successful that they don't need a commercial account in search for assessment now and future maintenance plan. Message received, thanks.",,,,1,,AssistantDial Call Summaries + Auto Contact Creation,followup_dropped,16,4.8,6
C,46.61,21.61,tampa,MOULTON’S HEATING AND COOLING,+1 813-860-1069,https://brand.site/Moultonsheatingandcooling,,,,,,,,,booking_friction,3,"Our water heater broke and we reached out to him for repair. he said will be here next day at 12pm, which he didn't. he got caught up with other work. He said that he could come next day and owner doesn't have to present at home to fix it since the water heater is outside. Being frustrated, I asked him if he will be coming 100% and he said Yes. The next day suddenly he changes his mind and said that owner has to be present since he wants to get inside. I cancelled my clients at work and went home by 4pm. He said he will send one of his workers, which also did not show up. His worker just called and asked if I need a water heater replaced and didn't want to drive to my home. Thanks to them, I wasted two days and we don't have hot water for a week now. I don't know what his work quality is like but he does not keep his promises. not a guy to reach out if you are constrained on time.",Bad communication and dishonest said that they couldn’t do the warranty for a unit that has one. After telling me that they could. Confirmed with the supplier that they had in stock. For warranty.,,,1,1,AssistantDial Appointment Booking + Calendar Sync,booking_friction;followup_dropped;frontline_communication,6,3,3
C,46.48,6.48,tampa,All Temp Air Conditioning & Refrigeration,+1 813-630-9400,https://alltemprefrigerationfl.com,"10277 Windhorst Rd, Tampa, FL 33619, United States",Randall S Crowe,Owner,,,Randall S Crowe,Randall S Crowe,,billing_or_intake_errors,1,"I’m sure all his review for family or friend .
I am writing to address a serious issue regarding the recent freezer repair service provided by your company. When I initially contacted you, I was informed that your hourly rate was $152 with a two-hour minimum. However, there was no mention of additional travel time charges. Despite this, I agreed to the terms, and you proceeded with the repair.

Unfortunately, the freezer stopped functioning again just two days after the repair. When I reached out for assistance, you declined to return, stating that the wiring was not done correctly and proposing a complete rewiring for $3,800. This response is unacceptable, especially since I already paid $538 for the initial service, which should have resolved the issue.

I expect you to honor your commitment by revisiting the issue at no additional cost to ensure the freezer functions properly",,,,1,,AssistantDial structured call intake,billing_or_intake_errors,21,4.7,10
C,46.03,6.03,tampa,"Carrollwood Air, LLC",+1 813-239-4685,http://www.carrollwoodairllc.com,,Glen MaGill,Owner,,,Glen MaGill,Glen MaGill,,billing_or_intake_errors,1,"Glen has serviced my air conditioning units in my current and previous houses over several years with good results. Today his workers arrived in my driveway and gave me a higher price than that which previously Glen and I had agreed upon . I then spoke directly with Glen on the phone and he agreed upon our previous price but… his workers suddenly put their equipment back in their truck and told me Glen had just talked with them, changed his mind, and they were no longer by going to do residential jobs- including mine. Glen didn’t tell me personally by the way. He had his young employee deliver the surprising message that they were leaving my house right away without doing the service. So much for customer loyalty! I’m now looking for an old fashioned honest and dependable ac service company. Quite disappointing.",,,,1,,AssistantDial structured call intake,billing_or_intake_errors,14,4.7,5
C,45.93,20.93,tampa,Air Conditioning & Heating,+1 813-923-9471,,"2905 E Hillsborough Ave, Tampa, FL 33610, United States",,,,,,,,calls_unanswered,4,"This company was given our business by our home warranty.  Initially, everything was fine.  They even came out on a Sunday to do a call.  The technician, who later told me he was the owner, gave us the rundown of what happened and everything seemed fine.  Unfortunately, our claim was denied by the home warranty.  However, after discussing it with our home warranty, it was authorized.  The company's business/office manager called me soon after this authorization.  He offered me a ""discount"" to do AC maintenance on our system for about $375 in addition to repairing a blower.  (The initial quote, after the claim was denied was $450, from this company.)  I asked him to let me think about it but wanted to schedule our blower repair.  He said he would call me back after talking to the technician.  I never got a callback.  I called them five times the next morning (spread throughout) and never got a call.  So, I called my home warranty company, because it felt like my calls were being ignored.  They made contact with the company and said that they were waiting on a part to come in and then would call to set this appointment up.  That seemed odd to me (why couldn't they just answer or return my call?).  After I got off with the home warranty company, I decided to call one more time.  This time, the owner/technician answered.  He was clearly frustrated that I had called the warranty company and said he was waiting on them to approve something.  All I wanted was to get an estimate on when the part would be in so the AC could be repaired.  He continued to gaslight me and belittle my concerns about communication; this is when he identified himself as the owner.  Confusion continued, and he eventually said he was refusing the work.  I don't profess to know everything (or anything) about AC systems.  So much of this may have been legitimate, but I felt confused and felt like there was some shadiness going on.  They seemed all too happy to fix my AC when they thought they could upsell me on an additional service.  When we cooled to that offer is when the service declined.  It felt manipulative.  The owner had every opportunity to explain the situation, if there was an explanation and chose not to.  He now is refusing to do the work, which means a new claim process has to be initiated and it's putting me out of additional service call money.  This seems unprofessional at best and manipulative at worst.","I had them do a warranty repair about 8 months ago , they changed the inside unit and did something to the outside unit , needless to say it is not cooling again, the outside unit is not working correctly, I think the condenser went out",,,1,2,AssistantDial 24/7 AI Receptionist — every call answered,calls_unanswered;delivery_quality;followup_dropped;frontline_communication,11,4.4,4
C,43.03,18.03,tampa,A-Plus air conditioning and refrigeration,+1 813-634-8679,http://www.a-plusairconditioning.com,"Ruskin, FL 33570, United States",,,,,,,,calls_unanswered,3,It took 3 e-mails for someone to call me. Did not clean my dryer vent which was part of the package I bought. The technician did not know what the package I bought consisted of. Tried calling 3 times to get them back to finish the job and no one calls back or picks up the phone.,,,,2,,AssistantDial 24/7 AI Receptionist — every call answered,booking_friction;calls_unanswered;delivery_quality,19,4.7,8
C,42.64,17.64,tampa,Air Care Heating & Air Conditioning Inc,+1 727-449-2699,,"1175 N Hercules Ave, Clearwater, FL 33765, United States",,,,,,,,frontline_communication,3,"Air Care Heating & Air Conditioning has No Concern for Customer & is Not Good at Diagnosing Issue.  Air Care came out to check my AC when it was cooling, but not well.  The technician was nice, but not thorough.  He took my garden hose and said he cleaned out the drain line that is outside.  He also poured something down the line at the unit.  For this 15 minutes, Air Care charged $187.50.  I let him know this was steep, as other people in the complex paid a lot less for cleaning the drain line.  He confirmed maintenance, which he said was around $70, would have had more processes done.  He said I didn’t schedule a maintenance and I guess he did not want to perform those services, since he was getting over double the cost.  The woman who called to follow up the next day, was very unpleasant when I told her that I felt Air Care over charged for just cleaning the line.  She kept trying to justify the expense and did not like it when I disagreed.  She verified they charged a service call – even thought their website has ”FREE Service Call with Repairs”  I left it, knowing that Air Care does not care about repeat business or care about customer service.  I have told anyone I see that they should NEVER CALL Air Care for service.  I guess if Air Care’s technician had checked the unit, he would have found the actual problem.  It turned out there was more wrong with the unit and I had McConnell Air Conditioning come out – HIGHLY RECOMMEND McConnell Air Conditioning.  I have to assume Air Care would like to charge another service charge and continue to gauge a client, until the client wises up and calls another company.","My AC stopped working and since I had them do the checkup in the spring,  I called AirCare. They told me they couldn't find my records but sent a guy out. He repaired the unit and gave me a quote. Foolishly I signed and then called the next …",,,1,,AssistantDial AI Receptionist — consistent frontline,billing_or_intake_errors;frontline_communication;service_quality_in_session,53,3.9,13
C,41.33,16.33,tampa,"Liberty Air Conditioning Palmetto, FL",+1 941-877-8888,https://libertyacparrish.com,"5281 69th St E, Palmetto, FL 34221, United States",,,,,,,,,0,,,,,,,,,0,0.0,0
C,41.33,16.33,tampa,Tip Top Air Conditioning Repair,+1 727-624-2806,https://www.kbhvacdelaware.com/contact-us,"2800 65th Way N, St. Petersburg, FL 33710, United States",,,,,,,,,0,,,,,,,,,0,0.0,0
C,41.33,16.33,tampa,Crespo Cooling and Repairs,+1 813-934-3029,https://crespocoolingandrepairs.com,,,,,,,,,,0,,,,,,,,,0,0.0,0
C,41.33,16.33,tampa,A-1 Air Cleaning Solution,+1 727-629-7754,,"2968 60th Ave S, St. Petersburg, FL 33712, United States",,,,,,,,,0,,,,,,,,,0,0.0,0
C,41.33,16.33,tampa,Doctor AC,+1 727-744-9642,https://doctorac.com,"4348 Trout Dr SE, St. Petersburg, FL 33705, United States",,,,,,,,,0,,,,,,,,,0,0.0,0
C,41.33,16.33,tampa,Melvin's A/C & heating llc,+1 813-263-6503,,,,,,,,,,,0,,,,,,,,,0,0.0,0
C,41.33,16.33,tampa,Air Hero Services,+1 813-803-0199,,,,,,,,,,,0,,,,,,,,,0,0.0,0
C,41.33,16.33,tampa,Kelso Building Services of Tampa,+1 813-656-5860,,"11910 Race Track Rd, Tampa, FL 33626, United States",,,,,,,,,0,,,,,,,,,0,0.0,0
C,41.33,16.33,tampa,"SPECIALIZED SERVICES, INC",+1 727-744-6884,,,,,,,,,,,0,,,,,,,,,0,0.0,0
C,41.33,16.33,tampa,"AJD Building Contractors, Inc",+1 727-789-3973,http://www.ajdbuilding.com,"4195 Corporate Ct # A, Palm Harbor, FL 34683, United States",,,,,,,,,0,,,,,,,,,0,0.0,0
C,41.33,16.33,tampa,HVAC Comfort Solutions,+1 813-510-3236,http://www.hvaccomfortsolutions.com,"13203 Oak St, Odessa, FL 33556, United States",,,,,,,,,0,,,,,,,,,0,0.0,0
C,41.33,16.33,tampa,Coldsnapair conditioning,+1 813-458-6373,,,,,,,,,,,0,,,,,,,,,0,0.0,0
C,41.33,16.33,tampa,"Victory Air Solutions, LLC",+1 813-514-7047,https://victoryairsolutionsllc.com,"16032 Penwood Dr, Tampa, FL 33647, United States",,,,,,,,,0,,,,,,,,,0,0.0,0
C,41.33,16.33,tampa,4D Mechanical,+1 813-967-3834,,,,,,,,,,,0,,,,,,,,,0,0.0,0
C,41.33,16.33,tampa,First Response Air LLC,+1 727-617-4317,https://www.firstresponseair.com,,,,,,,,,,0,,,,,,,,,0,0.0,0
C,41.33,16.33,tampa,Call On Me AC,+1 813-957-7706,https://callonemeac.com,"15390 Grayling Ln, Odessa, FL 33556, United States",,,,,,,,,0,,,,,,,,,0,0.0,0
C,41.33,16.33,tampa,Odessa Heating & Cooling,+1 813-553-5867,https://heatingandcoolingodessa.com/contact,"1820 Crossings Blvd, Odessa, FL 33556, United States",,,,,,,,,0,,,,,,,,,0,0.0,0
C,41.33,16.33,tampa,Lutz AC Repair Services,+1 727-629-8870,https://aimhvacservices.com/Contact,"4329 Waterford Landing Dr, Lutz, FL 33558, United States",,,,,,,,,0,,,,,,,,,0,0.0,0
C,41.33,16.33,tampa,Db heating and air LLC,+1 813-808-2688,,"20607 Great Laurel Ave, Tampa, FL 33647, United States",,,,,,,,,0,,,,,,,,,0,0.0,0
C,41.33,16.33,tampa,"Michael G. Young Contractor, Inc. Commercial construction company",+1 813-999-3222,https://constructioncompaniestampa.com,"4715 Mirabella Pl, Lutz, FL 33558, United States",,,,,,,,,0,,,,,,,,,0,0.0,0
C,41.33,16.33,tampa,Air Rely,+1 813-295-6517,,,,,,,,,,,0,,,,,,,,,0,0.0,0
C,41.33,16.33,tampa,Carol Flynn,+1 813-613-4532,https://carolflynnheatingcooling.site,"23538 Oakside Blvd, Lutz, FL 33559, United States",,,,,,,,,0,,,,,,,,,0,0.0,0
C,41.33,16.33,tampa,urgentaccare,+1 813-446-2815,http://urgentaccare.com,"10861 Cross Creek Blvd, Tampa, FL 33647, United States",,,,,,,,,0,,,,,,,,,0,0.0,0
C,41.33,16.33,tampa,curtis service,+1 813-420-4738,http://curtis-service.com,,,,,,,,,,0,,,,,,,,,0,0.0,0
C,41.33,16.33,tampa,AC Tony,+1 727-741-8062,,,,,,,,,,,0,,,,,,,,,0,0.0,0
C,41.33,16.33,tampa,American Mechanical Solutions,+1 813-534-0010,http://www.amechsolutions.com,"2517 Merchant Ave Suite A, Odessa, FL 33556, United States",,,,,,,,,0,,,,,,,,,0,0.0,0
C,41.33,16.33,tampa,Southline Contracting Group,+1 813-485-6765,https://www.southlineair.com,"2814 Satilla Lp, Odessa, FL 33556, United States",,,,,,,,,0,,,,,,,,,0,0.0,0
C,41.33,16.33,tampa,Professor Cool,+1 813-955-8813,,,,,,,,,,,0,,,,,,,,,0,0.0,0
C,41.33,16.33,tampa,A.R.C Air Conditioning & Heating,+1 813-996-4873,,"Land O' Lakes, FL 34639, United States",,,,,,,,,0,,,,,,,,,0,0.0,0
C,41.33,16.33,tampa,Audi Wesley Chapel Auto Air,+1 813-723-1017,https://www.audiwesleychapel.com/audi-service-center-wesley-chapel-fl.htm,"2500 Lajuana Blvd, Wesley Chapel, FL 33543, United States",,,,,,,,,0,,,,,,,,,0,0.0,0
C,41.33,16.33,tampa,David's Mechanical Services,+1 813-489-6324,http://www.davidsmechanicalservices.com,,,,,,,,,,0,,,,,,,,,0,0.0,0
C,41.33,16.33,tampa,Air Conditioning Repair Today of St. Petersburg,+1 727-475-7223,,,,,,,,,,,0,,,,,,,,,0,0.0,0
C,41.33,16.33,tampa,Gulf Atlantic AC,+1 813-800-4822,,,,,,,,,,,0,,,,,,,,,0,0.0,0
C,41.33,16.33,tampa,Oldsmar Air Conditioning,+1 727-744-4848,https://stpetersburgac.blogspot.com?m=1,,,,,,,,,,0,,,,,,,,,0,0.0,0
C,41.33,16.33,tampa,Tampa Bay AC & Repair,+1 813-592-6161,,,,,,,,,,,0,,,,,,,,,0,0.0,0
C,41.33,16.33,tampa,"Tuk Air Conditioning-Elect, LLC",+1 813-616-9565,,,,,,,,,,,0,,,,,,,,,0,0.0,0
C,41.33,16.33,tampa,813 AC Today,+1 813-951-8371,http://www.813actoday.com,,,,,,,,,,0,,,,,,,,,0,0.0,0
C,41.33,16.33,tampa,AC 506 Llc,+1 813-305-7874,http://www.ac506llc.com,,,,,,,,,,0,,,,,,,,,0,0.0,0
C,41.33,16.33,tampa,Florida Air Conditioning Service LLC,+1 813-956-7777,https://www.floridaairconditioningservicellc.com/contactus,"5008 W Linebaugh Ave, Tampa, FL 33625, United States",,,,,,,,,0,,,,,,,,,0,0.0,0
C,41.33,16.33,tampa,Ralph's Air Conditioning Service,+1 813-260-2665,https://www.ralphsairconditioningservice.com/contact-us,"2002 W Rambla St, Tampa, FL 33612, United States",,,,,,,,,0,,,,,,,,,0,0.0,0
C,41.33,16.33,tampa,Lonnie's Air Conditioning,+1 813-985-1779,https://www.lonniesairconditioning.com,,,,,,,,,,0,,,,,,,,,0,0.0,0
C,41.33,16.33,tampa,CMAX A/C Heating and Cooling,+1 813-997-0913,,,,,,,,,,,0,,,,,,,,,0,0.0,0
C,41.33,16.33,tampa,One Stop Cooling & Heating,+1 813-749-7966,https://onestopcooling.com/contact-us-tampa,"12808 Dupont Cir, Tampa, FL 33626, United States",,,,,,,,,0,,,,,,,,,0,0.0,0
C,41.33,16.33,tampa,Florida AC Coil Treatments,+1 727-238-7171,,,,,,,,,,,0,,,,,,,,,0,0.0,0
C,41.33,16.33,tampa,GEO-THERMAL SYSTEMS,+1 813-263-4287,,"3413 Ohio Ave, Tampa, FL 33611, United States",,,,,,,,,0,,,,,,,,,0,0.0,0
C,41.33,16.33,tampa,Naturally Duct Cleaning,+1 813-445-5801,,"4009 W Fairview Heights, Tampa, FL 33616, United States",,,,,,,,,0,,,,,,,,,0,0.0,0
C,41.33,16.33,tampa,Imperial Air Heating & Cooling,+1 727-490-3833,,,,,,,,,,,0,,,,,,,,,0,0.0,0
C,41.33,16.33,tampa,Sub Zero Air Conditioning,+1 727-895-5200,,"St. Petersburg, FL 33710, United States",,,,,,,,,0,,,,,,,,,0,0.0,0
C,41.33,16.33,tampa,Florida Mechanical and Controls,+1 813-535-2933,https://www.flmechandcontrols.com,,,,,,,,,,0,,,,,,,,,0,0.0,0
C,41.33,16.33,tampa,Vcee Solutions,+1 813-609-2279,http://www.vceesolutions.com,"Big Bend Rd, Riverview, FL 33579, United States",,,,,,,,,0,,,,,,,,,0,0.0,0
C,41.33,16.33,tampa,MTS Air Conditioning Services LLC,+1 813-321-0492,,"13799 Park Blvd, Seminole, FL 33776, United States",,,,,,,,,0,,,,,,,,,0,0.0,0
C,41.33,16.33,tampa,CHAVEZ HVAC LLC,+1 727-201-6780,https://www.chavezhvacllc.com,"6821 52nd Way N, Pinellas Park, FL 33781, United States",,,,,,,,,0,,,,,,,,,0,0.0,0
C,41.33,16.33,tampa,Weather now A/C and heat,+1 727-430-0439,,"9221 55th St, Pinellas Park, FL 33782, United States",,,,,,,,,0,,,,,,,,,0,0.0,0
C,41.33,16.33,tampa,Rick's HVAC Services,+1 727-629-8874,,"10490 Gandy Blvd N, St. Petersburg, FL 33702, United States",,,,,,,,,0,,,,,,,,,0,0.0,0
C,41.33,16.33,tampa,Home Harmony Air Conditioning Services,+1 813-808-5789,,"11468 US-301, Riverview, FL 33578, United States",,,,,,,,,0,,,,,,,,,0,0.0,0
C,41.33,16.33,tampa,Affordable Comfort EXPERTS,+1 813-419-1333,,"10506 Boyette Creek Blvd, Riverview, FL 33569, United States",,,,,,,,,0,,,,,,,,,0,0.0,0
C,41.33,16.33,tampa,"Bay Area Heating and Cooling, Inc",+1 727-586-6265,,"2322 Lake Ave SE, Largo, FL 33771, United States",,,,,,,,,0,,,,,,,,,0,0.0,0
C,41.33,16.33,tampa,Timeline Heating & Air Conditioning,+1 727-228-2152,https://clearwateracrepairs.com,"4745 126th Ave N, Clearwater, FL 33762, United States",,,,,,,,,0,,,,,,,,,0,0.0,0
C,41.33,16.33,tampa,Advance Industrial Mechanical - AIM St. Petersburg,+1 727-290-9843,https://www.aimhvac.com,"2880 Scherer Dr Suite 860, St. Petersburg, FL 33716, United States",,,,,,,,,0,,,,,,,,,0,0.0,0
C,41.33,16.33,tampa,Supreme Air Heating & Cooling LLC,+1 727-490-8840,,,,,,,,,,,0,,,,,,,,,0,0.0,0
C,41.33,16.33,tampa,Clean Breeze HVAC/Duct Solutions,+1 727-300-3813,,"237 Valencia Cir, St. Petersburg, FL 33716, United States",,,,,,,,,0,,,,,,,,,0,0.0,0
C,41.33,16.33,tampa,"BAL Engineering, Inc.",+1 813-333-2103,https://balengineering.com,"154A Whitaker Rd, Lutz, FL 33549, United States",,,,,,,,,0,,,,,,,,,0,0.0,0
C,41.33,16.33,tampa,Reininger AC & Heating,+1 813-948-8140,https://airpatton.ruudpropartner.com/about-us,"17524 Livingston Ave, Lutz, FL 33559, United States",,,,,,,,,0,,,,,,,,,0,0.0,0
C,41.33,16.33,tampa,Pristine HVAC/Duct Solutions,+1 813-359-9252,,"2005 Clarice Cir, Tampa, FL 33619, United States",,,,,,,,,0,,,,,,,,,0,0.0,0
C,41.33,16.33,tampa,Carolco Industrial Service LLC,+1 813-247-6453,https://www.carolcoindustrialinsulation.com,"4611 S 50th St, Tampa, FL 33619, United States",,,,,,,,,0,,,,,,,,,0,0.0,0
C,41.33,16.33,tampa,"Perfecttemp AC and Pool Heat, LLC",+1 813-405-6937,https://perfecttempacandpoolheat.com,"6209 Brandon Cir, Riverview, FL 33578, United States",,,,,,,,,0,,,,,,,,,0,0.0,0
C,41.33,16.33,tampa,Prime Pro Services LLC,+1 813-701-0401,,,,,,,,,,,0,,,,,,,,,0,0.0,0
C,41.33,16.33,tampa,AC Plus Heating & Air LLC,+1 813-422-1111,https://www.acplusfl.com,,,,,,,,,,0,,,,,,,,,0,0.0,0
C,41.33,16.33,tampa,cummins home services,+1 727-455-2916,https://cumminshomeservice.com,"1869 Elaine Dr, Clearwater, FL 33760, United States",,,,,,,,,0,,,,,,,,,0,0.0,0
C,41.33,16.33,tampa,Aires Tampa Air Conditioning,+1 813-473-2825,,"4601 W Kennedy Blvd #240, Tampa, FL 33609, United States",,,,,,,,,0,,,,,,,,,0,0.0,0
C,41.33,16.33,tampa,Sunshine DUCT/HVAC Cleaning,+1 813-441-3224,,"3610 W Cleveland St, Tampa, FL 33609, United States",,,,,,,,,0,,,,,,,,,0,0.0,0
C,41.33,16.33,tampa,Cloud HVAC Cleaners,+1 813-344-3422,https://chieftainxf.wixsite.com/cloud-hvac-cleaners,"216 S Cooper Pl, Tampa, FL 33609, United States",,,,,,,,,0,,,,,,,,,0,0.0,0
C,41.33,16.33,tampa,Comfort HVAC And Air Care,+1 813-954-7676,,"819 N Florida Ave, Tampa, FL 33602, United States",,,,,,,,,0,,,,,,,,,0,0.0,0
C,41.33,16.33,tampa,CASTELLANO A/C SERVICES,+1 813-877-6997,https://www.aircastellano.com/contact,"2206 N Armenia Ave, Tampa, FL 33607, United States",,,,,,,,,0,,,,,,,,,0,0.0,0
C,41.33,16.33,tampa,All Tampa Appliance & AC,+1 813-347-9587,,"412 E Madison St # 1115, Tampa, FL 33602, United States",,,,,,,,,0,,,,,,,,,0,0.0,0
C,41.33,16.33,tampa,Humble AC & Home Maintenance,+1 813-331-5791,https://www.humblerepairs.com,,,,,,,,,,0,,,,,,,,,0,0.0,0
C,41.33,16.33,tampa,Dry Vent Quick Service,+1 727-651-0653,,"7035 San Jose Loop, New Port Richey, FL 34655, United States",,,,,,,,,0,,,,,,,,,0,0.0,0
C,41.33,16.33,tampa,AC Diamond,+1 813-404-0073,https://airconditioningdiamond.com/services,"710 Oakfield Dr #127, Brandon, FL 33511, United States",,,,,,,,,0,,,,,,,,,0,0.0,0
C,41.33,16.33,tampa,Brandon AC,+1 813-790-5709,,,,,,,,,,,0,,,,,,,,,0,0.0,0
C,41.33,16.33,tampa,Orbit Air Solutions,+1 813-816-1730,https://orbitairsolutions.com,,,,,,,,,,0,,,,,,,,,0,0.0,0
C,41.33,16.33,tampa,St. Pete AC Repair,+1 727-472-8964,,,,,,,,,,,0,,,,,,,,,0,0.0,0
C,41.33,16.33,tampa,AC HEATING & SERVICES OF TAMPA BAY LLC,+1 727-722-7777,https://www.acofflorida.com,,,,,,,,,,0,,,,,,,,,0,0.0,0
C,41.33,16.33,tampa,Vincenzo Air Conditioning Services,+1 727-573-4466,,"6200 Marginal Access Rd, St. Petersburg, FL 33702, United States",,,,,,,,,0,,,,,,,,,0,0.0,0
C,41.33,16.33,tampa,Johnny Air Conditioning Services,+1 727-573-4788,,"1108 62nd Ave N, St. Petersburg, FL 33703, United States",,,,,,,,,0,,,,,,,,,0,0.0,0
C,41.33,16.33,tampa,EgoCold HVAC,+1 813-553-0787,,,,,,,,,,,0,,,,,,,,,0,0.0,0
C,41.33,16.33,tampa,Galaxy Breeze AC,+1 813-373-3293,,"3102 W Braddock St, Tampa, FL 33607, United States",,,,,,,,,0,,,,,,,,,0,0.0,0
C,41.33,16.33,tampa,Hunter A/C Inc of Tampa,+1 813-833-9998,,,,,,,,,,,0,,,,,,,,,0,0.0,0
C,41.33,16.33,tampa,"Alltemp Air Systems, Inc.",+1 813-644-2585,https://www.alltemp-air.com,,,,,,,,,,0,,,,,,,,,0,0.0,0
C,41.33,16.33,tampa,Trust Heating & Cooling,+1 727-627-8754,,"1370 Clearwater Largo Rd, Largo, FL 33770, United States",,,,,,,,,0,,,,,,,,,0,0.0,0
C,41.33,16.33,tampa,Signature HVAC and Air Solutions,+1 813-954-7006,,"201 E Twiggs St, Tampa, FL 33602, United States",,,,,,,,,0,,,,,,,,,0,0.0,0
C,41.33,16.33,tampa,JV Systems Service of Tampa Bay Inc.,+1 727-638-3549,,,,,,,,,,,0,,,,,,,,,0,0.0,0
C,41.33,16.33,tampa,perez mechanical refrigeration,+1 813-369-8522,,,,,,,,,,,0,,,,,,,,,0,0.0,0
C,41.33,16.33,tampa,Quick Air USA Tampa,+1 813-686-6818,https://www.quickairusa.com,,,,,,,,,,0,,,,,,,,,0,0.0,0
C,41.33,16.33,tampa,Clearwater HVAC Pros,+1 727-261-0178,,,,,,,,,,,0,,,,,,,,,0,0.0,0
C,41.33,16.33,tampa,Dunedin Air Comfort,+1 727-334-9809,http://www.airluxehvac.com,,,,,,,,,,0,,,,,,,,,0,0.0,0
C,41.33,16.33,tampa,"Martin's HVAC/R, LLC",+1 813-352-7487,https://www.martinshvacr.com,,,,,,,,,,0,,,,,,,,,0,0.0,0
C,41.33,16.33,tampa,Demaio Refrigeration & Air Conditioning Co.,+1 813-522-8933,,,,,,,,,,,0,,,,,,,,,0,0.0,0
C,41.33,16.33,tampa,Unik heating and cooling inc,+1 813-625-4672,,,,,,,,,,,0,,,,,,,,,0,0.0,0
C,41.33,16.33,tampa,"Total A/C Services, Inc.",+1 813-927-4374,,,,,,,,,,,0,,,,,,,,,0,0.0,0
C,41.33,16.33,tampa,Johnson Heating And AC,+1 941-229-4220,https://johnson-heating-ac.ueniweb.com,,,,,,,,,,0,,,,,,,,,0,0.0,0
C,39.91,14.91,tampa,AC ON Heating & Cooling,+1 813-938-9333,https://www.aconservices.com,"15925 Deep Ravine Ln, Odessa, FL 33556, United States",,,,,,,,frontline_communication,2,"I had a very bad experience with this AC technician (Nair) from A.C ON Heating & Air Conditioning. I strongly advise others to be careful when dealing with him, specifically because he does not have an AC license; he is using someone else's license. We have contacted the Small Business Bureau and are hiring legal representation. He has a company, yes, but does not carry a Consumer Affairs License.

About two months ago, he came to inspect my AC and said there was a leak. He added dye to the system and told us he would return in a week to locate the leak and change the filter. Forget about his overpricing, he never showed up. I called him multiple times, and he kept making excuses and delaying.

Meanwhile, the system completely lost refrigerant. After running like this for weeks, my compressor failed. When I brought in another licensed AC company, they confirmed that the compressor was damaged because the unit had been running without refrigerant.

The repair cost me over $5,500.

When I contacted Nair to explain the situation, he was extremely rude and refused to take any responsibility. He claimed I should have turned the system off, even though he never clearly instructed me to do so at the time.

This was a very unprofessional experience—lack of follow-up, poor communication, and no accountability. I would not recommend his services to anyone.",,,,1,,AssistantDial AI Receptionist — consistent frontline,followup_dropped;frontline_communication,92,4.9,3
C,39.78,14.78,tampa,Hometown Heating and Air,+1 813-773-6500,https://thehometownair.com,"3104 N Armenia Ave, Tampa, FL 33607, United States",,,,,,,,frontline_communication,2,"I was hesitant to remove my previous 5-star review to leave this new one, because working with Hometown Heating and Air initially started as a great experience with both service and customer service. After detecting an issue with my HVAC and waiting on a part that I was told was on backorder, they apparently stopped communicating with my warranty company. I feel that I was also misled because Hometown Heating and Air said that my claim was canceled by my warranty company and that it was my warranty company's responsibility to notify me. My warranty company confirmed that the claim was never canceled. My customer dashboard when I logged into my account also still showed the claim as active.

When I called Hometown Heating and Air to ask if they could pick-up the newer pending claim from my warranty company, I was told that they are very busy and that the earliest they could come back out to my condo would be in two weeks. I was more than okay with waiting because again, they were so wonderful to work with up to that point. After promising to call me back to schedule that follow-up, they have since went completely silent.

I truly wish Hometown Heating and Air had just been honest about not wanting to finish the repair so I could have moved on to another company sooner. I would have still left my previous 5-star review.

Living in Florida, if this HVAC issue had happened during the peak summer months, this lack of transparency would have been a truly miserable situation for me. Ghosting a customer who is loyal to a brand is not only unprofessional but saddening.",,,,1,,AssistantDial AI Receptionist — consistent frontline,followup_dropped;frontline_communication,442,4.7,4
C,39.64,14.64,tampa,Quality Heating & Air Conditioning Tampa,+1 727-606-5899,,"2304 W Gray St, Tampa, FL 33609, United States",,,,,,,,frontline_communication,1,"Awful customer service.  Reps are arrogant and try hard to avoid helping or even interacting with customers.  This location has never been great, but it seems to get worse all the time.","NASTY RECEIVING STAFF THEY VERY HARD PEOPLE, MAKE THINGS COMPLICATED,  THEY COMMUNIST",,,1,,AssistantDial AI Receptionist — consistent frontline,frontline_communication,53,3.8,17
C,39.61,14.61,tampa,ARS / Rescue Rooter,+1 813-626-4552,https://www.ars.com/tampa-bay,"3340 Scherer Dr Suites A&B, St. Petersburg, FL 33716, United States",,,,,,,,frontline_communication,1,"Carrier Infinity Review Update:

After owning the Carrier Infinity system for five months, I can say it has been nothing short of a major disappointment. Despite various adjustments, most of the time the system maintains indoor humidity levels between 70% and 93%, which is far too high. I've had ARS technicians visit my home multiple times per week due to High Humidity Alerts, yet no improvements have occurred. Their response remains consistent: that's simply how the system operates.

Portable dehumidifier is the our best friend now.

System is not responsive and it is hard to tell what it is doing and why at every particular moment of time, specially when it is in “Auto”

Did purchase this system for increased level of comfort, but so far even level of comfort provided by “regular” A/C system is not reachable.

ARS refuses to admit the problem and to open case with the manufacturer - Carrier

Both my bathrooms smell like damp

It is harder to breathe inside the home than outdoor when I coming home from work because of the humidity level inside.

Another issue on an already lengthy list of problems is that the AC unit wastes my money by unnecessarily utilizing electric heating rather than the more efficient heat pump mode. The display merely states ""heat pump locked out,"" providing no explanation or resolution.

This is undoubtedly the worst air conditioning system I've ever encountered.

Previous review:

I recently had my air conditioner replaced, and I couldn't be happier with the results! The new unit works efficiently, keeping my home cool and comfortable. The installation process was quick and professional, causing minimal disruption to my daily routine. I'd highly recommend this service to anyone in need of an AC upgrade or replacement.",,,,1,,AssistantDial AI Receptionist — consistent frontline,frontline_communication,4414,4.5,5
C,39.19,14.19,tampa,Smokin diesel fab,+1 813-433-3984,,"S U.S. Hwy 41, Ruskin, FL 33570, United States",,,,,,,,,0,,,,,,,,,3,1,2
C,38.45,13.45,tampa,David's Air Repair,+1 727-331-4956,,,,,,,,,,calls_unanswered,1,"7/21-AC stopped working..""clean A/B condensite line""..(even gave him 20$ tip)
8/2- stopped working again..left VM and texted..it was wkend..voicemail said they worked Mon-Fri..hired someone else to fix SAME problem as 7/21..
This is 8/7 and still have received no call back..WOW! I really trusted and liked you..least you could do is give me my money back.",,,,1,,AssistantDial 24/7 AI Receptionist — every call answered,calls_unanswered,13,4.7,5
C,38.0,13.0,tampa,Rescom Air Corp.,+1 813-475-4154,https://rescomair.com,"12818 Dupont Cir, Tampa, FL 33626, United States",,,,,,,,,0,,,,,,,,,1,1,0
C,38.0,13.0,tampa,B A Mechanical,+1 813-278-9394,,,,,,,,,,,0,,,,,,,,,1,1,0
C,38.0,13.0,tampa,Allways Affordable,+1 727-435-9599,,"3921 41st Ave N, St. Petersburg, FL 33714, United States",,,,,,,,,0,,,,,,,,,1,1,0
C,38.0,13.0,tampa,AIR GEEKS AIR CONDITIONING INC,+1 813-263-8981,,,,,,,,,,,0,,,,,,,,,1,1,1
C,37.55,12.55,tampa,Sunset Cooling Services,+1 727-504-4018,,,,,,,,,,calls_unanswered,2,"Owner gave me a price which was fair. I spent two weeks getting estimates. I choose to hire sunset to install my A/C. I called the owner and business for three days straight, sent text to his personal cell phone and not one return call. Based on this information, I would be skeptical about hiring this company. I will update if they return my call and find out new information. Very disappointed! Ronnie",,,,1,,AssistantDial 24/7 AI Receptionist — every call answered,calls_unanswered;followup_dropped,9,4.6,1
C,37.47,12.47,tampa,Goodyear Auto Service,+1 813-677-1794,https://www.goodyear.com/en-us/goodyearautoservice,"13360 US-301, Riverview, FL 33578, United States",,,,,,,,,0,,,,,,,,,387,3.1,7
C,37.03,12.03,tampa,Air Titans Air Conditioning and Heating,+1 727-935-4808,,,,,,,,,,followup_dropped,2,"Put in an air conditioning system never pull Permit..  Actually never even ask me what kind of air conditioning I wanted.   Told me they were sending somebody over to go over the everything, that evening or early morning.  I haven't heard from anyone.  Sented 2 man over in a van,  didn't speak much english.  To remove old system.
Next day installed a Star Hvac,  It seemed all working.   Promise me would you give me a permit and replace vents.  The owner said was coming over check sizes of vents,  PS asked me where I would like to go to dinner,  give me a gift card,  cause sorry for all the confusion.
Never heard from him again, been a few weeks.  To be continued.  All I want is duct cleaning, told my ducts were too old to clean and system rusted.   I agree need a new system,  gave me a $16,500 application for financial services.  He wanted to make sure I could afford to pay.  Well Becareful","Do not hire this company for duct cleaning. Paid $200 and they never even bothered to open the vents to check. When confronted, the tech was dishonest and told me that he would come back out on another day for another service fee.",,,1,1,AssistantDial Call Summaries + Auto Contact Creation,followup_dropped;service_quality_in_session,14,3.9,5
C,36.67,11.67,tampa,RMA & Refrigeration,+1 813-297-0455,http://rma-refrigeration.com,"2013 Plantation Palms Dr, Brandon, FL 33511, United States",,,,,,,,,0,,,,,,,,,16,2.3,15
C,36.61,11.61,tampa,Grade Services Inc,+1 941-729-2292,,"10415 US-41, Palmetto, FL 34221, United States",,,,,,,,,0,,,,,,,,,6,2,4
C,36.37,11.37,tampa,Dunedin,+1 727-208-5599,,"722 Broadway, Dunedin, FL 34698, United States",,,,,,,,calls_unanswered,1,"Awful customer service! Called for service and they were late for window given. No call to explain reason for tardiness.  I callEd back an hour past time (and their phone rang and rang). Finally, I get ahold of someone to have to wait an …",,,,,,AssistantDial 24/7 AI Receptionist — every call answered,calls_unanswered,14,4.1,6
C,36.29,11.29,tampa,Carrier Enterprise,+1 813-242-7750,https://www.carrierenterprise.com,"1802 Grant St, Tampa, FL 33605, United States",,,,,,,,,0,,,,,,,,,96,3,10
C,36.03,11.03,tampa,Cool kings air,+1 727-504-0982,https://coolkingsllc.biz,,,,,,,,,booking_friction,1,Tried to book an appointment with him 3 different times and he never showed up.,,,,1,,AssistantDial Appointment Booking + Calendar Sync,booking_friction,3,3.7,1
C,36.0,11.0,tampa,"Third Generation Plumbing, A/C & Mechanical Company, Inc.",+1 813-961-8024,https://thirdgenerationplumbing.com,"12608 Henderson Rd, Tampa, FL 33625, United States",,,,,,,,,0,,,,,,,,,856,3.8,5
C,35.78,10.78,tampa,Maincoolin LLC,+1 813-368-1717,,,,,,,,,,,0,,,,,,,,,7,2.3,5
C,35.78,10.78,tampa,Air Zone Air Conditioning and Heating,+1 813-855-4191,https://airzonetampabay.com,"297 Scarlet Blvd, Oldsmar, FL 34677, United States",,,,,,,,,0,,,,,,,,,2381,4.2,6
C,35.78,10.78,tampa,Elemental HVAC Solutions,+1 813-365-9428,,"6110 Commerce St, Tampa, FL 33616, United States",,,,,,,,calls_unanswered,1,Chris came out on may 4 and replaced the capacitor and added freon ($295). Subsequently the A/C stopped working properly. Have been calling ever since and no one returns our calls. Terrible service - so disappointed.,,,,1,,AssistantDial 24/7 AI Receptionist — every call answered,calls_unanswered,15,4.3,8
C,35.64,10.64,tampa,Arellano Heating & Air Conditioning,+1 813-252-1346,,,,,,,,,,calls_unanswered,1,No answer,,,,,,AssistantDial 24/7 AI Receptionist — every call answered,calls_unanswered,18,4.4,8
C,35.57,10.57,tampa,Heaven's Breeze,+1 813-965-7284,http://heavensbreezetampa.com,"4822 N Hale Ave, Tampa, FL 33614, United States",,,,,,,,frontline_communication,1,"Second time I have problems with my AC unit since I bought a place that has Heaven's Breeze warranty. I don't think this business should be doing AC work. They're telling me 63% Humidity indoors is normal because it's ""Florida"". It's ok if you don't wanna work, just don't make stuff up, it's embarrassing.",,,,1,,AssistantDial AI Receptionist — consistent frontline,frontline_communication,78,4.4,23
C,35.36,10.36,tampa,"Red Cap Plumbing, Air & Electric",+1 813-596-3030,https://redcapnow.com,"7218 E M.L.K. Jr Blvd, Tampa, FL 33619, United States",,,,,,,,,0,,,,,,,,,7544,4.7,3
C,35.22,10.22,tampa,Napolitano Air Services,+1 727-364-6986,http://napolitanoair.com,,,,,,,,,calls_unanswered,1,"I hired Napolitano  Air Services to complete air conditioner installation after the original installer only did half the job. Mr. Napolitano came out, finished the install. and I paid $ 900.00 for his work. He left after 2 minutes I called him and said to him he forgot to give me the receipt, he said he would email me it which I never received.
Unfortunately, the unit has not worked properly since. I've had multiple licensed  HVAC professionals examine the system, and they all agree  the compressor is damaged was specifically due to the way the outside unit was brazed during installation. They explained that the incorrect brazing allowed contaminants into the system, which ruined the compressor.
I have left several voicemails asking him to return my calls and also called the person who referred him to me, he was not returning my calls to address this issue. I wanted to let him know I would escalate the matter If I didn't here back. Despite months passing, he still hasn't responded.
I am really disappointed after seeing so many positive reviews. I truly wanted to trust this company, and I gave him every opportunity to fix the problem. I'm leaving a one-star review for now, but I'm more than willing to update it if Mr. Napolitano takes responsibility and resolves the issue. Everyone deserves to make things right.
""I've attached a picture below of the brazed part of the installation that multiple licensed technicians identified as the cause of the compressor failure.""",,,,1,,AssistantDial 24/7 AI Receptionist — every call answered,calls_unanswered,57,4.9,45
C,35.17,35.17,tampa,Caspers Service Company,+1 866-668-0529,https://www.caspersservice.com,"6845 Maple Ln, Tampa, FL 33610, United States",,,,,,,,booking_friction,4,"Most INCOMPETENT and UNPROFESSIONAL company I have ever dealt with in my 25+ years of restaurant ownership and management experience. Schedules mean nothing to them. I could possibly understand if there was any communication whatsoever, but there was not.

Take your business elsewhere.","Terrible experience

Didn’t turn up on the day booked, had to chase for a new appt due to no communication from them

Utter lack of transparency on pricing even after signing an authority form UPTO a certain amount agreed to be charged, and CC given over before even visiting!!!!

Left with a $600+ bill and still nowhere near fixed, or diagnosed

AVOID!!!!!!",,,1,1,AssistantDial Appointment Booking + Calendar Sync,billing_or_intake_errors;booking_friction;followup_dropped;frontline_communication,40,3.8,27
C,35.1,10.1,tampa,Advanced Auto Air,+1 813-236-2886,https://advancedautoair.com,"12001 US Hwy 41 S, Gibsonton, FL 33534, United States",,,,,,,,,0,,,,,,,,,149,3.5,7
C,34.98,9.98,tampa,A&R Air Solutions Air Conditioning Service,+1 813-662-3418,,,,,,,,,,calls_unanswered,1,"Replaced our compressor but hasn't come back yet to replace the air handler. Won't return my calls & texts, and when I text him I receive a notification that he specifically blocked my number. I understand that sometimes things come up but blocking your customers is extremely unprofessional",,,,2,,AssistantDial 24/7 AI Receptionist — every call answered,calls_unanswered,18,4.6,8
C,34.93,9.93,tampa,Take 5 Oil Change,+1 813-816-0970,https://www.take5.com/locations/oil-change/florida/sun-city-center/30749,"3852 Sun City Center Blvd, Sun City Center, FL 33573, United States",,,,,,,,,0,,,,,,,,,2029,4.4,5
C,34.88,9.88,tampa,Winsupply St Petersburg Fl Co.,+1 727-556-0564,https://www.winsupplyinc.com/Location/St-Petersburg-FL/33714/HVAC-Supplies,"3032 44th Ave N, St. Petersburg, FL 33714, United States",,,,,,,,frontline_communication,1,"Just spoke to a person who said his name was Chris, was calling to inform them that their truck was just seen speeding down my narrow, brick street.  He claimed that none of ""his"" trucks were out, yet I had just witnessed it not 2 minutes prior, long enough to walk back inside and google the name on the side of the stake truck.  He was very confrontational and instead of apologizing insisted that I was lying.  I wouldn't do business with company in Historic Roser Park any longer.",,,,1,,AssistantDial AI Receptionist — consistent frontline,frontline_communication,9,3.9,3
C,34.87,9.87,tampa,Carrier Hvac Service Tampa,+1 813-725-5876,,"5405 Cypress Center Drive, Suite 240, Cypress Center Dr Building 3, Tampa, FL 33607, United States",,,,,,,,frontline_communication,1,"3/14/2024
Beware of Carrier
We are in Sun City Center Florida.  Shortly after buying this house we had new HVAC unit installed.  That was 3 years ago.  A heat pump and air handler combo from Carrier.  Installed by Caldeco.  Told it was a good brand and good unit.  It was not the top of line but not the cheapest either. This Carrier unit has had problems from the beginning.  We have had about a dozen service calls.  It seems like 50 but 12 is about right.  One service call was a clogged drain which was on me.  I learned Florida requires different maintenance than Ohio. The balance were for 2 seemingly unrelated problems.  One is the heat pump unit was not shutting off and a literal block of ice was forming in the air handler around the coils and cold air was falling out of the intake vent.  It took several service calls to get that one figured out and it was my Wife pointing out to them that it never shuts off to get them to check the right thing.  So it was eventually fixed, or at least that is what we thought.  The second one is that occasionally there is a loud squeal /grinding noise when the air handler kicks in.  Several calls to fix this one also.  The blower has been replaced.  The noise still happens we just got sick of rearranging our schedule for yet another service call so we live with the occasional noise.  We have put up with this with no public bitching but the latest is just too much.
A week ago we noticed, hard not to, that we were getting air blowing but it was not cool.  Turns out the heat pump was not running.  One more service call.  Heat pump is not running because there is no coolant in the lines.  There is no coolant because the coils have a leak.  Those same coils that were repeatedly frozen in a solid block of ice, expanded and contracted.  Caldeco reps (2) say that is the likely cause of the leak.   Caldeco is of course no help.   They are “just the installer”.  Passing the buck is alive and well.  We have been with out AC for a several days waiting for the replacement coils and are being charged $1380 for the repair and just short of $300 for the service call.  For a unit that is about 1/5 of its expected life span.

4/14/2024
All the above was sent to both parties a month ago.  Zero action.  It seems doubtful they care at all.  Customer service is just too much trouble.  We all need AC in Florida.  Spend your money with someone else.",,,,1,,AssistantDial AI Receptionist — consistent frontline,frontline_communication,12,4,5
C,34.86,9.86,tampa,"R.E.B. Air Conditioning, Inc.",+1 813-818-0300,,"801 Stevens Ave, Oldsmar, FL 34677, United States",,,,,,,,,0,,,,,,,,,3,2.3,2
C,34.86,9.86,tampa,All Star HVAC & Duct Cleaning,+1 813-981-7537,,"4050 W Kennedy Blvd, Tampa, FL 33609, United States",,,,,,,,,0,,,,,,,,,3,2.3,0
C,34.86,9.86,tampa,Safe Air America,+1 813-444-2236,,,,,,,,,,,0,,,,,,,,,3,2.3,2
C,34.72,9.72,tampa,Certified AC Auto Specialists,+1 813-409-2020,,"118 S Montclair Ave, Brandon, FL 33511, United States",,,,,,,,,0,,,,,,,,,9,2.7,4
C,34.65,9.65,tampa,"Super Heat, Air, And Plumbing",+1 813-302-1618,http://superheatandair.com,"6101 Johns Rd #1, Tampa, FL 33634, United States",,,,,,,,,0,,,,,,,,,3911,4.7,3
C,34.62,9.62,tampa,St. Petersburg Heating & Air Conditioning,+1 727-629-8909,,"3170 23rd Ave N, St. Petersburg, FL 33713, United States",,,,,,,,frontline_communication,1,"They sell junk. Go elsewhere. Even though they are the cheapest and install brand new equipment, the cheap junk they install will break and they will give you a bunch of grief when you call to have it fixed. Steve is very unprofessional and is very annoying to talk to.",,,,1,,AssistantDial AI Receptionist — consistent frontline,frontline_communication,13,4.1,5
C,34.62,9.62,tampa,HVAC Repair LLC,+1 813-336-2651,,"3706 N Arlington Ave, Tampa, FL 33603, United States",,,,,,,,calls_unanswered,1,They don’t answer the phone.,,,,1,,AssistantDial 24/7 AI Receptionist — every call answered,calls_unanswered,7,4.4,1
C,34.57,9.57,tampa,"Performance Air Conditioning, Electrical & Plumbing",+1 727-746-5466,https://performanceac.com?utm_crid=PER0100_WEB009_83804492,"12601 60th St N, Clearwater, FL 33760, United States",,,,,,,,,0,,,,,,,,,3659,4.7,3
C,34.35,9.35,tampa,AC Warehouse,+1 941-799-6084,https://acwarehouse.com,"710 60th St Ct E, Bradenton, FL 34208, United States",,,,,,,,,0,,,,,,,,,2972,4.7,2
C,34.32,9.32,tampa,"IERNA's Heating, Cooling, Plumbing, & Electrical",+1 813-669-5813,https://www.iernaair.com?utm_crid=IRN0100_WEB009_51809922,"16011 N Nebraska Ave Ste 101, Lutz, FL 33549, United States",,,,,,,,,0,,,,,,,,,2898,4.7,2
C,34.28,9.28,tampa,Hawkins Service Co.,+1 813-303-1465,https://www.hawkinsserviceco.com?se_campaign=GBP-Tampa,"7601 Industrial Ln, Tampa, FL 33637, United States",,,,,,,,,0,,,,,,,,,5171,4.9,2
C,34.24,9.24,tampa,LandO Air Duct Cleaning & Dryer Vent,+1 813-424-7699,,"2643 Narnia Way Suit 101, Land O' Lakes, FL 34638, United States",,,,,,,,billing_or_intake_errors,1,"We moved here from Kansas City and have yet found a decent ac company. My neighbor use these guys and recommended them to us. They came and installed a tribox on the attic. We got charged for that and a little more for the maintenance package and that any future maintenance calls would not have a charge. The tribox was build bad as shown on the pictures. Called them, the repair guy does not work there anymore and the company sold and is now part of Hale. They replaced the tribox at no charge which was nice of them to do but now I’m being told I do not have a maintenance package and don’t see any notes for it. Not sure at this point what we paid for. This is not against the new company but air strike themselves. Regardless, we are going with an other ac company.",,,,1,,AssistantDial structured call intake,billing_or_intake_errors,270,4.7,3
C,34.03,9.03,tampa,Chris's Plumbing Service,+1 813-623-6830,https://www.chrissplumbing.com,"6404 US-301, Riverview, FL 33578, United States",,,,,,,,,0,,,,,,,,,475,4.2,3
C,33.96,8.96,tampa,Daikin Comfort,+1 813-249-6062,https://www.daikincomfort.com,"4909 Tampa W Blvd, Tampa, FL 33634, United States",,,,,,,,,0,,,,,,,,,96,3.7,58
C,33.92,8.92,tampa,Home Service Heroes,+1 813-696-3398,https://homeserviceheroesfl.com,"8416 Laurel Fair Cir Ste 112, Tampa, FL 33610, United States",,,,,,,,,0,,,,,,,,,2721,4.8,2
C,33.9,8.9,tampa,Hyundai of New Port Richey Service Center,+1 727-777-5131,https://www.hyundaiofnewportrichey.com/service-department,"3936 US-19 Ste 100, New Port Richey, FL 34652, United States",,,,,,,,,0,,,,,,,,,1969,4.7,14
C,33.87,8.87,tampa,"B&I Contractors, Inc.",+1 813-628-4646,https://www.bandiflorida.com,"4570 Eagle Falls Pl, Tampa, FL 33619, United States",,,,,,,,,0,,,,,,,,,26,3.3,14
C,33.86,8.86,tampa,Alvarez Plumbing & Air Conditioning,+1 813-213-0533,https://www.alvarezplumbing.com,"1623 S 51st St, Tampa, FL 33619, United States",,,,,,,,,0,,,,,,,,,2566,4.8,2
C,33.84,8.84,tampa,Milian Truck Center,+1 813-900-2779,http://miliantruckcenter.com,"4016 W Crest Ave, Tampa, FL 33614, United States",,,,,,,,,0,,,,,,,,,401,4.2,4
C,33.83,8.83,tampa,AC Hotel St. Petersburg Downtown,+1 727-864-0001,https://www.marriott.com/en-us/hotels/tpapa-ac-hotel-st-petersburg-downtown/overview/?scid=f2ae0541-1279-4f24-b197-a979c79310b0,"110 2nd St N, St. Petersburg, FL 33701, United States",,,,,,,,,0,,,,,,,,,398,4.2,8
C,33.77,8.77,tampa,Air & Energy,+1 941-778-0773,https://www.airandenergy.biz,"555 6th Ave W, Bradenton, FL 34205, United States",,,,,,,,,0,,,,,,,,,3218,4.9,3
C,33.77,8.77,tampa,Ruskin Heating & Air Conditioning,+1 813-761-8991,,"89 7th Ave NE, Ruskin, FL 33570, United States",,,,,,,,frontline_communication,1,"I called in and scheduled the service. waited on scheduled time +15 mins and no one showed up. called before the time to confirm.
no one called saying there was a issue. waited 2 days to hear from them and …",,,,,,AssistantDial AI Receptionist — consistent frontline,frontline_communication,11,4.3,3
C,33.53,8.53,tampa,Sunrise Irrigation,+1 727-330-1340,https://sunriseirrigation.com,"37490 US Hwy 19 N Ste 1, Palm Harbor, FL 34684, United States",,,,,,,,,0,,,,,,,,,2586,4.9,4
C,33.53,8.53,tampa,"DG Mechanical is Ellinas, L.L.C.",+1 727-678-3722,,,,,,,,,,,0,,,,,,,,,3,2.7,1
C,33.5,8.5,tampa,Red Royal Electric,+1 727-205-5550,https://www.redroyalelectric.com,"717 Drew St, Clearwater, FL 33755, United States",,,,,,,,,0,,,,,,,,,1850,4.8,2
C,33.49,8.49,tampa,US Air Conditioning & Heating,+1 727-846-8818,https://usairconditioning.net,"5827 13th Ave, New Port Richey, FL 34652, United States",,,,,,,,,0,,,,,,,,,989,4.6,53
C,33.49,8.49,tampa,Quality Value Automotive Repair,+1 813-971-2886,https://qualityvalueauto.com,"910 E Fowler Ave, Tampa, FL 33612, United States",,,,,,,,,0,,,,,,,,,396,4.3,12
C,33.44,8.44,tampa,Florida Energy Water & Air,+1 813-664-0009,https://www.myfewa.com,"2260 Massaro Blvd, Tampa, FL 33619, United States",,,,,,,,,0,,,,,,,,,1751,4.8,4
C,33.43,8.43,tampa,Stanley Steemer,+1 727-372-7296,https://www.stanleysteemer.com/locations/FL/Odessa/2000030,"19936 FL-54, Lutz, FL 33558, United States",,,,,,,,,0,,,,,,,,,2365,4.9,2
C,33.43,8.43,tampa,Mercedes-Benz of Wesley Chapel Service Center,+1 813-200-7788,https://www.mbwesleychapel.com/service/index.htm,"2383 Willow Oak Dr Ste a, Wesley Chapel, FL 33544, United States",,,,,,,,,0,,,,,,,,,938,4.6,3
C,33.42,8.42,tampa,"Arry's Roofing Services, Inc.",+1 727-938-9565,http://www.arrysroofing.com,"401 E Spruce St, Tarpon Springs, FL 34689, United States",,,,,,,,,0,,,,,,,,,1710,4.8,3
C,33.41,8.41,tampa,Done Rite Roofing Inc,+1 727-945-6560,https://www.doneriteroofinginc.com,"211 Hedden Ct, Palm Harbor, FL 34683, United States",,,,,,,,,0,,,,,,,,,497,4.4,4
C,33.28,8.28,tampa,Millian Aire AC & Heating,+1 727-233-5566,https://millianaire.com,"9942 State Rd 52, Hudson, FL 34669, United States",,,,,,,,,0,,,,,,,,,1499,4.8,14
C,33.25,8.25,tampa,"Elite Cooling, Heating, Plumbing, & Electrical",+1 941-541-5742,https://www.elitecustomservices.com?utm_crid=ELT0100_WEB009_61604013,"2114 58th Ave E, Bradenton, FL 34203, United States",,,,,,,,,0,,,,,,,,,2001,4.9,2
C,33.25,8.25,tampa,AirNow Air Conditioning,+1 941-491-8317,https://www.airnowtoday.com,"2331 Whitfield Industrial Way, Sarasota, FL 34243, United States",,,,,,,,,0,,,,,,,,,1989,4.9,2
C,33.25,8.25,tampa,Alan's Air Conditioning Service Inc.,+1 813-752-0821,https://alansairconditioning.com,"103 S Alexander St, Plant City, FL 33563, United States",,,,,,,,,0,,,,,,,,,1998,4.9,12
C,33.22,8.22,tampa,Comfort Airz Heating & Cooling,+1 727-841-0550,http://www.comfortairz.com,"6125 Sherwin Dr, Port Richey, FL 34668, United States",,,,,,,,,0,,,,,,,,,1951,5,52
C,33.19,8.19,tampa,Three Guys Master Tradesmen,+1 727-416-2314,https://3gmt.com,"4900 Creekside Dr Ste. J, Clearwater, FL 33760, United States",,,,,,,,,0,,,,,,,,,1898,5,2
C,33.18,8.18,tampa,Climate Design,+1 727-306-9579,https://www.climatedesign.com/service-area/clearwater,"12530 47th Way, Clearwater, FL 33762, United States",,,,,,,,,0,,,,,,,,,1881,4.9,2
C,33.18,8.18,tampa,Service Masters,+1 727-330-7720,https://smtcarcare.com,"2627 Harbor Cir, Clearwater, FL 33759, United States",,,,,,,,,0,,,,,,,,,1383,4.8,2
C,33.18,8.18,tampa,The Comfort Authority,+1 813-461-4819,https://www.thecomfortauthority.com,"9608 N Nebraska Ave, Tampa, FL 33612, United States",,,,,,,,,0,,,,,,,,,1861,4.9,2
C,33.07,8.07,tampa,"Arctic Air Systems, Inc.",+1 727-877-3396,https://www.arcticairsystems.com,"8585 115th Ave N, Largo, FL 33773, United States",,,,,,,,,0,,,,,,,,,1236,4.8,2
C,33.05,8.05,tampa,WSV Group Inc,+1 727-481-4147,http://www.wsvgroup.com,"1616 22nd St S, St. Petersburg, FL 33712, United States",,,,,,,,,0,,,,,,,,,9,3.2,3
C,33.05,8.05,tampa,Mecon Inc,+1 727-573-7916,https://www.meconinc.com,"4181 116th Terrace N, Clearwater, FL 33762, United States",,,,,,,,,0,,,,,,,,,9,3.2,2
C,33.05,8.05,tampa,Route 60 Auto Repair,+1 813-616-1000,https://route60autorepair.com,"3250 FL-60, Valrico, FL 33594, United States",,,,,,,,,0,,,,,,,,,142,4.1,62
C,33.03,8.03,tampa,Caldeco Air Conditioning & Heating,+1 813-254-2211,http://www.caldeco.com,"1709 N Howard Ave, Tampa, FL 33607, United States",,,,,,,,,0,,,,,,,,,1202,4.8,2
C,33.01,8.01,tampa,Fairway Heating & Cooling LLC,+1 813-443-9439,https://fairwayheatingcooling.com,"10004 E Dr Martin Luther King Jr Blvd, Tampa, FL 33610, United States",,,,,,,,,0,,,,,,,,,1177,4.8,2
C,32.98,7.98,tampa,J.C. Auto,+1 727-866-0044,https://www.jcautomotive.com,"6101 Dr. M.L.K. Jr St S, St. Petersburg, FL 33705, United States",,,,,,,,,0,,,,,,,,,842,4.7,4
C,32.98,7.98,tampa,Lakeside Heating Cooling & Plumbing Inc,+1 813-444-9474,http://lakesidecomfortpros.com,"4608 Land O' Lakes Blvd, Land O' Lakes, FL 34639, United States",,,,,,,,,0,,,,,,,,,1559,5,2
C,32.98,7.98,tampa,"Continental Plumbing Services, Llc",+1 727-888-5137,https://www.continentalplumbing.net,"4015 Crestwood Blvd, New Port Richey, FL 34653, United States",,,,,,,,,0,,,,,,,,,1565,4.9,3
C,32.98,7.98,tampa,Burgess Heating and Air,+1 727-516-7171,http://www.burgessair.com,"976 DR Martin Luther King JR Street North, Safety Harbor, FL 34695, United States",,,,,,,,,0,,,,,,,,,1553,4.9,2
C,32.98,7.98,tampa,AAMCO Transmissions & Total Car Care,+1 813-536-5204,http://www.aamcosouthtampa.com,"5802 S Dale Mabry Hwy, Tampa, FL 33611, United States",,,,,,,,,0,,,,,,,,,246,4.3,3
C,32.97,7.97,tampa,Coolquest Inc.,+1 727-859-0500,https://www.coolquest.com,"7817 Rutillio Ct, New Port Richey, FL 34653, United States",,,,,,,,,0,,,,,,,,,1129,4.8,2
C,32.95,7.95,tampa,Duke's Garage Doors,+1 813-863-9500,http://www.dgdoors.com,"20525 Amberfield Dr, Land O' Lakes, FL 34638, United States",,,,,,,,,0,,,,,,,,,1509,4.9,2
C,32.92,7.92,tampa,Mike's mobile mechanics,+1 813-503-4357,,"37009 Pauls Dr, Zephyrhills, FL 33541, United States",,,,,,,,,0,,,,,,,,,50,3.8,40
C,32.92,7.92,tampa,Clarke Automotive,+1 813-685-2939,http://www.clarkeauto.net,"131 Central Dr, Brandon, FL 33510, United States",,,,,,,,,0,,,,,,,,,1076,4.8,13
C,32.88,7.88,tampa,A+ Brakes & Suspension,+1 813-653-2277,https://www.brandonflautorepair.com,"426 E Brandon Blvd, Brandon, FL 33511, United States",,,,,,,,,0,,,,,,,,,564,4.6,3
C,32.87,7.87,tampa,"Bill Bowers A/C & Heating, Inc",+1 727-683-6436,https://billbowersacheating.com,"16555 US-19, Hudson, FL 34667, United States",,,,,,,,,0,,,,,,,,,1399,4.9,3
C,32.84,7.84,tampa,Total Automotive Services,+1 813-645-4632,http://totalautomotiveservices.com,"616 S U.S. Hwy 41, Ruskin, FL 33570, United States",,,,,,,,,0,,,,,,,,,294,4.4,52
C,32.84,7.84,tampa,Lightning Air Services,+1 813-964-5826,,"12920 Morris Bridge Rd, Thonotosassa, FL 33592, United States",,,,,,,,,0,,,,,,,,,4,3,2
C,32.84,7.84,tampa,Sierra Duct Cleaning,+1 813-336-0964,,"137 Bosphorous Ave, Tampa, FL 33606, United States",,,,,,,,,0,,,,,,,,,4,3,2
C,32.83,7.83,tampa,United Air Conditioning,+1 727-314-7408,https://unitedairconditioning.com,"13150 S Belcher Rd, Largo, FL 33773, United States",,,,,,,,,0,,,,,,,,,1344,4.9,42
C,32.83,7.83,tampa,All Star Heating and Cooling,+1 727-513-3310,https://www.allstar-ac.com,"6141 Siesta Ln, Port Richey, FL 34668, United States",,,,,,,,,0,,,,,,,,,990,4.8,2
C,32.82,7.82,tampa,Pattie Electric,+1 813-782-3319,http://www.pattieelectric.com,"39111 Pattie Rd, Zephyrhills, FL 33540, United States",,,,,,,,,0,,,,,,,,,156,4.2,32
C,32.8,7.8,tampa,Roman Plumbing and Air Inc.,+1 727-614-8904,https://www.romanplumbing.net,"6125 Grand Blvd, New Port Richey, FL 34652, United States",,,,,,,,,0,,,,,,,,,969,4.8,2
C,32.78,7.78,tampa,Indian Rocks Heating & Cooling,+1 727-596-1785,http://www.indian-rocks-ac.com,"13050 91st St, Largo, FL 33773, United States",,,,,,,,,0,,,,,,,,,44,3.8,30
C,32.78,7.78,tampa,Comfort Keepers LLC.,+1 813-944-9498,,,,,,,,,,frontline_communication,1,Extremely unprofessional. Tried to work with a family friend and give our business to someone we personally knew and the owner responded rudely to a message asking him if he was still coming to inspect our problem at 7pm. Would not recommend.,,,,1,,AssistantDial AI Receptionist — consistent frontline,frontline_communication,15,4.7,3
C,32.74,7.74,tampa,European Autohaus,+1 813-615-9444,http://europeanautohausinc.com,"1105 E Bearss Ave, Lutz, FL 33549, United States",,,,,,,,,0,,,,,,,,,365,4.5,2
C,32.72,7.72,tampa,Grable Plumbing & Air,+1 813-680-4806,https://grableplumbing.com,"3723 E Hillsborough Ave, Tampa, FL 33610, United States",,,,,,,,,0,,,,,,,,,895,4.8,2
C,32.69,7.69,tampa,Adirondack Services Cooling and Heating,+1 727-559-7742,http://adirondackservices.com,"2024 Seminole Blvd, Largo, FL 33778, United States",,,,,,,,,0,,,,,,,,,879,4.8,3
C,32.67,7.67,tampa,Fontana Brothers Heating & Air Conditioning,+1 813-252-1226,http://www.fontanabrothersair.com,"5438 W Crenshaw St, Tampa, FL 33634, United States",,,,,,,,,0,,,,,,,,,1169,5,2
C,32.67,7.67,tampa,A Stepping Stone AC Service and Heating,+1 813-757-6887,http://www.asteppingstoneac.com,"2718 Bennett Rd, Plant City, FL 33565, United States",,,,,,,,,0,,,,,,,,,464,4.6,2
C,32.62,7.62,tampa,RUSKIN 1 AUTO REPAIR,+1 813-296-1983,,"405 N U.S. Hwy 41, Ruskin, FL 33570, United States",,,,,,,,,0,,,,,,,,,242,4.4,3
C,32.62,7.62,tampa,Pleasant AC,+1 727-510-2032,https://www.pleasantac.com,"13831 US Hwy 19 N, Clearwater, FL 33764, United States",,,,,,,,,0,,,,,,,,,1110,4.9,2
C,32.62,7.62,tampa,HiTech Automotive,+1 813-684-1556,http://www.hitechautomotiveofbrandon.com,"119 S Montclair Ave, Brandon, FL 33511, United States",,,,,,,,,0,,,,,,,,,817,4.8,3
C,32.61,7.61,tampa,Harts Home Services,+1 727-275-7113,http://harts-homeservices.com,"6080 126th Ave N, Largo, FL 33773, United States",,,,,,,,,0,,,,,,,,,15,3.5,8
C,32.6,7.6,tampa,Shaheen auto care,+1 813-412-0414,http://www.shaheenautocare.com,"7004 N 56th St, Tampa, FL 33617, United States",,,,,,,,,0,,,,,,,,,321,4.5,3
C,32.58,7.58,tampa,Morgan's Rv Repair,+1 813-633-8366,,"3340 Ridge Rd, Wimauma, FL 33598, United States",,,,,,,,,0,,,,,,,,,20,3.6,9
C,32.57,7.57,tampa,Bergman's European Autoworks,+1 813-655-0099,https://www.bergmansauto.com,"112 Edwards Ave, Brandon, FL 33510, United States",,,,,,,,,0,,,,,,,,,576,4.7,3
C,32.57,7.57,tampa,Big Mechanic,+1 813-783-1424,,"4946 Gall Blvd, Zephyrhills, FL 33542, United States",,,,,,,,,0,,,,,,,,,168,4.3,6
C,32.56,7.56,tampa,Healthy Home Inc,+1 813-988-7701,http://healthyhometampa.com,"39017 Co Rd 54, Zephyrhills, FL 33542, United States",,,,,,,,,0,,,,,,,,,310,4.5,2
C,32.56,7.56,tampa,Protek Roofing & Solar,+1 813-344-5466,https://roofing.protekps.com,"6920 E Chelsea St, Tampa, FL 33610, United States",,,,,,,,,0,,,,,,,,,1056,4.9,4
C,32.53,7.53,tampa,Gary Air,+1 941-957-9641,http://www.garyair.com,"1891 N East Ave, Sarasota, FL 34234, United States",,,,,,,,,0,,,,,,,,,1028,4.9,2
C,32.51,7.51,tampa,Lightning Auto Repair and Tires,+1 813-488-1548,https://lightningautorepair.com,"4601 W Gandy Blvd B, Tampa, FL 33611, United States",,,,,,,,,0,,,,,,,,,743,4.8,2
C,32.51,7.51,tampa,The Cooling & Heating Guys,+1 727-362-8867,,,,,,,,,,frontline_communication,1,Attitude sucks,,,,,,AssistantDial AI Receptionist — consistent frontline,frontline_communication,16,4.8,7
C,32.5,7.5,tampa,AIM Service Group,+1 813-833-2118,https://www.aimservicegroup.com/service-area/air-conditioning-repair-costs-near-land-o-lakes-fl,"3901 Land O' Lakes Blvd, Land O' Lakes, FL 34639, United States",,,,,,,,,0,,,,,,,,,1000,5,2
C,32.5,7.5,tampa,Professor Cool,+1 813-955-8813,https://www.professor-cool.com,"2922 Land O' Lakes Blvd, Land O' Lakes, FL 34639, United States",,,,,,,,,0,,,,,,,,,1003,5,42
C,32.5,7.5,tampa,Palm Harbor Auto Services,+1 727-789-1756,,"1010 US-19 ALT, Palm Harbor, FL 34683, United States",,,,,,,,,0,,,,,,,,,158,4.3,54
C,32.45,7.45,tampa,Tampa Air Duct Cleaning & AC Repair,+1 941-344-2944,,"4015 W Cleveland St, Tampa, FL 33609, United States",,,,,,,,,0,,,,,,,,,7,3.3,3
C,32.45,7.45,tampa,Hobson's Auto Repair,+1 727-851-9838,https://hobsonautorepair.com,"9660 Seminole Blvd Ste B, Seminole, FL 33772, United States",,,,,,,,,0,,,,,,,,,954,4.9,2
C,32.42,7.42,tampa,Tommys Auto Service,+1 727-323-1444,https://www.tommysautoservice.com,"2643 22nd Ave N, St. Petersburg, FL 33713, United States",,,,,,,,,0,,,,,,,,,372,4.6,54
C,32.41,7.41,tampa,Viking Air,+1 727-777-5200,https://vikingcoldair.com,"4801 58th Ave N, St. Petersburg, FL 33714, United States",,,,,,,,,0,,,,,,,,,918,4.9,3
C,32.41,7.41,tampa,Cool Wizard Air Conditioning Services,+1 727-308-1925,https://coolwizardairconditioning.com,"564 Frederica Ln Unit D, Dunedin, FL 34698, United States",,,,,,,,,0,,,,,,,,,920,5,2
C,32.38,7.38,tampa,Marpena Auto Repair,+1 813-231-8643,,"5301 N Nebraska Ave, Tampa, FL 33603, United States",,,,,,,,,0,,,,,,,,,192,4.4,73
C,32.37,7.37,tampa,Morrisons Discount Auto Repair,+1 813-875-5377,https://morrisonsautorepair.com,"3916 N Armenia Ave #1308, Tampa, FL 33607, United States",,,,,,,,,0,,,,,,,,,260,4.5,2
C,32.34,7.34,tampa,One Way Air,+1 813-308-0331,https://onewayairfl.com/tampa,"9633 Palm River Rd, Tampa, FL 33619, United States",,,,,,,,,0,,,,,,,,,866,5,2
C,32.34,7.34,tampa,RI Automotive,+1 813-592-4150,https://riautomotive.net,"9713 N Nebraska Ave, Tampa, FL 33612, United States",,,,,,,,,0,,,,,,,,,636,4.8,2
C,32.34,7.34,tampa,Willow Bend Automotive,+1 813-949-1111,https://www.willowbendautomotive.com,"23124 FL-54, Lutz, FL 33549, United States",,,,,,,,,0,,,,,,,,,638,4.8,4
C,32.32,7.32,tampa,Green Cooling Solutions AC Repair & Installation,+1 941-401-4379,https://www.greencoolingsolutions.com,"1743 Independence Blvd Ste D1 & D2, Sarasota, FL 34234, United States",,,,,,,,,0,,,,,,,,,843,5,2
C,32.31,7.31,tampa,Lexus of Clearwater Service Center,+1 727-231-1443,https://www.lexusofclearwater.com/service,"27547 US Hwy 19 N Ste A, Clearwater, FL 33761, United States",,,,,,,,,0,,,,,,,,,615,4.8,2
C,32.3,7.3,tampa,Jenergy Air Services,+1 727-595-5366,http://www.jenergyair.com,"9075 130th Ave N Ste A, Largo, FL 33773, United States",,,,,,,,,0,,,,,,,,,610,4.8,3
C,32.28,7.28,tampa,Franks Air Conditioning & Heating,+1 813-804-2665,https://www.franksacandheating.com,"37812 CR 54, Zephyrhills, FL 33542, United States",,,,,,,,,0,,,,,,,,,812,4.9,2
C,32.27,7.27,tampa,Boss Electric Corporation,+1 727-791-1308,https://bosselectriccorp.com,"39048 US Hwy 19 N, Tarpon Springs, FL 34689, United States",,,,,,,,,0,,,,,,,,,69,4.1,3
C,32.26,7.26,tampa,All Pro Plumbing & Air,+1 813-616-1851,https://callthepro.com,"5555 W Linebaugh Ave Ste 100, Tampa, FL 33624, United States",,,,,,,,,0,,,,,,,,,801,4.9,2
C,32.25,7.25,tampa,NewPort Air Duct Cleaning & Chimney Cleaning,+1 727-261-2750,,"1324 Seven Springs Blvd, New Port Richey, FL 34655, United States",,,,,,,,followup_dropped,1,Meet with my husband on 1/4/23 and said they would send over a proposal the next day. It's now 1/10 and nothing was ever sent. Went with another company.,,,,,,AssistantDial Call Summaries + Auto Contact Creation,followup_dropped,20,4.7,10
C,32.24,7.24,tampa,"Kron & West, Inc",+1 727-345-0317,https://www.kronwest.com,"6981 Sunset Dr S, South Pasadena, FL 33707, United States",,,,,,,,,0,,,,,,,,,581,4.8,22
C,32.22,7.22,tampa,Murray Motive - Complete Auto Repair + Transmissions,+1 813-854-5115,https://murraymotive.com,"3918 Tampa Rd, Oldsmar, FL 34677, United States",,,,,,,,,0,,,,,,,,,421,4.7,52
C,32.22,7.22,tampa,Grease Monkey,+1 813-645-0339,https://www.greasemonkey.com/locations/fl/ruskin/2003-s.-us-hwy-41,"2003 S U.S. Hwy 41, Ruskin, FL 33570, United States",,,,,,,,,0,,,,,,,,,568,4.8,5
C,32.22,7.22,tampa,Melo Air,+1 813-451-9438,https://www.meloair.net,"550 N Reo St #300, Tampa, FL 33609, United States",,,,,,,,,0,,,,,,,,,122,4.3,53
C,32.21,7.21,tampa,Frontline Services ACHR,+1 727-251-8065,http://frontlineservices-achr.com,"13355 S Belcher Rd Ste 205, Largo, FL 33773, United States",,,,,,,,,0,,,,,,,,,763,5,2
C,32.19,7.19,tampa,I Care Air Care,+1 813-395-2324,https://icareaircare.com,"27022 Foamflower Blvd, Wesley Chapel, FL 33544, United States",,,,,,,,,0,,,,,,,,,754,4.9,2
C,32.18,7.18,tampa,Supreme Auto Care,+1 727-797-5552,http://www.supremeautocare.net,"1500 10th St S, Safety Harbor, FL 34695, United States",,,,,,,,,0,,,,,,,,,748,5,4
C,32.17,7.17,tampa,Forest Air Conditioning & Heating,+1 727-865-6004,https://www.forestairac.com,"2990 32nd St S, St. Petersburg, FL 33712, United States",,,,,,,,,0,,,,,,,,,744,4.9,2
C,32.16,7.16,tampa,REM Air Conditioning of Tampa,+1 813-248-5877,https://www.remairconditioning.com,"3212 N 40th St #602, Tampa, FL 33605, United States",,,,,,,,,0,,,,,,,,,535,4.8,2
C,32.13,7.13,tampa,Gould's Air Conditioning & Heating LLC,+1 813-752-1970,http://www.gouldsac.com,"901 E Baker St, Plant City, FL 33563, United States",,,,,,,,,0,,,,,,,,,716,4.9,2
C,32.13,7.13,tampa,Rv Unlimited,+1 813-588-4760,http://www.rv-unlimited.com,"5004 E Fowler Ave Ste C 413, Tampa, FL 33617, United States",,,,,,,,,0,,,,,,,,,61,4.1,5
C,32.13,7.13,tampa,Bay Brothers Automotive,+1 813-491-7439,https://baybrothersauto.com,"3712 N Nebraska Ave, Tampa, FL 33603, United States",,,,,,,,,0,,,,,,,,,708,4.9,2
C,32.12,7.12,tampa,"Affordable Air Solutions, Inc.",+1 813-546-2753,https://www.aasoftampa.com,"5432-A W Crenshaw St, Tampa, FL 33634, United States",,,,,,,,,0,,,,,,,,,111,4.3,5
C,32.11,7.11,tampa,Palm Harbor Mobil & Auto Service Center,+1 727-787-5588,http://billssupergas.com,"1003 Florida Ave, Palm Harbor, FL 34683, United States",,,,,,,,,0,,,,,,,,,377,4.7,2
C,32.11,7.11,tampa,Custom Air Conditioning & Air Quality,+1 813-641-4889,https://www.customacquality.com,"36921 Pure Water Wy, Zephyrhills, FL 33541, United States",,,,,,,,,0,,,,,,,,,697,4.9,3
C,32.1,7.1,tampa,Woody Tucker Plumbing and Air Conditioning inc,+1 727-868-2139,https://www.woodytuckerplumbing.com,"2438 Merchant Ave Ste 101, Odessa, FL 33556, United States",,,,,,,,,0,,,,,,,,,110,4.3,22
C,32.1,7.1,tampa,Relief Services llc,+1 813-466-5950,https://reliefservicesflorida.com,"2807 Clifford Sample Dr Ste A, Tampa, FL 33619, United States",,,,,,,,,0,,,,,,,,,375,4.7,3
C,32.09,7.09,tampa,Aqua Plumbing & Air Ellenton,+1 941-306-3715,http://www.aquaplumbingsarasota.com,"3912 US-301, Ellenton, FL 34222, United States",,,,,,,,,0,,,,,,,,,686,4.9,7
C,32.09,7.09,tampa,Air 24/7,+1 813-491-8516,https://air247.com,"3826 S 78th St, Tampa, FL 33619, United States",,,,,,,,,0,,,,,,,,,687,4.9,3
C,32.09,7.09,tampa,3H AC of Tampa,+1 813-979-4208,https://3hac.com,"930 E 124th Ave, Tampa, FL 33612, United States",,,,,,,,,0,,,,,,,,,684,4.9,2
C,32.08,7.08,tampa,ALI&COLD LLC,+1 727-831-5573,,,,,,,,,,,0,,,,,,,,,2,3,1
C,32.08,7.08,tampa,Polar Bear Air,+1 813-653-3536,,"501 S Falkenburg Rd, Tampa, FL 33619, United States",,,,,,,,,0,,,,,,,,,2,3,1
C,32.08,7.08,tampa,Evolve Mechanical,+1 813-442-6172,https://www.evolvemechanical.com,"2502 E Wilder Ave #213, Tampa, FL 33610, United States",,,,,,,,,0,,,,,,,,,2,3,0
C,32.08,7.08,tampa,Lonestar HVAC,+1 813-413-1868,,"6214 E Columbus Dr, Tampa, FL 33619, United States",,,,,,,,,0,,,,,,,,,2,3,0
C,32.06,7.06,tampa,LPAC Services-Larry Pearson AC,+1 941-755-7122,http://www.lpacservices.com,"4725 Lena Rd #109, Bradenton, FL 34211, United States",,,,,,,,,0,,,,,,,,,664,4.9,2
C,32.06,7.06,tampa,AC Heroes,+1 941-724-7127,http://www.ac-heroes.com,"3107 29th Ave E Unit A, Bradenton, FL 34208, United States",,,,,,,,,0,,,,,,,,,668,5,2
C,32.05,7.05,tampa,Bloomingdale Air,+1 813-685-2665,https://brandonairconditioning.com,"1540 E Bloomingdale Ave, Valrico, FL 33596, United States",,,,,,,,,0,,,,,,,,,663,4.9,2
C,32.04,7.04,tampa,Farrell Air Conditioning,+1 727-625-5999,https://farrellac.com,"6840 Commerce Ave A, Port Richey, FL 34668, United States",,,,,,,,,0,,,,,,,,,657,5,2
C,32.02,7.02,tampa,J&L Air Conditioning & Heating,+1 813-996-2044,https://landolakesairconditioning.com,"3909 Fieldflower Ct, Land O' Lakes, FL 34639, United States",,,,,,,,,0,,,,,,,,,647,4.9,32
C,32.02,7.02,tampa,Proctors Precision Automotive,+1 813-641-8211,,"2604 E College Ave, Ruskin, FL 33570, United States",,,,,,,,,0,,,,,,,,,55,4.1,32
C,32.01,7.01,tampa,Tampa Bay Air Conditioning,+1 813-797-5364,https://www.tampabayac.net,"6343 Land O' Lakes Blvd, Land O' Lakes, FL 34638, United States",,,,,,,,,0,,,,,,,,,637,5,2
C,32.01,7.01,tampa,Johnny Cool HVAC,+1 727-847-0108,https://johnnycooling.com,"8645 Ridge Rd, New Port Richey, FL 34654, United States",,,,,,,,,0,,,,,,,,,634,4.9,22
C,32.01,7.01,tampa,Middleton's Auto Care,+1 727-822-5820,http://middletonsautocare.com,"2740 Dr M.L.K. Jr St N, St. Petersburg, FL 33704, United States",,,,,,,,,0,,,,,,,,,466,4.8,2
C,32.0,7.0,tampa,CityTech FL,+1 813-822-8070,http://citytechservice.us,"8380 Ulmerton Rd #304, Largo, FL 33771, United States",,,,,,,,,0,,,,,,,,,465,4.8,2
C,32.0,7.0,tampa,Tire Mount & Auto Repair,+1 813-405-4000,http://www.tiremountfl.com,"124 W Hillsborough Ave, Tampa, FL 33604, United States",,,,,,,,,0,,,,,,,,,465,4.8,2
C,31.99,6.99,tampa,Bahr's Propane Gas & AC Inc,+1 813-782-5013,http://www.bahrspropanegasandac.com,"4441 Allen Rd, Zephyrhills, FL 33541, United States",,,,,,,,,0,,,,,,,,,250,4.6,3
C,31.99,6.99,tampa,Integrity Tire & Automotive Centers Inc,+1 727-376-8888,https://www.integritytire727.com,"4029 Little Rd, New Port Richey, FL 34655, United States",,,,,,,,,0,,,,,,,,,250,4.6,5
C,31.98,6.98,tampa,Ace Hardware of Sun City Center,+1 813-634-5363,https://www.acehardware.com/store-details/16244,"16440 US-301, Wimauma, FL 33598, United States",,,,,,,,,0,,,,,,,,,182,4.5,13
C,31.97,6.97,tampa,"DUNEDIN GARAGE, INC.",+1 727-734-8895,http://dunedingarage.com,"957 Douglas Ave, Dunedin, FL 34698, United States",,,,,,,,,0,,,,,,,,,610,5,2
C,31.96,6.96,tampa,Paradise Air Inc,+1 727-365-2694,http://www.paradise-air-inc.com,"1590 Seminole Blvd, Largo, FL 33770, United States",,,,,,,,,0,,,,,,,,,606,4.9,3
C,31.96,6.96,tampa,Sun Air Services,+1 813-684-9919,https://www.sunairtampa.com,"7304 Causeway Blvd, Tampa, FL 33619, United States",,,,,,,,,0,,,,,,,,,241,4.6,12
C,31.95,6.95,tampa,Florida A/C Services,+1 727-710-6370,https://www.flacservices.com,"6258 118th Ave N #3, Largo, FL 33773, United States",,,,,,,,,0,,,,,,,,,601,5,2
C,31.95,6.95,tampa,Garrett Plumbing Inc,+1 727-866-4408,http://garrettplumbinginc.com,"15350 1st St E, Madeira Beach, FL 33708, United States",,,,,,,,,0,,,,,,,,,327,4.7,12
C,31.94,6.94,tampa,Badger Bob's Services,+1 941-924-1920,https://badgerbobs.com,"7820 Causeway Blvd Ste A, Tampa, FL 33619, United States",,,,,,,,,0,,,,,,,,,598,4.9,12
C,31.93,6.93,tampa,Airrific Air Conditioning and Heating,+1 941-371-3355,https://www.airrific.com,"6321 Porter Rd Unit 9, Sarasota, FL 34240, United States",,,,,,,,,0,,,,,,,,,438,4.8,2
C,31.91,6.91,tampa,Affordable AC & Auto Repair Of Tampa,+1 813-932-9643,https://affordableautoandacoftampa.com,"14239 N Florida Ave Suite B, Tampa, FL 33613, United States",,,,,,,,,0,,,,,,,,,170,4.5,52
C,31.9,6.9,tampa,Revolution Home Services,+1 727-639-3275,https://revolutionservices.com,"4801 122nd Ave N, Clearwater, FL 33762, United States",,,,,,,,,0,,,,,,,,,574,4.9,3
C,31.89,6.89,tampa,7th Generation Air Conditioning & Heating,+1 941-299-7619,https://7thgenerationair.com,"27115 Brandiff Rd, Myakka City, FL 34251, United States",,,,,,,,,0,,,,,,,,,573,4.9,13
C,31.88,6.88,tampa,Dunedin Refrigeration,+1 727-733-8446,https://www.dunedinrefrigeration.com,"228 Douglas Ave, Dunedin, FL 34698, United States",,,,,,,,,0,,,,,,,,,224,4.6,2
C,31.88,6.88,tampa,"RMR Air Conditioning, LLC",+1 813-701-5952,https://www.rmrairconditioning.com,"5531 6th St, Zephyrhills, FL 33542, United States",,,,,,,,,0,,,,,,,,,561,5,2
C,31.87,6.87,tampa,Thonotosassa Auto Repair,+1 813-982-1370,,"10065 E Fowler Ave, Thonotosassa, FL 33592, United States",,,,,,,,,0,,,,,,,,,222,4.6,23
C,31.86,6.86,tampa,Mr. Handyman serving Brandon to Bradenton Beach,+1 813-680-3438,https://www.mrhandyman.com/brandon-valrico-plant-city/?cid=LSTL_MHM000197,"4327 Lynx Paw Trail, Valrico, FL 33596, United States",,,,,,,,,0,,,,,,,,,408,4.8,2
C,31.84,6.84,tampa,Blue Bear Total Home Services,+1 941-212-1380,https://www.bluebeartotalhomeservices.com,"2233 S Dock St, Palmetto, FL 34221, United States",,,,,,,,,0,,,,,,,,,546,5,2
C,31.83,6.83,tampa,Five Star Auto Repair llc,+1 813-965-3721,http://fivestarautorepair.net,"11835 US Hwy 41 S, Gibsonton, FL 33534, United States",,,,,,,,,0,,,,,,,,,159,4.5,3
C,31.82,6.82,tampa,Air Now Air Conditioning & Electric,+1 813-374-2225,http://www.myairnow.com,"221 S 78th St, Tampa, FL 33619, United States",,,,,,,,,0,,,,,,,,,291,4.7,43
C,31.82,6.82,tampa,Bob Stapleton Heating & Air Conditioning,+1 727-531-5642,http://stapletonairfloac.com,"1373 S Belcher Rd Unit A, Largo, FL 33771, United States",,,,,,,,,0,,,,,,,,,532,4.9,51
C,31.81,6.81,tampa,L&R Air Conditioning and Refrigeration Inc,+1 727-366-7731,https://www.lowercostcooling.com,"1030 Chelsea Ln, Holiday, FL 34691, United States",,,,,,,,,0,,,,,,,,,529,5,2
C,31.81,6.81,tampa,First Response Heating & Cooling,+1 813-710-4669,https://www.1stresponseairconditioning.com,"712 E Alsobrook St #7, Plant City, FL 33563, United States",,,,,,,,,0,,,,,,,,,530,4.9,12
C,31.81,6.81,tampa,Harrison Hardy Inc,+1 727-669-7331,http://harrisonhardyac.com,"1185 Cedar St, Safety Harbor, FL 34695, United States",,,,,,,,,0,,,,,,,,,527,4.9,2
C,31.79,6.79,tampa,Integrity AC,+1 941-704-9413,http://www.bestintegrityac.com,"1202 Gary Ave #1, Ellenton, FL 34222, United States",,,,,,,,,0,,,,,,,,,521,4.9,2
C,31.79,6.79,tampa,Hurricane Air & Restoration,+1 941-282-7797,https://hurricaneair.com,"2101 Starkey Rd Ste M3, Largo, FL 33771, United States",,,,,,,,,0,,,,,,,,,521,4.9,2
C,31.78,6.78,tampa,Carriage Auto Services Center,+1 813-649-0818,http://carriageautoservice.com,"284 Apollo Beach Blvd, Apollo Beach, FL 33572, United States",,,,,,,,,0,,,,,,,,,278,4.7,52
C,31.77,6.77,tampa,Blair's Air Conditioning and Heating,+1 727-304-4912,https://blairsair.com,"12601 Automobile Blvd, Clearwater, FL 33762, United States",,,,,,,,,0,,,,,,,,,110,4.4,14
C,31.77,6.77,tampa,Ahoy Cooling and Heating,+1 813-596-5766,https://callahoy.com,"7604 Industrial Ln #4d, Temple Terrace, FL 33637, United States",,,,,,,,,0,,,,,,,,,510,4.9,2
C,31.77,6.77,tampa,"Andy's Automotive, Inc.",+1 727-321-6414,https://andys-automotive.com,"2800 5th Ave S, St. Petersburg, FL 33712, United States",,,,,,,,,0,,,,,,,,,507,4.9,2
C,31.76,6.76,tampa,Sonny's Tire & Automotive,+1 813-626-4556,,"5906 Gornto Lake Rd, Riverview, FL 33578, United States",,,,,,,,,0,,,,,,,,,201,4.6,2
C,31.73,6.73,tampa,Air Zero,+1 727-392-6111,http://www.airzero.com,"12953 92nd St N, Largo, FL 33773, United States",,,,,,,,,0,,,,,,,,,364,4.8,2
C,31.73,6.73,tampa,Erie Home Roofing,+1 813-491-9459,https://eriehome.com/locations/roofing/westchase-fl,"12332 Race Track Rd Suite 4, Westchase, FL 33626, United States",,,,,,,,,0,,,,,,,,,197,4.6,2
C,31.73,6.73,tampa,"COOL AID A/C SERVICE, CORPORATION",+1 813-963-2157,https://www.coolaidcomfort.com,"2517 Krueger Ln, Tampa, FL 33618, United States",,,,,,,,,0,,,,,,,,,492,5,2
C,31.72,6.72,tampa,St.Josephs Automotive-Provides High-Quality Repair.,+1 813-681-9263,http://www.stjosephsautomotive.net,"501 Wilbur St, Brandon, FL 33511, United States",,,,,,,,,0,,,,,,,,,486,4.9,2
C,31.71,6.71,tampa,CMB Air,+1 813-447-1443,https://www.cmbair.com,,,,,,,,,,0,,,,,,,,,481,4.9,2
C,31.71,6.71,tampa,Auto Clinic Of Brandon,+1 813-654-8686,https://www.autoclinicofbrandon.com,"901 W Brandon Blvd, Brandon, FL 33511, United States",,,,,,,,,0,,,,,,,,,355,4.8,3
C,31.7,6.7,tampa,Flo-Rite Air Conditioning and Heating,+1 813-668-6463,https://flo-riteac.com,"902 W Dr Martin Luther King Jr Blvd Unit 4, Plant City, FL 33563, United States",,,,,,,,,0,,,,,,,,,478,4.9,2
C,31.7,6.7,tampa,Romo's Plumbing & A/C Inc.,+1 727-463-3393,https://romosplumbing.com,"12515 Ulmerton Rd, Largo, FL 33774, United States",,,,,,,,,0,,,,,,,,,353,4.8,2
C,31.68,6.68,tampa,Discount Air Conditioning,+1 941-355-2665,https://www.discountairconditioning.net,"2301 9th St E Ste A, Bradenton, FL 34208, United States",,,,,,,,,0,,,,,,,,,470,4.9,3
C,31.68,6.68,tampa,TLS Insulation - Division of TLS Energy Savers - St. Petersburg,+1 727-617-3770,https://tlsenergysavers.com/st-petersburg,"1090 77th Ave N St, St. Petersburg, FL 33702, United States",,,,,,,,,0,,,,,,,,,473,5,42
C,31.68,6.68,tampa,The Burg Automotive,+1 727-527-9622,http://www.theburgauto.com,"4590 49th Street N, St. Petersburg, FL 33709, United States",,,,,,,,,0,,,,,,,,,473,4.9,3
C,31.67,6.67,tampa,"Climatic Conditioning Co., Inc.",+1 941-304-4722,https://climaticconditioning.com,"2212 Whitfield Park Loop, Sarasota, FL 34243, United States",,,,,,,,,0,,,,,,,,,463,4.9,52
C,31.66,6.66,tampa,Phillips Air Conditioning & Heating,+1 727-709-7979,https://airphillips.com,"1427 4th St S, St. Petersburg, FL 33701, United States",,,,,,,,,0,,,,,,,,,462,4.9,2
C,31.66,6.66,tampa,Red Carpet Air Conditioning and Heating Services,+1 813-532-3337,https://www.red-carpet-air.com,"1511 E Fowler Ave b, Tampa, FL 33612, United States",,,,,,,,,0,,,,,,,,,183,4.6,2
C,31.66,6.66,tampa,Big Tires & More Tire Pros,+1 813-949-8095,https://bigtiresandmore.com,"17324 US-41, Lutz, FL 33549, United States",,,,,,,,,0,,,,,,,,,339,4.8,2
C,31.62,6.62,tampa,Libra Air Heating & Cooling,+1 727-387-3906,https://libraaircooling.com,"1013 Prescott Ln, Holiday, FL 34691, United States",,,,,,,,,0,,,,,,,,,445,5,3
C,31.62,6.62,tampa,Dan's Brake World,+1 727-323-5500,https://www.dansbrakeworld.com,"2200 34th St S, St. Petersburg, FL 33711, United States",,,,,,,,,0,,,,,,,,,448,4.9,12
C,31.62,6.62,tampa,Auto Air and Repair By Ben,+1 813-269-9999,,"8406 N Blvd, Tampa, FL 33604, United States",,,,,,,,,0,,,,,,,,,242,4.7,6
C,31.6,6.6,tampa,Raed's Appliance Repair and Parts,+1 813-990-7773,,"1212 W Waters Ave, Tampa, FL 33604, United States",,,,,,,,,0,,,,,,,,,69,4.3,59
C,31.59,6.59,tampa,Poulin Cooling A/C and Refrigeration,+1 727-252-9602,https://poulincooling.com,"1227 S Lincoln Ave, Clearwater, FL 33756, United States",,,,,,,,,0,,,,,,,,,434,5,2
C,31.59,6.59,tampa,JS Watson Air,+1 813-313-7826,http://jswatsonair.com,"11113 Browning Rd, Lithia, FL 33547, United States",,,,,,,,,0,,,,,,,,,432,5,2
C,31.58,6.58,tampa,Value Air and Heat HVAC St Petersburg,+1 727-418-3211,https://valueairandheat.com,"146 2nd St N #305, St. Petersburg, FL 33701, United States",,,,,,,,,0,,,,,,,,,431,5,2
C,31.57,6.57,tampa,Fonz Heating & Air,+1 941-799-9263,https://www.fonzheatingandair.com,"10211 Bud Rhoden Rd, Palmetto, FL 34221, United States",,,,,,,,,0,,,,,,,,,422,5,2
C,31.57,6.57,tampa,"Reliant Heating and Air Conditioning, LLC",+1 727-543-2134,https://reliantacguys.com,"1765 Carnegie Ave, Clearwater, FL 33756, United States",,,,,,,,,0,,,,,,,,,422,4.9,2
C,31.53,6.53,tampa,"Kenny's Air Conditioning & Heating Services, Inc.",+1 813-875-3669,https://ackenny.com,"4418 N Cortez Ave, Tampa, FL 33614, United States",,,,,,,,,0,,,,,,,,,302,4.8,2
C,31.53,6.53,tampa,Kasey G’s Mobile RV Repair,+1 941-447-6232,,"6529 US-41, Ruskin, FL 33570, United States",,,,,,,,,0,,,,,,,,,19,3.9,6
C,31.53,6.53,tampa,Unik Heating & Cooling,+1 813-324-9354,https://unikacrepair.com,,,,,,,,,,0,,,,,,,,,48,4.2,13
C,31.53,6.53,tampa,Northside Services,+1 813-975-8815,http://northsideservices.com,"10701 N Nebraska Ave, Tampa, FL 33612, United States",,,,,,,,,0,,,,,,,,,407,4.9,2
C,31.52,6.52,tampa,Frosty's Air Conditioning,+1 813-621-5900,http://airconditioningrepairbrandonfl.com,"8830 Causeway Blvd, Tampa, FL 33619, United States",,,,,,,,,0,,,,,,,,,298,4.8,2
C,31.52,6.52,tampa,Cool Comfort Heating And Cooling,+1 813-680-5348,https://coolcomfortflorida.com,"11104 Bloomington Dr, Tampa, FL 33635, United States",,,,,,,,,0,,,,,,,,,404,4.9,3
C,31.51,6.51,tampa,A1 Windows and Doors,+1 727-295-4116,https://www.a1fla.com,"320 1st Ave N, St. Petersburg, FL 33701, United States",,,,,,,,,0,,,,,,,,,296,4.8,2
C,31.51,6.51,tampa,Tampa Auto Doctor,+1 813-474-4330,https://www.tampaautodoctor.com,"6840 S MacDill Ave, Tampa, FL 33611, United States",,,,,,,,,0,,,,,,,,,400,4.9,3
C,31.5,6.5,tampa,Manfredi Heating & Air Conditioning,+1 727-376-8797,http://manfrediair.com,"8017 Pepperidge Ln, Port Richey, FL 34668, United States",,,,,,,,,0,,,,,,,,,397,5,62
C,31.49,6.49,tampa,My AC Guy Heating and Cooling LLC,+1 813-541-5642,http://www.myacserviceguy.com,"4503 Cabbage Palm Dr, Valrico, FL 33596, United States",,,,,,,,,0,,,,,,,,,395,5,2
C,31.49,6.49,tampa,Carr Air Conditioning & Heating LLC,+1 727-447-7212,https://www.carrairconditioning.com,"1619 S Missouri Ave, Clearwater, FL 33756, United States",,,,,,,,,0,,,,,,,,,394,4.9,2
C,31.48,6.48,tampa,Cool Down Air Conditioning & Heating,+1 941-549-9998,https://cooldownair.com,"1423 Golden Glow Dr, Ruskin, FL 33570, United States",,,,,,,,,0,,,,,,,,,393,5,2
C,31.48,6.48,tampa,Mr. AC,+1 941-655-9630,http://www.callmrac.com?utm_crid=ELT0101_WEB009_61603538,"2114 58th Ave E, Bradenton, FL 34203, United States",,,,,,,,,0,,,,,,,,,390,4.9,2
C,31.48,6.48,tampa,Cortez Heating & Air Conditioning,+1 941-755-5211,http://www.cortez-ac.com,"5012 US-41, Palmetto, FL 34221, United States",,,,,,,,,0,,,,,,,,,18,3.9,8
C,31.48,6.48,tampa,"Southeast Windows & Glass, Inc",+1 813-645-3370,https://sewindows.com,"516 US-41, Ruskin, FL 33570, United States",,,,,,,,,0,,,,,,,,,84,4.4,2
C,31.48,6.48,tampa,"Amen Air, Inc.",+1 727-862-5512,http://www.amenair.com,"10137 Midas Dr, Port Richey, FL 34668, United States",,,,,,,,,0,,,,,,,,,155,4.6,12
C,31.47,6.47,tampa,"Nice Air, LLC",+1 941-739-5000,https://niceairllc.com,"5420 24th St W, Bradenton, FL 34207, United States",,,,,,,,,0,,,,,,,,,386,4.9,22
C,31.47,6.47,tampa,Airprompt Air Conditioning & Electric,+1 727-291-9855,http://www.airpromptac.com,"8124 Washington St, Port Richey, FL 34668, United States",,,,,,,,,0,,,,,,,,,283,4.8,2
C,31.47,6.47,tampa,GR Automotive Service & Repair,+1 727-280-6262,https://grautomotivefl.com,"221 Tarpon Industrial Cir, Tarpon Springs, FL 34689, United States",,,,,,,,,0,,,,,,,,,385,5,2
C,31.46,6.46,tampa,Optimum Plumbing LLC,+1 813-391-9287,https://www.optimumplumbingllc.com,"4022 Land O' Lakes Blvd Ste 104, Land O' Lakes, FL 34639, United States",,,,,,,,,0,,,,,,,,,384,4.9,2
C,31.46,6.46,tampa,Next Level Diesel Repair LLC,+1 813-713-3051,https://nextleveldieselrepair.com,"3437 Patricia Dr, Zephyrhills, FL 33541, United States",,,,,,,,,0,,,,,,,,,152,4.6,2
C,31.45,6.45,tampa,Jamie's Air Conditioning Co,+1 813-685-8027,http://jamiesairconditioning.com,"207 Lithia Pinecrest Rd, Brandon, FL 33511, United States",,,,,,,,,0,,,,,,,,,151,4.6,32
C,31.45,6.45,tampa,Bill Laursen Construction Inc,+1 727-945-9663,http://www.laursenconstruction.com,"1911 Oakmont Ave, Tarpon Springs, FL 34689, United States",,,,,,,,,0,,,,,,,,,13,3.8,2
C,31.45,6.45,tampa,1-800 Radiator & A/C,+1 813-884-9260,http://www.radiator.com/locations/tampa-florida,"5300 E Adamo Dr, Tampa, FL 33619, United States",,,,,,,,,0,,,,,,,,,82,4.4,37
C,31.44,6.44,tampa,Mobile mechanic Riverview,+1 813-410-3554,,"11212 Southern Cross Pl, Gibsonton, FL 33534, United States",,,,,,,,,0,,,,,,,,,60,4.3,8
C,31.44,6.44,tampa,Plan B A/C,+1 813-807-7957,https://planbairconditioning.com,"333 N Falkenburg Rd B-208, Tampa, FL 33619, United States",,,,,,,,,0,,,,,,,,,376,4.9,2
C,31.43,6.43,tampa,Sharpe Roofing,+1 727-375-7055,https://www.sharperoof.com,"11206 Challenger Ave, Odessa, FL 33556, United States",,,,,,,,,0,,,,,,,,,275,4.8,2
C,31.42,6.42,tampa,Accurate Heating and Cooling,+1 941-727-2410,https://accurateheatingandcooling.com,"4704 5th St W, Bradenton, FL 34207, United States",,,,,,,,,0,,,,,,,,,372,5,54
C,31.42,6.42,tampa,All American Heating & Cooling,+1 941-451-5228,https://allamericanhc.com,"1351 Global Ct, Sarasota, FL 34240, United States",,,,,,,,,0,,,,,,,,,368,4.9,3
C,31.41,6.41,tampa,"SUPREME AIR & HEAT , LLC",+1 727-370-2316,http://supremeairandheat.com,"407 3rd Ave NE, Largo, FL 33770, United States",,,,,,,,,0,,,,,,,,,367,5,13
C,31.41,6.41,tampa,Dave's Automotive Repair,+1 727-607-4052,https://davesauto727.com,"5290 95th St N Ste A, St. Petersburg, FL 33708, United States",,,,,,,,,0,,,,,,,,,365,4.9,13
C,31.38,6.38,tampa,Pinellas Auto Radiator & AC,+1 727-942-2333,http://www.pinellasautoradiator.com,"209 E Lemon St, Tarpon Springs, FL 34689, United States",,,,,,,,,0,,,,,,,,,264,4.8,2
C,31.38,6.38,tampa,Healthy A/C LLC,+1 727-217-6509,,,,,,,,,,,0,,,,,,,,,9,3.7,4
C,31.38,6.38,tampa,T & T HVAC/Duct Cleaning,+1 813-328-1910,,"115 S Grady Ave, Tampa, FL 33609, United States",,,,,,,,,0,,,,,,,,,9,3.7,1
C,31.37,6.37,tampa,Air Police LLC,+1 941-401-0564,https://www.airpolice911.com,"4104 61st St E, Palmetto, FL 34221, United States",,,,,,,,delivery_quality,1,"They do very bad job , they suppose to remove mold but they didn’t I don’t recommend this air police people",,,,1,,,delivery_quality,14,4.6,3
C,31.36,6.36,tampa,Manatee Air Heating & Cooling Inc,+1 941-278-5290,https://www.manateeair.com,"5819 21st St E, Bradenton, FL 34203, United States",,,,,,,,,0,,,,,,,,,258,4.8,12
C,31.36,6.36,tampa,Bruce Jones Air Conditioning,+1 813-986-0264,http://brucejonesair.com,"7603 Kinard Rd, Plant City, FL 33565, United States",,,,,,,,,0,,,,,,,,,349,5,3
C,31.35,6.35,tampa,Locke's Expert & Quality Service - Air Conditioning & Heating,+1 813-644-2653,https://expertservicetechs.com,"1033 W Busch Blvd, Tampa, FL 33612, United States",,,,,,,,,0,,,,,,,,,188,4.7,3
C,31.35,6.35,tampa,Ducts All Done,+1 813-923-2906,https://ductsalldone.com,"13542 N Florida Ave Unit 211B, Tampa, FL 33613, United States",,,,,,,,,0,,,,,,,,,348,4.9,3
C,31.35,6.35,tampa,Cooper's Automotive Repair inc,+1 727-443-7922,http://coopersar.com/platform,"1603 N Hercules Ave, Clearwater, FL 33765, United States",,,,,,,,,0,,,,,,,,,188,4.7,13
C,31.34,6.34,tampa,"Anytime Air, Inc.",+1 727-439-4399,http://www.anytimeairtampabay.com,"1565 S Missouri Ave, Clearwater, FL 33756, United States",,,,,,,,,0,,,,,,,,,344,5,2
C,31.33,6.33,tampa,Phil's Handy Service,+1 813-839-3433,https://philshandyservice.com,"7207 S Westshore Blvd, Tampa, FL 33616, United States",,,,,,,,,0,,,,,,,,,185,4.7,2
C,31.32,6.32,tampa,AG Drywall Repair Services Inc,+1 813-388-7563,http://www.agdrywall.com,"11356 Balm Riverview Rd, Riverview, FL 33569, United States",,,,,,,,,0,,,,,,,,,336,4.9,2
C,31.31,6.31,tampa,Tropic Supply,+1 813-514-1198,https://www.tropicsupply.com,"5120 E Adamo Dr # A, Tampa, FL 33619, United States",,,,,,,,,0,,,,,,,,,72,4.4,43
C,31.31,6.31,tampa,Ace Handyman Services Greater Land O Lakes,+1 813-358-7247,https://www.acehandymanservices.com/office,"21326 Coakley Ln, Land O' Lakes, FL 34639, United States",,,,,,,,,0,,,,,,,,,333,4.9,3
C,31.3,6.3,tampa,"OEL Heating and Cooling, LLC",+1 813-381-4738,https://oelair.com,"10157 Tom Folsom Rd, Thonotosassa, FL 33592, United States",,,,,,,,,0,,,,,,,,,332,4.9,2
C,31.29,6.29,tampa,Chris' Little Garage,+1 727-525-6440,http://chrislittlegarage.com,"6451 5th Ave S, St. Petersburg, FL 33707, United States",,,,,,,,,0,,,,,,,,,96,4.5,66
C,31.28,6.28,tampa,Choice Automotive Repair,+1 727-289-7101,http://www.choiceautomotiverepair.com,"6957 US Hwy 19 N, Pinellas Park, FL 33781, United States",,,,,,,,,0,,,,,,,,,238,4.8,4
C,31.27,6.27,tampa,"Liberty Air Heating & Cooling, Inc",+1 727-235-0500,https://libertyacinc.com,"2394 9th St N B, St. Petersburg, FL 33704, United States",,,,,,,,,0,,,,,,,,,320,4.9,22
C,31.27,6.27,tampa,Absolute Auto Repair,+1 813-659-1302,https://www.absoluteautorepair.net,"13095 US-92, Dover, FL 33527, United States",,,,,,,,,0,,,,,,,,,322,4.9,53
C,31.26,6.26,tampa,"Ervin Air, Inc.",+1 727-320-0011,https://www.ervinair.com,"12961 44th St N Ste A, Clearwater, FL 33762, United States",,,,,,,,,0,,,,,,,,,318,4.9,4
C,31.26,6.26,tampa,Restoreez,+1 813-703-0300,https://restoreez.com,"777 Wesley Ave, Tarpon Springs, FL 34689, United States",,,,,,,,,0,,,,,,,,,318,4.9,2
C,31.26,6.26,tampa,Hooligan Auto Repair,+1 727-867-5718,,"4930 34th St S, St. Petersburg, FL 33711, United States",,,,,,,,,0,,,,,,,,,93,4.5,3
C,31.26,6.26,tampa,Terrace Auto,+1 813-980-6006,http://terraceautorepair.com,"9930 US-301, Tampa, FL 33637, United States",,,,,,,,,0,,,,,,,,,173,4.7,32
C,31.25,6.25,tampa,Air Stream Heating & Air Conditioning,+1 813-960-0510,https://tampaacrepairs.com,"1208 W Linebaugh Ave, Tampa, FL 33612, United States",,,,,,,,,0,,,,,,,,,68,4.4,3
C,31.24,6.24,tampa,"Hank's Heating & Cooling, LLC",+1 813-538-6457,https://hanksheatingcooling.com,,,,,,,,,,0,,,,,,,,,314,5,3
C,31.23,6.23,tampa,"Marks Air, Inc.",+1 813-988-1671,http://www.marksair.com,"8214 Bowles Rd, Tampa, FL 33637, United States",,,,,,,,,0,,,,,,,,,124,4.6,74
C,31.23,6.23,tampa,Dan's Auto llc,+1 727-323-1988,http://dans-autoshop.com,"2837 21st Ave N, St. Petersburg, FL 33713, United States",,,,,,,,,0,,,,,,,,,168,4.7,33
C,31.22,6.22,tampa,Victor Air Conditioning & Heating LLC,+1 813-992-4963,https://victorairconditioning.com,"3955 Appletree Dr, Valrico, FL 33594, United States",,,,,,,,,0,,,,,,,,,309,5,2
C,31.22,6.22,tampa,"Air Support Cooling and Heating, LLC",+1 813-245-4622,https://airsupportnow.com,"1031 W Busch Blvd, Tampa, FL 33612, United States",,,,,,,,,0,,,,,,,,,310,5,2
C,31.22,6.22,tampa,ICEBERG Heating and Air Conditioning LLC,+1 727-378-8519,https://www.icebergairconditioning.com,"8410 Afton Ln, Port Richey, FL 34668, United States",,,,,,,,,0,,,,,,,,,308,4.9,2
C,31.2,6.2,tampa,Perfect Weather,+1 813-484-0577,https://oldsmarhvacservice.com,,,,,,,,,,0,,,,,,,,,301,5,53
C,31.2,6.2,tampa,DG’s Automotive,+1 813-270-6575,,"510 E College Ave, Ruskin, FL 33570, United States",,,,,,,,,0,,,,,,,,,65,4.4,32
C,31.2,6.2,tampa,Uplifting Air,+1 813-681-1600,https://www.upliftingair.com,,,,,,,,,,0,,,,,,,,,302,4.9,64
C,31.2,6.2,tampa,Ferguson HVAC Supply,+1 813-626-5111,https://www.ferguson.com/store/fl/tampa/hvac-2523,"10639 Crossroads Commerce Blvd, Tampa, FL 33610, United States",,,,,,,,,0,,,,,,,,,48,4.3,29
C,31.17,6.17,tampa,Ace Total Car Care - Valrico,+1 813-738-8486,https://www.acetotalcarcare.com,"1611 FL-60, Valrico, FL 33594, United States",,,,,,,,,0,,,,,,,,,296,4.9,2
C,31.16,6.16,tampa,Quality Complete Home Services Inc,+1 813-645-1700,https://www.qchomeservices.com,"608 21st Ave SE, Ruskin, FL 33570, United States",,,,,,,,,0,,,,,,,,,213,4.8,52
C,31.16,6.16,tampa,Appliance & A/C Parts Today,+1 813-972-4242,https://www.tampaapplianceparts.com,"12000 N Nebraska Ave, Tampa, FL 33612, United States",,,,,,,,,0,,,,,,,,,157,4.7,2
C,31.16,6.16,tampa,A Breath of Fresh Aire,+1 813-213-9080,http://breatheeasy247.com,,,,,,,,,billing_or_intake_errors,1,They have failed miserably with being transparent about their pricing. They have lost my trust and loyalty with them. I cannot continue with their unsavory business practices.,,,,,,AssistantDial structured call intake,billing_or_intake_errors,29,4.9,19
C,31.15,6.15,tampa,America's Choice Air and Refrigeration,+1 941-702-4288,http://americaschoiceair.com,"1117 30th Ave W, Bradenton, FL 34205, United States",,,,,,,,,0,,,,,,,,,288,5,52
C,31.14,6.14,tampa,Charter Electrical,+1 813-510-5905,https://www.choosecharterelectric.com,"400 Frandorson Cir #100, Apollo Beach, FL 33572, United States",,,,,,,,,0,,,,,,,,,210,4.8,24
C,31.13,6.13,tampa,Cool Edge Air Conditioning,+1 813-920-1760,http://www.cooledgeac.com,"5120 Eagle Island Dr, Land O' Lakes, FL 34639, United States",,,,,,,,,0,,,,,,,,,283,4.9,2
C,31.13,6.13,tampa,"Air West Air Conditioning, Inc",+1 727-722-8143,https://www.airwest-ac.com,"2075 Sunnydale Blvd A, Clearwater, FL 33765, United States",,,,,,,,,0,,,,,,,,,113,4.6,2
C,31.12,6.12,tampa,Mobil 1 Lube Express,+1 813-379-5050,,"19090 Bruce B Downs Blvd, Tampa, FL 33647, United States",,,,,,,,,0,,,,,,,,,112,4.6,2
C,31.1,6.1,tampa,Blue Jay Air Conditioning and Heating,+1 941-304-6433,https://bluejaycool.com,"4301 32nd St W B-21, Bradenton, FL 34205, United States",,,,,,,,,0,,,,,,,,,275,5,2
C,31.09,6.09,tampa,Celltech Wimauma,+1 813-634-3001,https://celltechwimauma.net,"5206 FL-674, Wimauma, FL 33598, United States",,,,,,,,,0,,,,,,,,,109,4.6,24
C,31.09,6.09,tampa,"Gulfport Garage, Inc",+1 727-345-1798,http://gulfportautogarage.com,"2731 Beach Blvd S, Gulfport, FL 33707, United States",,,,,,,,,0,,,,,,,,,201,4.8,22
C,31.08,6.08,tampa,Precision Air conditioning & Refrigeration Inc.,+1 727-515-5506,http://www.precisionairflorida.com,"6577 49th Ave N Unit 4, St. Petersburg, FL 33709, United States",,,,,,,,,0,,,,,,,,,199,4.8,2
C,31.08,6.08,tampa,Coolco,+1 727-251-3638,http://coolcoair.com,,,,,,,,,billing_or_intake_errors,1,"The technician was great. However, when I initially made the appointment, I indicated that I had 2 air-conditioning units in my house. They said the cost of checking them out would be $105. But, when they got here, it turned out to be $105 per unit, total $210. I wish I'd known that in advance, I would have called around. That's a lot of $$$ for less than 30 minutes.",,,,3,,AssistantDial structured call intake,billing_or_intake_errors,20,4.8,11
C,31.07,6.07,tampa,Mobile Mechanic - Eurospeed Automotive,+1 813-816-6871,https://eurospeedautomotive.com,"19046 Bruce B Downs Blvd Ste B6 #950, Tampa, FL 33647, United States",,,,,,,,,0,,,,,,,,,144,4.7,4
C,31.06,6.06,tampa,Lennox Stores (Parts Plus),+1 813-248-5444,https://www.lennoxpros.com/stores/location/tampa,"9110 King Palm Dr Ste #105, Tampa, FL 33619, United States",,,,,,,,,0,,,,,,,,,42,4.3,24
C,31.04,6.04,tampa,Southern Values Cooling and Heating Inc,+1 941-292-2099,https://southernvaluesair.com,"16607 Water Line Srv Rd, Bradenton, FL 34212, United States",,,,,,,,,0,,,,,,,,,261,5,2
C,31.03,6.03,tampa,Simple Solutions Mobile Mechanic,+1 813-541-6114,,"3307 Summer Island Ct, Valrico, FL 33594, United States",,,,,,,,,0,,,,,,,,,257,4.9,22
C,31.02,6.02,tampa,Sevier & Heating Air Conditioning Service,+1 727-851-1393,https://sevierandheating.com,"7674 Bristol Ct N, St. Petersburg, FL 33709, United States",,,,,,,,,0,,,,,,,,,255,5,2
C,31.01,6.01,tampa,C & S,+1 941-350-7109,https://www.cscooling.com,"5103 Lena Rd Unit 108, Bradenton, FL 34211, United States",,,,,,,,,0,,,,,,,,,253,4.9,3
C,31.0,6.0,tampa,"T&W Air Services, Inc.",+1 941-567-6040,http://www.twairsvcs.com,"1400 74 Ave Dr E Unit H, Sarasota, FL 34243, United States",,,,,,,,,0,,,,,,,,,251,5,52
C,31.0,6.0,tampa,Island Aire LLC,+1 727-867-0975,https://www.islandaireac.com,"1110 Pinellas Bayway S Ste 210, Tierra Verde, FL 33715, United States",,,,,,,,,0,,,,,,,,,252,4.9,2
C,31.0,6.0,tampa,Walker's Complete,+1 813-645-0736,http://walkerscomplete.com,"2603 11th Ave SE, Ruskin, FL 33570, United States",,,,,,,,,0,,,,,,,,,100,4.6,3
C,30.99,5.99,tampa,Superior Air Conditioning & Refrigeration,+1 813-961-8631,https://www.superiorac-refrigeration.com,"13816 Pathfinder Dr, Tampa, FL 33625, United States",,,,,,,,,0,,,,,,,,,184,4.8,63
C,30.99,5.99,tampa,"Dynamic Heating & Cooling, Inc.",+1 813-928-3646,http://dynamichvactampabay.com,"311 W Lutz Lake Fern Rd, Lutz, FL 33548, United States",,,,,,,,,0,,,,,,,,,250,4.9,2
C,30.99,5.99,tampa,Cuchlinski Motors,+1 813-502-5392,,"3134 FL-60, Valrico, FL 33594, United States",,,,,,,,,0,,,,,,,,,249,5,52
C,30.97,5.97,tampa,Caliber Heating & Cooling LLC,+1 727-741-8016,https://www.calibercooling.com,"4745 126th Ave N Ste 56, Clearwater, FL 33762, United States",,,,,,,,,0,,,,,,,,,245,5,2
C,30.97,5.97,tampa,Jacobs’ Heating and Cooling LLC.,+1 813-784-0654,,,,,,,,,,,0,,,,,,,,,245,4.9,2
C,30.97,5.97,tampa,Bruce Carrollwood Auto Repair,+1 813-265-1499,,"9512 Merchants Center Dr Unit 109, Tampa, FL 33624, United States",,,,,,,,,0,,,,,,,,,245,4.9,52
C,30.97,5.97,tampa,CDS Service Co Tampa,+1 813-592-1617,https://cdsserviceco.com,"6824 S Manhattan Ave Unit 106A Suite 15, Tampa, FL 33616, United States",,,,,,,,,0,,,,,,,,,246,4.9,3
C,30.97,5.97,tampa,Weather Tech Services,+1 813-833-9629,https://weathertechservices.com,,,,,,,,,,0,,,,,,,,,98,4.6,3
C,30.97,5.97,tampa,AM Air Conditioning Service LLC,+1 813-452-7158,https://www.amairconditionings.com,"1936 Bruce B Downs Blvd #220, Wesley Chapel, FL 33543, United States",,,,,,,,,0,,,,,,,,,243,4.9,4
C,30.96,5.96,tampa,Transmissions are Us Plus,+1 727-942-2505,https://transmissionsareusplus.com,"37668 US-19, Palm Harbor, FL 34684, United States",,,,,,,,,0,,,,,,,,,71,4.5,2
C,30.95,5.95,tampa,58th and Central Automotive,+1 727-302-9818,https://58thandcentralautomotive.com,"5753 Central Ave, St. Petersburg, FL 33710, United States",,,,,,,,,0,,,,,,,,,240,4.9,3
C,30.94,5.94,tampa,Big Bear Heating & Air,+1 941-899-3540,https://bigbearac.com,"8231 Blaikie Ct, Sarasota, FL 34240, United States",,,,,,,,,0,,,,,,,,,238,5,2
C,30.94,5.94,tampa,Fumero A/C Heating & Refrigeration Inc,+1 813-263-3640,,"2725 W Osborne Ave, Tampa, FL 33614, United States",,,,,,,,,0,,,,,,,,,6,3.7,1
C,30.94,5.94,tampa,Florida Air Services,+1 813-246-5221,https://floridaairservices.com,"7796 Professional Pl, Tampa, FL 33637, United States",,,,,,,,,0,,,,,,,,,6,3.7,2
C,30.93,5.93,tampa,M&M Appliance Expert & Dryer Duct Cleaning,+1 727-477-1756,https://mmapplianceexpert.com,,,,,,,,,,0,,,,,,,,,237,4.9,52
C,30.93,5.93,tampa,Trinity Auto Repair,+1 727-264-6209,https://mytrinityautorepair.com,"2510 Success Dr, Odessa, FL 33556, United States",,,,,,,,,0,,,,,,,,,174,4.8,52
C,30.93,5.93,tampa,"Precision A/C, Inc.",+1 813-998-5964,http://www.precision-acinc.com,"5008 W Linebaugh Ave Ste 12, Tampa, FL 33624, United States",,,,,,,,,0,,,,,,,,,234,4.9,2
C,30.93,5.93,tampa,A&G SERVICES,+1 813-403-8786,https://ag-service.co/contact-us,"5204 Blane Dr, Tampa, FL 33617, United States",,,,,,,,,0,,,,,,,,,235,5,2
C,30.92,5.92,tampa,Quel's Professional Air Conditioning Services LLC,+1 727-831-9274,http://qpacsllc.com,,,,,,,,,,0,,,,,,,,,50,4.4,4
C,30.92,5.92,tampa,Axis Portable Air,+1 813-773-1114,http://www.axisair.com,"1205 Tech Blvd #102, Tampa, FL 33619, United States",,,,,,,,,0,,,,,,,,,233,5,72
C,30.92,5.92,tampa,RV Service Club,+1 727-761-0630,https://rvserviceclub.com,"9375 120th St N, Seminole, FL 33772, United States",,,,,,,,,0,,,,,,,,,233,5,2
C,30.91,5.91,tampa,J&J Refrigeration Inc.,+1 727-552-6657,https://jjcools.com,"2950 47th Ave N, St. Petersburg, FL 33714, United States",,,,,,,,,0,,,,,,,,,230,5,2
C,30.9,5.9,tampa,"Boyette Air, Inc.",+1 813-431-3690,https://boyetteair.com,"12510 Shadow Run Blvd, Riverview, FL 33569, United States",,,,,,,,,0,,,,,,,,,169,4.8,22
C,30.9,5.9,tampa,Redeemed Air and HVAC,+1 813-796-6332,https://www.redeemedair.com,"9119 Shenandoah Run, Wesley Chapel, FL 33544, United States",,,,,,,,,0,,,,,,,,,229,5,42
C,30.89,5.89,tampa,Ace Auto Air & Muffler,+1 727-544-9600,,"9198 66th St N, Pinellas Park, FL 33782, United States",,,,,,,,,0,,,,,,,,,123,4.7,22
C,30.88,5.88,tampa,"Bahama Breeze Heating & Cooling, LLC",+1 941-704-1050,http://bahamacoolbreeze.com,"4654 FL-64 Ste 417, Bradenton, FL 34208, United States",,,,,,,,,0,,,,,,,,,226,5,2
C,30.88,5.88,tampa,Harbor Air,+1 727-315-2274,https://harborairac.net,"485 Douglas Rd E E C, Oldsmar, FL 34677, United States",,,,,,,,,0,,,,,,,,,225,4.9,3
C,30.87,5.87,tampa,Air-O Force 1 Heating and Cooling Systems Inc.,+1 813-972-9449,https://airoforce1.com,"4111 Gunn Hwy, Tampa, FL 33618, United States",,,,,,,,,0,,,,,,,,,48,4.4,5
C,30.87,5.87,tampa,TUDI Mechanical Systems,+1 813-635-0100,http://www.tudi.com,"5615 E Adamo Dr, Tampa, FL 33619, United States",,,,,,,,,0,,,,,,,,,19,4.1,8
C,30.86,5.86,tampa,Pablo and Brad Auto Xperts LLC,+1 813-296-1008,https://www.pbautoxperts.com,"4228 S Tamiami Trl, Ruskin, FL 33570, United States",,,,,,,,,0,,,,,,,,,221,4.9,2
C,30.86,5.86,tampa,Climate Care Heating and Cooling,+1 813-861-5569,http://climatecareheatingandcooling.com,"902 W Lumsden Rd STE. 103, Brandon, FL 33511, United States",,,,,,,,,0,,,,,,,,,220,5,3
C,30.85,5.85,tampa,"Rick's A/C, Inc",+1 813-932-3583,https://ricksac.net,"2006 N Howard Ave, Tampa, FL 33607, United States",,,,,,,,,0,,,,,,,,,47,4.4,34
C,30.83,5.83,tampa,Allied Air Conditioning & Heating,+1 727-938-4444,https://www.alliedac.com,"8628 Rees St, Port Richey, FL 34668, United States",,,,,,,,,0,,,,,,,,,214,4.9,2
C,30.82,5.82,tampa,"Bart Depury Air Conditioning, Inc",+1 813-247-2278,http://www.bartdepury.com,"2710 E 7th Ave, Tampa, FL 33605, United States",,,,,,,,,0,,,,,,,,,156,4.8,2
C,30.81,5.81,tampa,Courson & Company Heating and Air Inc,+1 813-951-2189,http://www.coursonandcompany.com,,,,,,,,,,0,,,,,,,,,211,5,52
C,30.8,5.8,tampa,ALUMNI AC,+1 813-917-5576,,"20818 Lake Talia Blvd, Land O' Lakes, FL 34638, United States",,,,,,,,,0,,,,,,,,,61,4.5,12
C,30.8,5.8,tampa,"Ace Service and Repair, Llc",+1 813-379-1996,https://aceserviceandrepair.com,,,,,,,,,,0,,,,,,,,,209,5,12
C,30.79,5.79,tampa,Same Day Plumbing & Air,+1 941-216-5036,https://www.samedayplumbingandair.com,,,,,,,,,,0,,,,,,,,,208,5,42
C,30.79,5.79,tampa,Cool Seasons Air Conditioning & Heating,+1 727-433-0117,https://www.coolseasonsac.com,,,,,,,,,,0,,,,,,,,,152,4.8,22
C,30.79,5.79,tampa,Fire & Ice Heating and Cooling,+1 813-365-4022,https://fireandiceair.com,"4117 Yellowwood Dr, Valrico, FL 33594, United States",,,,,,,,,0,,,,,,,,,152,4.8,2
C,30.79,5.79,tampa,OTW Mobile Auto Mechanics - Mobile Mechanic,+1 813-607-0113,,"26524 Chimney Spire Ln, Wesley Chapel, FL 33544, United States",,,,,,,,,0,,,,,,,,,112,4.7,52
C,30.78,5.78,tampa,Bea Cool AC,+1 813-778-3505,https://beacoolac.com,"906 N Rome Ave, Tampa, FL 33606, United States",,,,,,,,,0,,,,,,,,,205,5,2
C,30.78,5.78,tampa,"Auto Dynamics of Largo, Inc.",+1 727-596-6632,http://www.autodynamicsoflargo.com,"12690 Walsingham Rd, Largo, FL 33774, United States",,,,,,,,,0,,,,,,,,,151,4.8,2
C,30.77,5.77,tampa,Largo Auto Care & Tire Inc,+1 727-532-6778,,"9485 Ulmerton Rd, Largo, FL 33771, United States",,,,,,,,,0,,,,,,,,,150,4.8,13
C,30.77,5.77,tampa,Hudson Air LLC,+1 727-776-2916,https://www.hudsonairco.com,"2623 Grand Blvd Suite 113, Holiday, FL 34690, United States",,,,,,,,,0,,,,,,,,,110,4.7,2
C,30.77,5.77,tampa,"Parkerson's Heating & Air, Inc.",+1 813-359-3020,http://www.parkersonsheatingandair.com,,,,,,,,,,0,,,,,,,,,202,5,2
C,30.76,5.76,tampa,"Premier Heating and A/C, Inc.",+1 813-671-8650,,,,,,,,,,,0,,,,,,,,,201,4.9,52
C,30.76,5.76,tampa,PINELLAS TOTAL CAR CARE,+1 727-547-0807,,"6280 Park Blvd, Pinellas Park, FL 33781, United States",,,,,,,,,0,,,,,,,,,201,4.9,52
C,30.75,5.75,tampa,Auto Experts,+1 813-816-8537,,"11616 N 22nd St, Tampa, FL 33612, United States",,,,,,,,,0,,,,,,,,,108,4.7,13
C,30.73,5.73,tampa,Wideman Air Services,+1 813-395-4165,,"9630 Yawn Rd, Dade City, FL 33525, United States",,,,,,,,,0,,,,,,,,,196,5,52
C,30.73,5.73,tampa,SUBZERO APPLIANCE SERVICE FLORIDA,+1 813-535-5958,http://sterling-homegroup.com,"501 E Kennedy Blvd Ste 1400, Tampa, FL 33602, United States",,,,,,,,,0,,,,,,,,,42,4.4,2
C,30.72,5.72,tampa,RDK Air Conditioning and Heating LLC,+1 727-269-1992,http://www.rdk-ac.com,"21947 US Hwy 19 N, Clearwater, FL 33765, United States",,,,,,,,,0,,,,,,,,,194,4.9,2
C,30.7,5.7,tampa,Pleasant Air Conditioning and Electrical Inc.,+1 727-337-9674,http://www.pleasantacandelectrical.com,"3530 Greenglen Cir, Palm Harbor, FL 34684, United States",,,,,,,,,0,,,,,,,,,190,4.9,63
C,30.7,5.7,tampa,"Lloyd's Heating & Cooling, Inc.",+1 813-631-1418,http://www.call4ac.com,"26712 Foamflower Blvd, Wesley Chapel, FL 33544, United States",,,,,,,,,0,,,,,,,,,76,4.6,2
C,30.7,5.7,tampa,Troyautomotiveinc.,+1 727-452-6327,https://troyautomotiveinc.com,"1619 18th Ave S, St. Petersburg, FL 33712, United States",,,,,,,,,0,,,,,,,,,12,4,5
C,30.7,5.7,tampa,Air Strike Cooling,+1 813-424-7699,https://airstrikeusa.com,"5910 Benjamin Center Dr Ste 107, Tampa, FL 33634, United States",,,,,,,,,0,,,,,,,,,76,4.6,3
C,30.7,5.7,tampa,Tidal Restoration,+1 727-273-7393,https://tidalrestoration.com/service-area/st-petersburg,"107 8th Ave SE B, St. Petersburg, FL 33701, United States",,,,,,,,,0,,,,,,,,,191,5,2
C,30.7,5.7,tampa,"Groves Electric, Inc.",+1 813-789-3400,http://www.groveselectricinc.com,"530 Luzon Ave, Tampa, FL 33606, United States",,,,,,,,,0,,,,,,,,,190,5,2
C,30.7,5.7,tampa,Blew Air,+1 813-203-4004,https://www.blewair.com,,,,,,,,,,0,,,,,,,,,12,4,5
C,30.7,5.7,tampa,"RoyalAire Mechanical Services, LLC.",+1 813-749-2370,https://royalaire.com/contact-us,"101 Dunbar Ave Suite D, Oldsmar, FL 34677, United States",,,,,,,,,0,,,,,,,,,12,4,5
C,30.69,5.69,tampa,Anchor Electric,+1 727-580-1489,https://anchorelectricfl.com,"2321 Maben Ave, Palm Harbor, FL 34683, United States",,,,,,,,,0,,,,,,,,,189,5,22
C,30.69,5.69,tampa,Mid County Plumbing & Air - Pinellas Park Florida,+1 727-285-4533,https://midcountyplumbinghvac.com,"4820 Park Blvd, Pinellas Park, FL 33781, United States",,,,,,,,,0,,,,,,,,,139,4.8,4
C,30.69,5.69,tampa,"AAA Airwaves, Inc.",+1 813-247-9283,https://aaaairwave.com,"4819 N Cortez Ave, Tampa, FL 33614, United States",,,,,,,,,0,,,,,,,,,30,4.3,13
C,30.68,5.68,tampa,Green Leaf Roofing,+1 813-577-2488,https://www.greenleafroofingllc.com,"1350 County Rd 1 #796, Dunedin, FL 34698, United States",,,,,,,,,0,,,,,,,,,188,4.9,3
C,30.66,5.66,tampa,MobileTruck Repair-JZL Diesel & Trailer Fleet,+1 813-445-8643,https://www.jzltruckrepairs.com,"10015 US Hwy 41 S, Gibsonton, FL 33534, United States",,,,,,,,,0,,,,,,,,,99,4.7,2
C,30.66,5.66,tampa,Trinity Auto Worx,+1 727-753-8586,https://www.trinityautoworx.com/contact,"11570 Pyramid Dr, Odessa, FL 33556, United States",,,,,,,,,0,,,,,,,,,183,5,12
C,30.65,5.65,tampa,R&R AIR Solutions,+1 813-553-3333,http://rnrairsolutions.com,"13351 Great Plns Dr, Riverview, FL 33579, United States",,,,,,,,,0,,,,,,,,,182,5,2
C,30.65,5.65,tampa,Dunedin Total Car Care,+1 727-610-2525,http://dunedintotalcarcare.com,"1070 Keene Rd, Dunedin, FL 34698, United States",,,,,,,,,0,,,,,,,,,182,4.9,3
C,30.64,5.64,tampa,Ace Pickleball Club,+1 813-344-1154,https://www.acepickleballclub.com,"18459 Pasco Business Ctr Wy, Lutz, FL 33558, United States",,,,,,,,,0,,,,,,,,,133,4.8,2
C,30.64,5.64,tampa,USA mobile mechanics,+1 813-750-9248,https://www.usamobilemechanic.net,"4145 Edenrock Pl, Wesley Chapel, FL 33543, United States",,,,,,,,,0,,,,,,,,,98,4.7,24
C,30.63,5.63,tampa,Dascher Family Auto Service,+1 727-815-0505,https://dascherfamilyautoservices.com,"5516 Moog Rd, Holiday, FL 34690, United States",,,,,,,,,0,,,,,,,,,132,4.8,12
C,30.62,5.62,tampa,Mobile Diesel Repair Service,+1 813-388-3626,http://mobiledieselrepairservice.com,"2901 11th Ave SE, Ruskin, FL 33570, United States",,,,,,,,,0,,,,,,,,,52,4.5,36
C,30.62,5.62,tampa,E&E Gliddon Home Services,+1 727-546-4343,https://eegliddon.com,"2600 53rd Ave N, St. Petersburg, FL 33714, United States",,,,,,,,,0,,,,,,,,,178,5,2
C,30.62,5.62,tampa,AireWave Heating and Cooling,+1 727-688-0814,https://airewaveflorida.com,"10035 86th St N, Seminole, FL 33777, United States",,,,,,,,,0,,,,,,,,,176,5,2
C,30.61,5.61,tampa,Agape AC & Heating,+1 727-351-0780,http://agapeacandheating.com,"7178 Seminole Blvd, Seminole, FL 33772, United States",,,,,,,,,0,,,,,,,,,175,5,52
C,30.61,5.61,tampa,Air Conditioning Done Right,+1 813-810-7345,http://youracdoneright.com,"13923 Pathfinder Dr, Tampa, FL 33625, United States",,,,,,,,,0,,,,,,,,,175,5,2
C,30.61,5.61,tampa,"""Auto-Air"" Brake & Muffler Specialists",+1 813-221-5890,,"2307 N Tampa St, Tampa, FL 33602, United States",,,,,,,,,0,,,,,,,,,129,4.8,52
C,30.58,5.58,tampa,Air At Last Heating & Cooling,+1 813-535-1638,http://www.airatlast.com,"4402 W Crest Ave Unit E, Tampa, FL 33614, United States",,,,,,,,,0,,,,,,,,,68,4.6,3
C,30.58,5.58,tampa,AH Duct Cleaning Inc.,+1 727-623-2004,,,,,,,,,,,0,,,,,,,,,170,5,42
C,30.56,5.56,tampa,Guaranteed Radiators Of Tampa Inc,+1 813-932-4371,http://guaranteedradiators.com,"1818 E Busch Blvd, Tampa, FL 33612, United States",,,,,,,,,0,,,,,,,,,123,4.8,2
C,30.55,5.55,tampa,Professional Auto Air & Tire,+1 813-971-7419,http://www.professionalautoair.com,"11909 N Nebraska Ave, Tampa, FL 33612, United States",,,,,,,,,0,,,,,,,,,90,4.7,48
C,30.55,5.55,tampa,"Automotivation Auto Repair Odessa, FL / Trinity Fl",+1 727-376-1314,http://autorepairodessa.com,"11526 Prosperous Dr, Odessa, FL 33556, United States",,,,,,,,,0,,,,,,,,,90,4.7,13
C,30.53,5.53,tampa,"Unique Automotive Repair, Inc.",+1 813-401-5352,,"1717 E Busch Blvd Ste 909, Tampa, FL 33612, United States",,,,,,,,,0,,,,,,,,,163,5,2
C,30.53,5.53,tampa,Suncoast Roofing Solutions,+1 813-723-3262,https://www.suncoastroofingsolutions.com,"12157 W Linebaugh Ave #171, Tampa, FL 33626, United States",,,,,,,,,0,,,,,,,,,162,4.9,2
C,30.53,5.53,tampa,Stellar Cooling Services,+1 813-360-4052,http://www.stellarcoolingservices.com,"506 E Lambright St, Tampa, FL 33604, United States",,,,,,,,,0,,,,,,,,,162,5,2
C,30.53,5.53,tampa,"Sunstate Mechanical Contractors, Inc.",+1 813-657-8200,https://www.hvacrepairtampa.com,"4220 W Pearl Ave, Tampa, FL 33611, United States",,,,,,,,,0,,,,,,,,,162,4.9,2
C,30.52,5.52,tampa,Commercial Service & Repair,+1 813-931-8000,http://www.csrfla.com,"4702 N Clark Ave, Tampa, FL 33614, United States",,,,,,,,,0,,,,,,,,,64,4.6,52
C,30.52,5.52,tampa,Stal Appliance Repair,+1 813-934-1889,https://stalfix.com,"5123 Cello Wood Ln, Wesley Chapel, FL 33543, United States",,,,,,,,,0,,,,,,,,,161,4.9,54
C,30.51,5.51,tampa,"Chill Masters A/C, LLC",+1 813-265-2445,https://chillmastersac.com,,,,,,,,,,0,,,,,,,,,160,5,2
C,30.5,5.5,tampa,Orion Heating and Air,+1 727-329-8483,https://www.orionheatandair.com,"13625 50th Way N Ste 18, Clearwater, FL 33760, United States",,,,,,,,,0,,,,,,,,,117,4.8,2
C,30.5,5.5,tampa,Greg Bailey Automotive,+1 813-229-1265,https://www.automotiverepairtampa.com,"3712 N Florida Ave, Tampa, FL 33603, United States",,,,,,,,,0,,,,,,,,,117,4.8,3
C,30.48,5.48,tampa,Red Apple Air Conditioning & Heating,+1 813-397-8285,http://redappleac.com,"4813 Rock Fish Ct, Tampa, FL 33617, United States",,,,,,,,,0,,,,,,,,,156,5,12
C,30.48,5.48,tampa,Dynasty AC,+1 813-419-3334,http://www.dynastyac.com,,,,,,,,,,0,,,,,,,,,156,4.9,54
C,30.47,5.47,tampa,First Pinoy Air System,+1 813-504-2666,http://www.firstpinoyairsystem.com,"8235 Leo Kidd Ave, Port Richey, FL 34668, United States",,,,,,,,,0,,,,,,,,,155,4.9,2
C,30.47,5.47,tampa,Cross Creek Handyman services,+1 813-992-3675,http://cchandymanservices.com,"18140 Sweet Jasmine Dr, Tampa, FL 33647, United States",,,,,,,,,0,,,,,,,,,154,4.9,2
C,30.47,5.47,tampa,Cruz Motors,+1 813-447-1349,https://www.cruzmotorsportsinc.com,"13787 N Nebraska Ave, Tampa, FL 33613, United States",,,,,,,,,0,,,,,,,,,113,4.8,22
C,30.47,5.47,tampa,Sam Heating & Air Conditioning Tampa,+1 813-726-4484,,"4901 Moses White Square, Tampa, FL 33610, United States",,,,,,,,,0,,,,,,,,,61,4.6,10
C,30.46,5.46,tampa,Coolaire Inc,+1 727-289-9876,https://coolaireinc.com,"10360 72nd St N #815, Seminole, FL 33777, United States",,,,,,,,,0,,,,,,,,,152,4.9,2
C,30.45,5.45,tampa,Proficient Air,+1 727-386-2732,https://www.proficientairllc.com,,,,,,,,,,0,,,,,,,,,151,5,52
C,30.45,5.45,tampa,"French's Air Conditioning, Inc.",+1 813-626-4630,http://www.frenchac.com,"3818 N 40th St, Tampa, FL 33610, United States",,,,,,,,,0,,,,,,,,,7,3.9,3
C,30.43,5.43,tampa,Metro Air,+1 727-541-7545,http://www.metroair.biz,"10780 75th St N, Largo, FL 33777, United States",,,,,,,,,0,,,,,,,,,149,4.9,42
C,30.42,5.42,tampa,Skycrest Auto Services,+1 727-442-3957,http://skycrestauto.com,"1927 Drew St, Clearwater, FL 33765, United States",,,,,,,,,0,,,,,,,,,80,4.7,45
C,30.42,5.42,tampa,O ' Donovan's air conditioning & heating co,+1 813-782-4075,,"6630 16th St, Zephyrhills, FL 33542, United States",,,,,,,,,0,,,,,,,,,5,3.8,1
C,30.42,5.42,tampa,"Chill Out Plus Air Conditioning & Heating, Inc.",+1 727-502-7333,,"8148 91st Terrace, Seminole, FL 33777, United States",,,,,,,,,0,,,,,,,,,5,3.8,1
C,30.41,5.41,tampa,Air One One Air Conditioning,+1 813-527-7665,https://aironeone.com,"13640 Plainview Rd, Odessa, FL 33556, United States",,,,,,,,,0,,,,,,,,,146,5,52
C,30.41,5.41,tampa,Air Conditioning Parts and Service Center,+1 727-722-7777,https://acpartscenters.com,"2907 FL-590 Ste 4, Clearwater, FL 33759, United States",,,,,,,,,0,,,,,,,,,107,4.8,2
C,30.39,5.39,tampa,Howards Electrical Service Co.,+1 813-875-1400,http://www.howelec.com,"4616 N Hale Ave, Tampa, FL 33614, United States",,,,,,,,,0,,,,,,,,,57,4.6,3
C,30.38,5.38,tampa,Blume Mechanical Service,+1 727-205-7984,https://blumeservice.com,"2840 W Bay Dr, Largo, FL 33770, United States",,,,,,,,,0,,,,,,,,,142,4.9,2
C,30.37,5.37,tampa,Suncoast Mini Split Specialist Inc.,+1 727-493-8794,https://www.suncoastminisplitspecialists.com,"16547 US-19 Ste 2, Hudson, FL 34667, United States",,,,,,,,,0,,,,,,,,,140,4.9,2
C,30.37,5.37,tampa,Wesley Chapel A/C Company,+1 813-833-1063,http://www.wesleychapelac.com,,,,,,,,,,0,,,,,,,,,76,4.7,52
C,30.37,5.37,tampa,RP Auto Services,+1 813-591-2250,,"21301 Coakley Ln, Land O' Lakes, FL 34639, United States",,,,,,,,,0,,,,,,,,,103,4.8,3
C,30.37,5.37,tampa,Prime Air Conditioning & Refrigeration Inc.,+1 727-527-7864,http://myprimeair.com,,,,,,,,,,0,,,,,,,,,76,4.7,55
C,30.36,5.36,tampa,IROK BUILDS,+1 727-434-1828,,"2250 62nd Ave S, St. Petersburg, FL 33712, United States",,,,,,,,,0,,,,,,,,,22,4.3,10
C,30.36,5.36,tampa,Your Handyman Solutions LLC,+1 813-279-4377,,"1315 Oakfield Dr #4374, Brandon, FL 33509, United States",,,,,,,,,0,,,,,,,,,22,4.3,16
C,30.34,5.34,tampa,Sub Zero Air Conditioning,+1 727-895-5200,http://www.subzeroacflorida.com,,,,,,,,,,0,,,,,,,,,101,4.8,12
C,30.33,5.33,tampa,FL HVAC Team,+1 727-618-6231,https://www.flhvacteam.com,"6001 Johns Rd Ste 223, Tampa, FL 33634, United States",,,,,,,,,0,,,,,,,,,135,5,2
C,30.33,5.33,tampa,"Air Control Services, Inc.",+1 813-628-0764,http://www.aircontrolfl.com,"2421 E 4th Ave, Tampa, FL 33605, United States",,,,,,,,,0,,,,,,,,,29,4.4,19
C,30.33,5.33,tampa,WNS Development Group LLC,+1 813-533-0070,http://www.constructionservicesfl.com,"1465 W Busch Blvd, Tampa, FL 33612, United States",,,,,,,,,0,,,,,,,,,99,4.8,2
C,30.32,5.32,tampa,"West Florida Air Conditioning & Heating, Inc.",+1 727-382-3836,http://www.westfloridaair.com,,,,,,,,,,0,,,,,,,,,134,5,12
C,30.31,5.31,tampa,Air-Ric's Air Conditioning and Heating,+1 813-455-8785,https://www.airricsac.com,"14137 Poke Ridge Dr, Riverview, FL 33579, United States",,,,,,,,,0,,,,,,,,,133,4.9,2
C,30.31,5.31,tampa,"Taylor Heating & Air Conditioning, Inc.",+1 727-443-0790,http://www.taylorac.com,"1670 N Hercules Ave Ste G, Clearwater, FL 33765, United States",,,,,,,,,0,,,,,,,,,98,4.8,62
C,30.31,5.31,tampa,Joe's Auto Center LLC,+1 727-276-0403,,"2100 Drew St, Clearwater, FL 33765, United States",,,,,,,,,0,,,,,,,,,53,4.6,37
C,30.31,5.31,tampa,BCC Auto services,+1 813-614-1784,https://www.oilchangeservicestampa.com,"2316 W Hillsborough Ave suite 3, Tampa, FL 33603, United States",,,,,,,,,0,,,,,,,,,133,4.9,4
C,30.3,5.3,tampa,"Two Brothers Air and Heat, Inc d/b/a D.V Smart Construction",+1 813-530-0310,http://www.dv-sconstruction.com,,,,,,,,,,0,,,,,,,,,97,4.8,12
C,30.3,5.3,tampa,Anthony's Automotive,+1 813-324-7311,http://anthonysautomotiverepair.com,"3140 FL-60, Valrico, FL 33594, United States",,,,,,,,,0,,,,,,,,,132,5,2
C,30.3,5.3,tampa,BMW & More Autocare LLC,+1 813-379-5811,https://bmwmoreautocarellc.com,"4709 E Hillsborough Ave, Tampa, FL 33610, United States",,,,,,,,,0,,,,,,,,,97,4.8,52
C,30.28,5.28,tampa,R & R Heating & Cooling Inc,+1 941-747-4055,http://www.r-rcooling.com,"4523 30th St W Ste 102A, Bradenton, FL 34207, United States",,,,,,,,,0,,,,,,,,,70,4.7,13
C,30.28,5.28,tampa,Southshore Cores LLC,+1 813-629-3860,https://southshorecores.com,"3218 River Rd, Wimauma, FL 33598, United States",,,,,,,,,0,,,,,,,,,130,5,72
C,30.28,5.28,tampa,Virtuous Air,+1 813-390-8183,https://www.virtuousair.com,,,,,,,,,,0,,,,,,,,,130,5,52
C,30.28,5.28,tampa,Land O Lakes Transmissions & Total Car Care,+1 813-996-3680,https://landolakestrans.mechanicnet.com,"21426 Carson Dr, Land O' Lakes, FL 34639, United States",,,,,,,,,0,,,,,,,,,130,4.9,52
C,30.27,5.27,tampa,Big John's Brake & Alignment Service,+1 727-822-3108,http://www.bigjohnstire.com,"1210 1st Ave N, St. Petersburg, FL 33705, United States",,,,,,,,,0,,,,,,,,,129,4.9,72
C,30.27,5.27,tampa,Air Conditioning Cleaning & Repair,+1 813-706-3754,,"1117 Hunt Club Ln, Valrico, FL 33594, United States",,,,,,,,,0,,,,,,,,,11,4.1,2
C,30.27,5.27,tampa,Fix My Plumbing Pro,+1 727-432-0256,http://www.fixmyplumbingpro.com,"1916 Park Ave, Tarpon Springs, FL 34689, United States",,,,,,,,,0,,,,,,,,,128,5,2
C,30.27,5.27,tampa,R & C Auto & Truck Repair,+1 727-447-3343,,"1426 N Hercules Ave #3, Clearwater, FL 33765, United States",,,,,,,,,0,,,,,,,,,69,4.7,45
C,30.26,5.26,tampa,Power Contractors,+1 727-410-8929,http://flpower2012.com,"5201 Caesar Way S, St. Petersburg, FL 33712, United States",,,,,,,,,0,,,,,,,,,8,4,1
C,30.26,5.26,tampa,LAMBERT AIR INC,+1 727-235-8002,https://lambertair.com,"6722 Orchid Lake Rd, New Port Richey, FL 34653, United States",,,,,,,,,0,,,,,,,,,127,5,62
C,30.25,5.25,tampa,Energy Whisperer Home Services,+1 813-425-1010,http://ewhomeservices.com,"2554 Merchant Ave, Odessa, FL 33556, United States",,,,,,,,,0,,,,,,,,,126,5,3
C,30.25,5.25,tampa,All Brands Appliance Repair Inc,+1 813-908-2002,https://allbrandsappliancerepair.com,,,,,,,,,,0,,,,,,,,,50,4.6,12
C,30.24,5.24,tampa,All American Home Services,+1 813-521-7944,https://www.allamerican-homeservices.com,"9270 Bay Plaza Blvd #610, Tampa, FL 33619, United States",,,,,,,,,0,,,,,,,,,125,4.9,2
C,30.24,5.24,tampa,Volcano Air Conditioning LLC,+1 813-789-3654,https://volcanoac.com,"5103 W Rio Vista Ave, Tampa, FL 33634, United States",,,,,,,,,0,,,,,,,,,125,5,2
C,30.23,5.23,tampa,Robert Hart Auto Repair,+1 813-909-1828,,"19023 US-41, Lutz, FL 33549, United States",,,,,,,,,0,,,,,,,,,67,4.7,49
C,30.23,5.23,tampa,Syrus Construction Group,+1 813-565-9000,http://syrus.construction,"5952 Frond Way, Apollo Beach, FL 33572, United States",,,,,,,,,0,,,,,,,,,67,4.7,2
C,30.22,5.22,tampa,Handy Dandy David Mobile Mechanic,+1 727-686-1133,http://mobilemechanic-fl.com,"7124 38th Ave N, St. Petersburg, FL 33710, United States",,,,,,,,,0,,,,,,,,,123,4.9,12
C,30.22,5.22,tampa,D3 Automotive,+1 813-446-1417,https://www.d3autofl.com,"410 W Shell Point Rd, Ruskin, FL 33570, United States",,,,,,,,,0,,,,,,,,,122,4.9,62
C,30.22,5.22,tampa,Beach Front Air,+1 727-656-2585,http://www.beachfrontair.com,"813 Oxford Dr, Clearwater, FL 33764, United States",,,,,,,,,0,,,,,,,,,122,5,52
C,30.22,5.22,tampa,Eddie's Auto Repair Inc,+1 727-821-7876,https://www.eddiesautorepair.net,"4001 6th St S, St. Petersburg, FL 33705, United States",,,,,,,,,0,,,,,,,,,90,4.8,62
C,30.21,5.21,tampa,THE LINT MAN,+1 727-789-5327,https://www.thelintman.net,"3795 US-19 ALT suite c, Palm Harbor, FL 34683, United States",,,,,,,,,0,,,,,,,,,121,5,2
C,30.21,5.21,tampa,National Air Conditioning LLC,+1 813-303-2111,https://www.nationalairco.com,,,,,,,,,,0,,,,,,,,,121,5,2
C,30.2,5.2,tampa,A/C Tire & Automotive Mobile Repair,+1 727-687-1669,http://www.actireauto1.com,"7991 62nd Way N Unit 3, Pinellas Park, FL 33781, United States",,,,,,,,,0,,,,,,,,,48,4.6,34
C,30.19,5.19,tampa,Vatekton Group Inc.,+1 813-331-3188,,"1624 S U.S. Hwy 41, Ruskin, FL 33570, United States",,,,,,,,,0,,,,,,,,,3,3.7,2
C,30.19,5.19,tampa,Arctic Supply,+1 813-693-2247,http://arcticsupplyparts.com,"4103 Mowrey Rd, Wesley Chapel, FL 33543, United States",,,,,,,,,0,,,,,,,,,88,4.8,60
C,30.19,5.19,tampa,Clearwater Radiator & Air,+1 727-791-0484,http://clearwateradiator.com,"27394 US Hwy 19 N, Clearwater, FL 33761, United States",,,,,,,,,0,,,,,,,,,119,4.9,72
C,30.19,5.19,tampa,Ethical Air,+1 813-681-1900,http://ethicalairandplumbing.com,"6302 Wisteria Ln, Apollo Beach, FL 33572, United States",,,,,,,,,0,,,,,,,,,3,3.7,1
C,30.19,5.19,tampa,Mop & Shine Air Duct Co.,+1 813-445-5944,,"119 S Clark Ave, Tampa, FL 33609, United States",,,,,,,,,0,,,,,,,,,3,3.7,1
C,30.18,5.18,tampa,Moreno Heating and Cooling LLC,+1 813-728-2403,https://morenoheatingandcooling.com,"606 1st Ave NE, Ruskin, FL 33570, United States",,,,,,,,,0,,,,,,,,,118,5,52
C,30.18,5.18,tampa,Authentic Air Solutions,+1 813-817-7854,https://www.authenticairsolutions.com,,,,,,,,,,0,,,,,,,,,118,5,2
C,30.18,5.18,tampa,Elite Resolutions Public Adjusters,+1 941-225-8225,https://eliteresolutions.com,"28210 Paseo Drive Ste 190, Office 140, Wesley Chapel, FL 33543, United States",,,,,,,,,0,,,,,,,,,64,4.7,2
C,30.18,5.18,tampa,A choice Automotive,+1 727-278-9639,https://www.achoiceautomotive.com,"1408 N Betty Ln, Clearwater, FL 33755, United States",,,,,,,,,0,,,,,,,,,118,5,2
C,30.18,5.18,tampa,K&E Repair Solutions LLC,+1 813-526-3016,https://kerepairsolutions.net,"3005 Waylon Ln, Valrico, FL 33596, United States",,,,,,,,,0,,,,,,,,,87,4.8,2
C,30.17,5.17,tampa,Florida Ductors LLC,+1 813-669-2555,https://theductors.com,,,,,,,,,,0,,,,,,,,,117,4.9,3
C,30.17,5.17,tampa,Operation Air Inc.,+1 727-209-0493,http://www.operationairinc.com,"5565 64th Way N suite c, St. Petersburg, FL 33709, United States",,,,,,,,,0,,,,,,,,,63,4.7,22
C,30.16,5.16,tampa,Anclote Air Conditioning & Heating Inc.,+1 727-300-0963,https://www.ancloteairandheating.com,"147 Anclote Blvd Ste 7, Tarpon Springs, FL 34689, United States",,,,,,,,,0,,,,,,,,,34,4.5,20
C,30.16,5.16,tampa,Capital Appliance Service and AC Co,+1 727-391-0168,https://www.capitalapplianceandac.com,"9933 Seminole Blvd, Seminole, FL 33772, United States",,,,,,,,,0,,,,,,,,,34,4.5,22
C,30.16,5.16,tampa,Roberts Auto Shop,+1 813-654-3300,http://www.robertsautoshop.com,"3636 Erindale Dr #106, Valrico, FL 33596, United States",,,,,,,,,0,,,,,,,,,116,4.9,3
C,30.14,5.14,tampa,Diamond Air,+1 813-728-3294,http://diamondairac.com,"910 Spindle Palm Way, Apollo Beach, FL 33572, United States",,,,,,,,,0,,,,,,,,,18,4.3,6
C,30.13,5.13,tampa,Savior Home Services,+1 813-907-8877,http://www.saviorhomeservices.com,,,,,,,,,,0,,,,,,,,,45,4.6,34
C,30.13,5.13,tampa,On The Road Again RV Inspection,+1 813-445-6978,https://www.ontheroadagainrvpro.com,"7716 Arlight Dr, New Port Richey, FL 34655, United States",,,,,,,,,0,,,,,,,,,83,4.8,2
C,30.12,5.12,tampa,Acme Electrical Services,+1 813-878-2263,https://www.acmeelectricalservices.com,"6707 N Rome Ave, Tampa, FL 33604, United States",,,,,,,,,0,,,,,,,,,112,4.9,12
C,30.12,5.12,tampa,Suncoast Auto Air and Auto Repair llc,+1 941-526-5225,https://www.suncoast-auto.com,"6140A 15th St E, Bradenton, FL 34203, United States",,,,,,,,,0,,,,,,,,,82,4.8,13
C,30.1,5.1,tampa,Emmons,+1 941-773-4642,https://hvacpalmetto.com,"531 46th St W, Palmetto, FL 34221, United States",,,,,,,,,0,,,,,,,,,110,4.9,52
C,30.09,5.09,tampa,Lightning Mechanical LLC,+1 813-492-5575,https://www.lightningmechanical.cool,"7140 Quail Hollow Blvd, Wesley Chapel, FL 33544, United States",,,,,,,,,0,,,,,,,,,80,4.8,51
C,30.08,5.08,tampa,Tampa Bay Auto Care,+1 813-922-8080,http://www.tampabayautocare.com,"14311 N Nebraska Ave #2, Tampa, FL 33613, United States",,,,,,,,,0,,,,,,,,,108,5,2
C,30.07,5.07,tampa,"Primary Air Heating & Cooling, Inc.",+1 941-746-7852,https://primaryair.com,"6110 121st Ave E, Parrish, FL 34219, United States",,,,,,,,,0,,,,,,,,,79,4.8,13
C,30.07,5.07,tampa,Energy Home LLC,+1 813-749-7502,https://energyhomeflorida.com,,,,,,,,,,0,,,,,,,,,106,4.9,53
C,30.06,5.06,tampa,Brandon Heating & Air Conditioning,+1 813-861-2522,,"715 Hillpoint Way, Brandon, FL 33510, United States",,,,,,,,,0,,,,,,,,,31,4.5,13
C,30.05,5.05,tampa,Cool AC Services,+1 727-315-0793,https://coolacservices.com,"1150 Cleveland St, Clearwater, FL 33755, United States",,,,,,,,,0,,,,,,,,,105,5,3
C,30.03,5.03,tampa,"Honor Air, Inc.",+1 727-466-6722,https://honorairinc.com,"8111 Spirit Ct, Trinity, FL 34655, United States",,,,,,,,,0,,,,,,,,,103,5,2
C,30.03,5.03,tampa,"Absolute Air Systems, Inc.",+1 813-779-0101,http://www.getcoldair.com,"6960 Fort King Rd, Zephyrhills, FL 33541, United States",,,,,,,,,0,,,,,,,,,76,4.8,2
C,30.03,5.03,tampa,Wimauma Auto Parts,+1 813-634-3260,http://wimauma.com,"5801 FL-674, Wimauma, FL 33598, United States",,,,,,,,,0,,,,,,,,,41,4.6,22
C,30.03,5.03,tampa,Grande Aire Services Inc.,+1 813-328-1113,https://grandeaire.com,"4620 Eagle Falls Pl, Tampa, FL 33619, United States",,,,,,,,,0,,,,,,,,,103,4.9,52
C,30.03,5.03,tampa,Visual Enhancements Inc,+1 813-388-3839,http://visualenhancementsinc.com,"25052 Winslow Way, Land O' Lakes, FL 34639, United States",,,,,,,,,0,,,,,,,,,75,4.8,3
C,30.03,5.03,tampa,Keys And Breeze Locksmith & Air Conditioning,+1 813-727-2600,https://www.keysandbreeze.com,,,,,,,,,,0,,,,,,,,,102,5,3
C,30.01,5.01,tampa,J & C AC,+1 727-401-4018,https://jandcac.com,"1020 Illinois Ave, Palm Harbor, FL 34683, United States",,,,,,,,,0,,,,,,,,,101,5,12
C,30.01,5.01,tampa,The Yacht Rigger,+1 727-490-9553,http://www.theyachtrigger.com,"200 14th Ave SE, St. Petersburg, FL 33701, United States",,,,,,,,,0,,,,,,,,,101,5,2
C,30.0,5.0,tampa,Dr Freeze HVAC Services,+1 813-509-7912,https://drfreezehvacservices.com,,,,,,,,,,0,,,,,,,,,100,5,12
C,30.0,5.0,tampa,Seb HVAC Solutions,+1 813-755-8467,https://seb-hvac.com/home,"333 N Falkenburg Rd b215, Tampa, FL 33619, United States",,,,,,,,,0,,,,,,,,,100,5,2
C,30.0,5.0,tampa,Terry's Automotive,+1 727-367-1500,,"7880 Blind Pass Rd #1729, St Pete Beach, FL 33706, United States",,,,,,,,,0,,,,,,,,,100,4.9,52
C,29.99,4.99,tampa,American Pride Air Duct Cleaning,+1 727-761-5500,https://airductnewportrichey.best,"6847 FL-54 Ste 89, New Port Richey, FL 34653, United States",,,,,,,,,0,,,,,,,,,73,4.8,2
C,29.99,4.99,tampa,Coastal Air Inc,+1 727-510-1115,http://coastalairfl.com,,,,,,,,,,0,,,,,,,,,99,5,62
C,29.97,4.97,tampa,J&N HEATING & COOLING L.L.C,+1 813-550-4747,https://jnheatingandcooling.com,"12407 Streambed Dr, Riverview, FL 33579, United States",,,,,,,,,0,,,,,,,,,98,5,12
C,29.97,4.97,tampa,Merry Air,+1 727-276-3304,https://www.merryairfl.com,"3730 Holiday Lake Dr, Holiday, FL 34691, United States",,,,,,,,,0,,,,,,,,,98,4.9,2
C,29.97,4.97,tampa,Sunset Auto Center,+1 727-937-0340,,"739 N Pinellas Ave, Tarpon Springs, FL 34689, United States",,,,,,,,,0,,,,,,,,,53,4.7,44
C,29.97,4.97,tampa,Cozy Bears Dryer Vent Services Clearwater,+1 727-606-3392,http://cozybearsdryerventcleaning.com,"1875 N Belcher Rd. #206, Clearwater, FL 33765, United States",,,,,,,,,0,,,,,,,,,53,4.7,40
C,29.97,4.97,tampa,Protek Heating & Cooling,+1 813-358-4610,https://hvac.protekps.com,"6920 E Chelsea St Unit C, Tampa, FL 33610, United States",,,,,,,,,0,,,,,,,,,97,4.9,12
C,29.96,4.96,tampa,"Temples Air Conditioning And Heating, LLC",+1 813-210-2003,https://www.templesair.com,,,,,,,,,,0,,,,,,,,,96,4.9,33
C,29.96,4.96,tampa,1-800-Plumber +Air,+1 727-219-9473,https://1800plumber.com/clearwater-fl,"3350 Ulmerton Rd Ste 2, Clearwater, FL 33762, United States",,,,,,,,,0,,,,,,,,,71,4.8,3
C,29.96,4.96,tampa,Mold Masters,+1 813-606-6668,https://www.mymoldmasters.com,"1350 County Rd 1 Unit 1362, Dunedin, FL 34697, United States",,,,,,,,,0,,,,,,,,,96,4.9,3
C,29.94,4.94,tampa,Case Heating and Air Conditioning,+1 727-238-0968,https://www.acandheatbycase.com,"5315 Olano St, Palmetto, FL 34221, United States",,,,,,,,,0,,,,,,,,,95,5,2
C,29.93,4.93,tampa,Cool Quality LLC,+1 813-421-1380,https://coolqualityhvac.com,,,,,,,,,,0,,,,,,,,,94,4.9,13
C,29.93,4.93,tampa,Broken Truck Emergency Repair,+1 813-477-0038,https://brokentruckemergencyrepair.com,"3640 Lanier Rd, Zephyrhills, FL 33541, United States",,,,,,,,,0,,,,,,,,,69,4.8,53
C,29.92,4.92,tampa,Florida Man AC,+1 813-775-7100,https://www.floridamanac.com,,,,,,,,,,0,,,,,,,,,93,5,2
C,29.92,4.92,tampa,Wray's Auto Service Inc.,+1 727-937-2902,http://wraysauto.com,"5550 Wray Way, Holiday, FL 34690, United States",,,,,,,,,0,,,,,,,,,93,4.9,59
C,29.92,4.92,tampa,Merilan's Heating and Air Conditioning,+1 813-322-3532,,"215 S Lincoln Ave, Clearwater, FL 33756, United States",,,,,,,,,0,,,,,,,,,8,4.1,2
C,29.91,4.91,tampa,A&S Auto Repair,+1 727-938-4451,,"2033 Grand Blvd, Holiday, FL 34690, United States",,,,,,,,,0,,,,,,,,,92,4.9,62
C,29.89,4.89,tampa,"Russell & Russell Construction, LLC",+1 727-937-7877,http://russellandrussellconstruction.com,"36322 US-19, Palm Harbor, FL 34684, United States",,,,,,,,,0,,,,,,,,,36,4.6,21
C,29.88,4.88,tampa,GoodWind Cooling & Heating Inc.,+1 727-557-9517,https://goodwindfl.com,"5210 57th Ave N, St. Petersburg, FL 33709, United States",,,,,,,,,0,,,,,,,,,90,5,12
C,29.88,4.88,tampa,Skyway Heating and Air,+1 941-500-4414,https://skywayacservice.com,"1201 8th Ave W E17, Palmetto, FL 34221, United States",,,,,,,,,0,,,,,,,,,90,5,2
C,29.88,4.88,tampa,Park Mechanical Services,+1 813-406-0875,https://www.parkmechanicalservices.com,,,,,,,,,,0,,,,,,,,,90,4.9,2
C,29.88,4.88,tampa,Big Sam Appliance Repair | Butser LLC,+1 727-810-1766,https://bigsamservice.com,"17545 Glenapp Dr, Land O' Lakes, FL 34638, United States",,,,,,,,,0,,,,,,,,,90,4.9,2
C,29.87,4.87,tampa,"Dolphin Air & Heat, Inc.",+1 813-605-3401,http://www.dolphinac.com,"5008 W Linebaugh Ave #28, Tampa, FL 33624, United States",,,,,,,,,0,,,,,,,,,89,4.9,2
C,29.87,4.87,tampa,On The Way Heating & Air,+1 813-922-2209,https://callontheway.com,"18711 N Dale Mabry Hwy Suite 7, Lutz, FL 33548, United States",,,,,,,,,0,,,,,,,,,89,5,2
C,29.87,4.87,tampa,Johnson Family Air Conditioning Inc.,+1 727-239-3471,http://johnsonfamilyac.com,,,,,,,,,,0,,,,,,,,,89,4.9,62
C,29.87,4.87,tampa,LYFE Outdoor Comfort Solutions,+1 813-567-8169,https://lyfeoutdoorcomfort.com,"9937 Race Track Rd Ste A, Tampa, FL 33626, United States",,,,,,,,,0,,,,,,,,,89,4.9,2
C,29.87,4.87,tampa,Voltage RV Mobile Service,+1 727-288-5603,,"Pepper Dr, Zephyrhills, FL 33541, United States",,,,,,,,,0,,,,,,,,,26,4.5,15
C,29.85,4.85,tampa,AM Aire Inc,+1 727-331-9539,http://amaire.net,"10417 115th Ave N, Largo, FL 33773, United States",,,,,,,,,0,,,,,,,,,87,4.9,62
C,29.85,4.85,tampa,Newton's heating and air conditioning llc,+1 727-614-1968,https://www.newtonsheatingandairconditioning.com,,,,,,,,,,0,,,,,,,,,87,4.9,2
C,29.85,4.85,tampa,K & L Air Conditioning LLC,+1 813-735-2645,,"4106 Wedgemere Dr Ste B, Tampa, FL 33610, United States",,,,,,,,,0,,,,,,,,,87,4.9,2
C,29.83,4.83,tampa,Affinity Air Conditioning,+1 727-456-8060,https://affinityvnet.com,,,,,,,,,,0,,,,,,,,,10,4.2,3
C,29.83,4.83,tampa,Ascend Heating and Air Conditioning,+1 727-580-4035,https://www.ascendhvacservices.com,"1613 Sherwood St, Clearwater, FL 33755, United States",,,,,,,,,0,,,,,,,,,85,5,2
C,29.83,4.83,tampa,ALECO AC & Heating Experts,+1 941-269-3222,http://www.alecoair.com,"2009 1st Ave E, Bradenton, FL 34208, United States",,,,,,,,,0,,,,,,,,,85,5,2
C,29.83,4.83,tampa,Air-flo/Erwood Heating & Air Conditioning,+1 727-528-1227,https://airflo-erwoodac.com,"11191 43rd St N, Clearwater, FL 33762, United States",,,,,,,,,0,,,,,,,,,25,4.5,13
C,29.83,4.83,tampa,3 Ways of Air,+1 813-738-4109,http://www.3waysofair.com,"4525 Eden Rock Rd, Tampa, FL 33634, United States",,,,,,,,,0,,,,,,,,,85,5,22
C,29.8,4.8,tampa,Alligator Air Llc.,+1 727-831-8212,http://www.alligatorair.com,"4846 Mile Stretch Dr, Holiday, FL 34690, United States",,,,,,,,,0,,,,,,,,,45,4.7,13
C,29.8,4.8,tampa,GOT A GUY MOBILE AUTOMOTIVE,+1 813-318-1416,,"7207 S Elliott St, Tampa, FL 33616, United States",,,,,,,,,0,,,,,,,,,61,4.8,46
C,29.8,4.8,tampa,Manzella Heating & Cooling,+1 813-616-1170,http://manzellahvac.com,,,,,,,,,,0,,,,,,,,,83,5,62
C,29.78,4.78,tampa,Clark Air Services Inc.,+1 813-480-9642,http://www.clarkairservices.com,"3541 Gallagher Rd, Dover, FL 33527, United States",,,,,,,,,0,,,,,,,,,82,5,2
C,29.78,4.78,tampa,DANA Heating & Air Conditioning,+1 727-848-4002,http://www.danaheatingandair.com,"7823 Rutillio Ct, New Port Richey, FL 34653, United States",,,,,,,,,0,,,,,,,,,24,4.5,14
C,29.78,4.78,tampa,Patterson International Service Corp,+1 813-257-9641,,"7107 N Florida Ave, Tampa, FL 33604, United States",,,,,,,,,0,,,,,,,,,13,4.3,5
C,29.78,4.78,tampa,Mike Mudd Management,+1 813-214-5053,https://www.mikemuddm.com,,,,,,,,,,0,,,,,,,,,82,5,2
C,29.78,4.78,tampa,Lint Guardian,+1 813-400-2079,http://www.lint-guardian.com,,,,,,,,,,0,,,,,,,,,81,5,3
C,29.76,4.76,tampa,Steve's Air Conditioning & Heating,+1 727-868-6465,https://www.stevesairconditioningandheatinginc.com,"9703 Amilia Dr Ste F-1, Hudson, FL 34667, United States",,,,,,,,,0,,,,,,,,,59,4.8,40
C,29.75,4.75,tampa,KC Mobile Rv Repair,+1 813-580-2896,,"Thonotosassa, FL 33592, United States",,,,,,,,,0,,,,,,,,,43,4.7,35
C,29.75,4.75,tampa,Ductz of Tampa Bay,+1 727-787-7087,http://www.ductzoftampabay.com,"3055 47th Ave N, St. Petersburg, FL 33714, United States",,,,,,,,,0,,,,,,,,,43,4.7,24
C,29.75,4.75,tampa,Jaggers Air Duct Service,+1 813-722-0249,https://curryd405.wixsite.com/jaggers-air-duct-ser,"3311 W McKay Ave, Tampa, FL 33609, United States",,,,,,,,,0,,,,,,,,,5,4,0
C,29.74,4.74,tampa,Prime HVAC Services,+1 941-447-8777,https://callprimehvac.com,"14218 59th Cir E, Bradenton, FL 34211, United States",,,,,,,,,0,,,,,,,,,79,5,2
C,29.74,4.74,tampa,Terry P's Automotive Inc.,+1 813-564-5995,,"2318 E College Ave, Ruskin, FL 33570, United States",,,,,,,,,0,,,,,,,,,58,4.8,2
C,29.74,4.74,tampa,A/C Repairs Inc.,+1 813-909-0809,https://www.acrepairstampa.com,,,,,,,,,,0,,,,,,,,,79,5,2
C,29.74,4.74,tampa,Williams Air Solutions,+1 727-477-3256,https://www.williamsairsolutions.com,"1115 Ponce De Leon Blvd, Belleair, FL 33756, United States",,,,,,,,,0,,,,,,,,,79,5,2
C,29.74,4.74,tampa,Guardian Home,+1 727-761-6778,https://www.guardianhome.us,"1954 Bayshore Blvd, Dunedin, FL 34698, United States",,,,,,,,,0,,,,,,,,,79,4.9,2
C,29.74,4.74,tampa,Instant Electric,+1 813-680-1507,https://instant-electric.com,"7226 Drifting Sand Dr, Wesley Chapel, FL 33544, United States",,,,,,,,,0,,,,,,,,,79,4.9,3
C,29.73,4.73,tampa,Dan The Man RV Repair,+1 727-275-0858,http://danthemanrvrepair.com,"10 S Comet Ave, Clearwater, FL 33765, United States",,,,,,,,,0,,,,,,,,,78,4.9,63
C,29.7,4.7,tampa,Marvel Air Solutions LLC,+1 813-455-5449,,"4061 Old Hwy 41 S, Sun City, FL 33586, United States",,,,,,,,,0,,,,,,,,,76,4.9,12
C,29.7,4.7,tampa,Armstrong Air & Electric - Tampa,+1 813-705-8870,https://www.armstrongairinc.com/tampa-fl,"5435 N 59th St, Tampa, FL 33610, United States",,,,,,,,,0,,,,,,,,,76,5,65
C,29.7,4.7,tampa,"KPW Service Association, Inc.",+1 813-633-0061,http://www.kpscc.com,"202 Cambridge Trail, Sun City Center, FL 33573, United States",,,,,,,,,0,,,,,,,,,12,4.3,1
C,29.7,4.7,tampa,M B Star Techs,+1 727-935-5705,https://mbstartechs.com,"37644 US-19, Palm Harbor, FL 34684, United States",,,,,,,,,0,,,,,,,,,56,4.8,43
C,29.7,4.7,tampa,Tampa Duct Cleaning Service,+1 813-369-5046,,"3305 W Gray St, Tampa, FL 33609, United States",,,,,,,,,0,,,,,,,,,12,4.3,1
C,29.69,4.69,tampa,Consistent AC,+1 813-440-0317,http://www.consistentac.com,,,,,,,,,,0,,,,,,,,,75,5,52
C,29.69,4.69,tampa,Smithers Pest Control Inc,+1 727-866-3555,,"1110 Pinellas Bayway S STE 109, St. Petersburg, FL 33715, United States",,,,,,,,,0,,,,,,,,,22,4.5,7
C,29.69,4.69,tampa,Smart Solutions RV Mobile Service,+1 813-525-3540,,"14052 Arbor Pines Dr, Riverview, FL 33579, United States",,,,,,,,,0,,,,,,,,,75,5,2
C,29.69,4.69,tampa,Bay Harbor Services,+1 813-740-8662,http://bayharborservices.com,"1340 Orient Rd, Tampa, FL 33619, United States",,,,,,,,,0,,,,,,,,,30,4.6,15
C,29.69,4.69,tampa,Dream Air Inc,+1 727-600-8677,http://www.dreamairhvac.com,,,,,,,,,,0,,,,,,,,,22,4.5,3
C,29.69,4.69,tampa,certified transmission,+1 813-650-8300,,"113 Lithia Pinecrest Rd, Brandon, FL 33511, United States",,,,,,,,,0,,,,,,,,,30,4.6,14
C,29.67,4.67,tampa,Titanium Air,+1 727-746-4416,http://www.titanium-air.net,"1363 63rd Terrace S, St. Petersburg, FL 33705, United States",,,,,,,,,0,,,,,,,,,74,5,22
C,29.67,4.67,tampa,Realistic RV Services LLC Mobile Tech,+1 727-557-7264,https://www.realisticrvservices.com,"4062 Vista Verde Dr, New Port Richey, FL 34653, United States",,,,,,,,,0,,,,,,,,,54,4.8,41
C,29.66,4.66,tampa,Elias Brothers Cooling LLC,+1 813-203-3734,https://www.eliasac.com,"15218 Otto Rd, Tampa, FL 33624, United States",,,,,,,,,0,,,,,,,,,73,5,2
C,29.66,4.66,tampa,Empire Air Solution,+1 813-375-2050,http://www.empireairsolution.com,,,,,,,,,,0,,,,,,,,,73,5,2
C,29.62,4.62,tampa,1st Call Air Conditioning LLC,+1 727-554-6691,https://1stcallair.com,"14201 113th Ave N, Largo, FL 33774, United States",,,,,,,,,0,,,,,,,,,71,5,50
C,29.62,4.62,tampa,Lombard Air Conditioning LLC,+1 813-593-8128,https://lombardac.com,"4119 Gunn Hwy #14, Tampa, FL 33618, United States",,,,,,,,,0,,,,,,,,,52,4.8,12
C,29.62,4.62,tampa,CHAMPION'S AIRFLOW LLC,+1 941-250-7493,http://championsairflow.com,,,,,,,,,,0,,,,,,,,,70,4.9,2
C,29.62,4.62,tampa,Essential Air Conditioning,+1 727-242-3531,https://essentialairconditioning.com,"6074 46th Ave N, Kenneth City, FL 33709, United States",,,,,,,,,0,,,,,,,,,70,5,12
C,29.62,4.62,tampa,AmeriVet Pressure Washing,+1 813-551-0044,http://amerivetclean.com,"16705 Myrtle sand dr, Wimauma, FL 33598, United States",,,,,,,,,0,,,,,,,,,70,5,2
C,29.62,4.62,tampa,Icy Hot AC and Heating,+1 813-850-5813,,,,,,,,,,,0,,,,,,,,,70,5,52
C,29.62,4.62,tampa,Weatherproof Cooling & Heating LLC,+1 727-953-5321,https://weatherproofcoolingheating.com,"7985 Somerset Dr, Largo, FL 33773, United States",,,,,,,,,0,,,,,,,,,70,4.9,3
C,29.62,4.62,tampa,Freedom A/C,+1 727-252-9995,https://freedomac.com,"7003 114th Ave Ste C, Largo, FL 33773, United States",,,,,,,,,0,,,,,,,,,70,5,2
C,29.62,4.62,tampa,Auto Tech Garage,+1 727-347-4113,http://autotechgarage.com,"3239 Tyrone Blvd N, St. Petersburg, FL 33710, United States",,,,,,,,,0,,,,,,,,,28,4.6,20
C,29.6,4.6,tampa,Perfect Air,+1 941-465-3678,http://www.perfectairsarasota.com,"6610 26th Ct E, Sarasota, FL 34243, United States",,,,,,,,,0,,,,,,,,,69,5,3
C,29.6,4.6,tampa,AM Heating and Cooling,+1 941-879-1335,https://www.amheatingandcooling.com,"5810 143rd Ct E, Bradenton, FL 34211, United States",,,,,,,,,0,,,,,,,,,69,5,58
C,29.6,4.6,tampa,Rapid Response AC Services,+1 941-941-9278,https://rapidresponseacservices.com,"9040 Town Center Pkwy, Lakewood Ranch, FL 34202, United States",,,,,,,,,0,,,,,,,,,69,5,61
C,29.6,4.6,tampa,Cool Vibes Air Conditioning,+1 727-739-5983,https://coolvibesac.com,,,,,,,,,,0,,,,,,,,,69,5,58
C,29.6,4.6,tampa,Tropic Shield Roofing,+1 727-200-1074,https://tropicshieldroofing.com,"2031 4th St N #3, St. Petersburg, FL 33704, United States",,,,,,,,,0,,,,,,,,,69,5,2
C,29.6,4.6,tampa,"Climate Control Systems of Tampa, INC.",+1 813-205-7789,http://climatecontrolsystemsinc.com,,,,,,,,,,0,,,,,,,,,11,4.3,5
C,29.58,4.58,tampa,Trusty Air Conditioning & Heating Inc.,+1 813-482-2318,https://trustyac.com,,,,,,,,,,0,,,,,,,,,68,5,51
C,29.58,4.58,tampa,"Florida Coast Air Conditioning, Home of the AC Hero!",+1 813-500-2608,http://floridacoastac.com,"7025 Penta Pl, Wesley Chapel, FL 33545, United States",,,,,,,,,0,,,,,,,,,50,4.8,30
C,29.58,4.58,tampa,Elite Services of Greater Tampa Bay LLC,+1 813-422-1779,https://eliteserviceshvacfl.com,,,,,,,,,,0,,,,,,,,,68,4.9,3
C,29.58,4.58,tampa,Rescue Cooling Rentals,+1 813-257-7455,https://rescuecoolingrentals.com/tampa,"3899 Ulmerton Rd H, Clearwater, FL 33762, United States",,,,,,,,,0,,,,,,,,,68,5,2
C,29.57,4.57,tampa,Calrene Air Conditioning,+1 813-679-1960,http://calreneac.com,"3907 W South Ave ste b, Tampa, FL 33614, United States",,,,,,,,,0,,,,,,,,,67,4.9,32
C,29.56,4.56,tampa,Padro Air LLC,+1 813-407-6440,http://padroairllc.com,,,,,,,,,,0,,,,,,,,,49,4.8,22
C,29.55,4.55,tampa,Brothers Air Cooling and Heating inc.,+1 727-264-7387,http://www.airconditioningsalesinnewportricheyfl.com,"4934 Deer Lodge Rd, New Port Richey, FL 34655, United States",,,,,,,,,0,,,,,,,,,66,5,54
C,29.55,4.55,tampa,Aspire Air Solutions,+1 727-600-6212,https://www.aspireairconditioning.com,"1444 S Belcher Rd # C, Clearwater, FL 33764, United States",,,,,,,,,0,,,,,,,,,66,5,2
C,29.53,4.53,tampa,Fahrenheit Heating & AC,+1 727-228-2152,https://fahrenheitheatac.com,"8941 90th Terrace, Seminole, FL 33777, United States",,,,,,,,,0,,,,,,,,,65,5,2
C,29.53,4.53,tampa,Bay Breeze Air Conditioning and Heating,+1 727-605-4573,https://www.baybreezeair.com,"6399 142nd Ave N Ste 116A, Clearwater, FL 33760, United States",,,,,,,,,0,,,,,,,,,48,4.8,12
C,29.53,4.53,tampa,"Philip J Mullin Air Conditioning & Heating, LLC",+1 727-945-2312,http://philmullinac.com,,,,,,,,,,0,,,,,,,,,48,4.8,31
C,29.53,4.53,tampa,"IC Mechanical, LLC",+1 813-818-4889,https://icmech.com,"13925 Monroes Business Park, Tampa, FL 33635, United States",,,,,,,,,0,,,,,,,,,19,4.5,3
C,29.52,4.52,tampa,Cody's Air Duct Cleaners,+1 813-850-0090,https://eliteairductfl.com,"4928 FL-674 Ste 147, Wimauma, FL 33598, United States",,,,,,,,,0,,,,,,,,,64,4.9,12
C,29.52,4.52,tampa,D.R.S. Mechanical Services,+1 813-447-4445,http://www.drsmechanicalservices.com,,,,,,,,,,0,,,,,,,,,64,5,12
C,29.51,4.51,tampa,Matrix Contractor Services Inc,+1 813-917-8100,,,,,,,,,,,0,,,,,,,,,4,4,4
C,29.51,4.51,tampa,Westmoreland's A/C Inc.,+1 727-937-1114,,,,,,,,,,,0,,,,,,,,,4,4,2
C,29.51,4.51,tampa,"Taino Auto, Truck, & Diesel Repair & Towing services",+1 813-614-1005,,"19007 US-41, Lutz, FL 33549, United States",,,,,,,,,0,,,,,,,,,4,4,3
C,29.5,4.5,tampa,"Gulf Shore Cooling, LLC",+1 941-208-6755,https://gulfshorecooling.com/service-areas/bradenton-fl,"4914 Lena Rd Unit 104, Bradenton, FL 34211, United States",,,,,,,,,0,,,,,,,,,63,5,12
C,29.5,4.5,tampa,Airmax Refrigeration-heating and cooling,+1 727-777-2524,https://www.airmaxrefrigeration.com,"2241 Highland Woods Dr, Dunedin, FL 34698, United States",,,,,,,,,0,,,,,,,,,63,5,2
C,29.5,4.5,tampa,Waypoint Air Conditioning,+1 813-399-9912,http://www.waypointairconditioning.com,,,,,,,,,,0,,,,,,,,,63,5,2
C,29.5,4.5,tampa,Elite Craft Pro Services LLC,+1 727-206-4822,https://elitecraftpros.com,"3734 131st Ave N Ste 11, Clearwater, FL 33762, United States",,,,,,,,,0,,,,,,,,,63,5,12
C,29.5,4.5,tampa,Express Duct Cleaning Of Tampa,+1 813-990-0200,http://expressducttampa.com,"205 N Westland Ave, Tampa, FL 33606, United States",,,,,,,,,0,,,,,,,,,63,5,52
C,29.48,4.48,tampa,"R.M. Mechanical Air Conditioning Services, LLC",+1 727-306-1700,http://www.rmhvacpro.com,"1516 Toledo St, Holiday, FL 34690, United States",,,,,,,,,0,,,,,,,,,62,5,50
C,29.48,4.48,tampa,Suncoast Specialty Structures,+1 727-232-0707,http://www.scss.co,"712 Wesley Ave, Tarpon Springs, FL 34689, United States",,,,,,,,,0,,,,,,,,,62,5,48
C,29.48,4.48,tampa,ProFlo Plumbing,+1 727-902-7077,https://profloplumbing.co,"2450 49th St S, St. Petersburg, FL 33707, United States",,,,,,,,,0,,,,,,,,,62,4.9,44
C,29.48,4.48,tampa,Just TCB Air Conditioning & Heating,+1 727-474-7490,,,,,,,,,,,0,,,,,,,,,62,5,2
C,29.48,4.48,tampa,Lowton Air Services,+1 813-720-6445,https://www.lowtonair.com,"4301 Bloomingdale Ave, Valrico, FL 33596, United States",,,,,,,,,0,,,,,,,,,62,5,2
C,29.48,4.48,tampa,AirFreeze Commercial & Residential Duct & Dryer Vent Cleaning,+1 813-726-1891,http://airfreezeductandventcleaning.com,"4212 W Kennedy Blvd, Tampa, FL 33609, United States",,,,,,,,,0,,,,,,,,,62,5,53
C,29.47,4.47,tampa,Gold Star Air Duct Cleaning,+1 813-544-3336,https://perfectairductfl.com,"6306 Benjamin Rd Ste 233, Tampa, FL 33634, United States",,,,,,,,,0,,,,,,,,,45,4.8,12
C,29.47,4.47,tampa,Polar Ice AC & Heating,+1 727-565-7144,https://polaricehvac.com,,,,,,,,,,0,,,,,,,,,61,5,22
C,29.47,4.47,tampa,Priority Cool Solutions,+1 813-370-2471,http://prioritycoolsolutions.com,"5121 W Rio Vista Ave, Tampa, FL 33634, United States",,,,,,,,,0,,,,,,,,,61,5,3
C,29.47,4.47,tampa,Express Air Duct Cleaning Valrico,+1 813-499-9446,http://express-valrico.com,"3143 Royal Tuscan Ln, Valrico, FL 33594, United States",,,,,,,,,0,,,,,,,,,61,4.9,52
C,29.47,4.47,tampa,Apex Auto Solutions,+1 727-420-6018,https://apexcarz.com,"12545 44th St N, Clearwater, FL 33762, United States",,,,,,,,,0,,,,,,,,,61,5,2
C,29.44,4.44,tampa,The Right Way Air Conditioning,+1 813-993-9383,https://flhvaccontractor.com,,,,,,,,,,0,,,,,,,,,60,5,44
C,29.42,4.42,tampa,PHD Automotive,+1 727-945-7463,,"39972 US-19, Tarpon Springs, FL 34689, United States",,,,,,,,,0,,,,,,,,,59,4.9,40
C,29.42,4.42,tampa,Tampa Bay Home Solutions,+1 813-231-5811,http://tbhomesolutions.com,"3802 Gunn Hwy, Tampa, FL 33618, United States",,,,,,,,,0,,,,,,,,,59,5,48
C,29.41,4.41,tampa,All Florida Power & Air Services,+1 813-690-8735,https://allfloridapowerair.com,"7409 Alafia Ridge Rd, Riverview, FL 33569, United States",,,,,,,,,0,,,,,,,,,17,4.5,3
C,29.41,4.41,tampa,SI Electric,+1 727-766-1896,https://www.sielectric.biz,"3053 Elkridge Dr, Holiday, FL 34691, United States",,,,,,,,,0,,,,,,,,,17,4.5,9
C,29.39,4.39,tampa,Ally HVAC,+1 813-544-0082,https://allyac.com,"6089 Johns Rd #8, Tampa, FL 33634, United States",,,,,,,,,0,,,,,,,,,57,4.9,2
C,29.39,4.39,tampa,Comfort Technical Solutions,+1 813-409-0694,https://ctsacsupply.com,"5805 Anderson Rd Unit A, Tampa, FL 33634, United States",,,,,,,,,0,,,,,,,,,42,4.8,34
C,29.39,4.39,tampa,Butler AC & Trucking Service Corp,+1 813-626-1458,http://butlertruck.com,"4405 E 21st Ave, Tampa, FL 33605, United States",,,,,,,,,0,,,,,,,,,31,4.7,13
C,29.39,4.39,tampa,"JC Dryer Vent Cleaning, LLC",+1 813-210-1147,,"11120 Windpoint Dr, Tampa, FL 33635, United States",,,,,,,,,0,,,,,,,,,57,4.9,3
C,29.37,4.37,tampa,"Spangler Air, LLC",+1 727-481-0000,https://spanglerairllc.com,"5745 61st St N, St. Petersburg, FL 33709, United States",,,,,,,,,0,,,,,,,,,56,5,12
C,29.37,4.37,tampa,Central Heating & AC Supply,+1 727-343-1878,,"6320 39th St N, Pinellas Park, FL 33781, United States",,,,,,,,,0,,,,,,,,,41,4.8,27
C,29.36,4.36,tampa,O’Donovan’s maintenance and repair,+1 813-410-3831,,"19019 US-41, Lutz, FL 33549, United States",,,,,,,,,0,,,,,,,,,30,4.7,19
C,29.36,4.36,tampa,LUX Dryer Vent Cleaning And Inspections,+1 727-606-1779,http://luxdryerventcleaningandinspections.online,"1609 Pasadena Ave S #3d, South Pasadena, FL 33707, United States",,,,,,,,,0,,,,,,,,,30,4.7,19
C,29.36,4.36,tampa,"Coggins Plumbing, Inc.",+1 813-643-7173,,"3801 FL-60 D, Dover, FL 33527, United States",,,,,,,,,0,,,,,,,,,22,4.6,10
C,29.35,4.35,tampa,Air Repair HVAC,+1 813-508-5166,https://www.airrepairhvac.com,"418 College Ave W, Ruskin, FL 33570, United States",,,,,,,,,0,,,,,,,,,55,5,47
C,29.35,4.35,tampa,"Mullins Services AC & Heat, LLC.",+1 727-851-7876,http://www.mullinsservicesacandheatllc.com,,,,,,,,,,0,,,,,,,,,55,5,12
C,29.35,4.35,tampa,Simple A/C Solutions,+1 813-848-7234,https://simple-ac-solutions.com,,,,,,,,,,0,,,,,,,,,55,4.9,22
C,29.33,4.33,tampa,Pure Air Duct Cleaning FL,+1 813-352-0051,https://pureairductcleaningfl.com,"14821 Alcorine Pl, Lutz, FL 33559, United States",,,,,,,,,0,,,,,,,,,54,5,2
C,29.31,4.31,tampa,Killian's Air Conditioning and Heating Services LLC,+1 727-591-4776,http://www.killianshvac.com,"4444 5th Ave N, St. Petersburg, FL 33713, United States",,,,,,,,,0,,,,,,,,,53,5,3
C,29.31,4.31,tampa,78 Degrees Air Conditioning & Refrigeration LLC.,+1 727-379-4237,,,,,,,,,,,0,,,,,,,,,53,5,35
C,29.31,4.31,tampa,Alberto,+1 813-494-1332,http://www.albertoac.com,"4307 W Pearl Ave Unit c, Tampa, FL 33611, United States",,,,,,,,,0,,,,,,,,,53,4.9,2
C,29.29,4.29,tampa,North East Heating And Cooling,+1 813-291-6146,https://www.northeastheatingcooling.com,"12831 Buffalo Run Dr, Gibsonton, FL 33534, United States",,,,,,,,,0,,,,,,,,,52,5,2
C,29.29,4.29,tampa,On Time AC Service LLC,+1 813-898-3585,,,,,,,,,,,0,,,,,,,,,52,5,30
C,29.29,4.29,tampa,Silva Service Group,+1 727-686-1056,https://www.silvaservicegroup.com,,,,,,,,,,0,,,,,,,,,52,5,42
C,29.29,4.29,tampa,Bluewater Air Systems,+1 727-506-6264,http://bluewaterairsystems.com,"14455 Myerlake Cir, Clearwater, FL 33760, United States",,,,,,,,,0,,,,,,,,,52,5,44
C,29.28,4.28,tampa,Strategic Air Conditioning,+1 813-477-0214,http://www.strategicac.com/contact-us,"3726 Abraham Acres Ln, Plant City, FL 33565, United States",,,,,,,,,0,,,,,,,,,38,4.8,2
C,29.27,4.27,tampa,"Ace Commercial Heating and Cooling, Inc.",+1 813-412-8975,,"1207 E 142nd Ave, Tampa, FL 33613, United States",,,,,,,,,0,,,,,,,,,6,4.2,0
C,29.27,4.27,tampa,Krauss Company of Florida,+1 727-536-4800,http://www.krauss-company.com,"6110 126th Ave N, Largo, FL 33773, United States",,,,,,,,,0,,,,,,,,,6,4.2,1
C,29.27,4.27,tampa,"KRONOS Air Conditioning and Heating, LLC",+1 813-500-1324,http://www.kronos-ac.com,"12626 Nicole Ln, Tampa, FL 33625, United States",,,,,,,,,0,,,,,,,,,51,4.9,44
C,29.26,4.26,tampa,Climate Design Services,+1 813-685-1024,,"5209 Pine St, Seffner, FL 33584, United States",,,,,,,,,0,,,,,,,,,8,4.3,0
C,29.26,4.26,tampa,Bryant HVAC Services,+1 813-369-5482,,"5702 N Nebraska Ave, Tampa, FL 33604, United States",,,,,,,,,0,,,,,,,,,8,4.3,1
C,29.26,4.26,tampa,Commercial Products,+1 813-989-9104,http://www.cpcwater.com,"7802 Professional Pl, Tampa, FL 33637, United States",,,,,,,,,0,,,,,,,,,8,4.3,1
C,29.25,4.25,tampa,Glacier Bay AC & Refrigeration,+1 727-452-6809,http://www.glacierbayac.com,"2709 23rd Ave N, St. Petersburg, FL 33713, United States",,,,,,,,,0,,,,,,,,,50,4.9,39
C,29.25,4.25,tampa,"AB Air Services, Inc",+1 727-334-7843,http://abairservices.com,"7780 49th Street N Suite 165, Pinellas Park, FL 33781, United States",,,,,,,,,0,,,,,,,,,50,5,42
C,29.25,4.25,tampa,Select Air Conditioning Services LLC,+1 813-725-9541,http://selectairconditioningservicesllcfl.hibuwebsites.com,,,,,,,,,,0,,,,,,,,,50,4.9,3
C,29.25,4.25,tampa,FAIR TECH MOBILE MECHANIC,+1 813-347-7872,,"818 Louise St Riverview, Brandon, FL 33511, United States",,,,,,,,,0,,,,,,,,,37,4.8,24
C,29.23,4.23,tampa,F & L Inc,+1 813-645-3191,http://fandlelectriccoinc.com,"112 W Shell Point Rd, Ruskin, FL 33570, United States",,,,,,,,,0,,,,,,,,,36,4.8,20
C,29.23,4.23,tampa,VentDuct Cleaning,+1 727-754-9629,https://cleanventduct.com,"29188 US Hwy 19 N, Clearwater, FL 33761, United States",,,,,,,,,0,,,,,,,,,49,5,2
C,29.19,4.19,tampa,SimpliAIR,+1 813-802-3530,http://www.simpliair-ac.com,,,,,,,,,,0,,,,,,,,,35,4.8,12
C,29.18,4.18,tampa,Cool Mode A/C Services LLC,+1 813-790-8313,https://coolmodeac.com,"3930 Seixas Pl, Land O' Lakes, FL 34639, United States",,,,,,,,,0,,,,,,,,,47,5,2
C,29.16,4.16,tampa,Justin Time llc,+1 727-351-0123,,,,,,,,,,,0,,,,,,,,,46,5,12
C,29.16,4.16,tampa,Arctic Aces Air Conditioning & Heating,+1 813-563-1223,https://www.arcticaces.com,"10306 Little Creek Pl, Dover, FL 33527, United States",,,,,,,,,0,,,,,,,,,46,5,2
C,29.16,4.16,tampa,Fresh Air Services,+1 813-340-2562,http://www.icleanac.com,,,,,,,,,,0,,,,,,,,,46,4.9,2
C,29.16,4.16,tampa,Quick to Run A/C,+1 813-459-3995,,,,,,,,,,,0,,,,,,,,,34,4.8,12
C,29.16,4.16,tampa,AirMergency Heating & Cooling,+1 813-784-6120,http://www.airmergency.com,,,,,,,,,,0,,,,,,,,,46,5,38
C,29.13,4.13,tampa,M&R Air Conditioning,+1 727-592-5691,https://www.mandrhvac.com,"459 29th Ave N, St. Petersburg, FL 33704, United States",,,,,,,,,0,,,,,,,,,45,4.9,3
C,29.13,4.13,tampa,Puffin Air Conditioning and Heating LLC,+1 727-685-6856,http://www.puffinhvac.com,,,,,,,,,,0,,,,,,,,,45,5,30
C,29.13,4.13,tampa,Custom Air Works HVAC,+1 727-641-0558,http://customairworks.com,"5111 8th Ave S B, Gulfport, FL 33707, United States",,,,,,,,,0,,,,,,,,,45,4.9,34
C,29.13,4.13,tampa,Bluebird Air Duct & Dryer Vents Cleaning,+1 813-736-7009,,"32690 US Hwy 19 N, Palm Harbor, FL 34683, United States",,,,,,,,,0,,,,,,,,,45,4.9,35
C,29.13,4.13,tampa,Accurate AC Pros,+1 813-772-3432,https://www.accurateacprosfl.com,,,,,,,,,,0,,,,,,,,,45,5,32
C,29.13,4.13,tampa,Zakos Tile & Marble Inc. & Floor Removal Services,+1 727-916-0404,http://www.zakostile.com,,,,,,,,,,0,,,,,,,,,33,4.8,17
C,29.13,4.13,tampa,AAA AC Supplies Inc (Tampa),+1 813-343-8888,,"7906 Anderson Rd, Tampa, FL 33634, United States",,,,,,,,,0,,,,,,,,,45,5,30
C,29.11,4.11,tampa,Cooling Mechanical Services,+1 813-315-0656,http://www.coolingmechanicalservices.com,"18910 Arbor Dr, Lutz, FL 33548, United States",,,,,,,,,0,,,,,,,,,44,5,2
C,29.11,4.11,tampa,Tyler's AC Services,+1 727-263-6415,https://book.housecallpro.com/book/Tylers-AC-Services/92a5b9375abf41e5b3ccc51cb06b7396?v2=true,,,,,,,,,,0,,,,,,,,,44,5,35
C,29.11,4.11,tampa,Aire Solutions Inc,+1 727-390-0800,https://www.airesolutionsac.com,"14220 66th St N Suite D, Clearwater, FL 33764, United States",,,,,,,,,0,,,,,,,,,44,4.9,2
C,29.1,4.1,tampa,Hoffman's Heating & Air Conditioning,+1 727-944-2794,https://hoffmansairconditioning.com,"4725 Bartelt Rd, Holiday, FL 34690, United States",,,,,,,,,0,,,,,,,,,32,4.8,2
C,29.08,4.08,tampa,Eagle prime auto,+1 727-935-1016,https://eagleprimeauto.com,"37594 US Hwy 19 N, Palm Harbor, FL 34684, United States",,,,,,,,,0,,,,,,,,,43,5,2
C,29.08,4.08,tampa,Pro Diesel & Equipment Repair Shop - Mobile Diesel Technician,+1 813-255-8399,,"Bruce B Downs Blvd, Tampa, FL 33647, United States",,,,,,,,,0,,,,,,,,,43,4.9,2
C,29.08,4.08,tampa,Just Chill Services,+1 727-432-2072,,,,,,,,,,,0,,,,,,,,,43,5,26
C,29.08,4.08,tampa,Tony Baars Air Conditioning,+1 813-712-9454,https://www.tonybaarsairconditioning.com,"3910 W Carmen St, Tampa, FL 33609, United States",,,,,,,,,0,,,,,,,,,5,4.2,1
C,29.08,4.08,tampa,Wendel Mechanical,+1 813-419-2260,https://wendelmechanical.com,"7304 Causeway Blvd #2, Tampa, FL 33619, United States",,,,,,,,,0,,,,,,,,,5,4.2,0
C,29.06,4.06,tampa,Bosch Air Conditioning & Contractors Inc.,+1 813-473-2101,https://www.boschairconditioningfl.com,"5553 W Waters Ave Ste 312, Tampa, FL 33634, United States",,,,,,,,,0,,,,,,,,,42,5,30
C,29.06,4.06,tampa,Advanced Ductless,+1 727-314-7790,https://advancedductless.com,,,,,,,,,,0,,,,,,,,,42,5,2
C,29.03,4.03,tampa,Comfort Air Conditioning and Heating,+1 941-402-0223,http://bestcomfortacflorida.com,"2203 Pleasure Run Dr, Ruskin, FL 33570, United States",,,,,,,,,0,,,,,,,,,41,5,2
C,29.03,4.03,tampa,"Air Cee Air Conditioning, Heating & Refrigeration",+1 813-513-5100,https://airceecooling.com,,,,,,,,,,0,,,,,,,,,41,5,2
C,29.03,4.03,tampa,M&M Heating & Air Conditioning Inc.,+1 727-900-9919,https://mmheatingcooling.com,"2022 Cleveland St, Clearwater, FL 33765, United States",,,,,,,,,0,,,,,,,,,41,5,2
C,29.03,4.03,tampa,Top Appliance Repair,+1 813-686-6549,https://top-repair-appliance.com,"4923 Cambridge Blvd Apt 101, Palm Harbor, FL 34685, United States",,,,,,,,,0,,,,,,,,,41,4.9,3
C,29.01,4.01,tampa,Rick's Complete Air Conditioning Inc.,+1 813-758-8843,http://rickscompleteac.com,"2705 Jim Johnson Rd, Plant City, FL 33566, United States",,,,,,,,,0,,,,,,,,,40,5,2
C,29.01,4.01,tampa,Palm Air Cool,+1 813-777-7528,https://palmaircool.jobbersites.com,,,,,,,,,,0,,,,,,,,,40,5,28
C,29.01,4.01,tampa,Alan's Air Services,+1 727-712-7579,,"9371 89th Ave N, Seminole, FL 33777, United States",,,,,,,,,0,,,,,,,,,16,4.6,8
C,29.01,4.01,tampa,Up 2 Par Air Conditioning & Refrigeration,+1 727-252-3863,https://www.up2parair.com,,,,,,,,,,0,,,,,,,,,40,5,31
C,28.97,3.97,tampa,Air MD Heating & Cooling,+1 727-610-6282,http://www.airmdflorida.com,"4130 Rowan Rd Ste 7, New Port Richey, FL 34653, United States",,,,,,,,,0,,,,,,,,,39,5,24
C,28.97,3.97,tampa,Bri-Tech Heating And Cooling,+1 727-255-1188,https://www.britechhvacflorida.com,,,,,,,,,,0,,,,,,,,,39,5,26
C,28.97,3.97,tampa,Patriot Portable Air,+1 813-590-7007,http://patriotportableairfl.com,"1821 E 2nd Ave, Tampa, FL 33605, United States",,,,,,,,,0,,,,,,,,,39,5,29
C,28.97,3.97,tampa,Southern Mechanical of Florida,+1 727-458-1650,,,,,,,,,,,0,,,,,,,,,39,5,30
C,28.95,3.95,tampa,Merc Air INC,+1 813-586-2448,https://www.hvaccontractortampa.com,,,,,,,,,,0,,,,,,,,,28,4.8,12
C,28.95,3.95,tampa,Zero Limits Heating & Cooling,+1 813-355-9395,https://www.zerolimitsair.com,,,,,,,,,,0,,,,,,,,,38,5,29
C,28.95,3.95,tampa,A & R Auto Center Inc.,+1 727-319-0488,http://andrauto.com,"4712 95th St N, St. Petersburg, FL 33708, United States",,,,,,,,,0,,,,,,,,,28,4.8,16
C,28.93,3.93,tampa,Moore Air & Refrigeration,+1 727-824-5665,,"2310 4th Ave N, St. Petersburg, FL 33713, United States",,,,,,,,,0,,,,,,,,,11,4.5,0
C,28.93,3.93,tampa,Champion HVAC Services,+1 727-317-6021,,"26489 US Hwy 19 N, Clearwater, FL 33761, United States",,,,,,,,,0,,,,,,,,,11,4.5,2
C,28.93,3.93,tampa,JC AC Services,+1 813-776-4709,https://jcacservices.com,,,,,,,,,,0,,,,,,,,,11,4.5,3
C,28.92,3.92,tampa,Air Conditioning Repairs and installation HVAC services. Tampa Bay Air,+1 727-623-6663,http://cooling-now.com,"129 Southeast Jefferson Cir N, St. Petersburg, FL 33703, United States",,,,,,,,,0,,,,,,,,,37,5,29
C,28.92,3.92,tampa,Watershed Plumbing,+1 813-701-8058,https://watershed-plumbing.com,,,,,,,,,,0,,,,,,,,,37,5,22
C,28.89,3.89,tampa,Hot or Not Air Conditioning,+1 813-995-8884,http://www.hotornotair.com,,,,,,,,,,0,,,,,,,,,36,5,2
C,28.89,3.89,tampa,Bluefreeze A﻿ir D﻿uct & Dryer Vents Cle﻿aning Service,+1 813-696-0555,http://bluefreezeairductcleaning.com,"6702 Hanley Rd, Tampa, FL 33634, United States",,,,,,,,,0,,,,,,,,,36,5,30
C,28.89,3.89,tampa,MorAir,+1 813-444-2970,http://www.morairandheat.com,,,,,,,,,,0,,,,,,,,,36,5,26
C,28.87,3.87,tampa,Isaac Automotive Services,+1 813-234-1900,,"Building A 16-18, 1209 Old Hopewell Rd, Tampa, FL 33619, United States",,,,,,,,,0,,,,,,,,,26,4.8,14
C,28.87,3.87,tampa,Marona A/C & Heating LLC,+1 813-449-3877,,,,,,,,,,,0,,,,,,,,,26,4.8,17
C,28.86,3.86,tampa,McCaskill Heating & Air,+1 727-785-8152,,"310 Orange St #100, Ozona, FL 34660, United States",,,,,,,,,0,,,,,,,,,35,5,22
C,28.86,3.86,tampa,Jerry's Repair & Auto Air,+1 727-392-4600,,"10990 70th Ave N, Seminole, FL 33772, United States",,,,,,,,,0,,,,,,,,,35,4.9,21
C,28.86,3.86,tampa,ThermoPro Air Conditioning & Heating,+1 727-275-7442,http://www.thermoproair.com,,,,,,,,,,0,,,,,,,,,35,5,24
C,28.86,3.86,tampa,BOBBYS PTAC,+1 813-516-6073,,"18489 N US-41, Lutz, FL 33549, United States",,,,,,,,,0,,,,,,,,,35,5,27
C,28.86,3.86,tampa,Fused Solar and Roofing,+1 813-686-9896,https://fusedsolarandroofing.com,"15107 W County Line Rd, Odessa, FL 33556, United States",,,,,,,,,0,,,,,,,,,35,5,2
C,28.86,3.86,tampa,JCA Automotive Repair LLC,+1 813-510-3105,https://jcaautorepair.com,"600 St Petersburg Dr E, Oldsmar, FL 34677, United States",,,,,,,,,0,,,,,,,,,35,5,23
C,28.82,3.82,tampa,Complete Pro Air,+1 813-257-9100,https://completeproair.com,"6619 S 78th St unit 116, Riverview, FL 33578, United States",,,,,,,,,0,,,,,,,,,34,4.9,22
C,28.82,3.82,tampa,"Cochrane Heating & Air, LLC",+1 727-365-7523,http://www.cochraneheatingandair.com,,,,,,,,,,0,,,,,,,,,34,5,12
C,28.82,3.82,tampa,Mcghie Construction Inc,+1 813-966-3707,,"13509 Mango Bay Dr, Riverview, FL 33579, United States",,,,,,,,,0,,,,,,,,,25,4.8,2
C,28.82,3.82,tampa,Brobles Mobile Auto Repair LLC,+1 813-412-9333,https://z7az.top/business/brobles-mobile-auto-repair-llc-JVnD_HTQ,"2751 E County Line Rd unit 417, Lutz, FL 33559, United States",,,,,,,,,0,,,,,,,,,34,5,24
C,28.82,3.82,tampa,Quick Quote Heating and Air,+1 813-776-5539,https://quickquoteheatingandair.com,"1208 Bell Shoals Rd, Brandon, FL 33511, United States",,,,,,,,,0,,,,,,,,,34,5,22
C,28.82,3.82,tampa,Speed Air & Heating LLC,+1 813-834-0379,https://speedair.us,"7000 Bryan Dairy Rd, Largo, FL 33777, United States",,,,,,,,,0,,,,,,,,,34,4.9,25
C,28.8,3.8,tampa,Dr Kool HVACR,+1 727-620-5665,https://www.drkoolhvacr.com,,,,,,,,,,0,,,,,,,,,33,5,24
C,28.8,3.8,tampa,Eco Air Florida,+1 727-617-5957,https://goecoair.com,"6553 54th Ave N, St. Petersburg, FL 33709, United States",,,,,,,,,0,,,,,,,,,33,5,12
C,28.8,3.8,tampa,Spaulding Refrigeration and Air Conditioning,+1 727-342-3214,https://spauldingrefrigerationandairconditioning.jobbersites.com,,,,,,,,,,0,,,,,,,,,33,5,23
C,28.8,3.8,tampa,Alpha 24 Cooling & Heating Services LLC,+1 727-600-5902,https://alpha24hvac.com,"2034 Long Branch Ln, Clearwater, FL 33760, United States",,,,,,,,,0,,,,,,,,,33,5,2
C,28.8,3.8,tampa,AC Lorenzo,+1 813-766-9399,,,,,,,,,,,0,,,,,,,,,33,5,25
C,28.78,3.78,tampa,Florida HVAC Pros,+1 941-269-0424,https://florida-hvac-pros.ueniweb.com,,,,,,,,,,0,,,,,,,,,24,4.8,15
C,28.78,3.78,tampa,SpeedMates Home Services,+1 727-202-4649,https://speedmates.net/florida,"755 Florida Ave Unit 1B, Palm Harbor, FL 34683, United States",,,,,,,,,0,,,,,,,,,7,4.4,2
C,28.78,3.78,tampa,Cardon Discount A/C & Heating,+1 813-227-8833,https://cardondiscountair.com,"6089 Johns Rd #12, Tampa, FL 33634, United States",,,,,,,,,0,,,,,,,,,7,4.4,1
C,28.78,3.78,tampa,Tropic-Kool Mechanical Services - A Fidelity Company,+1 727-581-2824,https://tropickool.com,"1232 Donegan Rd, Largo, FL 33771, United States",,,,,,,,,0,,,,,,,,,13,4.6,2
C,28.78,3.78,tampa,"Guaranteed Air Services, Corp.",+1 813-625-2544,http://www.guaranteedairservices.com,,,,,,,,,,0,,,,,,,,,24,4.8,11
C,28.78,3.78,tampa,Castellano Complete Auto Service,+1 813-621-6539,,"6212 Palm River Rd, Tampa, FL 33619, United States",,,,,,,,,0,,,,,,,,,7,4.4,1
C,28.78,3.78,tampa,A Bear A/C Company,+1 813-374-0233,,"4620 N Hubert Ave, Tampa, FL 33614, United States",,,,,,,,,0,,,,,,,,,7,4.4,1
C,28.78,3.78,tampa,Fresh Air Duct Cleaners,+1 813-359-9204,http://freshairductcleanersfl.com,"4205 E Eva St, Tampa, FL 33617, United States",,,,,,,,,0,,,,,,,,,7,4.4,1
C,28.77,3.77,tampa,Temp Drop Air Conditioning - AC Repair & Installation,+1 941-297-9230,https://tempdropairconditioning.com,,,,,,,,,,0,,,,,,,,,32,5,24
C,28.77,3.77,tampa,"PDS Automotive & Performance, Inc",+1 727-937-1244,,"26 Highland Rd, Tarpon Springs, FL 34689, United States",,,,,,,,,0,,,,,,,,,32,5,22
C,28.77,3.77,tampa,3B Heating & Air,+1 813-315-0574,https://3bair.com,,,,,,,,,,0,,,,,,,,,32,5,24
C,28.77,3.77,tampa,Gandy D​​​ry​​​еr V​​​е​​​nt Clе​​​an​​​​ing & R​​​еp​​​​​air,+1 813-214-8123,http://gandydryerventcleaning.online,"4707 W Gandy Blvd, Tampa, FL 33611, United States",,,,,,,,,0,,,,,,,,,32,5,23
C,28.77,3.77,tampa,Landers Air Solutions LLC,+1 813-525-6063,,,,,,,,,,,0,,,,,,,,,32,4.9,22
C,28.74,3.74,tampa,Brown Comfort Systems,+1 813-671-2555,https://brownac.com,,,,,,,,,,0,,,,,,,,,23,4.8,12
C,28.72,3.72,tampa,Comffordable Air Solutions,+1 727-677-1700,https://comairtampa.com,,,,,,,,,,0,,,,,,,,,31,5,23
C,28.72,3.72,tampa,Platinum Cooling and Heating LLC,+1 727-263-8119,https://www.platinumcoolingandheating.com,,,,,,,,,,0,,,,,,,,,31,5,19
C,28.72,3.72,tampa,AMP Automotive,+1 727-266-7172,,"1301 N Arcturas Ave Ste C, Clearwater, FL 33765, United States",,,,,,,,,0,,,,,,,,,31,5,13
C,28.69,3.69,tampa,Three Daughters Comfort Solutions,+1 727-222-3306,https://threedaughters.net,"1515 Indiana Ave, Palm Harbor, FL 34683, United States",,,,,,,,,0,,,,,,,,,30,5,12
C,28.69,3.69,tampa,AIRXCHANGE INC,+1 813-368-4916,,,,,,,,,,,0,,,,,,,,,30,4.9,2
C,28.69,3.69,tampa,Correct Cooling,+1 813-625-6252,http://www.correctcooling.com,,,,,,,,,,0,,,,,,,,,30,5,20
C,28.69,3.69,tampa,Sam's Heating & Air,+1 727-557-5399,https://www.samsheatingandairfl.com,,,,,,,,,,0,,,,,,,,,30,5,3
C,28.69,3.69,tampa,Elite Mobile Rv Service LLC,+1 727-238-0990,http://elitemobilervservicellc.com,"16860 US Hwy 19 N, Clearwater, FL 33764, United States",,,,,,,,,0,,,,,,,,,22,4.8,14
C,28.67,3.67,tampa,Appliance Diagnostic & Repairs,+1 813-670-9727,,"1600 10th St S #418, Safety Harbor, FL 34695, United States",,,,,,,,,0,,,,,,,,,16,4.7,3
C,28.66,3.66,tampa,Air Addicts LLC,+1 941-462-8301,http://www.airaddictsfl.com,"141 45th St E, Palmetto, FL 34221, United States",,,,,,,,,0,,,,,,,,,29,5,13
C,28.66,3.66,tampa,A|C And Heating - Rich,+1 813-451-4530,https://acandheating-rich.com,,,,,,,,,,0,,,,,,,,,29,5,18
C,28.66,3.66,tampa,Below Zero Refrigeration & Air Conditioning LLC,+1 727-277-4321,https://belowzerorepair.com,"13361 N 56th St, Tampa, FL 33617, United States",,,,,,,,,0,,,,,,,,,29,5,18
C,28.66,3.66,tampa,Mr Fahrenheit Air Conditioning Services LLC,+1 813-420-2278,,,,,,,,,,,0,,,,,,,,,29,5,21
C,28.66,3.66,tampa,All in the Family Heating and Air,+1 727-612-7029,http://myfamilyair.com,,,,,,,,,,0,,,,,,,,,29,5,20
C,28.66,3.66,tampa,ACR Plus,+1 813-932-8140,https://www.acrplusfl.com,,,,,,,,,,0,,,,,,,,,29,5,21
C,28.66,3.66,tampa,Austin Dryer Vent Cleaning,+1 727-606-3344,,"600 Cleveland St #301, Clearwater, FL 33755, United States",,,,,,,,,0,,,,,,,,,29,5,20
C,28.66,3.66,tampa,Young Duct Cleaning,+1 813-742-6322,,"4009 W Leona St, Tampa, FL 33629, United States",,,,,,,,,0,,,,,,,,,29,4.9,13
C,28.64,3.64,tampa,"Anthony's Air Conditioning, LLC",+1 727-544-1376,https://anthonysac.com,,,,,,,,,,0,,,,,,,,,21,4.8,11
C,28.62,3.62,tampa,Tropic Cooling Inc.,+1 727-294-1899,http://tropiccooling.com,"2639 Orchard Highlands Dr, Palm Harbor, FL 34684, United States",,,,,,,,,0,,,,,,,,,28,4.9,20
C,28.62,3.62,tampa,A&V Cool Air and Refrigeration,+1 813-439-8065,https://avcoolairservices.com,"4119 Gunn Hwy #14, Tampa, FL 33618, United States",,,,,,,,,0,,,,,,,,,28,5,2
C,28.62,3.62,tampa,Best Services Inc,+1 727-773-0151,http://www.thebestac.com,"1630 N Hercules Ave Suite D, Clearwater, FL 33765, United States",,,,,,,,,0,,,,,,,,,28,5,17
C,28.62,3.62,tampa,Only Ducts,+1 813-296-9424,https://onlyducts.net,,,,,,,,,,0,,,,,,,,,28,5,15
C,28.62,3.62,tampa,AAA Hvac Professionals,+1 727-477-5981,https://aaahvacpro.com,"2934 W Bay Dr, Belleair Bluffs, FL 33770, United States",,,,,,,,,0,,,,,,,,,28,4.9,2
C,28.62,3.62,tampa,Rick's Electrical Inc,+1 813-886-2116,https://rickselectricalinc.com,"17017 Wintergreen Ct, Lutz, FL 33558, United States",,,,,,,,,0,,,,,,,,,28,5,18
C,28.62,3.62,tampa,Trinity Air Quality Heating and Cooling,+1 727-239-8119,http://www.trinityairquality.com,,,,,,,,,,0,,,,,,,,,28,4.9,20
C,28.62,3.62,tampa,O'Harra's Heating And Cooling,+1 727-637-2524,http://oharrascooling.com,,,,,,,,,,0,,,,,,,,,28,5,12
C,28.61,3.61,tampa,"IMPERIAL AIR HEATING & COOLING, INC.",+1 727-490-3833,https://www.imperialaire.com,"6509 Central Ave, St. Petersburg, FL 33710, United States",,,,,,,,,0,,,,,,,,,15,4.7,7
C,28.61,3.61,tampa,"Advanced Air Conditioning and Heating Assoc., Inc",+1 941-722-8116,https://advancedairassoc.com,"1715 14th Ave W, Palmetto, FL 34221, United States",,,,,,,,,0,,,,,,,,,15,4.7,6
C,28.61,3.61,tampa,McGuire's Heating and Air Conditioning,+1 727-522-4150,http://www.mcguiresac.com,"3880 68th Ave N, Pinellas Park, FL 33781, United States",,,,,,,,,0,,,,,,,,,15,4.7,3
C,28.6,3.6,tampa,"Bentzel Mechanical, Inc.",+1 727-572-7767,https://bentzelmechanical.com,"12001 31st Ct N, St. Petersburg, FL 33716, United States",,,,,,,,,0,,,,,,,,,11,4.6,1
C,28.6,3.6,tampa,Rivas & Garcia Truck Services Corp,+1 813-728-8674,,"1618 S 51st St, Tampa, FL 33619, United States",,,,,,,,,0,,,,,,,,,11,4.6,3
C,28.59,3.59,tampa,WeCool Air & Heat,+1 813-505-0104,,,,,,,,,,,0,,,,,,,,,8,4.5,1
C,28.59,3.59,tampa,Corsair Marine A/C,+1 727-512-2775,http://corsairfl.com,"3275 66th St N, St. Petersburg, FL 33710, United States",,,,,,,,,0,,,,,,,,,8,4.5,1
C,28.59,3.59,tampa,Jack Heating & Air Conditioning Tampa,+1 813-761-8991,,"2702 N 68th St, Tampa, FL 33619, United States",,,,,,,,,0,,,,,,,,,8,4.5,3
C,28.58,3.58,tampa,Wilson Motor Works,+1 813-445-3089,,"2605 Manatee Harbor Dr, Ruskin, FL 33570, United States",,,,,,,,,0,,,,,,,,,20,4.8,10
C,28.57,3.57,tampa,Ohana Air Conditioning and Heating,+1 813-729-9544,https://ohana-air.com,,,,,,,,,,0,,,,,,,,,27,4.9,19
C,28.57,3.57,tampa,Urgent Air Conditioning Llc,+1 813-428-1017,,,,,,,,,,,0,,,,,,,,,27,5,17
C,28.57,3.57,tampa,Alliance Air Conditioning Services LLC,+1 941-221-2910,https://allianceacservice.com,"7050 Fairway Bend Ln Unit 266, Sarasota, FL 34243, United States",,,,,,,,,0,,,,,,,,,27,5,19
C,28.57,3.57,tampa,Zeitler AC Services,+1 727-316-1208,,,,,,,,,,,0,,,,,,,,,27,5,15
C,28.57,3.57,tampa,Newlon's Heating and Air LLC,+1 727-688-4887,https://newlonhvac.com,"4481 122nd Ave N, Clearwater, FL 33762, United States",,,,,,,,,0,,,,,,,,,27,5,2
C,28.57,3.57,tampa,Conquer Home Services LLC,+1 813-359-3581,http://www.conquerairconditioning.com,"4901 Calhoun Rd, Plant City, FL 33567, United States",,,,,,,,,0,,,,,,,,,27,5,2
C,28.57,3.57,tampa,Goose Home Air Specialist,+1 813-966-5503,http://goosehomeair.com,"2801 W Busch Blvd Ste 200, Tampa, FL 33618, United States",,,,,,,,,0,,,,,,,,,27,5,3
C,28.53,3.53,tampa,FMC Repairs Inc.,+1 813-956-1714,,,,,,,,,,,0,,,,,,,,,26,5,17
C,28.53,3.53,tampa,Emergency Air Conditioning Contractors,+1 813-725-5127,,"13135 W Linebaugh Ave #632, Tampa, FL 33626, United States",,,,,,,,,0,,,,,,,,,26,4.9,18
C,28.53,3.53,tampa,Fulton Roofing Co,+1 727-416-6847,https://fultonroofingfortbelvoir.com,"3980 Tampa Rd Ste 312, Oldsmar, FL 34677, United States",,,,,,,,,0,,,,,,,,,26,5,18
C,28.53,3.53,tampa,"Alligator Air Conditioning, Inc.",+1 813-841-5325,http://alligatorac.com,,,,,,,,,,0,,,,,,,,,26,5,2
C,28.53,3.53,tampa,Rise HVAC & Plumbing,+1 813-927-7773,https://riseproservices.com,"7402 N 56th St, Tampa, FL 33617, United States",,,,,,,,,0,,,,,,,,,19,4.8,2
C,28.53,3.53,tampa,Fairfield Air Duct Cleaning,+1 813-461-7280,,"1019 S Sterling Ave, Tampa, FL 33629, United States",,,,,,,,,0,,,,,,,,,14,4.7,1
C,28.53,3.53,tampa,Air Treat Heating and Cooling,+1 727-300-6774,http://www.airtreatac.com,,,,,,,,,,0,,,,,,,,,26,5,18
C,28.53,3.53,tampa,Calvary Air Services LLC,+1 727-342-0565,http://www.calvaryairservices.com,,,,,,,,,,0,,,,,,,,,26,5,17
C,28.53,3.53,tampa,Clearman Dry​​​​er V​​​e​​​n​​​t Cl​​​​e​​​​​an​​​i​​​​ng,+1 813-214-8210,,"470 Poinsettia Ave, Clearwater Beach, FL 33767, United States",,,,,,,,,0,,,,,,,,,26,5,17
C,28.53,3.53,tampa,Rogers Heating & Air Conditioning Tampa,+1 813-861-2522,,"3703 N 55th St, Tampa, FL 33619, United States",,,,,,,,,0,,,,,,,,,14,4.7,0
C,28.5,3.5,tampa,"Johnny Cool, Inc.",+1 727-425-6595,,"5635 Mallow St, New Port Richey, FL 34652, United States",,,,,,,,,0,,,,,,,,,10,4.6,2
C,28.5,3.5,tampa,Infante Air Llc,+1 813-965-0072,http://www.infanteair.com,,,,,,,,,,0,,,,,,,,,10,4.6,1
C,28.5,3.5,tampa,Easy Heating And Cooling Pinellas County,+1 727-496-4080,,"2819 Los Altos Dr, Belleair Bluffs, FL 33770, United States",,,,,,,,,0,,,,,,,,,10,4.6,1
C,28.49,3.49,tampa,Delta force air conditioning,+1 813-796-2955,http://deltaforceairconditioning.com,"3719 Harrogate Dr, Valrico, FL 33596, United States",,,,,,,,,0,,,,,,,,,25,5,17
C,28.49,3.49,tampa,"Carico Electric- Air Conditioning, Refrigeration and Electrical",+1 813-270-9938,http://www.caricoelectricservices.com,"4624 Pointe O Woods Dr, Wesley Chapel, FL 33543, United States",,,,,,,,,0,,,,,,,,,25,5,16
C,28.49,3.49,tampa,American Technical Services Heating & Cooling,+1 727-481-3287,http://www.atscooling.com,"41st Ave N &, 38th St N, St. Petersburg, FL 33714, United States",,,,,,,,,0,,,,,,,,,25,5,17
C,28.49,3.49,tampa,NextGen Heating & Cooling LLC,+1 727-919-0886,http://staynextgencool.com,,,,,,,,,,0,,,,,,,,,25,5,2
C,28.49,3.49,tampa,Hyde Park Home Pros,+1 813-904-2134,,"905 S Bruce St, Tampa, FL 33606, United States",,,,,,,,,0,,,,,,,,,25,5,11
C,28.49,3.49,tampa,Reparamos Su A/C Dany Cooling Services LLC,+1 813-499-5941,https://danycoolingservices.com,,,,,,,,,,0,,,,,,,,,25,5,12
C,28.49,3.49,tampa,MINI of Wesley Chapel Service Center,+1 813-907-3600,http://bit.ly/2YamfqO,"26645 FL-56, Wesley Chapel, FL 33544, United States",,,,,,,,,0,,,,,,,,,25,4.9,17
C,28.47,3.47,tampa,Elite HVAC,+1 727-488-2814,,,,,,,,,,,0,,,,,,,,,18,4.8,7
C,28.45,3.45,tampa,ProServ AC,+1 813-455-6037,https://proservac.com,,,,,,,,,,0,,,,,,,,,24,5,16
C,28.45,3.45,tampa,Swift AC Repair Tampa,+1 813-441-9767,http://swiftacrepairtampa.com,"5012 E 10th Ave, Tampa, FL 33619, United States",,,,,,,,,0,,,,,,,,,24,5,14
C,28.45,3.45,tampa,Fair Tech Mechanic shop and Mobile,+1 813-347-7872,,"10510 Stanford Rd, Wimauma, FL 33598, United States",,,,,,,,,0,,,,,,,,,13,4.7,3
C,28.45,3.45,tampa,Premium Services,+1 727-954-6470,http://www.premium-srvcs.com,"2223 Barbara Dr, Clearwater, FL 33764, United States",,,,,,,,,0,,,,,,,,,24,5,15
C,28.45,3.45,tampa,RefCo Supply FL,+1 813-374-1011,http://refcosupply.com,"6015 N 56th St, Tampa, FL 33610, United States",,,,,,,,,0,,,,,,,,,24,5,10
C,28.45,3.45,tampa,Built With Love,+1 727-270-8404,https://builtwithlovefl.com,"1700 4th St S, St. Petersburg, FL 33701, United States",,,,,,,,,0,,,,,,,,,24,5,2
C,28.45,3.45,tampa,BEE LINE COOLING,+1 813-884-3934,,,,,,,,,,,0,,,,,,,,,13,4.7,3
C,28.41,3.41,tampa,3-D AIR SERVICES LLC,+1 813-426-5931,http://3dairservices.com,,,,,,,,,,0,,,,,,,,,23,5,15
C,28.41,3.41,tampa,Air Force One A/C Service Inc.,+1 727-434-2623,http://www.weaimtofreeze.com,,,,,,,,,,0,,,,,,,,,23,5,2
C,28.41,3.41,tampa,"Bayside Home Watch Services, LLC",+1 727-643-7815,https://baysidehomewatch.com,"4007 Jenita Dr, Palm Harbor, FL 34685, United States",,,,,,,,,0,,,,,,,,,23,5,15
C,28.41,3.41,tampa,NR,+1 727-338-8119,https://nrairllc.com,,,,,,,,,,0,,,,,,,,,23,5,15
C,28.41,3.41,tampa,"Summit heating and cooling LLC (Tampa, Florida)",+1 813-955-4208,,,,,,,,,,,0,,,,,,,,,23,5,11
C,28.41,3.41,tampa,SquareOne Home Consulting,+1 813-491-7874,https://www.squareonehc.com,,,,,,,,,,0,,,,,,,,,17,4.8,3
C,28.41,3.41,tampa,Healthy Air Services,+1 727-685-1111,https://healthyairservices.com,"6541 44th St N Ste 6001, Pinellas Park, FL 33781, United States",,,,,,,,,0,,,,,,,,,23,5,9
C,28.41,3.41,tampa,Full Service Air Conditioning Services,+1 813-736-5761,,"3615 E 21st Ave #7653, Tampa, FL 33605, United States",,,,,,,,,0,,,,,,,,,23,5,15
C,28.41,3.41,tampa,Blackfire Automotive,+1 813-400-6004,,"35381 Condominium Blvd, Zephyrhills, FL 33541, United States",,,,,,,,,0,,,,,,,,,23,5,12
C,28.38,3.38,tampa,Pablo Auto Service Inc.,+1 813-516-6822,,"4301 S Tamiami Trl, Sun City, FL 33586, United States",,,,,,,,,0,,,,,,,,,9,4.6,1
C,28.38,3.38,tampa,Joe's Heating & Air Conditioning Tampa,+1 813-726-4484,,"2384 W Columbus Dr, Tampa, FL 33607, United States",,,,,,,,,0,,,,,,,,,9,4.6,0
C,28.38,3.38,tampa,Tappouni Mechanical Services,+1 813-251-2762,https://tappounimechanical.com,"1344 W Cass St, Tampa, FL 33606, United States",,,,,,,,,0,,,,,,,,,9,4.6,0
C,28.37,3.37,tampa,"Sosa Air Flow, Inc.",+1 813-455-7205,http://www.sosaair.com,,,,,,,,,,0,,,,,,,,,12,4.7,0
C,28.36,3.36,tampa,Ombil Air AC,+1 727-331-3737,,,,,,,,,,,0,,,,,,,,,22,5,12
C,28.36,3.36,tampa,T3 Plumbing Inc,+1 727-398-1962,,"13379 88th Ave N, Seminole, FL 33776, United States",,,,,,,,,0,,,,,,,,,22,4.9,13
C,28.36,3.36,tampa,Diaz Mechanical,+1 813-541-6184,,,,,,,,,,,0,,,,,,,,,22,5,12
C,28.36,3.36,tampa,Largo Heating & Cooling Pros,+1 727-387-5534,https://largoheatingcoolingpros.com,"1021 W Bay Dr, Largo, FL 33770, United States",,,,,,,,,0,,,,,,,,,22,5,12
C,28.36,3.36,tampa,Coast2Coast Home Solutions,+1 813-796-5636,https://www.c2chomesolutions.com,"2729 FL-580, Clearwater, FL 33761, United States",,,,,,,,,0,,,,,,,,,22,5,5
C,28.34,3.34,tampa,Marine Electronics Engineering,+1 727-459-5593,https://www.go2mee.com,,,,,,,,,,0,,,,,,,,,16,4.8,2
C,28.34,3.34,tampa,Largo Air Duct Cleaning Pros,+1 727-616-0892,,"10581 Ulmerton Rd, Largo, FL 33771, United States",,,,,,,,,0,,,,,,,,,16,4.8,8
C,28.31,3.31,tampa,Sims AC Sales & Service,+1 813-510-5112,https://simsacsales.com,"11853 Raintree Dr, Temple Terrace, FL 33617, United States",,,,,,,,,0,,,,,,,,,21,4.9,13
C,28.31,3.31,tampa,Duvall Heating & Air Conditioning,+1 813-495-0861,http://duvallac.com,"7716 Franklin Rd, Plant City, FL 33565, United States",,,,,,,,,0,,,,,,,,,21,5,9
C,28.31,3.31,tampa,Ancov Air Conditioning LLC,+1 813-986-3983,,"14240 US-301, Thonotosassa, FL 33592, United States",,,,,,,,,0,,,,,,,,,21,5,10
C,28.31,3.31,tampa,Coastal Mobile Lube & Tire,+1 813-722-5823,https://www.coastalmobilelube.com,"805 Golf Island Dr, Apollo Beach, FL 33572, United States",,,,,,,,,0,,,,,,,,,21,5,12
C,28.31,3.31,tampa,Fast'n Kool Heating and Air Conditioning,+1 727-754-8464,https://fastnkool.com,"14996 55th Way N, Clearwater, FL 33760, United States",,,,,,,,,0,,,,,,,,,21,5,12
C,28.31,3.31,tampa,Alaskan Air Systems Inc,+1 727-776-0398,,,,,,,,,,,0,,,,,,,,,21,5,13
C,28.25,3.25,tampa,E & E Heating & Cooling,+1 813-458-2712,,,,,,,,,,,0,,,,,,,,,20,5,9
C,28.25,3.25,tampa,Rivera Boyz Construction,+1 813-388-7351,https://rivera-boyz-construction.ueniweb.com,,,,,,,,,,0,,,,,,,,,20,5,2
C,28.25,3.25,tampa,All year comfort inc,+1 727-277-9401,,"13515 86th Ave North, Seminole, FL 33776, United States",,,,,,,,,0,,,,,,,,,20,5,10
C,28.25,3.25,tampa,"Guided Mechanical Services, LLC",+1 813-388-1567,https://www.gmsflorida.com,,,,,,,,,,0,,,,,,,,,20,5,11
C,28.25,3.25,tampa,Hobbits Heating & Air LLC,+1 727-777-1769,https://hobbitshvac.wixsite.com/hobbitshvac,"4303 Cedar Grove St, Holiday, FL 34691, United States",,,,,,,,,0,,,,,,,,,20,5,10
C,28.25,3.25,tampa,"Skamper Heating & Air Conditioning, Inc.",+1 727-321-3441,,"3015 11th Ave N, St. Petersburg, FL 33713, United States",,,,,,,,,0,,,,,,,,,20,4.9,13
C,28.25,3.25,tampa,Diversified Air Solutions,+1 813-323-3187,,"8016 N Packwood Ave, Tampa, FL 33604, United States",,,,,,,,,0,,,,,,,,,20,5,6
C,28.25,3.25,tampa,"Top Florida Services, Heating and Cooling",+1 727-906-5486,https://www.topflserviceshvac.com,,,,,,,,,,0,,,,,,,,,20,5,12
C,28.25,3.25,tampa,HandyWorks Air & Repair LLC,+1 813-906-0328,https://handyworks-co.com,,,,,,,,,,0,,,,,,,,,20,5,12
C,28.25,3.25,tampa,Best Bay Services,+1 813-416-8676,https://bestbayservices.com,,,,,,,,,,0,,,,,,,,,20,5,2
C,28.2,3.2,tampa,Allfix Florida,+1 813-520-2913,http://allfixflorida.com,,,,,,,,,,0,,,,,,,,,19,5,11
C,28.2,3.2,tampa,NovaComfort,+1 813-455-0944,https://novacomforthvac.com,"5239 Treig Ln, Wesley Chapel, FL 33545, United States",,,,,,,,,0,,,,,,,,,19,5,11
C,28.2,3.2,tampa,Frozyn HVAC,+1 727-919-0894,https://www.frozynhvac.com,,,,,,,,,,0,,,,,,,,,19,5,11
C,28.2,3.2,tampa,St. Petersburg Air Conditioning HVAC Services,+1 727-625-6790,,"2860 34th St N, St. Petersburg, FL 33713, United States",,,,,,,,,0,,,,,,,,,19,5,12
C,28.2,3.2,tampa,Airway Air,+1 727-417-9033,https://airwayairconditioning.com,,,,,,,,,,0,,,,,,,,,19,5,10
C,28.2,3.2,tampa,Bubble Tampa Air Duct,+1 813-761-4448,https://bubbleairduct.com,"4515 George Rd, Tampa, FL 33634, United States",,,,,,,,,0,,,,,,,,,19,5,10
C,28.19,3.19,tampa,AC Repair Tampa by ChillFactor,+1 813-550-2056,https://tampa.chillfactor.pro/location/expert-ac-repairs-in-tampa-your-ultimate-solution,"19034 Bruce B Downs Blvd #76, Tampa, FL 33647, United States",,,,,,,,,0,,,,,,,,,3,4.3,1
C,28.19,3.19,tampa,Top to Bottom HVAC/Duct Clean,+1 813-515-0355,,"3614 S Manhattan Ave, Tampa, FL 33629, United States",,,,,,,,,0,,,,,,,,,3,4.3,0
C,28.19,3.19,tampa,Jerry's Major Appliance Services,+1 727-399-8384,,"11540 Walsingham Rd, Largo, FL 33778, United States",,,,,,,,,0,,,,,,,,,3,4.3,1
C,28.17,3.17,tampa,Mountain Air Services LLC,+1 813-898-6282,http://mountainas.com,,,,,,,,,,0,,,,,,,,,10,4.7,0
C,28.14,3.14,tampa,Suncoast Breeze Air Conditioning & Heating INC.,+1 813-610-2665,http://www.suncoastbreeze.net,"6209 Imperial Key, Tampa, FL 33615, United States",,,,,,,,,0,,,,,,,,,18,5,2
C,28.14,3.14,tampa,Ryan's Air and Heat,+1 727-320-5267,http://ryansairandheat.com,"220 Pasadena Ave S, St. Petersburg, FL 33707, United States",,,,,,,,,0,,,,,,,,,18,5,7
C,28.14,3.14,tampa,Down To Temp Heating and Cooling,+1 727-301-2181,https://downtotemphvac.com,,,,,,,,,,0,,,,,,,,,18,5,9
C,28.12,3.12,tampa,Oasis heating and air inc,+1 813-205-5280,https://oasisprohvacinc.com,"7608 N 53rd St, Tampa, FL 33617, United States",,,,,,,,,0,,,,,,,,,13,4.8,6
C,28.12,3.12,tampa,Cold Breeze Solutions,+1 813-365-1468,https://coldbreezesolutions.com,,,,,,,,,,0,,,,,,,,,7,4.6,1
C,28.12,3.12,tampa,Midsouth Air Conditioning & Heating LLC,+1 727-498-0941,,"3915 51st Ave N, St. Petersburg, FL 33714, United States",,,,,,,,,0,,,,,,,,,13,4.8,6
C,28.08,3.08,tampa,"Centurion Mechanical Solutions, LLC",+1 941-713-2868,,"14215 Florida Ln, Wimauma, FL 33598, United States",,,,,,,,,0,,,,,,,,,17,5,9
C,28.08,3.08,tampa,Blessed Solutions Air Conditioning,+1 813-543-6766,,"15415 Lake Bella Vista Drive, 5602 Gateway Dr, Tampa, FL 33615, United States",,,,,,,,,0,,,,,,,,,17,5,6
C,28.08,3.08,tampa,Mint Maintenance,+1 813-285-7282,https://www.mintmaintenance.co,"7320 E Fletcher Ave, Tampa, FL 33637, United States",,,,,,,,,0,,,,,,,,,17,4.9,9
C,28.08,3.08,tampa,Campbell Mechanical Services LLC.,+1 727-332-3644,,"29521 Crossland Dr, Wesley Chapel, FL 33543, United States",,,,,,,,,0,,,,,,,,,17,5,2
C,28.08,3.08,tampa,Airbourne A/C,+1 727-505-9111,https://airbourneac.jobbersites.com,,,,,,,,,,0,,,,,,,,,17,5,10
C,28.08,3.08,tampa,"Burke Services, Inc.",+1 727-410-8847,http://www.burkeroofrepair.com,"11936 84th Ave, Seminole, FL 33772, United States",,,,,,,,,0,,,,,,,,,17,5,2
C,28.08,3.08,tampa,Top Notch Heating and Air,+1 813-315-9272,https://topnotchheat.com,"333 N Falkenburg Rd D403, Tampa, FL 33619, United States",,,,,,,,,0,,,,,,,,,17,5,8
C,28.08,3.08,tampa,ADC Air Duct Cleaning Brandon,+1 813-369-5020,,"901 John Hunter Ct, Brandon, FL 33511, United States",,,,,,,,,0,,,,,,,,,17,5,8
C,28.08,3.08,tampa,Blue Peak Air Conditioning,+1 813-572-2653,https://bluepeakairconditioning.com,"4302 E 10th Ave #405, Tampa, FL 33605, United States",,,,,,,,,0,,,,,,,,,17,5,9
C,28.08,3.08,tampa,Jumper Air,+1 813-602-1619,http://jumperaire.com,,,,,,,,,,0,,,,,,,,,17,5,9
C,28.03,3.03,tampa,Gemaire Distributors,+1 727-522-3133,https://www.gemaire.com,"3250 44th Ave N, St. Petersburg, FL 33714, United States",,,,,,,,,0,,,,,,,,,12,4.8,4
C,28.01,3.01,tampa,Rise Restoration,+1 727-637-7473,https://riserestorationfl.com,"4526 Grand Lakeside Dr, Palm Harbor, FL 34684, United States",,,,,,,,,0,,,,,,,,,16,5,8
C,28.01,3.01,tampa,K&S Air Conditioning LLC,+1 813-815-2285,https://ksair.net,,,,,,,,,,0,,,,,,,,,16,5,6
C,28.01,3.01,tampa,"Aftermath Restoration, Inc",+1 813-293-7787,https://aftermath-restoration.com,,,,,,,,,,0,,,,,,,,,16,5,9
C,28.01,3.01,tampa,AC on Time,+1 813-444-8998,http://www.acontime.com,,,,,,,,,,0,,,,,,,,,16,5,5
C,28.01,3.01,tampa,Allstate Air Conditioning and Heating LLC,+1 813-770-4261,,"6020 Wilshire Dr, Tampa, FL 33615, United States",,,,,,,,,0,,,,,,,,,16,5,8
C,28.01,3.01,tampa,Brandon HVAC Repair Plus,+1 813-820-4059,https://brandonhvacexpertsplus.com,"1210 Kingsway Rd, Brandon, FL 33510, United States",,,,,,,,,0,,,,,,,,,16,5,7
C,28.01,3.01,tampa,"Bright Future Renovations, LLC.",+1 813-215-5731,http://www.brightfuturereno.com,,,,,,,,,,0,,,,,,,,,16,5,8
C,28.01,3.01,tampa,Area Wide AC & Heating INC,+1 727-455-2867,http://areawideac.com,"4800 164th Ave N, Clearwater, FL 33762, United States",,,,,,,,,0,,,,,,,,,16,5,8
C,28.01,3.01,tampa,JUST CALL RAUL INSULATION & HVAC,+1 813-260-7866,https://justcallraulinsulationandhvac.com,,,,,,,,,,0,,,,,,,,,16,5,2
C,27.94,2.94,tampa,Alaska in Florida,+1 813-594-9994,,"3620 Hudson Ln, Tampa, FL 33618, United States",,,,,,,,,0,,,,,,,,,15,5,7
C,27.94,2.94,tampa,Kandila Construction & Remodeling,+1 727-900-2002,http://www.kandilaconstruction.com,,,,,,,,,,0,,,,,,,,,15,5,6
C,27.94,2.94,tampa,ART`S AC & SERVICES,+1 813-382-5478,,"4819 N Cortez Ave, Tampa, FL 33614, United States",,,,,,,,,0,,,,,,,,,15,5,4
C,27.94,2.94,tampa,Pro Magnum Heating & Air,+1 727-478-5334,https://www.promagnumhvacrepair.com,"9324 Starkey Rd, Seminole, FL 33777, United States",,,,,,,,,0,,,,,,,,,15,5,7
C,27.94,2.94,tampa,QUALITY REFRIGERATION SERVICES LLC,+1 727-776-3212,https://www.qualityrefrigerationservicesfl.com,,,,,,,,,,0,,,,,,,,,15,5,7
C,27.94,2.94,tampa,Kenair Inc,+1 727-726-5429,http://kenairinc.com,"1299 Starkey Rd, Largo, FL 33771, United States",,,,,,,,,0,,,,,,,,,15,5,6
C,27.94,2.94,tampa,Service-Tech Corporation,+1 727-539-7000,https://service-techcorp.com,"14240 60th St N B, Clearwater, FL 33760, United States",,,,,,,,,0,,,,,,,,,15,5,2
C,27.94,2.94,tampa,HB Mechanical,+1 813-313-8505,https://www.hbmechanicalair.com,"333 N Falkenburg Rd, Tampa, FL 33619, United States",,,,,,,,,0,,,,,,,,,15,5,2
C,27.94,2.94,tampa,P&L Crane Service Inc.,+1 727-797-5600,http://plcrane.com,"3036 Glen Oak Ave N, Clearwater, FL 33759, United States",,,,,,,,,0,,,,,,,,,15,4.9,7
C,27.94,2.94,tampa,Optimized Mechanical,+1 727-877-0853,https://www.optimizedmechanical.com,,,,,,,,,,0,,,,,,,,,15,5,7
C,27.94,2.94,tampa,Artistic Air LLC,+1 813-404-1480,https://www.artistic-air.com,"108 S Bayview Blvd B, Oldsmar, FL 34677, United States",,,,,,,,,0,,,,,,,,,15,5,7
C,27.94,2.94,tampa,3R Automotive Repair,+1 727-687-2883,,"12900 Starkey Rd Unit# 31-32, Largo, FL 33773, United States",,,,,,,,,0,,,,,,,,,15,4.9,5
C,27.94,2.94,tampa,Royal wrenches mobile mechanic llc,+1 813-778-1320,,"38611 Tucker Rd, Zephyrhills, FL 33542, United States",,,,,,,,,0,,,,,,,,,15,5,6
C,27.87,2.87,tampa,Affordable Palm Harbor AC Repair,+1 727-606-3860,https://affordableairconditioningpalmharbor.com,"404 Tampa Rd, Palm Harbor, FL 34683, United States",,,,,,,,,0,,,,,,,,,14,5,6
C,27.87,2.87,tampa,Typhoon HVAC of Clearwater Fl,+1 727-304-4895,https://clearwaterhvac.typhoon.biz,"900 Grant St, Clearwater, FL 33755, United States",,,,,,,,,0,,,,,,,,,14,5,6
C,27.87,2.87,tampa,Kaiser Cooling,+1 813-944-9452,https://www.kaiser-cooling.com,,,,,,,,,,0,,,,,,,,,14,5,6
C,27.87,2.87,tampa,TAMPA BAY ELECTRIC AND AC,+1 813-563-1706,https://tampabayelectricandac.jobbersites.com,,,,,,,,,,0,,,,,,,,,14,5,5
C,27.87,2.87,tampa,Tampa Bay Cooling Company llc,+1 727-405-2121,https://www.tampabaycoolingcompany.com,,,,,,,,,,0,,,,,,,,,14,5,2
C,27.87,2.87,tampa,CoolDown HVAC.LLC,+1 813-585-8152,https://cooldownhvactampa.com,,,,,,,,,,0,,,,,,,,,14,5,7
C,27.87,2.87,tampa,Tank air conditioning,+1 813-967-9777,,"5474 Williams Rd, Tampa, FL 33610, United States",,,,,,,,,0,,,,,,,,,14,5,0
C,27.87,2.87,tampa,Kaleb Value Pro Duct,+1 813-993-0937,,"14206 E Dr Martin Luther King Jr Blvd, Dover, FL 33527, United States",,,,,,,,,0,,,,,,,,,14,4.9,4
C,27.84,2.84,tampa,My Duct Cleaning,+1 813-336-5971,https://frankcharlson895.wixsite.com/my-duct-cleaning,"4008 W Corona St, Tampa, FL 33629, United States",,,,,,,,,0,,,,,,,,,4,4.5,0
C,27.78,2.78,tampa,lgrhvacpro,+1 813-410-9977,https://www.lgrhvacpro.com,,,,,,,,,,0,,,,,,,,,13,5,2
C,27.78,2.78,tampa,Sunpro Mechanical Inc,+1 727-748-5211,,,,,,,,,,,0,,,,,,,,,13,5,1
C,27.78,2.78,tampa,Pure Heat & Air,+1 727-599-4768,http://www.pureheatandair.com,,,,,,,,,,0,,,,,,,,,13,5,5
C,27.78,2.78,tampa,Hog Wild Heat and Air,+1 727-641-4665,https://www.hogwildheatandair.com,,,,,,,,,,0,,,,,,,,,13,5,4
C,27.78,2.78,tampa,Connolly Cooling INC.,+1 727-370-5016,,,,,,,,,,,0,,,,,,,,,13,5,5
C,27.78,2.78,tampa,Pg Air Conditioning,+1 813-860-7432,https://www.pgairconditioning.com,"2502 Orient Rd, Tampa, FL 33619, United States",,,,,,,,,0,,,,,,,,,13,4.9,2
C,27.78,2.78,tampa,Chester E Williams Inc.,+1 813-689-4519,,"2106 Clifton Dr, Valrico, FL 33594, United States",,,,,,,,,0,,,,,,,,,7,4.7,0
C,27.78,2.78,tampa,Ken's Mechanical And Repair Svc LLC,+1 813-477-9066,,,,,,,,,,,0,,,,,,,,,13,5,4
C,27.7,2.7,tampa,RLD Air Duct Cleaning Services,+1 813-807-3295,,"8907 Regents Park Dr Ste 420, Tampa, FL 33647, United States",,,,,,,,,0,,,,,,,,,12,5,4
C,27.7,2.7,tampa,Soto's Maintenance & Repairs,+1 813-678-7358,,,,,,,,,,,0,,,,,,,,,12,5,2
C,27.7,2.7,tampa,Comfort Care Air Conditioning,+1 727-797-4395,http://www.comfortcareac.com,"1831 Oak Forest Dr S, Clearwater, FL 33759, United States",,,,,,,,,0,,,,,,,,,12,5,3
C,27.7,2.7,tampa,AIRFIX HVAC SERVICES LLC,+1 813-434-3121,,"4775 Xenia St N, St. Petersburg, FL 33714, United States",,,,,,,,,0,,,,,,,,,12,5,6
C,27.7,2.7,tampa,Jones Heating & Cooling,+1 813-701-4502,,"10411Summerview Cir, Riverview, FL 33578, United States",,,,,,,,,0,,,,,,,,,12,5,0
C,27.7,2.7,tampa,AKONI COOLING AND HEATING LLC,+1 813-652-9226,http://akonicoolingandheating.com,,,,,,,,,,0,,,,,,,,,12,5,3
C,27.7,2.7,tampa,Landers Mobile Automotive,+1 813-360-5644,,"18813 Hanna Rd, Lutz, FL 33549, United States",,,,,,,,,0,,,,,,,,,12,5,4
C,27.7,2.7,tampa,Valrico Air Conditioning,+1 813-692-5266,,"2124 Valrico Heights Blvd, Valrico, FL 33594, United States",,,,,,,,,0,,,,,,,,,12,4.9,0
C,27.7,2.7,tampa,AC NEAR ME,+1 813-358-7884,https://www.acnearmefl.com,,,,,,,,,,0,,,,,,,,,12,5,4
C,27.7,2.7,tampa,Affordable Air & Heat of Tampa,+1 813-693-7080,,,,,,,,,,,0,,,,,,,,,12,5,5
C,27.6,2.6,tampa,First Pro Heating & Cooling,+1 813-491-8594,https://firstforhvac.com/lake-magdalene-fl,"701 W Fletcher Ave #136, Tampa, FL 33612, United States",,,,,,,,,0,,,,,,,,,11,5,3
C,27.6,2.6,tampa,SWAIN HVAC LLC,+1 727-366-6076,,,,,,,,,,,0,,,,,,,,,11,5,4
C,27.6,2.6,tampa,Freedom Sun Solar,+1 941-208-0055,,"4018 Stornoway Dr, Land O' Lakes, FL 34638, United States",,,,,,,,,0,,,,,,,,,11,5,3
C,27.6,2.6,tampa,CoolBreeze Technicians LLC,+1 813-755-7488,https://www.cool-breeze.pro,,,,,,,,,,0,,,,,,,,,11,5,2
C,27.6,2.6,tampa,Pinellas Air Mechanical,+1 727-871-4357,,,,,,,,,,,0,,,,,,,,,11,5,3
C,27.6,2.6,tampa,AirPrime Distribution,+1 813-812-9018,,"9201 Lazy Ln, Tampa, FL 33614, United States",,,,,,,,,0,,,,,,,,,11,5,3
C,27.6,2.6,tampa,Adams Concierge Auto Services,+1 813-906-0742,https://conciergeauto.net,"5538 Bruce Ln, Wesley Chapel, FL 33543, United States",,,,,,,,,0,,,,,,,,,11,5,3
C,27.5,2.5,tampa,Fi Home Services Inc,+1 727-618-1681,https://www.fihomeservices.com,"8223 Abalone Loop, Parrish, FL 34219, United States",,,,,,,,,0,,,,,,,,,10,5,2
C,27.5,2.5,tampa,Efficient Bradenton HVAC Repair,+1 941-420-8795,https://efficientbradentonheatingandcooling.com,"4108 14th St W, Bradenton, FL 34205, United States",,,,,,,,,0,,,,,,,,,10,5,2
C,27.5,2.5,tampa,CoolCore Crystal Beach HVAC,+1 727-606-3850,http://coolcorecrystalbeachhvac.com,"536 Ontario Ave, Crystal Beach, FL 34681, United States",,,,,,,,,0,,,,,,,,,10,5,2
C,27.5,2.5,tampa,Superior Clearwater HVAC Repair,+1 727-625-7036,https://superiorclearwaterhvacservices.com,"483 Clearwater Memorial Causeway, Clearwater, FL 33755, United States",,,,,,,,,0,,,,,,,,,10,5,1
C,27.5,2.5,tampa,Premier Tampa HVAC Repair,+1 813-861-2373,http://premiertampahvacservices.com,"19004 Bruce B Downs Blvd, Tampa, FL 33647, United States",,,,,,,,,0,,,,,,,,,10,5,2
C,27.5,2.5,tampa,Mendoza Heating And Air,+1 813-770-2722,http://mendozaheatingandair.com,,,,,,,,,,0,,,,,,,,,10,5,2
C,27.5,2.5,tampa,Tactical Construction Group,+1 727-992-1900,http://www.tacticalconstructiongroup.com,"11634 Pyramid Dr Suite C, Odessa, FL 33556, United States",,,,,,,,,0,,,,,,,,,10,5,1
C,27.5,2.5,tampa,AC REPAIR BY AGH,+1 813-525-5822,,"1632 S 51st St, Tampa, FL 33619, United States",,,,,,,,,0,,,,,,,,,10,5,2
C,27.5,2.5,tampa,HVAC Services,+1 727-629-8905,,"3642 S Westshore Blvd, Tampa, FL 33629, United States",,,,,,,,,0,,,,,,,,,10,4.9,0
C,27.5,2.5,tampa,"StealthCo Solutions, LLC",+1 813-938-1498,https://www.stealthcosolutions.com,"223 Flamingo Dr, Apollo Beach, FL 33572, United States",,,,,,,,,0,,,,,,,,,10,5,1
C,27.5,2.5,tampa,Pinellas Park Heating & Air Conditioning,+1 727-629-8919,,"6411 46th Ave N, Kenneth City, FL 33709, United States",,,,,,,,,0,,,,,,,,,10,4.9,0
C,27.5,2.5,tampa,Coggins Mobile Mechanics LLC,+1 813-493-2484,,"14645 Brumby Ridge Ave, Lithia, FL 33547, United States",,,,,,,,,0,,,,,,,,,10,5,2
C,27.5,2.5,tampa,Jersey Mikes Air Conditioning,+1 727-289-9876,https://jerseymikeac.com,,,,,,,,,,0,,,,,,,,,10,5,2
C,27.38,2.38,tampa,Design Temp of Florida,+1 813-548-5269,http://designtempac.com,"Manhattan Dr, Tampa, FL 33685, United States",,,,,,,,,0,,,,,,,,,9,4.9,0
C,27.38,2.38,tampa,J D Air Solutions LLC,+1 813-506-1530,http://jdairsolutionsllc.com,,,,,,,,,,0,,,,,,,,,9,5,1
C,27.38,2.38,tampa,Odessa Air Duct Repair Service,+1 813-343-2411,,"13266 Byrd Dr, Odessa, FL 33556, United States",,,,,,,,,0,,,,,,,,,9,5,1
C,27.38,2.38,tampa,"Suncoast Cold Systems, LLC.",+1 813-599-5988,https://suncoastcold.com,,,,,,,,,,0,,,,,,,,,9,5,1
C,27.38,2.38,tampa,Steamatic of Tampa,+1 813-560-0593,https://steamatictampa.com,,,,,,,,,,0,,,,,,,,,9,5,0
C,27.38,2.38,tampa,A&Q Residential AC Services,+1 813-343-1499,http://aqresidentialacservices.com,"6009 Tampa Shores Blvd, Tampa, FL 33615, United States",,,,,,,,,0,,,,,,,,,9,5,2
C,27.38,2.38,tampa,Southern Climate Control Inc,+1 813-761-3058,,"3022 W Hawthorne Rd, Tampa, FL 33611, United States",,,,,,,,,0,,,,,,,,,9,5,0
C,27.38,2.38,tampa,All-Right Air Duct Cleaning,+1 813-438-3975,https://wrightsharleen48.wixsite.com/all-right-air-duct-c,"4017 W Mango Ave, Tampa, FL 33616, United States",,,,,,,,,0,,,,,,,,,9,5,0
C,27.38,2.38,tampa,Anderson Carter & Company,+1 727-370-0887,,"3234 16th Ave S, St. Petersburg, FL 33712, United States",,,,,,,,,0,,,,,,,,,9,5,1
C,27.38,2.38,tampa,Crown Mobile Mechanic Service,+1 813-459-7971,,"13113 Simmons Rd, Riverview, FL 33578, United States",,,,,,,,,0,,,,,,,,,9,5,0
C,27.38,2.38,tampa,Cool Fix Solutions LLC,+1 813-499-3377,http://coolfixsolutions.com,,,,,,,,,,0,,,,,,,,,9,5,1
C,27.38,2.38,tampa,FAS Refrigeration & AC Inc.,+1 727-688-9114,http://fasrefrigeration.com,,,,,,,,,,0,,,,,,,,,9,5,1
C,27.38,2.38,tampa,RYS Heating & Cooling Inc.,+1 813-778-1237,https://www.rysheatingandcooling.com,,,,,,,,,,0,,,,,,,,,9,5,1
C,27.27,2.27,tampa,F & W HVAC/Duct Cleaning,+1 813-515-0737,,"3612 E Royal Palm Cir, Tampa, FL 33629, United States",,,,,,,,,0,,,,,,,,,6,4.8,0
C,27.27,2.27,tampa,Clean & Cozy Duct Cleaning,+1 813-438-3660,,"4017 W North A St, Tampa, FL 33609, United States",,,,,,,,,0,,,,,,,,,6,4.8,0
C,27.26,2.26,tampa,Petersburg AC Repair Experts,+1 727-626-0419,http://petersburgacrepairexperts.top,"2940 55th Terrace S, St. Petersburg, FL 33712, United States",,,,,,,,,0,,,,,,,,,8,5,0
C,27.26,2.26,tampa,New South Cooling And Heating,+1 941-720-4190,http://newsouthcooling.com,,,,,,,,,,0,,,,,,,,,8,5,0
C,27.26,2.26,tampa,Sunny Inspection Specialist,+1 813-640-2152,,"4846 Sun City Center Blvd #224, Sun City Center, FL 33573, United States",,,,,,,,,0,,,,,,,,,8,5,0
C,27.26,2.26,tampa,3 J's Cooling,+1 813-855-2665,http://www.3jscooling.com,"4013 Tampa Rd Suite 17, Oldsmar, FL 34677, United States",,,,,,,,,0,,,,,,,,,8,5,2
C,27.26,2.26,tampa,Smart AC Repair of Odessa,+1 813-701-2754,https://smart-ac-repair-of-odessa.ueniweb.com,,,,,,,,,,0,,,,,,,,,8,5,0
C,27.26,2.26,tampa,Pegasus Mechanical,+1 813-957-4386,https://pegasusmechanical.com,,,,,,,,,,0,,,,,,,,,8,5,0
C,27.26,2.26,tampa,The Cool Man A/C Services LLC,+1 813-494-1130,,,,,,,,,,,0,,,,,,,,,8,5,1
C,27.26,2.26,tampa,GULF BAY AIR CONDITIONING AND HEATING LLC,+1 813-506-4242,,"6809 Rosewood Ct, Tampa, FL 33615, United States",,,,,,,,,0,,,,,,,,,8,5,4
C,27.26,2.26,tampa,flex auto repair,+1 813-410-0487,,"13654 N 12th St, Tampa, FL 33613, United States",,,,,,,,,0,,,,,,,,,8,5,3
C,27.26,2.26,tampa,MD A/C,+1 727-479-2982,,"14119 Thacher Ave, Largo, FL 33774, United States",,,,,,,,,0,,,,,,,,,8,5,0
C,27.26,2.26,tampa,Tower Heating,+1 813-602-7812,,"218 US-92, Tampa, FL 33609, United States",,,,,,,,,0,,,,,,,,,8,5,0
C,27.26,2.26,tampa,Super HVAC & Duct Cleaning Service,+1 813-540-4411,,"4647 W Kennedy Blvd, Tampa, FL 33609, United States",,,,,,,,,0,,,,,,,,,8,5,0
C,27.26,2.26,tampa,Pack Bros Home Improvements LLC,+1 813-260-8554,,"203 Kingsway Rd Ste B, Brandon, FL 33510, United States",,,,,,,,,0,,,,,,,,,8,5,0
C,27.26,2.26,tampa,Ryan's Air and Heat LLC,+1 727-320-5267,,,,,,,,,,,0,,,,,,,,,8,5,0
C,27.26,2.26,tampa,"Thunder Bay Air, Inc",+1 727-543-8351,,,,,,,,,,,0,,,,,,,,,8,5,0
C,27.26,2.26,tampa,Top Tech Heating and Air Conditioning INC,+1 813-610-9673,https://www.toptechtampa.com,,,,,,,,,,0,,,,,,,,,8,5,0
C,27.26,2.26,tampa,Keep Up Duct Cleaners,+1 813-445-5386,,"909 S Frankland Rd, Tampa, FL 33629, United States",,,,,,,,,0,,,,,,,,,8,5,0
C,27.12,2.12,tampa,"Dale's Air & Heat, Inc.",+1 941-737-5718,http://www.daleac.com,,,,,,,,,,0,,,,,,,,,7,5,0
C,27.12,2.12,tampa,DVM HVAC & Refrigeration LLC,+1 813-922-5284,,,,,,,,,,,0,,,,,,,,,7,5,0
C,27.12,2.12,tampa,Valmor AC Repair Peters Burg,+1 727-591-9084,http://valmoracrepairpetersburg.top,"1601 66th St N #15, St. Petersburg, FL 33710, United States",,,,,,,,,0,,,,,,,,,7,5,0
C,27.12,2.12,tampa,Hylan AC,+1 727-804-3551,http://www.hylanac.com,"7617 Ridge Rd, Seminole, FL 33772, United States",,,,,,,,,0,,,,,,,,,7,4.9,1
C,27.12,2.12,tampa,Santa AC Repair Tampa,+1 813-692-5197,http://santacrepairtampa.top,"15711 Mapledale Blvd, Greater Northdale, FL 33624, United States",,,,,,,,,0,,,,,,,,,7,5,0
C,27.12,2.12,tampa,Millennium Air Conditioning Service,+1 813-742-5044,,"14938 N Florida Ave, Tampa, FL 33613, United States",,,,,,,,,0,,,,,,,,,7,5,0
C,27.12,2.12,tampa,Core Cooling & Heating Team,+1 727-591-4744,https://corehvacteam.com/temple-terrace-fl-2,"13008 Telecom Dr #255, Temple Terrace, FL 33637, United States",,,,,,,,,0,,,,,,,,,7,5,0
C,27.12,2.12,tampa,A&N HVAC LLC.,+1 813-263-9112,http://anhvacllc.com,,,,,,,,,,0,,,,,,,,,7,5,0
C,27.12,2.12,tampa,Wesley Chapel Auto Repair - Mobile Mechanic,+1 813-345-1492,,"4334 Crabapple Dr Unit 207, Wesley Chapel, FL 33545, United States",,,,,,,,,0,,,,,,,,,7,5,0
C,27.12,2.12,tampa,Lindsey Refrigeration and A/C,+1 727-526-0211,http://www.lindseyrefrigerationandac.com,"2165 Sunnydale Blvd, Clearwater, FL 33765, United States",,,,,,,,,0,,,,,,,,,7,5,2
C,27.12,2.12,tampa,Florida AC Solutions LLC,+1 813-669-9000,https://floridaacsolutions.net,,,,,,,,,,0,,,,,,,,,7,5,0
C,27.12,2.12,tampa,Apollo Air Condition And Refridgeration Services LLC,+1 813-557-2905,,,,,,,,,,,0,,,,,,,,,7,5,2
C,27.12,2.12,tampa,Campbell A﻿ir D﻿uct Cle﻿aning And Dr﻿yer Ve﻿nts Service,+1 813-492-2991,,"2610 E Dr Martin Luther King Jr Blvd, Tampa, FL 33610, United States",,,,,,,,,0,,,,,,,,,7,5,0
C,27.12,2.12,tampa,E-Cool of Florida,+1 813-843-4780,https://e-coolofflorida.com,,,,,,,,,,0,,,,,,,,,7,5,0
C,27.08,2.08,tampa,Premium Building Concepts LLC,+1 727-864-6287,http://www.premium-building.com,"1130 Serpentine Dr S, St. Petersburg, FL 33705, United States",,,,,,,,,0,,,,,,,,,5,4.8,0
C,27.08,2.08,tampa,R J Lange & Son Inc.,+1 727-784-2629,http://rjlangeandson.com,"11 Bayshore Dr, Ozona, FL 34660, United States",,,,,,,,,0,,,,,,,,,2,4.5,0
C,27.08,2.08,tampa,Frosttech A/C and Heating Services,+1 813-420-2981,http://frosttechacservices.com,"8307 Rustic Dr, Tampa, FL 33634, United States",,,,,,,,,0,,,,,,,,,5,4.8,0
C,27.08,2.08,tampa,Delta Air Conditioning,+1 727-606-1361,,"3322 9th St N, St. Petersburg, FL 33704, United States",,,,,,,,,0,,,,,,,,,5,4.8,0
C,27.08,2.08,tampa,Specialty HVAC/Duct Cleaning,+1 813-510-5197,,"3624 S Hesperides St, Tampa, FL 33629, United States",,,,,,,,,0,,,,,,,,,5,4.8,0
C,26.94,1.94,tampa,Fritz Air Conditioning and Heating,+1 727-933-1260,https://fritzacandheat.com,"2079 Kingfisher Dr, Palm Harbor, FL 34683, United States",,,,,,,,,0,,,,,,,,,6,5,0
C,26.94,1.94,tampa,Trusted Pinellas Park AC Repair,+1 727-629-8584,http://trustedpinellasparkacrepair.com,"7726 49th Street N, Pinellas Park, FL 33781, United States",,,,,,,,,0,,,,,,,,,6,5,0
C,26.94,1.94,tampa,Omega Industrial Heating & Air Conditioning,+1 813-699-4453,,"12175 W Linebaugh Ave, Westchase, FL 33626, United States",,,,,,,,,0,,,,,,,,,6,5,0
C,26.94,1.94,tampa,Rejoice AC,+1 727-351-2523,,,,,,,,,,,0,,,,,,,,,6,5,0
C,26.94,1.94,tampa,Florida Portable AC,+1 813-599-6403,https://www.floridaportableac.com,"6420 Sanctuary Creek Ln, Tampa, FL 33625, United States",,,,,,,,,0,,,,,,,,,6,5,1
C,26.94,1.94,tampa,Diamond Mechanical Services,+1 813-409-0750,,,,,,,,,,,0,,,,,,,,,6,5,0
C,26.94,1.94,tampa,Ecofresh Vents cleaning / Maintenance,+1 813-733-2369,https://ecofreshvents.com,,,,,,,,,,0,,,,,,,,,6,5,3
C,26.94,1.94,tampa,Lejeune HVAC INC,+1 727-479-2199,https://www.lejeunehvac.com,,,,,,,,,,0,,,,,,,,,6,5,0
C,26.94,1.94,tampa,Triple H Air Conditioning Inc. Florida,+1 813-655-4501,https://hhhworks.com,,,,,,,,,,0,,,,,,,,,6,5,2
C,26.94,1.94,tampa,Extreme HVAC/Duct Clean,+1 813-291-4203,,"3614 W Royal Palm Cir, Tampa, FL 33629, United States",,,,,,,,,0,,,,,,,,,6,5,0
C,26.94,1.94,tampa,Vent Cleaning Outlet,+1 813-797-4754,https://electricdryeroutlet.com,"4004 S MacDill Ave, Tampa, FL 33611, United States",,,,,,,,,0,,,,,,,,,6,5,0
C,26.94,1.94,tampa,Soldiers of Fortune,+1 813-993-5742,,,,,,,,,,,0,,,,,,,,,6,5,0
C,26.94,1.94,tampa,Brandon Air Co,+1 813-689-0816,http://brandonairco.com,,,,,,,,,,0,,,,,,,,,6,5,0
C,26.94,1.94,tampa,Clean Living Duct Cleaning,+1 813-413-5477,,"3708 W Watrous Ave, Tampa, FL 33629, United States",,,,,,,,,0,,,,,,,,,6,5,0
C,26.94,1.94,tampa,Pro HVAC Services,+1 813-212-2198,,"706 Village Pl, Brandon, FL 33511, United States",,,,,,,,,0,,,,,,,,,6,5,0
C,26.94,1.94,tampa,Cold Coast Tampa Bay Corp.,+1 727-344-9944,http://www.coldcoasttampabay.com,,,,,,,,,,0,,,,,,,,,6,5,2
C,26.86,1.86,tampa,"Robert Spicher Pump Service, Inc.",+1 813-677-5878,,,,,,,,,,,0,,,,,,,,,3,4.7,1
C,26.86,1.86,tampa,Sunbelt Rentals Power & HVAC,+1 813-247-4800,https://www.sunbeltrentals.com/location/fl/tampa/power-hvac-equipment-rentals/48,"8417 Palm River Rd, Tampa, FL 33619, United States",,,,,,,,,0,,,,,,,,,3,4.7,0
C,26.86,1.86,tampa,Five Star Cleaning Services,+1 813-576-2304,,"1115 W Nassau St, Tampa, FL 33607, United States",,,,,,,,,0,,,,,,,,,3,4.7,0
C,26.84,1.84,tampa,"Apollo Construction & Engineering Services, Inc.",+1 813-645-4926,http://www.apollo-construction.com,"1821 36th St SE, Ruskin, FL 33570, United States",,,,,,,,,0,,,,,,,,,4,4.8,0
C,26.84,1.84,tampa,Air Conditioning Service,+1 727-653-8030,,"12535 66th St N, Largo, FL 33773, United States",,,,,,,,,0,,,,,,,,,4,4.8,0
C,26.75,1.75,tampa,Cool Ducts Cooling and Heating,+1 813-607-9897,https://www.coolducts.net,"2601 Manatee Harbor Dr, Ruskin, FL 33570, United States",,,,,,,,,0,,,,,,,,,5,5,0
C,26.75,1.75,tampa,Optimal Comfort Air Services,+1 727-777-8400,https://www.optimalcomfortair.com,"310 13th Ave NE Apt 14, St. Petersburg, FL 33701, United States",,,,,,,,,0,,,,,,,,,5,5,0
C,26.75,1.75,tampa,Elite HVAC Repair Tampa,+1 813-212-6185,http://elitehvacrepairtampa.com,"4808 FL-600, Tampa, FL 33611, United States",,,,,,,,,0,,,,,,,,,5,5,0
C,26.75,1.75,tampa,R3 Services,+1 813-214-9780,http://www.r3-services.com,,,,,,,,,,0,,,,,,,,,5,5,1
C,26.75,1.75,tampa,Digital Climate Control Inc,+1 727-418-1275,,"816 Kriswell Ct, Palm Harbor, FL 34683, United States",,,,,,,,,0,,,,,,,,,5,5,0
C,26.75,1.75,tampa,Premier Saint Petersburg AC Repair,+1 727-629-8583,https://premiersaintpetersburgacrepair.com,"6300 Marginal Access Rd, St. Petersburg, FL 33702, United States",,,,,,,,,0,,,,,,,,,5,5,0
C,26.75,1.75,tampa,"Estepa air conditioning, llc",+1 813-770-2367,https://estepaairconditioning.com,"109 Garland Ct, Tampa, FL 33613, United States",,,,,,,,,0,,,,,,,,,5,5,1
C,26.75,1.75,tampa,Maximo Water Heater,+1 813-945-6681,,"11959 US-301, Thonotosassa, FL 33592, United States",,,,,,,,,0,,,,,,,,,5,5,0
C,26.75,1.75,tampa,Mitroka Heating and Air Conditioning,+1 727-375-8818,,"1211 Manderlee Pl, Trinity, FL 34655, United States",,,,,,,,,0,,,,,,,,,5,5,0
C,26.75,1.75,tampa,Pro Air Duct Cleaning FL,+1 727-594-6778,,"3549 Wiltshire Dr, Holiday, FL 34691, United States",,,,,,,,,0,,,,,,,,,5,5,0
C,26.75,1.75,tampa,M.E.S. Marine air conditioning,+1 727-505-1992,https://mesmarineairconditioning.com,,,,,,,,,,0,,,,,,,,,5,5,0
C,26.75,1.75,tampa,Bright HVAC/Duct cleaning,+1 813-510-5244,,"3908 W Vasconia St, Tampa, FL 33629, United States",,,,,,,,,0,,,,,,,,,5,5,1
C,26.75,1.75,tampa,Eco Air Conditioning & Refrigeration - HVAC Contractor and Repair,+1 727-334-7252,https://ecoair-refrigeration.com,"12600 S Belcher Rd S Unit 101-D, Largo, FL 33773, United States",,,,,,,,,0,,,,,,,,,5,5,0
C,26.75,1.75,tampa,Fresh HVAC/Duct Services,+1 727-304-4419,,"12021 93rd St N, Largo, FL 33773, United States",,,,,,,,,0,,,,,,,,,5,5,0
C,26.75,1.75,tampa,Tampa Cooling & Heating,+1 813-761-4069,,"506 N 50th St, Tampa, FL 33619, United States",,,,,,,,,0,,,,,,,,,5,5,0
C,26.75,1.75,tampa,"Patrons A/C & Heating, LLC",+1 813-407-1359,,,,,,,,,,,0,,,,,,,,,5,5,0
C,26.75,1.75,tampa,Beach Breeze AC,+1 727-900-1690,https://www.beachbreezeac.com,,,,,,,,,,0,,,,,,,,,5,5,0
C,26.75,1.75,tampa,Rich's A C Inc,+1 813-817-3394,,,,,,,,,,,0,,,,,,,,,5,5,0
C,26.75,1.75,tampa,HVAC Elite Services LLC,+1 813-666-3396,https://hvaceliteservices.jobbersites.com,,,,,,,,,,0,,,,,,,,,5,5,1
C,26.75,1.75,tampa,Upflow Air LLC,+1 813-344-4633,http://wwwupflowair.com,,,,,,,,,,0,,,,,,,,,5,5,1
C,26.75,1.75,tampa,Prins Air Duct Cleaner Service,+1 813-359-1013,,"110 Palmetto Terrace, Tampa, FL 33610, United States",,,,,,,,,0,,,,,,,,,5,5,0
C,26.75,1.75,tampa,PCS Polar Commercial Service,+1 813-553-2613,https://www.pcsequipment.com,,,,,,,,,,0,,,,,,,,,5,5,1
C,26.75,1.75,tampa,Cold AC Inc.,+1 813-895-2099,http://www.thecoldac.com,,,,,,,,,,0,,,,,,,,,5,5,0
C,26.75,1.75,tampa,Hydraulic Repair,+1 813-713-1531,,"3437 Patricia Dr, Zephyrhills, FL 33541, United States",,,,,,,,,0,,,,,,,,,5,5,0
C,26.51,1.51,tampa,DC Refrigeration,+1 941-448-4859,,,,,,,,,,,0,,,,,,,,,4,5,0
C,26.51,1.51,tampa,Florida Construction Specialists,+1 813-420-7561,https://floridaconstructionspecialists.com,,,,,,,,,,0,,,,,,,,,4,5,1
C,26.51,1.51,tampa,"Joy Filters, Inc.",+1 813-641-7841,http://www.joyfilters.com,"2107 E College Ave #6, Ruskin, FL 33570, United States",,,,,,,,,0,,,,,,,,,4,5,2
C,26.51,1.51,tampa,Buddys Service And Repair,+1 727-623-2404,,"13201 94th Ave N, Seminole, FL 33776, United States",,,,,,,,,0,,,,,,,,,4,5,0
C,26.51,1.51,tampa,Janine HVAC Cooling Service,+1 727-625-5383,,"5088 61st St, Pinellas Park, FL 33781, United States",,,,,,,,,0,,,,,,,,,4,5,0
C,26.51,1.51,tampa,Dage Air Conditioning & Heating Inc,+1 813-778-8440,,,,,,,,,,,0,,,,,,,,,4,5,0
C,26.51,1.51,tampa,Diverse Air Conditioning & Refrigeration Solutions,+1 813-323-0329,http://www.diverseacr.com,,,,,,,,,,0,,,,,,,,,4,5,0
C,26.51,1.51,tampa,Lint lickers,+1 813-521-9164,http://www.lintlickers.us,,,,,,,,,,0,,,,,,,,,4,5,0
C,26.51,1.51,tampa,Royal Duct Cleaning Service,+1 813-358-7451,,"17519 Bruce B Downs Blvd, Tampa, FL 33647, United States",,,,,,,,,0,,,,,,,,,4,5,0
C,26.51,1.51,tampa,RedHead Air Conditioning LLC,+1 727-607-1104,,"1400 Calvary Rd, Tarpon Springs, FL 34691, United States",,,,,,,,,0,,,,,,,,,4,5,0
C,26.51,1.51,tampa,White’s A/C,+1 813-904-4333,http://whitesairconditioning.com,,,,,,,,,,0,,,,,,,,,4,5,0
C,26.51,1.51,tampa,Tropical Glacier Mechanics LLC,+1 727-627-8660,,,,,,,,,,,0,,,,,,,,,4,5,1
C,26.51,1.51,tampa,Britton Air Inc,+1 813-977-0616,http://www.brittonair.com,"14452 N Nebraska Ave, Tampa, FL 33613, United States",,,,,,,,,0,,,,,,,,,4,5,0
C,26.51,1.51,tampa,Abundant Air HVAC Services,+1 813-358-3746,https://www.abundantairhvac.com,"4327 Lynx Paw Trail Suite 103, Valrico, FL 33596, United States",,,,,,,,,0,,,,,,,,,4,5,0
C,26.51,1.51,tampa,Pure HVAC/Duct Services,+1 727-300-3817,,"4600 Dr M.L.K. Jr St N, St. Petersburg, FL 33703, United States",,,,,,,,,0,,,,,,,,,4,5,0
C,26.51,1.51,tampa,Rapid Mechanical HVAC Solutions,+1 727-625-6650,,"14455 Larboard Ln, Largo, FL 33774, United States",,,,,,,,,0,,,,,,,,,4,5,0
C,26.51,1.51,tampa,Arcel Cooling LLC,+1 727-563-6098,https://arcelcooling.co,,,,,,,,,,0,,,,,,,,,4,5,1
C,26.51,1.51,tampa,Toler Air,+1 727-310-8696,https://tolerair.com,"13584 49th Street N Unit B2-4, Clearwater, FL 33762, United States",,,,,,,,,0,,,,,,,,,4,5,0
C,26.51,1.51,tampa,Owen HVAC Repair Service,+1 813-701-5260,,"3911 W Dale Ave, Tampa, FL 33609, United States",,,,,,,,,0,,,,,,,,,4,5,0
C,26.51,1.51,tampa,"Santana's Air Conditioning & Heating, Inc",+1 813-403-3361,http://santanasac.com,,,,,,,,,,0,,,,,,,,,4,5,1
C,26.51,1.51,tampa,"Bonnell, Inc.",+1 727-573-4650,,"6565 44th St N, Pinellas Park, FL 33781, United States",,,,,,,,,0,,,,,,,,,4,5,0
C,26.51,1.51,tampa,Air Pure Pro Cleaners,+1 813-445-6055,https://newmefineman840.wixsite.com/air-pure-pro-cleaner,"1792 US-92, Tampa, FL 33603, United States",,,,,,,,,0,,,,,,,,,4,5,0
C,26.51,1.51,tampa,JCA Cooling and Heating,+1 813-445-1375,,,,,,,,,,,0,,,,,,,,,4,5,0
C,26.51,1.51,tampa,Golden Touch HVAC/Duct Cleaning,+1 813-981-1060,,"3710 W Cleveland St, Tampa, FL 33609, United States",,,,,,,,,0,,,,,,,,,4,5,0
C,26.19,1.19,tampa,Honor air conditioning and plumbing,+1 941-283-8727,http://www.honorac.com/contact-us,,,,,,,,,,0,,,,,,,,,3,5,0
C,26.19,1.19,tampa,High Flow AC Repair,+1 813-214-8714,https://www.highflowheatingacrepair.com/riverview-fl,"6330 US-301, Riverview, FL 33578, United States",,,,,,,,,0,,,,,,,,,3,5,1
C,26.19,1.19,tampa,Atelier HVAC Cooling Services,+1 727-625-4849,,"15 5th St S, St. Petersburg, FL 33705, United States",,,,,,,,,0,,,,,,,,,3,5,0
C,26.19,1.19,tampa,Ruskin Duct N vents Experts,+1 727-632-0038,,"329 1st St NW, Ruskin, FL 33570, United States",,,,,,,,,0,,,,,,,,,3,5,0
C,26.19,1.19,tampa,DC RV MOBILE REPAIR SERVICE,+1 813-260-3492,https://brand.page/Dcrvmobileservice,"5607 FL-674, Wimauma, FL 33598, United States",,,,,,,,,0,,,,,,,,,3,5,0
C,26.19,1.19,tampa,Select Choice AC Repair,+1 813-934-3131,https://www.selectchoiceheatingairconditioning.com/riverview-fl,"10014 Park Pl Ave, Riverview, FL 33578, United States",,,,,,,,,0,,,,,,,,,3,5,0
C,26.19,1.19,tampa,CoolGlacier Air Conditioning Repair,+1 813-820-4889,https://coldglacieracrepair.com,"3661 W Waters Ave Ste 48, Tampa, FL 33614, United States",,,,,,,,,0,,,,,,,,,3,5,0
C,26.19,1.19,tampa,Expert A/C & Heating,+1 727-847-6003,https://linktr.ee/ExpertACandHeating,"7708 Anno St, Tampa, FL 33625, United States",,,,,,,,,0,,,,,,,,,3,5,0
C,26.19,1.19,tampa,"Berger Mechanical, Inc.",+1 813-909-0002,http://www.bergermechanical.com,"10061 McIntosh Rd, Dover, FL 33527, United States",,,,,,,,,0,,,,,,,,,3,5,0
C,26.19,1.19,tampa,Zenith AC Repair Tampa,+1 813-725-9367,https://tampa.zenithacrepairs.pro,"19034 Bruce B Downs Blvd Unit 54, Tampa, FL 33647, United States",,,,,,,,,0,,,,,,,,,3,5,0
C,26.19,1.19,tampa,SITA-Tab,+1 813-949-1999,http://www.sita-tab.com,"140 Whitaker Rd, Lutz, FL 33549, United States",,,,,,,,,0,,,,,,,,,3,5,0
C,26.19,1.19,tampa,Payne HVAC/Duct Clean,+1 813-755-3144,https://hardyarchibald8.wixsite.com/my-site-1,"10207 Shadow Branch Dr, Tampa, FL 33647, United States",,,,,,,,,0,,,,,,,,,3,5,0
C,26.19,1.19,tampa,"Lloyd's Heating & Cooling, Inc.",+1 813-631-1418,https://www.lloydsheatingncooling.com/contact-estimate,"19510 Holly Ln, Lutz, FL 33558, United States",,,,,,,,,0,,,,,,,,,3,5,0
C,26.19,1.19,tampa,Noble Nest Homes,+1 813-992-9355,https://www.noblenestfl.com,,,,,,,,,,0,,,,,,,,,3,5,0
C,26.19,1.19,tampa,Acumen Inspection Services,+1 813-576-9980,http://www.acumeninspect.com,"19232 Stone Hedge Dr, Tampa, FL 33647, United States",,,,,,,,,0,,,,,,,,,3,5,0
C,26.19,1.19,tampa,Filter Fitter LLC,+1 813-260-1010,https://www.filterfitter.com,"3632 Land O' Lakes Blvd #105-12, Land O' Lakes, FL 34639, United States",,,,,,,,,0,,,,,,,,,3,5,0
C,26.19,1.19,tampa,Florida HVAC Supply,+1 813-778-7056,https://www.flhvacsupply.com,"39039 Co Rd 54, Zephyrhills, FL 33542, United States",,,,,,,,,0,,,,,,,,,3,5,1
C,26.19,1.19,tampa,Chillin AC,+1 941-737-2676,https://llmarkel-jpg.github.io/Chillinac,"5211 1st Ave Dr NW, Bradenton, FL 34209, United States",,,,,,,,,0,,,,,,,,,3,5,0
C,26.19,1.19,tampa,BT Air Conditioning,+1 941-545-7904,,,,,,,,,,,0,,,,,,,,,3,5,0
C,26.19,1.19,tampa,BreezeChill AC Repairs,+1 813-723-7286,https://breezechillacrepairs.com,"949 E Bloomingdale Ave Unit 209, Brandon, FL 33511, United States",,,,,,,,,0,,,,,,,,,3,5,0
C,26.19,1.19,tampa,Coastal Breeze Ac LLC,+1 727-386-1902,https://coastalbreezeacllc.com,,,,,,,,,,0,,,,,,,,,3,5,0
C,26.19,1.19,tampa,Tri-State Heating & Ac Inc,+1 813-425-2900,,,,,,,,,,,0,,,,,,,,,3,5,1
C,26.19,1.19,tampa,"MJB Services, LLC",+1 813-376-1322,https://mjbservices.net,,,,,,,,,,0,,,,,,,,,3,5,0
C,26.19,1.19,tampa,Amazing Duct Cleaners,+1 813-252-1840,,"6212 S Church Ave, Tampa, FL 33616, United States",,,,,,,,,0,,,,,,,,,3,5,0
C,26.19,1.19,tampa,Everyday HVAC/Duct Cleaners,+1 813-252-1674,,"3613 S Hesperides St, Tampa, FL 33629, United States",,,,,,,,,0,,,,,,,,,3,5,0
C,26.19,1.19,tampa,Next Level Cooling and Heating,+1 727-678-3959,http://nextlevel-ac.com,,,,,,,,,,0,,,,,,,,,3,5,0
C,26.19,1.19,tampa,Pro Magnum Heating and Air,+1 727-478-5334,,,,,,,,,,,0,,,,,,,,,3,5,0
C,26.19,1.19,tampa,All Air Duct Cleaning,+1 727-390-6856,,"200 72nd Ave N Apt 235, St. Petersburg, FL 33702, United States",,,,,,,,,0,,,,,,,,,3,5,0
C,26.19,1.19,tampa,Fire N Ice Heating & Air Conditioning,+1 813-405-4367,https://firenicefl.com,,,,,,,,,,0,,,,,,,,,3,5,0
C,26.19,1.19,tampa,Bryant's HVAC Repair Ohatchee,+1 813-945-3337,,"509 N Glen Ave, Tampa, FL 33609, United States",,,,,,,,,0,,,,,,,,,3,5,0
C,26.19,1.19,tampa,Bryan HVAC/Duct Clean,+1 813-278-6751,,"3609 W Dale Ave, Tampa, FL 33609, United States",,,,,,,,,0,,,,,,,,,3,5,0
C,26.19,1.19,tampa,Brothers Air Duct Cleaning LLC,+1 813-678-5226,,"5112 W Cleveland St, Tampa, FL 33609, United States",,,,,,,,,0,,,,,,,,,3,5,0
C,26.19,1.19,tampa,Advantage Duct Cleaning Solutions,+1 813-343-0205,,"4010 W Zelar St, Tampa, FL 33629, United States",,,,,,,,,0,,,,,,,,,3,5,0
C,26.19,1.19,tampa,Dream Air Duct Cleaning,+1 813-358-7529,,"1102 S Dale Mabry Hwy, Tampa, FL 33629, United States",,,,,,,,,0,,,,,,,,,3,5,0
C,26.19,1.19,tampa,HouseTechPlus,+1 813-621-1985,https://housetechplus.com/contact-us-2,"1302 N 15th St, Tampa, FL 33605, United States",,,,,,,,,0,,,,,,,,,3,5,0
C,26.19,1.19,tampa,All State AC & Duct Pros,+1 813-710-3202,https://allstateacducts.com,"1702 E 5th Ave, Tampa, FL 33605, United States",,,,,,,,,0,,,,,,,,,3,5,0
C,26.19,1.19,tampa,EnCon Inc. Air Conditioning & Electrical Services,+1 813-354-0446,http://enconservice.com,"4951 E Adamo Dr #126, Tampa, FL 33605, United States",,,,,,,,,0,,,,,,,,,3,5,0
C,26.19,1.19,tampa,Sudduth Refrigeration Inc,+1 727-457-9000,http://sudduthrefrigeration.com/contact-us,"6132 33rd Ave N, St. Petersburg, FL 33710, United States",,,,,,,,,0,,,,,,,,,3,5,0
C,26.19,1.19,tampa,Grease Medic Mobile Auto Repair,+1 813-900-8763,,"Balm Riverview Rd, Riverview, FL 33579, United States",,,,,,,,,0,,,,,,,,,3,5,0
C,26.19,1.19,tampa,Cold Air Heating & AC,+1 813-939-4215,https://www.coldairheatingac.buzz,"4023 N Armenia Ave, Tampa, FL 33607, United States",,,,,,,,,0,,,,,,,,,3,5,0
C,26.19,1.19,tampa,Clean Press Duct Cleaning,+1 813-736-5980,,"906 S Sterling Ave, Tampa, FL 33629, United States",,,,,,,,,0,,,,,,,,,3,5,0
C,25.75,0.75,tampa,Dale's Air & Heat Inc,+1 941-737-5718,http://dalesairandheat.com,"12440 Grass Farm Rd, Palmetto, FL 34221, United States",,,,,,,,,0,,,,,,,,,2,5,0
C,25.75,0.75,tampa,Shield HVAC,+1 813-578-4362,https://shieldhvacriverviewfl.com,"8808 FL-43, Riverview, FL 33578, United States",,,,,,,,,0,,,,,,,,,2,5,0
C,25.75,0.75,tampa,Sayko Plumbing and Air,+1 727-766-4460,,,,,,,,,,,0,,,,,,,,,2,5,0
C,25.75,0.75,tampa,TLS,+1 813-641-2730,http://tlservices.com,"1101 1st St SW, Ruskin, FL 33570, United States",,,,,,,,,0,,,,,,,,,2,5,0
C,25.75,0.75,tampa,3 J's Cooling,+1 727-203-0140,,,,,,,,,,,0,,,,,,,,,2,5,0
C,25.75,0.75,tampa,Blue Maple Leaf Inc,+1 727-741-3030,https://bluemapleleaf.com/contact-2,"4752 Stoneview Cir, Oldsmar, FL 34677, United States",,,,,,,,,0,,,,,,,,,2,5,0
C,25.75,0.75,tampa,ColdTropical AC Repairs,+1 813-725-6756,https://coldtropicalacrepairs.com,"13911 Nine Eagles Dr office 32, Tampa, FL 33626, United States",,,,,,,,,0,,,,,,,,,2,5,0
C,25.75,0.75,tampa,Supreme Home Services FL,+1 813-638-4383,http://www.supremehomeservicesfl.com,,,,,,,,,,0,,,,,,,,,2,5,1
C,25.75,0.75,tampa,Central Air Expert Company,+1 813-692-1353,,"8515 Island Breeze Ln, Tampa, FL 33637, United States",,,,,,,,,0,,,,,,,,,2,5,0
C,25.75,0.75,tampa,Budget Air Duct Services,+1 813-845-0298,https://www.budgetairductservices.com,"3902 Carrollwood Pl Cir, Greater Northdale, FL 33624, United States",,,,,,,,,0,,,,,,,,,2,5,0
C,25.75,0.75,tampa,Genesis Diversified Services,+1 813-298-0465,http://www.genesisdiversified.com/contact-us,"1719 Clement Rd, Lutz, FL 33549, United States",,,,,,,,,0,,,,,,,,,2,5,0
C,25.75,0.75,tampa,Davies Air Conditioning Service & Repair,+1 813-946-0258,,"2398 Grand Cypress Dr, Lutz, FL 33559, United States",,,,,,,,,0,,,,,,,,,2,5,0
C,25.75,0.75,tampa,ProRepairs llc,+1 813-863-1118,,,,,,,,,,,0,,,,,,,,,2,5,1
C,25.75,0.75,tampa,Taylor HVAC & AC Repair,+1 813-946-0255,,"36542 CR 54, Zephyrhills, FL 33541, United States",,,,,,,,,0,,,,,,,,,2,5,0
C,25.75,0.75,tampa,Zenith Electric LLC,+1 813-443-0990,http://www.zenithelectricllc.com,"19244 Early Violet Dr, Tampa, FL 33647, United States",,,,,,,,,0,,,,,,,,,2,5,0
C,25.75,0.75,tampa,The Cool Man A/C Services LLC,+1 813-494-1130,,,,,,,,,,,0,,,,,,,,,2,5,0
C,25.75,0.75,tampa,Mattei Air Compressors,+1 727-835-0668,https://www.matteisales.com/contact.php,"11205 Challenger Ave, Odessa, FL 33556, United States",,,,,,,,,0,,,,,,,,,2,5,0
C,25.75,0.75,tampa,Reynolds Emergency AC Repair Saint Petersburg,+1 727-800-4032,,,,,,,,,,,0,,,,,,,,,2,5,0
C,25.75,0.75,tampa,Bloom AC Repair Lithia,+1 813-970-0325,http://bloomacrepairlithia.top,"16637 Fishhawk Blvd, Fish Hawk, FL 33547, United States",,,,,,,,,0,,,,,,,,,2,5,0
C,25.75,0.75,tampa,Top of the Bay AC,+1 813-563-9484,http://topofthebayac.com,,,,,,,,,,0,,,,,,,,,2,5,0
C,25.75,0.75,tampa,Coolenheat Inc.,+1 813-244-9401,,"10905 Suncrest Ct, Tampa, FL 33615, United States",,,,,,,,,0,,,,,,,,,2,5,0
C,25.75,0.75,tampa,Just Air Conditioning Repair,+1 813-937-5858,https://www.justairconditioningrepair.buzz,"4924 W Waters Ave, Tampa, FL 33634, United States",,,,,,,,,0,,,,,,,,,2,5,0
C,25.75,0.75,tampa,Hernig Contractors,+1 813-458-3523,,,,,,,,,,,0,,,,,,,,,2,5,0
C,25.75,0.75,tampa,Max Performance Heating & Air Conditioning,+1 813-946-9353,https://www.maxperformanceheatingairconditioning.buzz,"3824 W Sligh Ave, Tampa, FL 33614, United States",,,,,,,,,0,,,,,,,,,2,5,0
C,25.75,0.75,tampa,TrueFreeze AC Repair Tampa,+1 813-726-3719,https://tampa.truefreezeacrepairs.com,"4750 N Dale Mabry Hwy unit 395, Tampa, FL 33614, United States",,,,,,,,,0,,,,,,,,,2,5,0
C,25.75,0.75,tampa,Air Conditioning Repair Today,+1 813-923-9313,https://www.airconditioningrepairtoday.buzz,"1508 W Sligh Ave, Tampa, FL 33604, United States",,,,,,,,,0,,,,,,,,,2,5,0
C,25.75,0.75,tampa,Apex HVAC LLC,+1 813-540-7129,,"8506 N Mulberry St, Tampa, FL 33604, United States",,,,,,,,,0,,,,,,,,,2,5,0
C,25.75,0.75,tampa,Neighbors Air Conditioning & Heating,+1 813-659-3261,,"1910 Rutherford Dr, Dover, FL 33527, United States",,,,,,,,,0,,,,,,,,,2,5,2
C,25.75,0.75,tampa,Alphe's Air Conditioning and Refrigeration,+1 813-378-2097,https://www.alphesac.com,,,,,,,,,,0,,,,,,,,,2,5,0
C,25.75,0.75,tampa,Smart HVAC/Duct Cleaning,+1 813-515-0991,,"4405 W Euclid Ave, Tampa, FL 33629, United States",,,,,,,,,0,,,,,,,,,2,5,0
C,25.75,0.75,tampa,Arcel Cooling,+1 727-563-6098,https://arcel-cooling.com,,,,,,,,,,0,,,,,,,,,2,5,0
C,25.75,0.75,tampa,MGM Air Conditioning & Refrigeration,+1 727-776-2677,,,,,,,,,,,0,,,,,,,,,2,5,0
C,25.75,0.75,tampa,W.I.T. Air Conditioning,+1 727-410-3760,https://wit-ac.com,"6330 46th St N #109, Pinellas Park, FL 33781, United States",,,,,,,,,0,,,,,,,,,2,5,0
C,25.75,0.75,tampa,Arctic Edge Heating & AC,+1 813-937-5713,https://www.arcticedgeheatingac.com/riverview-fl,"4025 Crescent Park Dr, Riverview, FL 33578, United States",,,,,,,,,0,,,,,,,,,2,5,1
C,25.75,0.75,tampa,Lynch Air Duct Service,+1 813-729-6389,,"517 S Matanzas Ave, Tampa, FL 33609, United States",,,,,,,,,0,,,,,,,,,2,5,0
C,25.75,0.75,tampa,Flow Air Duct Cleaning,+1 813-535-6716,,"1918 US-92, Tampa, FL 33629, United States",,,,,,,,,0,,,,,,,,,2,5,0
C,25.75,0.75,tampa,Max Clean Duct Cleaning,+1 813-445-5732,,"3703 W Palma Ceia Ct, Tampa, FL 33629, United States",,,,,,,,,0,,,,,,,,,2,5,0
C,25.75,0.75,tampa,Prestige HVAC/Duct Cleaning Services,+1 813-322-2894,,"113 S Dale Mabry Hwy, Tampa, FL 33609, United States",,,,,,,,,0,,,,,,,,,2,5,0
C,25.0,0.0,tampa,Don HVAC Duct Repair Inc,+1 941-216-0533,,"2308 Canasta Dr, Bradenton Beach, FL 34217, United States",,,,,,,,,0,,,,,,,,,1,5,0
C,25.0,0.0,tampa,Precision Air Conditioning & Heating,+1 727-404-4480,https://www.precisionair1.com,,,,,,,,,,0,,,,,,,,,1,5,0
C,25.0,0.0,tampa,Quick Response Heating & Air Conditioning,+1 813-954-6637,https://www.quickresponseheatingac.com/riverview-fl,"8823 US-301, Riverview, FL 33578, United States",,,,,,,,,0,,,,,,,,,1,5,0
C,25.0,0.0,tampa,Encore Air of St Petersburg,+1 727-618-1191,https://encoreairconditioningfl.com,,,,,,,,,,0,,,,,,,,,1,5,0
C,25.0,0.0,tampa,Sun City Center Filter King,+1 813-610-6553,https://suncitycenterfilterking.jobbersites.com,,,,,,,,,,0,,,,,,,,,1,5,0
C,25.0,0.0,tampa,"RIGHTAIR, LLC",+1 727-633-2875,,"3959 Lake St George Dr, Palm Harbor, FL 34684, United States",,,,,,,,,0,,,,,,,,,1,5,1
C,25.0,0.0,tampa,Efficient Mechanical LLC,+1 813-501-7302,,,,,,,,,,,0,,,,,,,,,1,5,0
C,25.0,0.0,tampa,Parrot Bay Mechanical,+1 813-770-5153,,"7413 Albany Dr, Tampa, FL 33625, United States",,,,,,,,,0,,,,,,,,,1,5,0
C,25.0,0.0,tampa,Wayne's World or Refrigeration Inc.,+1 813-929-2665,,,,,,,,,,,0,,,,,,,,,1,5,0
C,25.0,0.0,tampa,FrostPros AC Repair,+1 813-807-7285,https://frostprosacrepair.com,"9806 US-301 unit 66, Tampa, FL 33637, United States",,,,,,,,,0,,,,,,,,,1,5,0
C,25.0,0.0,tampa,"Air Flow Medics, Inc.",+1 813-417-1910,,,,,,,,,,,0,,,,,,,,,1,5,0
C,25.0,0.0,tampa,Airway Systems Inc,+1 813-671-8976,,,,,,,,,,,0,,,,,,,,,1,5,0
C,25.0,0.0,tampa,Morgan Home Services,+1 813-473-9328,http://www.morganhomeservices.com,"8509 W Knights Griffin Rd, Plant City, FL 33565, United States",,,,,,,,,0,,,,,,,,,1,5,0
C,25.0,0.0,tampa,Cam-Air Cooling & Heating,+1 727-252-8410,https://camaircooling.com,,,,,,,,,,0,,,,,,,,,1,5,0
C,25.0,0.0,tampa,Airduct Cleaning Expert Tampa,+1 813-322-3452,,"16011 Sharewood Dr, Tampa, FL 33618, United States",,,,,,,,,0,,,,,,,,,1,5,0
C,25.0,0.0,tampa,Florida Heating and Cooling,+1 813-922-2849,,,,,,,,,,,0,,,,,,,,,1,5,0
C,25.0,0.0,tampa,Handyman Choices,+1 813-906-2103,,"8516 Parrots Landing Dr, Tampa, FL 33647, United States",,,,,,,,,0,,,,,,,,,1,5,0
C,25.0,0.0,tampa,A&O ALL SERVICES LLC,+1 813-943-3617,,,,,,,,,,,0,,,,,,,,,1,5,0
C,25.0,0.0,tampa,ALLSTAR AIR CONDITIONING HEATING AND INSTALLATION INC,+1 727-726-1034,,,,,,,,,,,0,,,,,,,,,1,5,0
C,25.0,0.0,tampa,ARCHANGEL AIR,+1 813-210-5924,,,,,,,,,,,0,,,,,,,,,1,5,0
C,25.0,0.0,tampa,Merricks AC Repair Tampa,+1 813-730-8608,http://merricksacrepairtampa.com,"6805 N St Peter Ave, Tampa, FL 33604, United States",,,,,,,,,0,,,,,,,,,1,5,0
C,25.0,0.0,tampa,Max Chill Heating & Cooling,+1 813-940-4119,https://www.maxchillheatingcooling.buzz,"8406 N Mitchell Ave, Tampa, FL 33604, United States",,,,,,,,,0,,,,,,,,,1,5,0
C,25.0,0.0,tampa,HVAC Energy Calculations INC,+1 813-513-1005,https://www.templeterracehvac.com,"5470 E Busch Blvd #202, Temple Terrace, FL 33617, United States",,,,,,,,,0,,,,,,,,,1,5,0
C,25.0,0.0,tampa,Tommy Hays A/C & Refrigeration,+1 813-626-4752,,,,,,,,,,,0,,,,,,,,,1,5,0
C,25.0,0.0,tampa,Ferman MINI of Tampa Bay Service Dept,+1 727-785-3900,https://www.minioftampabay.com/service.aspx,"31320 US Hwy 19 N, Palm Harbor, FL 34684, United States",,,,,,,,,0,,,,,,,,,1,5,0
C,25.0,0.0,tampa,Airboyz,+1 813-750-9981,,,,,,,,,,,0,,,,,,,,,1,5,0
C,25.0,0.0,tampa,Advanced AC and Refrigeration,+1 813-416-2363,,"3718 Fortner Rd, Plant City, FL 33567, United States",,,,,,,,,0,,,,,,,,,1,5,0
C,25.0,0.0,tampa,"Air Distribution Consultants International, LLC",+1 727-339-7761,https://airdistributionconsultants.com,"3329 Hickorywood Way, Tarpon Springs, FL 34688, United States",,,,,,,,,0,,,,,,,,,1,5,0
C,25.0,0.0,tampa,Prime HVAC/Duct Cleaning,+1 813-515-2124,,"3618 S Hesperides St, Tampa, FL 33629, United States",,,,,,,,,0,,,,,,,,,1,5,0
C,25.0,0.0,tampa,Airs Mechanical LLC,+1 727-564-2850,https://airsmechanical.com,,,,,,,,,,0,,,,,,,,,1,5,0
C,25.0,0.0,tampa,The Cold Standard,+1 727-483-8612,http://thecoldstandardhvac.com,,,,,,,,,,0,,,,,,,,,1,5,0
C,25.0,0.0,tampa,Timeline Heating and Air Conditioning,+1 727-228-2152,,,,,,,,,,,0,,,,,,,,,1,5,0
C,25.0,0.0,tampa,Koger HVAC Services,+1 727-661-0162,,"9500 Koger Blvd N #251, St. Petersburg, FL 33702, United States",,,,,,,,,0,,,,,,,,,1,5,0
C,25.0,0.0,tampa,Curtis Cannon Air Conditioning & Heating,+1 813-677-8429,,"7329 Gibsonton Dr, Gibsonton, FL 33534, United States",,,,,,,,,0,,,,,,,,,1,5,0
C,25.0,0.0,tampa,C T Earle Maintenance Co,+1 813-677-7803,,"7001 Gibsonton Dr, Gibsonton, FL 33534, United States",,,,,,,,,0,,,,,,,,,1,5,0
C,25.0,0.0,tampa,Pinnacle Heating & Air Conditioning,+1 727-629-8872,,"2025 Indian Rocks Rd, Largo, FL 33774, United States",,,,,,,,,0,,,,,,,,,1,5,0
C,25.0,0.0,tampa,"Florida Property Advancements, LLC",+1 727-656-3071,,,,,,,,,,,0,,,,,,,,,1,5,0
C,25.0,0.0,tampa,C&J HVAC Repair Service,+1 813-344-2230,https://push62lady.wixsite.com/cj-hvac-repair,"204 S Trask St, Tampa, FL 33609, United States",,,,,,,,,0,,,,,,,,,1,5,0
C,25.0,0.0,tampa,Menendez AC and Refrigeration,+1 813-229-2246,,,,,,,,,,,0,,,,,,,,,1,5,0
C,25.0,0.0,tampa,Florida Heating & Cooling,+1 727-800-1602,,,,,,,,,,,0,,,,,,,,,1,5,0
C,25.0,0.0,tampa,Kristin HVAC,+1 813-909-7770,,"9112 Grant Line Ln, Riverview, FL 33578, United States",,,,,,,,,0,,,,,,,,,1,5,0
C,25.0,0.0,tampa,Tampa Bay Multair Inc.,+1 813-770-6904,,,,,,,,,,,0,,,,,,,,,1,5,1
C,25.0,0.0,tampa,TONINA HOME SERVICES,+1 727-900-8811,,,,,,,,,,,0,,,,,,,,,1,5,0
C,25.0,0.0,tampa,Elite HVAC/DUCT Cleaning,+1 813-534-1808,,"3604 W Cleveland St, Tampa, FL 33609, United States",,,,,,,,,0,,,,,,,,,1,5,0
C,25.0,0.0,tampa,Daikin Applied Service,+1 813-621-8440,https://www.daikinapplied.com/services,"1911 US-301 #300, Tampa, FL 33619, United States",,,,,,,,,0,,,,,,,,,1,5,0
C,25.0,0.0,tampa,Precision Comfort Solutions,+1 727-612-8351,,,,,,,,,,,0,,,,,,,,,1,5,0
C,25.0,0.0,tampa,Auto-Land USA Service,+1 727-585-5800,https://www.auto-landusa.net,"11570 Seminole Blvd, Largo, FL 33778, United States",,,,,,,,,0,,,,,,,,,1,5,0
C,25.0,0.0,tampa,Palm Springs Electric,+1 813-816-3940,https://www.psellc.us,"7818 Professional Pl, Tampa, FL 33637, United States",,,,,,,,,0,,,,,,,,,1,5,0
D,20.28,20.28,tampa,Clearwater HVAC Services,,,"806 Pierce St, Clearwater, FL 33756, United States",,,,,,,,calls_unanswered,4,"I contacted this company about a custom job for my house . I was told to leave a voice mail and send email , which I have done 3 times . 2 month later no body bothered to call me back . I contacted so many companies before , never in my lifetime have seen this much carelessness. I would not use this company and I am glad I didn’t give them any money .","Don't use their services if you need any kind of precise job done.
Went there to have 4 pieces of metal cut into a frame. You'd think a simple job could not go wrong.
Well ... Believe it or not it's been a nightmare.
They charged me twice for a very sloppy and uneven work, when I went there to see if they could fix it and justify the $180 they had charged me, they didn't even try. Their attitude was: this is what it is, take it or take it.
I was able to get a partial refund, only after some time of firmly insisting to speak with the owner. If it wasn't for that, they wouldn't have taken any accountability for their work, and wouln't have refunded anything.
I lost money and time with no result at hand. I've worked with many similar companies, this kind of situation though has been a first.",,,1,1,AssistantDial 24/7 AI Receptionist — every call answered,billing_or_intake_errors;calls_unanswered;followup_dropped;frontline_communication,13,4.4,2
D,17.17,17.17,tampa,Expess Tek Hvac,+1 866-257-5264,,,,,,,,,,frontline_communication,1,"Anthony service tech came to my house to look at my ac under my home warranty.He refused to talk to them, as this would have authorized him to replace the unit covered by my warranty. AC still isn't fixed. Left no paperwork. And it's still 85 degrees in my house. Just plain rude and unprofessional. Stay away!",,,,1,,AssistantDial AI Receptionist — consistent frontline,frontline_communication,1,1,1
D,16.66,16.66,tampa,Page Brothers Heating & Cooling,+1 256-931-6911,,"3002 W Platt St, Tampa, FL 33609, United States",,,,,,,,calls_unanswered,3,Horrible all around!! I wish u could give no stars!!They have been to my house 5 times and fix ac for 24hrs each time then it stops working!! They never answer and you call leave a vmail asking for them to call you cause you're in middle of court and others things and they still don't call and jus show up out of the blue.. They do not call before they get here either saying they are on their way! Then was gonna charge me again yesterday for a part even tho I done paid and hasn't been fixed the 1st time. None of the times lasted more than 24hrs when they supposedly fixed the unit.. So glad I didn't pay yesterday cause it is not working again today!! I will never use them or recommend them to anyone !!,"Be very careful with this company...  first and for most I would assure what is wrong with your hvac unit before they come.  They will only fix the bare minimum and my guess for that is so that you have to keep calling them back? Secondly after the 5th visit to my home for not fixing the problem, or even advising what the problem was from the first overall visit they acted quite shocked, and also very unprofessional, rude toward my wife with saying and I quote ""don't ever call us again!"" I'm assuming he did this since I was not at home and thought maybe he could be a complete Neanderthal? My wife's simple response was ""well you should have fixed it the first time"". I would definitely do my research on maybe a more reliable company that shows professional craftsmanship, respect to the overall customer, and of course not just use some old electrical tape on existing wires that are running into your home because and I quote ""there may be a short"" be careful out there everyone!",,,1,1,AssistantDial 24/7 AI Receptionist — every call answered,billing_or_intake_errors;calls_unanswered;frontline_communication,25,4.7,12
D,16.33,16.33,tampa,VentiumUltraClean HVAC,+1 209-397-2819,,"12330 US-301, Parrish, FL 34219, United States",,,,,,,,,0,,,,,,,,,0,0.0,0
D,16.33,16.33,tampa,BreezeFrost AC Repair,+1 656-254-5661,https://breezefrostacrepair.com,"2206 Chaney Dr #788, Ruskin, FL 33570, United States",,,,,,,,,0,,,,,,,,,0,0.0,0
D,16.33,16.33,tampa,"Verde GSE, Inc.",+1 888-837-5221,,"12291 US-41 N, Palmetto, FL 34221, United States",,,,,,,,,0,,,,,,,,,0,0.0,0
D,16.33,16.33,tampa,Luxury-feeling Nuvacool INC,,,"1110 Signature Dr, Sun City Center, FL 33573, United States",,,,,,,,,0,,,,,,,,,0,0.0,0
D,16.33,16.33,tampa,Local-sounding FrigoTune INC,,,"1215 Peridot Ln, Sun City Center, FL 33573, United States",,,,,,,,,0,,,,,,,,,0,0.0,0
D,16.33,16.33,tampa,Sunshine AC Pros,,http://sunshineacpros.com,,,,,,,,,,0,,,,,,,,,0,0.0,0
D,16.33,16.33,tampa,AireXpress Heating & Cooling LLC.,+1 656-245-7218,,,,,,,,,,,0,,,,,,,,,0,0.0,0
D,16.33,16.33,tampa,Eco-conscious Breezence INC,,,"1726 S Pebble Beach Blvd, Sun City Center, FL 33573, United States",,,,,,,,,0,,,,,,,,,0,0.0,0
D,16.33,16.33,tampa,Premium GlideAir Solutions,,,"717 Tam O Shanter Ave, Sun City Center, FL 33573, United States",,,,,,,,,0,,,,,,,,,0,0.0,0
D,16.33,16.33,tampa,Luxury-feeling Frostiq INC,,,"1732 Coco Palm Cir, Sun City Center, FL 33573, United States",,,,,,,,,0,,,,,,,,,0,0.0,0
D,16.33,16.33,tampa,Eco-conscious Frostara INC,,,"1817 Granville Ln, Sun City Center, FL 33573, United States",,,,,,,,,0,,,,,,,,,0,0.0,0
D,16.33,16.33,tampa,Eco-conscious Airithm INC,,,"1708 Orchid Ct, Sun City Center, FL 33573, United States",,,,,,,,,0,,,,,,,,,0,0.0,0
D,16.33,16.33,tampa,Eco-conscious Chillnex INC,,,"1924 Wolf Laurel Dr, Sun City Center, FL 33573, United States",,,,,,,,,0,,,,,,,,,0,0.0,0
D,16.33,16.33,tampa,VentFlow HVAC,+1 472-278-8870,,"971 Virginia Ave, Palm Harbor, FL 34683, United States",,,,,,,,,0,,,,,,,,,0,0.0,0
D,16.33,16.33,tampa,HVAC TAMPA Bay,,,"11020 Longboat Key Ln, Westchase, FL 33626, United States",,,,,,,,,0,,,,,,,,,0,0.0,0
D,16.33,16.33,tampa,Central Cooling System Services Repair,+1 656-219-1886,,"4242 Forester Ln, Tampa, FL 33618, United States",,,,,,,,,0,,,,,,,,,0,0.0,0
D,16.33,16.33,tampa,HV BEAUTY,,https://bestautovibes.store,"13610 S Village Dr, Tampa, FL 33618, United States",,,,,,,,,0,,,,,,,,,0,0.0,0
D,16.33,16.33,tampa,Elite AC services,+1 678-255-7584,,"8008 Beaty Grove Dr, Tampa, FL 33626, United States",,,,,,,,,0,,,,,,,,,0,0.0,0
D,16.33,16.33,tampa,MaxFrio Air Conditioning Repairs,+1 689-212-0963,https://maxfrioacrepairs.com,"12909 N 56th St Ste 32, Temple Terrace, FL 33617, United States",,,,,,,,,0,,,,,,,,,0,0.0,0
D,16.33,16.33,tampa,TampaCool HVAC,+1 954-405-9100,https://hvacservicetampa.com,,,,,,,,,,0,,,,,,,,,0,0.0,0
D,16.33,16.33,tampa,Service.ly,+1 800-531-4461,https://service.ly,"8675 Hidden River Pkwy Suite B, Tampa, FL 33637, United States",,,,,,,,,0,,,,,,,,,0,0.0,0
D,16.33,16.33,tampa,VentaroFlowGuard HVAC,+1 386-417-7131,,"9491 E Fowler Ave, Thonotosassa, FL 33592, United States",,,,,,,,,0,,,,,,,,,0,0.0,0
D,16.33,16.33,tampa,LintexoFlowGuard HVAC,+1 209-739-8806,,"11441 US-301, Thonotosassa, FL 33592, United States",,,,,,,,,0,,,,,,,,,0,0.0,0
D,16.33,16.33,tampa,THE REPAIR CENTER LLC,,https://jjchimney.shop,"6200 Brians Beach Pl, Plant City, FL 33565, United States",,,,,,,,,0,,,,,,,,,0,0.0,0
D,16.33,16.33,tampa,Phillips Repair Service Inc,,https://webmappro.us,"1674 Seabreeze Dr, Tarpon Springs, FL 34689, United States",,,,,,,,,0,,,,,,,,,0,0.0,0
D,16.33,16.33,tampa,VentoraUltraClean HVAC,+1 571-527-7693,,"114 S Pinellas Ave, Tarpon Springs, FL 34689, United States",,,,,,,,,0,,,,,,,,,0,0.0,0
D,16.33,16.33,tampa,VentaroUltraClean HVAC,+1 730-285-9731,,"41975 US Hwy 19 N, Tarpon Springs, FL 34689, United States",,,,,,,,,0,,,,,,,,,0,0.0,0
D,16.33,16.33,tampa,HVAC Investments,,,"20307 Autumn Fern Ave, Tampa, FL 33647, United States",,,,,,,,,0,,,,,,,,,0,0.0,0
D,16.33,16.33,tampa,Lowes AC Repair Service,,,"28331 Paseo Drive Ste 160, Wesley Chapel, FL 33543, United States",,,,,,,,,0,,,,,,,,,0,0.0,0
D,16.33,16.33,tampa,CLEAN HEALTH LLC,,https://handymanhome.pro,"1512 Baythorn Dr, Zephyrhills, FL 33543, United States",,,,,,,,,0,,,,,,,,,0,0.0,0
D,16.33,16.33,tampa,VentexaProAir HVAC,+1 484-343-7492,,"13260 Pine Gap Spur, Odessa, FL 33556, United States",,,,,,,,,0,,,,,,,,,0,0.0,0
D,16.33,16.33,tampa,Intelligent HVAC and Appliance Repair,+1 646-725-1848,https://intrepair.com,,,,,,,,,,0,,,,,,,,,0,0.0,0
D,16.33,16.33,tampa,airconditioningsolutionsinc.,,https://masterrepairservicez.com,"22813 Killington Blvd, Land O' Lakes, FL 34639, United States",,,,,,,,,0,,,,,,,,,0,0.0,0
D,16.33,16.33,tampa,"AIR CONDITIONING & APPLIANCE PARTS DISTRIBUTOR, LLC",,https://cleanhomepestcontrol.casa,"4103 Mowrey Rd, Wesley Chapel, FL 33543, United States",,,,,,,,,0,,,,,,,,,0,0.0,0
D,16.33,16.33,tampa,"Bako Mechanical Air Conditioning and Refrigeration, LLC",,,,,,,,,,,,0,,,,,,,,,0,0.0,0
D,16.33,16.33,tampa,For Your Comfort Services,+1 908-651-6944,,,,,,,,,,,0,,,,,,,,,0,0.0,0
D,16.33,16.33,tampa,TempEase Technicians,,,"571 Central Ave, St. Petersburg, FL 33701, United States",,,,,,,,,0,,,,,,,,,0,0.0,0
D,16.33,16.33,tampa,Levenda VentoGlow HVAC,,,"635 Jamaica Cir E, Apollo Beach, FL 33572, United States",,,,,,,,,0,,,,,,,,,0,0.0,0
D,16.33,16.33,tampa,Hecty Air Conditioning Truck and Car Repair,+1 786-675-8620,https://www.hectyairconditioning.com,"10025 US-301, Tampa, FL 33637, United States",,,,,,,,,0,,,,,,,,,0,0.0,0
D,16.33,16.33,tampa,Techy NexTemp Solutions HVAC,,,"4514 Tina Ln, Plant City, FL 33563, United States",,,,,,,,,0,,,,,,,,,0,0.0,0
D,16.33,16.33,tampa,Expert Air Duct Services,,,"4510 S Trask St, Tampa, FL 33611, United States",,,,,,,,,0,,,,,,,,,0,0.0,0
D,16.33,16.33,tampa,GreenSphere HVAC Systems,+1 936-366-7765,,"6560 1st Ave S, St. Petersburg, FL 33710, United States",,,,,,,,,0,,,,,,,,,0,0.0,0
D,16.33,16.33,tampa,EliteTime HVAC LLC,+1 234-460-0880,,"1122 Central Ave, St. Petersburg, FL 33705, United States",,,,,,,,,0,,,,,,,,,0,0.0,0
D,16.33,16.33,tampa,Peakline cooling & heating,+1 201-628-4785,http://peaklinehvac.com,,,,,,,,,,0,,,,,,,,,0,0.0,0
D,16.33,16.33,tampa,DryerraMaxClean HVAC,+1 220-284-4341,,"8999 Park Blvd, Seminole, FL 33777, United States",,,,,,,,,0,,,,,,,,,0,0.0,0
D,16.33,16.33,tampa,Arctic Breeze Fixers,,,"10755 Park Blvd, Seminole, FL 33772, United States",,,,,,,,,0,,,,,,,,,0,0.0,0
D,16.33,16.33,tampa,DryerraUltraClean HVAC,+1 410-926-5161,,"7500 FL-693, Pinellas Park, FL 33781, United States",,,,,,,,,0,,,,,,,,,0,0.0,0
D,16.33,16.33,tampa,AIR CONDITIONING VENTURES LLC,,https://handymanrepair.org,"7901 4th St N Suite 300, St. Petersburg, FL 33702, United States",,,,,,,,,0,,,,,,,,,0,0.0,0
D,16.33,16.33,tampa,Ultimate Duct Service,+1 217-410-1302,https://ultimateductservice.us,"7901 4th St N, St. Petersburg, FL 33702, United States",,,,,,,,,0,,,,,,,,,0,0.0,0
D,16.33,16.33,tampa,Tito’s A/C & Repair,+1 631-449-2384,,,,,,,,,,,0,,,,,,,,,0,0.0,0
D,16.33,16.33,tampa,Cain Sales Co,,,"12525 Walsingham Rd, Largo, FL 33774, United States",,,,,,,,,0,,,,,,,,,0,0.0,0
D,16.33,16.33,tampa,Lil Fix It AC Repair,+1 816-517-1735,,,,,,,,,,,0,,,,,,,,,0,0.0,0
D,16.33,16.33,tampa,VentiumPureAir HVAC,+1 810-200-4570,,"10500 Ulmerton Rd, Largo, FL 33771, United States",,,,,,,,,0,,,,,,,,,0,0.0,0
D,16.33,16.33,tampa,Bob's Air LLC,+1 800-383-9568,https://www.bobsair.com,,,,,,,,,,0,,,,,,,,,0,0.0,0
D,16.33,16.33,tampa,"HVAC CURBS, INC.",+1 833-246-4547,,"6227 147th Ave N B, Clearwater, FL 33760, United States",,,,,,,,,0,,,,,,,,,0,0.0,0
D,16.33,16.33,tampa,Vent Authority Pro HVAC,+1 732-715-3475,,"3899 Ulmerton Rd, Clearwater, FL 33762, United States",,,,,,,,,0,,,,,,,,,0,0.0,0
D,16.33,16.33,tampa,"A/C REPAIRS, INC.",,https://royalpestcontrol.shop,"1519 Camphor Cove Dr, Lutz, FL 33549, United States",,,,,,,,,0,,,,,,,,,0,0.0,0
D,16.33,16.33,tampa,Bruno Total,+1 239-271-2175,https://www.brunototal.com,"249 S 78th St, Tampa, FL 33619, United States",,,,,,,,,0,,,,,,,,,0,0.0,0
D,16.33,16.33,tampa,CoolEdge HVAC,,,"400 Indian Rocks Rd N, Belleair Bluffs, FL 33770, United States",,,,,,,,,0,,,,,,,,,0,0.0,0
D,16.33,16.33,tampa,Luxury PolarPro HVAC,,,"4912 W Dryad St, Tampa, FL 33629, United States",,,,,,,,,0,,,,,,,,,0,0.0,0
D,16.33,16.33,tampa,Sunshine DUCT/HVAC Cleaning,+1 656-254-6877,,"3610 W Cleveland St, Tampa, FL 33609, United States",,,,,,,,,0,,,,,,,,,0,0.0,0
D,16.33,16.33,tampa,Bea Cool AC Limited Liability Company,+1 214-605-1345,,"1902 W Bristol Ave, Tampa, FL 33606, United States",,,,,,,,,0,,,,,,,,,0,0.0,0
D,16.33,16.33,tampa,Touch Air Conditioning,,,"16.217 Sagebrush Rd, Tampa, FL 33618, United States",,,,,,,,,0,,,,,,,,,0,0.0,0
D,16.33,16.33,tampa,All Season Air Conditioning And Heating Inc.,,,"2119 W Main St, Tampa, FL 33607, United States",,,,,,,,,0,,,,,,,,,0,0.0,0
D,16.33,16.33,tampa,Bryant Clean Air,,,"1231 Kapp Dr, Clearwater, FL 33765, United States",,,,,,,,,0,,,,,,,,,0,0.0,0
D,16.33,16.33,tampa,A1 A/C Service,,,"5305 E Henry Ave, Tampa, FL 33610, United States",,,,,,,,,0,,,,,,,,,0,0.0,0
D,16.33,16.33,tampa,The AC Savvy,,,"3017 W Aileen St, Tampa, FL 33607, United States",,,,,,,,,0,,,,,,,,,0,0.0,0
D,16.33,16.33,tampa,VentaroFireSafe HVAC,+1 410-209-7828,,"605 Packard Ct, Safety Harbor, FL 34695, United States",,,,,,,,,0,,,,,,,,,0,0.0,0
D,16.33,16.33,tampa,VentoraFireSafe HVAC,+1 839-314-7293,,"965 Harbor Lake Dr, Safety Harbor, FL 34695, United States",,,,,,,,,0,,,,,,,,,0,0.0,0
D,16.33,16.33,tampa,LintexoFireSafe HVAC,+1 951-586-6538,,"Main St, Safety Harbor, FL 34695, United States",,,,,,,,,0,,,,,,,,,0,0.0,0
D,16.33,16.33,tampa,Vent Empire HVAC,+1 464-281-7076,,"3616 Erindale Dr, Valrico, FL 33596, United States",,,,,,,,,0,,,,,,,,,0,0.0,0
D,16.33,16.33,tampa,"HUYNH EYE CARE, P.A.",,,"3188 Shoreline Dr, Clearwater, FL 33760, United States",,,,,,,,,0,,,,,,,,,0,0.0,0
D,16.33,16.33,tampa,GridSmart Cooling,,,"2241 Curtis Dr N, Clearwater, FL 33764, United States",,,,,,,,,0,,,,,,,,,0,0.0,0
D,16.33,16.33,tampa,LintifyPureAir HVAC,+1 464-281-6047,,"1020 Clearwater Largo Rd, Largo, FL 33770, United States",,,,,,,,,0,,,,,,,,,0,0.0,0
D,16.33,16.33,tampa,IceTech Cooling,,,"1820 Gulf Blvd, Belleair Shore, FL 33786, United States",,,,,,,,,0,,,,,,,,,0,0.0,0
D,16.33,16.33,tampa,ZeroChill Cooling,,,"3420 Gulf Blvd, Belleair Beach, FL 33786, United States",,,,,,,,,0,,,,,,,,,0,0.0,0
D,16.33,16.33,tampa,HVAC SERVICE PLUS LLC,,https://airzoneaireptacsystemsexperts.click,"119 Rodney Ln, Town 'N' Country, FL 33615, United States",,,,,,,,,0,,,,,,,,,0,0.0,0
D,16.33,16.33,tampa,VentigoPureAir HVAC,+1 272-307-0722,,"621 Clearwater Largo Rd, Largo, FL 33770, United States",,,,,,,,,0,,,,,,,,,0,0.0,0
D,16.33,16.33,tampa,Trusted Air Conditioning Tampa,+1 656-250-5728,http://trustedairconditioningtampa.com,"2320 E Kennedy Blvd, Tampa, FL 33602, United States",,,,,,,,,0,,,,,,,,,0,0.0,0
D,16.33,16.33,tampa,Top Notch Comfort Repair,,,"306 N Excelda Ave, Tampa, FL 33609, United States",,,,,,,,,0,,,,,,,,,0,0.0,0
D,16.33,16.33,tampa,SEO-friendly Breezory,,,"1509 W North B St, Tampa, FL 33606, United States",,,,,,,,,0,,,,,,,,,0,0.0,0
D,16.33,16.33,tampa,Mobile Air & Power Rentals,+1 888-305-3038,https://mobileair.com,"1021 S 86th St, Tampa, FL 33619, United States",,,,,,,,,0,,,,,,,,,0,0.0,0
D,16.33,16.33,tampa,Vent Prestige HVAC,+1 269-578-0571,,"FL-60, Valrico, FL 33594, United States",,,,,,,,,0,,,,,,,,,0,0.0,0
D,16.33,16.33,tampa,LintifyFlowGuard HVAC,+1 912-845-5752,,"309 Coronado Dr, Clearwater, FL 33767, United States",,,,,,,,,0,,,,,,,,,0,0.0,0
D,16.33,16.33,tampa,HYDRACOGNITIVE GROUP LLC,,https://applianceelectrichvac.us,"1986 Brae-Moor Dr, Dunedin, FL 34698, United States",,,,,,,,,0,,,,,,,,,0,0.0,0
D,16.33,16.33,tampa,Techy ClimaRise Repair,,,"1701 St Marco St, Tampa, FL 33607, United States",,,,,,,,,0,,,,,,,,,0,0.0,0
D,16.33,16.33,tampa,HVAC ELECTRIC LLC,,https://apexhvacservices.shop,"1514 W Rio Vista Ave, Tampa, FL 33603, United States",,,,,,,,,0,,,,,,,,,0,0.0,0
D,16.33,16.33,tampa,Esteemed Cooling Solutions,,,"4619 Fairway Dr, Tampa, FL 33603, United States",,,,,,,,,0,,,,,,,,,0,0.0,0
D,16.33,16.33,tampa,VentiumEcoAir HVAC,+1 318-738-6821,,"1808 S Parsons Ave, Seffner, FL 33584, United States",,,,,,,,,0,,,,,,,,,0,0.0,0
D,16.33,16.33,tampa,DryerraEcoAir HVAC,+1 779-438-4165,,"508 W Dr Martin Luther King Jr Blvd, Seffner, FL 33584, United States",,,,,,,,,0,,,,,,,,,0,0.0,0
D,16.33,16.33,tampa,VentigoEcoAir HVAC,+1 217-798-7264,,"315 W Old Hillsborough Ave, Seffner, FL 33584, United States",,,,,,,,,0,,,,,,,,,0,0.0,0
D,16.33,16.33,tampa,COOLING PLANET TAMPA LLC,+1 656-259-5050,,"106 E Clinton St, Tampa, FL 33604, United States",,,,,,,,,0,,,,,,,,,0,0.0,0
D,16.33,16.33,tampa,Comfort Savvy LLC,+1 331-262-7665,,"8911 N Jones Ave, Tampa, FL 33604, United States",,,,,,,,,0,,,,,,,,,0,0.0,0
D,16.33,16.33,tampa,A1 AC Service,+1 646-353-6633,,,,,,,,,,,0,,,,,,,,,0,0.0,0
D,16.33,16.33,tampa,Swift Services,+1 843-352-6427,https://www.followthesnowman.com/myrtle-beach,"3204 Fred Nash Blvd, Myrtle Beach, SC 29577, United States",,,,,,,,frontline_communication,1,"I called for my hvac drain line to be cleared. 2 techs arrived 1 stayed outside 1 came in to upsell me for a $784 option to replace 5 inches of pvc, then a $375 i dont know what for option. I paid the $49 diagnostic fee, then put my filter back in, this time when I put it in it went further back. it leaked for a bit after they left then it just stopped. My filter had not been in properly. Tony was outside from just after arrival until they left just after Michael Acosta got pissed at me for not choosing an option and me saying I wanted to shop around a bit. Mike told me they drove an hour to my home as if it warranted even more funds than the $49, he was so angry i went to get my card. Who wants to get beat up in their own home? When i opened the back door i didnt see them, went to the front door and they were gone. Paid online. Called to see if they had cleaned it, because they did not say that they did. Management called to say I needed $457.91 switch and $300+ pipe replacement, but could not verify if my drain had been cleared, which is what i said i needed at initial call, he did tell me to get my shop vac put onto outdoor pvc and drain it myself. But that was why i called them to my house! Literally! To do just that! After seeing a woman with a 2012 unit the price skyrocketed. Turns out listening to mike and management i would have paid a boatload for a misplaced filter. You just can't make this up! I vetted this company and used them before, had a splendid tech, very knowledgeable and he told me to call for the line to be cleared if it leaked again, to change filters every 3 months, and that's why I asked for the line to be cleared only. Tony was a gentleman, Mike needs to be better versed on what he is upselling but end of the day it was a misplaced filter, it wasn't in all the way, now that it is there is no leak! Not a drop! I won't be calling them again, but if you get Tony you are blessed, he doesn't say much but sometimes that's all you need. Wish I knew where the first tech is today, I would buy him something i could afford! Tony reminds me of him but he didnt say he was him, its been years so i just spoke well of the first tech in case he was him, he stayed quiet, anywho, good salt of the earth folks though. Ask for Tony by name Tony Pappalardo.",,,,1,,AssistantDial AI Receptionist — consistent frontline,frontline_communication,5426,4.8,3
D,14.75,14.75,tampa,Electrical Mechanical Services,+1 800-930-8024,,,,,,,,,,,0,,,,,,,,,5,1,4
D,14.7,14.7,tampa,"Cox Building Services, Inc.",+1 844-947-4207,http://www.coxbuildingservice.com,"2323 W Linebaugh Ave, Tampa, FL 33612, United States",,,,,,,,frontline_communication,2,"We were contacted and informed that our current A/C service provider had been acquired and that your company would now be handling our service. Based on that representation, we scheduled an appointment.

On the day of service, I received a message requesting to move the appointment earlier due to staffing issues. I was initially unable to accommodate but ultimately adjusted my schedule. Despite this, the technician still arrived significantly later than the agreed time.

Upon arrival, the technician stated he could not perform the service because we were under contract with another company—the same company we were told had been acquired. I subsequently contacted them directly and confirmed that they have not been purchased and remain fully operational.

This situation was highly misleading and raises serious concerns about your business practices. When I called for clarification, your representative backtracked and attempted to place responsibility on us, which was both unprofessional and unacceptable.

I would strongly advise others to verify any such claims before scheduling service.","Cox Building Services installed two new a/c systems in my home from 1/30/25 to 2/3/25. They installed two new thermostats, also. One of my systems started to fail on February 2nd, 2026. I called Cox for repairs on Feb 4th or 5th. They sent a repair guy out on Saturday, Feb 7th. He determined one of the thermostats was bad. He called his boss. I talked with him and he told me they would be at my house on Monday, Feb 9th to replace the thermostat. I reminded him that they installed it a year ago. He indicated he was aware of that and they will take care of it. On Tuesday morning, Feb 10th, I received a phone call from Michele to schedule the replacement of the thermostat. She indicated it will cost me $520. I told her there must be a mistake. She said my warranty had run out due to it was more than a year. Really!!! 4 days past the year. Honeywell thermostats last 20 years. Told her this is very disappointing and surprising. My contract says 10 years on ALL parts warranty.",,,1,3,AssistantDial AI Receptionist — consistent frontline,billing_or_intake_errors;frontline_communication,191,4.2,7
D,14.05,14.05,tampa,Beach Air,+1 843-385-2220,https://beachairhvac.com,"320 Reindeer Moss Ct, Myrtle Beach, SC 29588, United States",,,,,,,,booking_friction,1,"I used to recommend Beach Air when they were locally owned. They were always fair, reasonably priced, and easy to work with. Unfortunately, my most recent experience after they were bought out (along with Waccamaw Heating & Air) was completely different.
I called because my unit was going into low pressure lockout. The technician looked at it for maybe 10 minutes and told me it had a leak. He said a pressure test would cost $700, evacuation and recharge of 7 lbs of refrigerant would be $1,400, and depending on what was leaking the repair could range anywhere from $100 to $4,000 — if it was even repairable. He also strongly suggested that since the unit is 10 years old, I should just replace the entire system.
When I declined replacement, he told me I’d have to schedule the pressure test and they were booked weeks out. With the cold weather we were having, I couldn’t wait.
I decided to investigate myself. I filled my nitrogen tank for $42 and as soon as I removed the service port caps, I could hear refrigerant leaking from the valve cores — something the technician should have easily noticed. I replaced both valve cores for $0.28 total. I pressure tested at 300 PSI overnight and the system held perfectly, confirming that was the only leak. I then vacuumed and recharged the system, and it has been working great ever since.
For comparison, I purchased 25 lbs of refrigerant for $200. Being quoted $1,400 for 7 lbs is excessive. Even more frustrating, when this company was locally owned, I paid around $300 for an evacuation and recharge.
On top of that, the technician argued with me that they “don’t work with home warranty companies and never have,” which is simply not true — they handled my warranty claims in the past and received payment directly from the warranty company.
Either this technician didn’t know what he was doing, or he was trying to upsell a major repair or full system replacement that wasn’t necessary. What turned out to be a simple valve core replacement could have cost me thousands — potentially $10,000+ for a new unit — had I followed their recommendation.
I won’t be calling them again and will be looking for another locally owned HVAC company. Very disappointed in how far they’ve fallen.",,,,1,,AssistantDial Appointment Booking + Calendar Sync,booking_friction,1932,4.9,3
D,13.37,13.37,tampa,Easy AC,,,"9402 US-92 Ste 102, Tampa, FL 33610, United States",,,,,,,,followup_dropped,2,Their ac tech did not have the equipment. Then miss diagnosed my issues and charged me $300 then after 3 appointments wouldn’t give me an over the phone estimate of a complete ac overhaul price. Made it incredibly difficult to get my money back and I just gave up . Enjoy the free $300 .,,,,1,,AssistantDial Call Summaries + Auto Contact Creation,billing_or_intake_errors;followup_dropped,557,4.7,3
D,13.0,13.0,tampa,Smith Services,+1 936-581-4616,,"4803 W Juno St, Tampa, FL 33629, United States",,,,,,,,,0,,,,,,,,,1,1,0
D,12.79,12.79,tampa,Chris' A/C Company,+1 352-521-4977,http://chrisaccompany.com,"10235 US-301, Dade City, FL 33525, United States",,,,,,,,calls_unanswered,1,"What kind of business doesn’t have voicemail set up or something else in place when they are at lunch or they are on another line as I was later informed.
I'll be commenting about the service that I received on January 26th 2026 in my next review, but this review is regarding the telephone system that they have.
As a new customer, I called on Monday and the number rang continuously with no answer, no voicemail, nothing.
I called several times and that was the result..
I went to the website that was listed in Google maps to make sure I had the correct number, and I did.
Their email address was listed so I emailed them with my phone number and received a phone call.
Their system is not set up to answer your call if they’re on another line or if they’re at lunch, which I was unaware of.
But I’ve never dealt with the company that had a telephone service where you couldn’t leave a message or get in touch with anybody. The owner may want to look into that because I’m sure they’re losing business because not everybody will go the extra step like I did to contact them via email.",,,,3,,AssistantDial 24/7 AI Receptionist — every call answered,calls_unanswered,178,4.5,3
D,12.55,12.55,tampa,Mr. No Sweat Air Conditioning & Refrigeration Inc.,,http://airconditioningpinellas.com,,,,,,,,,calls_unanswered,2,"Please be aware that this company Mr No Sweat air conditioning and refrigeration is definitely not a reputable company.
A few months after Hurricane Helene in December of 2024 my air conditioning system started leaking and needed repairs on my system, my normal A/C company I used, performance air couldn't come out for 2 days which of course I couldn't wait so I called Mr Sweat, owner Richard Vierlingand came over to check out my unit. After a discussion with him I agreed to get a brand new unit since mine was over 14 years old and had storm damage. I looked up his company and his license and he was registered. Mr Vierling showed me on his lap top that he had submitted a permit on my behalf. There goes my first mistake. I had no reason at the time not to trust him. They came the following day and installed my unit. In June of 2025, I still waiting on my permit to come in. I called him and he said he would look into it. I knew the City of St Petersburg was slow in getting permits since it took over a year to get my home owners to repair my home after Helene.
I didn't get any call back after waiting 2 weeks. I then went to the permits office and found out he never submitted a petition at all. At which point I had to obtain a permit on my own for $69.00.
Since then I've been trying to reach out to him via text and phone call, no response.  I then called the city to come and check my unit for closure.
The inspector failed my permit from 6 separate deficiencies that Mr No Sweat failed to perform.
Since, Mr Vierling failed to respond to my emails and texts I sent certified mail to the 2 different address he had on his website. A week later they came back undeliverable.  I then called 2 other A/C companies to get a quote to repair those deficiencies, 2 quotes, one for $5,265.00 the other $3000.00 o top of the a/c I paid for which was $7800.00.
I was told by the city's inspector that I can't sell my home until these repairs are done.
This has been a very stressful time not only from the hurricane itself but also this company that like to take advantage of senior citizens like myself.
So before you go and spend your hard earned money. PLEASE, refrain from calling Mr No Sweat. Mr Vierling obviously has no integrity and refuses to help.
Look him up under court records.  You will see for yourself. Apparently I'm not the first but I hope I can help others not to make the mistake I did by hiring this incompetent company. If I could have given 0 stars I would have!!!",,,,1,,AssistantDial 24/7 AI Receptionist — every call answered,calls_unanswered;followup_dropped,9,4.6,1
D,11.86,11.86,tampa,Douglas Taylor AC & Refrigeration,+1 866-507-9144,http://dtaylorac.com,"6560 116th Ave N A, Largo, FL 33773, United States",,,,,,,,frontline_communication,1,1 apple will ruin Everything... Rick Bountham the installer is really rude and how he carries himself has been the turning point that our franchise will never use Doug again.,,,,1,,AssistantDial AI Receptionist — consistent frontline,frontline_communication,22,3.6,10
D,10.66,10.66,tampa,Air Conditioning & Heating Tampa,+1 656-223-4712,,"4815 FL-580, Tampa, FL 33617, United States",,,,,,,,frontline_communication,1,"The worst of the worst!! My landlord said they were supposed to call in the morning before they came out to see what was going on. Never bothered to call just arbitrarily showed up in the afternoon and started yelling at me because the unit was frozen up. Well if you would have called in the morning like you were supposed to you would have known that instructed me properly to turn the AC off so it would be ready to work on when you got here. Extremely unprofessional!! The guy was a jerk, extremely aggressive, very rude and the worst part is when I said well thanks for wasting my day he said oh it wasn't a waste of time for me I'm still getting paid for showing up. So he's even price gouging my landlord for doing nothing. Arrogant and despicable. They just do not care. So rude and unprofessional. Would not recommend.",,,,1,,AssistantDial AI Receptionist — consistent frontline,frontline_communication,46,4.2,4
D,10.43,10.43,tampa,Coolray Heating & Air Conditioning,+1 770-421-8400,https://www.coolray.com,"1787 Williams Dr, Marietta, GA 30066, United States",,,,,,,,,0,,,,,,,,,10956,4.8,3
D,9.93,9.93,tampa,Air Repair AL,+1 864-777-1111,https://www.airrepairal.com,"2570 N Pleasantburg Dr, Greenville, SC 29609, United States",,,,,,,,service_quality_in_session,1,"The tech was a saleman and not a technician. He showed up late, spent less then 10 minutes to diagnose my system without even looking at the entire system inside and out. Then quoted me an astronomical price to replace the entire system. Called a competitor for a second opinion the next day. They came on time, spent over an hour diagnosing each aspect of the system and come to find out what was actually wrong was simply dirty coils and a bad capacitor. Won't recommend.",,,,1,,AssistantDial demo line,service_quality_in_session,506,4.7,4
D,9.84,9.84,tampa,AIR CONDITIONING MD - AC REPAIR,+1 656-400-3503,https://airconditioningmdinc.com,"9335 Raes Creek Pl, Palmetto, FL 34221, United States",,,,,,,,booking_friction,1,"I had a bit of a scheduling issue with my appointment, which was frustrating. But AIR CONDITIONING MD INC took charge immediately, cleared things up, and had it sorted in no time. No hard sell either, just honest service. Definitely keeping their number handy!",,,,,,AssistantDial Appointment Booking + Calendar Sync,booking_friction,40,5,5
D,9.37,9.37,tampa,Hoffman Electrical & A/C,+1 866-845-3375,https://hoffmanelectrical.com,"1909 N 57th St, Tampa, FL 33619, United States",,,,,,,,,0,,,,,,,,,4108,4.8,3
D,9.19,9.19,tampa,"Senica Air Conditioning, Inc.",+1 866-881-5935,https://www.senicaair.com,"16640 Shady Hills Rd, Spring Hill, FL 34610, United States",,,,,,,,,0,,,,,,,,,4764,4.9,12
D,9.12,9.12,tampa,"Blue Chip Maintenance, LLC",+1 919-609-9164,http://www.bluechipmaintenance.com,"2803 W Busch Blvd Ste 200, Tampa, FL 33618, United States",,,,,,,,,0,,,,,,,,,4453,4.9,53
D,9.09,9.09,tampa,Wesley Chapel Heating & Air Conditioning,+1 352-423-9494,,"6036 Bridleford Dr, Wesley Chapel, FL 33545, United States",,,,,,,,frontline_communication,1,"SSI Mechanical is owned by someone who is from Michigan and believes that people in Florida do not have any work ethics, is lazy and just wants to get money for nothing.  He puts down Floridians and southern people all the time but does not feel bad when he himself rips people off by charging them more than he should.  I caution any company or person before doing business with SSI.  The owner is rude and does not have an ounce of care about anyone in the State that he is trying to make his living.  If you do have him perform any service for you make sure that he is not adding on to the price of his parts.  Check with Baker or any other local company on parts and then compare what he is charging you.  He has charged a company I worked for before a 1.5 markup when it was suppose to be a 1.10 markup.  I just caution you on what kind of business ethics this man brings from Michigan to Florida.",,,,2,,AssistantDial AI Receptionist — consistent frontline,frontline_communication,8,4.1,2
D,8.88,8.88,tampa,Shiver Air,,https://www.shiverairofbrandon.com,"Mango, FL 33584, United States",,,,,,,,service_quality_in_session,1,"Well they said they would be here between 10AM and 2 pm it is 435 pm and no one has shown up yet.  They keep saying on the phone be there in 10 minutes, be there in 15 en route now.",,,,1,,AssistantDial demo line,service_quality_in_session,9,3.7,3
D,8.57,8.57,tampa,YourMechanic,+1 844-668-2785,https://www.yourmechanic.com/city/tampa-fl/?=utm_source%3DGMB,"100 Ashley Dr S Ste 608, Tampa, FL 33602, United States",,,,,,,,,0,,,,,,,,,1461,4.7,7
D,8.53,8.53,tampa,CAVH HVAC,+1 407-894-2096,https://cavhcorp.com,,,,,,,,,followup_dropped,1,"CAVH is the manufacturers Rep for PennBarry Fans.  The support is not all that great, whatsoever.  I have called and emailed over a four day span and no one has responded to my request for replacement parts.  My customer is down and we now have to explore changing the whole exhaust fan out.  That means there are 32 fans with no factory support.
PennBarry may want to reconsider the relationship with this Rep.",,,,1,,AssistantDial Call Summaries + Auto Contact Creation,followup_dropped,3,3.7,2
D,8.2,8.2,tampa,Mechanical One,,https://mechanicalone.com/locations/tampa-fl,"10350 Windhorst Rd, Tampa, FL 33619, United States",,,,,,,,followup_dropped,1,Don't ever use this company! They take your money and never follow up with any warranty with repairs and they will install your air conditioning poorly. …,,,,,,AssistantDial Call Summaries + Auto Contact Creation,followup_dropped,65,4.8,42
D,8.15,8.15,tampa,"Bob's Repair AC, Heating and Solar Experts Las Vegas",+1 702-830-4592,https://bobsrepair.com,"3874 Silvestri Ln, Las Vegas, NV 89120, United States",,,,,,,,,0,,,,,,,,,1814,4.9,2
D,8.08,8.08,tampa,Tοwing & Transpοrt Prοs Conway Air Conditioning A1,+1 210-248-4788,,"2140 Bow Ln, Safety Harbor, FL 34695, United States",,,,,,,,hidden_subcontracting,1,I thought I had a nice local safety harbor company to work with. Instead I got sun-contacted to some individuals who don’t clearly represent themselves the cost of the work they’re doing. Unfortunate for Safety Harbor individuals looking for air conditioning repair.,"The service was good, but Conway seems to just be a broker and subs out the work. The price was very high. About $500 for one hour and no parts were needed.",,,,,,hidden_subcontracting,17,4.4,9
D,7.93,7.93,tampa,Fuse Service Tampa,+1 863-270-3085,https://fusefl.com,"7013 Silvermill Dr, Tampa, FL 33635, United States",,,,,,,,,0,,,,,,,,,807,4.7,2
D,7.81,7.81,tampa,Lakeland Air Conditioning Company,+1 863-859-4090,http://thelakelandac.com,"1220 George Jenkins Blvd, Lakeland, FL 33815, United States",,,,,,,,,0,,,,,,,,,1325,4.9,2
D,7.77,7.77,tampa,"FCAY Pest Control Services and Dryer Vent & Air Duct Cleaning Services Inc OF FL ,",+1 386-244-2499,,"7901 4th St N Ste 4133, St. Petersburg, FL 33702, United States",,,,,,,,,0,,,,,,,,,32,3.7,4
D,7.69,7.69,tampa,Kachina Heating & Cooling LLC,+1 928-255-1019,,"4013 Southernwood Ct, Tampa, FL 33616, United States",,,,,,,,billing_or_intake_errors,1,"He didn't make the appointment time, said he lost his phone. Didn't properly  diagnose the problem  so I had to have someone else come out. Would not refund my money for the service call. I would not recommend him to anyone. Didn't even try to heart the noise the furnace wteas making.",,,,1,,AssistantDial structured call intake,billing_or_intake_errors,3,3.7,1
D,7.67,7.67,tampa,Total maintenance of central florida,+1 352-277-2034,http://totalhvacfl.com,,,,,,,,,frontline_communication,1,The owner should really be careful letting his employees publicly represent his business! Especially when employing extremely rude and insecure people like Dan McLeod. Overall a very unprofessional look for what otherwise seems like a great company.,,,,,,AssistantDial AI Receptionist — consistent frontline,frontline_communication,10,4.6,1
D,7.62,7.62,tampa,AC GUYZ,,,,,,,,,,,,0,,,,,,,,,442,4.6,2
D,7.48,7.48,tampa,Smart Heating & Cooling,+1 855-682-0402,https://smartheatandcool.com,"4255 73rd Ave N, Pinellas Park, FL 33781, United States",,,,,,,,,0,,,,,,,,,982,4.9,2
D,7.45,7.45,tampa,EHS Efficient Services,,,,,,,,,,,,0,,,,,,,,,13,3.5,5
D,7.38,7.38,tampa,Coastal Air Plus,+1 843-238-3838,http://www.coastalairplus.com,"156 Rock Moss Rd, Myrtle Beach, SC 29588, United States",,,,,,,,,0,,,,,,,,,900,4.9,2
D,7.38,7.38,tampa,Shark Coatings,+1 866-917-4275,https://sharkfloorcoatings.com,"12226 Hazen Ave, Thonotosassa, FL 33592, United States",,,,,,,,,0,,,,,,,,,657,4.8,3
D,7.28,7.28,tampa,"Acosol (AC Service & Repairing, Electrical, Plumbering, CCTV Camera's, Solar Energy & Geyser Installation Service's.)",+92 304 3765590,https://hhanimalhealth.com/acosol,"kalma chowk, Ghori Town Phase 4-A Phase 4A Ghauri Town, Islamabad, 44000, Pakistan",,,,,,,,billing_or_intake_errors,1,This is a corrupt company. They came and instead of maintenance leaked the gas from the AC then charged twice money to refill the gas and then again it was leaked by them on purpose. Be aware this company abuses clients and charges fake fixes and on purpose creates extra problems in the AC.,,,,1,,AssistantDial structured call intake,billing_or_intake_errors,81,4.9,51
D,7.26,7.26,tampa,Ferman Chevrolet of Tarpon Springs Service Dept,+1 866-296-8903,https://www.fermanchevytarpon.com,"43520 US-19, Tarpon Springs, FL 34689, United States",,,,,,,,,0,,,,,,,,,173,4.4,3
D,7.25,7.25,tampa,AutoNation Mobile Service Tampa,+1 888-906-3370,https://www.autonationmobileservice.com/i/locations/florida/tampa,"2807 Creek Grass Wy Suite M, Lutz, FL 33559, United States",,,,,,,,,0,,,,,,,,,171,4.4,6
D,7.17,7.17,tampa,Gondal Air Conditioning Haier Authorised Service Center.,+92 331 0335059,,"Garden, Street 19, Ghouri, Ghauri Garden, Islamabad, 45551, Pakistan",,,,,,,,,0,,,,,,,,,742,5,74
D,7.17,7.17,tampa,White's Heating & Air Conditioning Inc,+1 501-767-0078,,"807 N Gomez Ave, Tampa, FL 33609, United States",,,,,,,,,0,,,,,,,,,10,3.5,3
D,7.08,7.08,tampa,ArcticWave AC Repairs,+1 656-246-1267,https://tampa.arcticwave.pro/areas-we-serve/tampa-33613,"813 W Bearss Ave Unit 59, Tampa, FL 33613, United States",,,,,,,,,0,,,,,,,,,2,3,2
D,7.08,7.08,tampa,IcyNova AC Repairs,+1 656-250-0586,https://icynovaacrepairs.com/areas-we-serve/tampa-33611,"3838 Britton Plaza unit 55, Tampa, FL 33611, United States",,,,,,,,,0,,,,,,,,,2,3,2
D,7.08,7.08,tampa,ExtraHVAC AC Repair Tampa,+1 656-246-1250,,"1720 E Hillsborough Ave office 100, Tampa, FL 33610, United States",,,,,,,,,0,,,,,,,,,2,3,2
D,7.08,7.08,tampa,AIR,,,"802 Oak Park Pl, Brandon, FL 33511, United States",,,,,,,,,0,,,,,,,,,2,3,1
D,6.83,6.83,tampa,Cool Now,+1 863-617-7272,,"5432 W Crenshaw St C, Tampa, FL 33634, United States",,,,,,,,,0,,,,,,,,,10,3.6,5
D,6.78,6.78,tampa,Almighty Cooling & Heating,+1 863-660-8785,http://almightycooling.com,"3025 Park Ridge Ave, Mulberry, FL 33860, United States",,,,,,,,,0,,,,,,,,,513,5,2
D,6.75,6.75,tampa,KML Heating and Air,+1 352-739-7385,https://kmlheatingair.com,"33377 Hamilton Hl Ln, Wesley Chapel, FL 33545, United States",,,,,,,,,0,,,,,,,,,503,5,2
D,6.74,6.74,tampa,"New Air Systems, Inc.",+1 352-206-3298,https://newairsystems.com,"32631 Co Rd 52, San Antonio, FL 33576, United States",,,,,,,,,0,,,,,,,,,497,5,2
D,6.69,6.69,tampa,Air Flo LLC,+1 866-518-0656,https://airflocleaning.com,"1302 N 19th St Ste 175, Tampa, FL 33605, United States",,,,,,,,,0,,,,,,,,,350,4.8,3
D,6.61,6.61,tampa,Sammys Auto,+1 954-895-3393,http://sammysautollc.com,"1403 S Parsons Ave, Seffner, FL 33584, United States",,,,,,,,,0,,,,,,,,,439,4.9,54
D,6.48,6.48,tampa,The Air Company of GA,+1 404-583-7788,https://www.theaircompanyga.com,"10 Glenlake Pkwy NE Ste 130, Atlanta, GA 30328, United States",,,,,,,,,0,,,,,,,,,392,5,12
D,6.45,6.45,tampa,Total Air Solutions,+1 888-426-1770,https://totalairfl.com,"6625 Anderson Rd, Tampa, FL 33634, United States",,,,,,,,,0,,,,,,,,,381,4.9,2
D,6.4,6.4,tampa,New Port Richey Heating & Air Conditioning,+1 239-499-6663,,"7206 US-19, New Port Richey, FL 34652, United States",,,,,,,,,0,,,,,,,,,78,4.4,12
D,6.33,6.33,tampa,PolarAir AC Repair Gibsonton,+1 656-246-9857,https://polarairacrepair.com/areas-we-serve/downtown-gibsonton-33534,"12704 US-41 Unit 92, Gibsonton, FL 33534, United States",,,,,,,,,0,,,,,,,,,1,3,1
D,6.3,6.3,tampa,Top Cool Engineering,+92 371 5436816,,"Garden, Block B street # 25 Soan hight plaza 2 Basement Block B, Soan Ave, Block B Islamabad, 44000, Pakistan",,,,,,,,billing_or_intake_errors,1,"much pathatic and irresponsible work, untrained people,  repair one part,  destroy two other parts and charged three times as per commitment۔",,,,,,AssistantDial structured call intake,billing_or_intake_errors,33,4.9,22
D,6.2,6.2,tampa,Avalon Air and Heating,+1 352-942-3222,https://avalonairandheating.com,"17929 US-41 UNIT B, Spring Hill, FL 34610, United States",,,,,,,,,0,,,,,,,,,301,5,2
D,6.19,6.19,tampa,Coast 2 Coast AC,+1 855-813-2665,http://www.coast2coastacandheat.com,"501 S Falkenburg Rd Ste d-13, Tampa, FL 33619, United States",,,,,,,,,0,,,,,,,,,300,5,2
D,6.16,6.16,tampa,Same Day AC Service,+1 352-699-4802,https://samedayacservice.com,"19411 Sunset Bay Dr, Land O' Lakes, FL 34638, United States",,,,,,,,,0,,,,,,,,,290,4.9,12
D,6.14,6.14,tampa,Machin AC Automotriz & Mechanic,+1 718-577-8289,http://machinacautomotriz.com,"6775 102nd Ave N Unit L 54, Pinellas Park, FL 33782, United States",,,,,,,,service_quality_in_session,1,I called to get a pricing for a diagnostic on my AC just to be told by the person on the other side of the line. I don't speak English and hung up..,,,,1,,AssistantDial demo line,service_quality_in_session,21,4.8,18
D,6.04,6.04,tampa,Strada Services,+1 656-207-5396,https://stradaservices.com/service-area/tampa-fl,"8185 E Sligh Ave Building 1, Tampa, FL 33610, United States",,,,,,,,,0,,,,,,,,,192,4.8,2
D,6.01,6.01,tampa,SSI Services,+1 800-263-2206,https://www.ssiservices.com,"921 US-301, Tampa, FL 33619, United States",,,,,,,,,0,,,,,,,,,254,5,2
D,5.94,5.94,tampa,JnD mobile automotive & Diesel repair,+1 656-241-4217,,"13723 Co Rd 672, Wimauma, FL 33598, United States",,,,,,,,,0,,,,,,,,,6,3.7,1
D,5.91,5.91,tampa,"Usman Services_ AC,Fridge & Washing Machine Repair Islamabad",+92 327 5087764,https://usmanservices.com,"road, Pakistan Town Block A Police Foundation, Islamabad, 45720, Pakistan",,,,,,,,,0,,,,,,,,,27,4.2,18
D,5.85,5.85,tampa,Timely Air conditioning,+1 800-523-4650,https://calltimely.com,"10505 Fairy Moss Ln, Riverview, FL 33578, United States",,,,,,,,,0,,,,,,,,,218,5,2
D,5.76,5.76,tampa,Ready Nation Contractors,+1 877-762-2858,https://rnc-us.com,"2552 Merchant Ave, Odessa, FL 33556, United States",,,,,,,,,0,,,,,,,,,59,4.5,46
D,5.75,5.75,tampa,Mike Reed AC & Heating Inc,,,"6311 S Adelia Ave, Tampa, FL 33616, United States",,,,,,,,billing_or_intake_errors,1,No complaints about the work - we are confident Mr. Mike did a good job.  The only issue is lack of transparency on the billing and rates prior to doing the work.  We agreed on the service call but did not get an opportunity to review the estimate of repairs and encourage a more professional approach in providing that type of transparency.,,,,3,,AssistantDial structured call intake,billing_or_intake_errors,20,4.9,9
D,5.73,5.73,tampa,Fast Air Repair,+1 352-776-1172,https://callfastair.com,"4855 S Suncoast Blvd, Homosassa, FL 34446, United States",,,,,,,,,0,,,,,,,,,196,4.9,2
D,5.7,5.7,tampa,Atlantic HVAC/Duct Cleaning,,,"310 S Dale Mabry Hwy, Tampa, FL 33609, United States",,,,,,,,,0,,,,,,,,,191,4.9,52
D,5.53,5.53,tampa,Guardian Inc,,https://www.guardianelectrical.biz,"887 2nd St N Ste 3, Safety Harbor, FL 34695, United States",,,,,,,,,0,,,,,,,,,35,4.4,27
D,5.52,5.52,tampa,Pits 123,+1 347-479-5424,,"113 S Valrico Rd, Valrico, FL 33594, United States",,,,,,,,,0,,,,,,,,,118,4.8,64
D,5.45,5.45,tampa,DUCT DESIGN CENTRAL FLORIDA,+1 305-903-2541,http://duct-design.com,"4251 34th St N, St. Petersburg, FL 33714, United States",,,,,,,,,0,,,,,,,,,7,3.9,3
D,5.42,5.42,tampa,AKS HVAC/DUCT Cleaning,+1 239-396-7188,,"4565 FL-60, Tampa, FL 33609, United States",,,,,,,,,0,,,,,,,,,2,3.5,1
D,5.4,5.4,tampa,SOCAR Mobile Mechanic LLC,+1 714-757-5107,,"10865 Gentle Current Wy, Parrish, FL 34219, United States",,,,,,,,,0,,,,,,,,,145,4.9,3
D,5.31,5.31,tampa,Mitchells Duct Cleaning,,,"1716 W St Conrad St, Tampa, FL 33607, United States",,,,,,,,,0,,,,,,,,,21,4.3,9
D,5.27,5.27,tampa,Solutions Heating/Cooling & Refrigeration,+1 352-457-4112,https://solutionsheatingcoolingandrefrigeration.com,"13527 Mcintosh Dr, Dade City, FL 33525, United States",,,,,,,,,0,,,,,,,,,128,5,52
D,5.25,5.25,tampa,HVAC PRO,+1 656-218-8504,https://hvacproflorida.com,"7231 Little Rd Unit d, New Port Richey, FL 34654, United States",,,,,,,,,0,,,,,,,,,126,5,2
D,5.25,5.25,tampa,MP + Air Conditioning,+1 305-798-0364,https://mpplusairconditioning.com,"812 Bama Rd, Brandon, FL 33511, United States",,,,,,,,,0,,,,,,,,,126,5,2
D,5.19,5.19,tampa,NiceHVAC AC Repair Riverview,+1 656-246-1093,https://nicehvacacrepairriverview.com,"10385 Big Bend Rd Unit 204, Riverview, FL 33578, United States",,,,,,,,,0,,,,,,,,,3,3.7,2
D,5.19,5.19,tampa,Super Service A/C Repair Tropicool Services,+1 352-484-0800,,"39029 County Rd #54, Zephyrhills, FL 33542, United States",,,,,,,,,0,,,,,,,,,3,3.7,1
D,5.14,5.14,tampa,Tcom Mechanical Inc.,+1 321-442-7106,http://www.tcommechanical.com,"10056 Gibsonton Dr, Riverview, FL 33578, United States",,,,,,,,,0,,,,,,,,,18,4.3,10
D,5.07,5.07,tampa,Ultimate AC Specialists,+1 352-424-5155,https://www.ultimateacspecialists.com,"1844 Draughton Dr, Zephyrhills, FL 33541, United States",,,,,,,,,0,,,,,,,,,107,4.9,2
D,5.03,5.03,tampa,AC Repair Near Me,+1 352-942-2066,https://acrepairnearmefl.com,"12204 S Broad St #160, Brooksville, FL 34601, United States",,,,,,,,,0,,,,,,,,,102,5,2
D,4.9,4.9,tampa,Whitney Services,+1 833-548-4263,https://www.callwhitney.com,"11601 4th St N apartment 814, St. Petersburg, FL 33716, United States",,,,,,,,,0,,,,,,,,,67,4.8,53
D,4.88,4.88,tampa,Warranty Air INC,,https://m.facebook.com/search/top/?q=warranty+air+inc.&refid=46&tsid=0.20501220677051557,"12707 83rd Ave N, Seminole, FL 33776, United States",,,,,,,,,0,,,,,,,,,90,4.9,12
D,4.78,4.78,tampa,Vitality HVAC Duct Clean,+1 239-396-5438,,"210 S Ward St, Tampa, FL 33609, United States",,,,,,,,,0,,,,,,,,,13,4.3,6
D,4.7,4.7,tampa,"Kool Climate HVAC Services, LLC",+1 352-807-6125,https://www.koolclimatehvac.com,"4624 Gall Blvd Ste 5, Zephyrhills, FL 33542, United States",,,,,,,,,0,,,,,,,,,76,5,2
D,4.69,4.69,tampa,"Sunrise Homes, Lake Toscana",+1 813-681-8419 ext. 109,https://sunrisehomescorp.com/lake-toscana,"5333 Lake Venice Dr, Wimauma, FL 33598, United States",,,,,,,,,0,,,,,,,,,22,4.5,4
D,4.67,4.67,tampa,Neighborhood Pool Guys Maintenance and Repairs,+1 656-800-4871,https://www.neighborhoodpoolguys.com,"Silver Sun Dr, Apollo Beach, FL 33572, United States",,,,,,,,,0,,,,,,,,,74,4.9,2
D,4.62,4.62,tampa,Air of Pinellas,,,"2520 McMullen Booth Rd Ste B109, Clearwater, FL 33761, United States",,,,,,,,,0,,,,,,,,,70,5,2
D,4.51,4.51,tampa,"Air Doctor AC & Heating of Orlando, Inc.",+1 407-625-7030,,,,,,,,,,,0,,,,,,,,,4,4,1
D,4.51,4.51,tampa,AAA Heating & Air,+1 501-262-9000,,"3120 W Grace St, Tampa, FL 33607, United States",,,,,,,,,0,,,,,,,,,4,4,1
D,4.5,4.5,tampa,Essential Air Duct Cleaning,+1 757-973-0512,,"201 W Haya St, Tampa, FL 33603, United States",,,,,,,,,0,,,,,,,,,63,4.9,38
D,4.39,4.39,tampa,"Precision Heavy Duty Mobile Maintenance & Repair, LLC",+1 708-267-0165,,"8801 Hidden River Pkwy, Tampa, FL 33637, United States",,,,,,,,,0,,,,,,,,,57,4.9,50
D,4.39,4.39,tampa,"Allied Veterans Roofing, Solar & HVAC Company",+1 408-478-2704,https://www.alliedveterans.net,"3530 1st Ave N #206, St. Petersburg, FL 33713, United States",,,,,,,,,0,,,,,,,,,31,4.7,19
D,4.33,4.33,tampa,Tons of Cooling and Heating,+1 656-789-0009,http://tonsofcooling.com,"208 Oakfield Dr Ste 1004, Brandon, FL 33511, United States",,,,,,,,,0,,,,,,,,,54,5,12
D,4.29,4.29,tampa,Tampa FL Auto Works,+1 774-228-3712,,"17420 US-41, Lutz, FL 33549, United States",,,,,,,,,0,,,,,,,,,52,4.9,2
D,4.08,4.08,tampa,Josko Services,+1 407-807-0337,https://www.joskoservices.com,"107 Dunbar Ave suite d, Oldsmar, FL 34677, United States",,,,,,,,,0,,,,,,,,,5,4.2,2
D,4.08,4.08,tampa,CryoFrost Air Conditioning Repair,+1 656-250-0537,https://cryofrostairconditioningrepair.com,"8815 N Florida Ave Unit 63, Tampa, FL 33604, United States",,,,,,,,,0,,,,,,,,,5,4.2,2
D,4.08,4.08,tampa,D&W Cleaning Services,+1 850-403-9922,,"4024 S Westshore Blvd, Tampa, FL 33611, United States",,,,,,,,,0,,,,,,,,,5,4.2,1
D,4.03,4.03,tampa,"Airmen Heating & Air Conditioning, Llc",+1 656-232-2224,,"8909 Regents Park Dr Ste 400, Tampa, FL 33647, United States",,,,,,,,,0,,,,,,,,,41,4.9,12
D,4.01,4.01,tampa,AC REPAIR BY AGH TAMPA,+1 656-400-3402,https://acrepairbyaghfl.com,"6408 Larmon St, Tampa, FL 33634, United States",,,,,,,,,0,,,,,,,,,40,5,7
D,3.94,3.94,tampa,Robertson Heating & Cooling,,,"814 N Habana Ave, Tampa, FL 33609, United States",,,,,,,,,0,,,,,,,,,6,4.3,1
D,3.89,3.89,tampa,"KoolGator | HVAC, Plumbing, Electrical",+1 833-566-5911,https://koolgatorhvac.com,"13909 N Dale Mabry Hwy Ste 201, Tampa, FL 33618, United States",,,,,,,,,0,,,,,,,,,36,5,3
D,3.87,3.87,tampa,White Glove RV Repair Service,+1 860-634-9383,http://www.whiteglovervrepairservice.com,"4624 Gall Blvd Ste 3, Zephyrhills, FL 33542, United States",,,,,,,,,0,,,,,,,,,19,4.7,12
D,3.86,3.86,tampa,AIR CONDITIONING & HEATING SERVICES OF FLORIDA,+1 407-604-4055,https://airconditioningheatingservicesofflorida.com,"1103 W Alexander St, Plant City, FL 33563, United States",,,,,,,,,0,,,,,,,,,35,4.9,6
D,3.86,3.86,tampa,HomeSmiles Sarasota,+1 864-888-7355,https://homesmiles.com/location/homesmiles-sarasota,,,,,,,,,,0,,,,,,,,,35,5,2
D,3.86,3.86,tampa,Go Green Mobile RV Repair,+1 484-784-6349,https://www.gogreenmobilervrepair.com,"1930 Barrington Dr W, Clearwater, FL 33763, United States",,,,,,,,,0,,,,,,,,,35,4.9,2
D,3.82,3.82,tampa,Pure Flow Air Conditioning,+1 239-410-5468,http://pureflow.com,,,,,,,,,,0,,,,,,,,,34,5,20
D,3.8,3.8,tampa,SIM'S HVAC LLC,+1 772-646-9422,https://www.simshvacllc.net,,,,,,,,,,0,,,,,,,,,33,5,12
D,3.8,3.8,tampa,AJ’s Autoworx,+1 631-432-8044,,"115 E Chapman Rd, Lutz, FL 33549, United States",,,,,,,,,0,,,,,,,,,33,5,25
D,3.78,3.78,tampa,Infinity Solutions,,,"1001 N Florida Ave, Tampa, FL 33602, United States",,,,,,,,,0,,,,,,,,,7,4.4,0
D,3.77,3.77,tampa,Qadeer Electrician,+92 317 5615961,,"1 Street 2, phase Phase 1 Pakistan Town, Islamabad, 45720, Pakistan",,,,,,,,,0,,,,,,,,,32,4.9,16
D,3.69,3.69,tampa,Nash Air Conditioning Repair,+1 656-347-2160,https://nashacmontgomeryvillage.com,"139 S Pebble Beach Blvd Ste 842, Sun City Center, FL 33573, United States",,,,,,,,,0,,,,,,,,,30,5,22
D,3.69,3.69,tampa,Spechrome,+1 904-431-0771,http://www.spechrome.com,"7320 E Fletcher Ave, Tampa, FL 33637, United States",,,,,,,,,0,,,,,,,,,30,5,23
D,3.66,3.66,tampa,Taylor Heating & Cooling,+1 656-213-2943,https://taylorheatingmanhattanbeach.com,"4928 FL-674 suite 619, Wimauma, FL 33598, United States",,,,,,,,,0,,,,,,,,,29,4.9,21
D,3.62,3.62,tampa,Ali Ac installation & Coolling repairing,+92 310 5890794,,"Pakistan Town Phase 1 Pakistan Town, Islamabad, Pakistan",,,,,,,,,0,,,,,,,,,28,4.9,18
D,3.62,3.62,tampa,Islamabad ac Repairing and Refrigerator,+92 335 1998765,https://islamabadacrepairing.netlify.app,"Hostel, Street 5, City, Islamabad, 44000, Pakistan",,,,,,,,,0,,,,,,,,,28,5,10
D,3.59,3.59,tampa,"C&H Masonry & Dryer Vent Cleaning Services Of Petersburg, Inc",+1 848-346-5026,,"6348 Burlington Ave N, St. Petersburg, FL 33710, United States",,,,,,,,,0,,,,,,,,,8,4.5,7
D,3.59,3.59,tampa,Mighty Twin Enterprises,+92 334 2444499,https://mightytwin.com,"greens, First Floor, Smama Star Mall, Gulberg Greens, islambad, Gulberg Greens Block B gulberg, Islamabad, 44022, Pakistan",,,,,,,,,0,,,,,,,,,8,4.5,2
D,3.57,3.57,tampa,"United Air Conditioning, Inc.",+1 352-604-0878,http://www.unitedairac.com,,,,,,,,,,0,,,,,,,,,27,5,18
D,3.53,3.53,tampa,Comfort green zone - Best AC installation service repairing gass charge and maintenance company,+92 340 3088881,,"plot 25 , street 13 , Bhatti society, Gulberg Greens Gulberg greens, 46000, Pakistan",,,,,,,,,0,,,,,,,,,19,4.8,3
D,3.53,3.53,tampa,Friedrich AC Authorized Service Center.,+1 646-844-0205,http://www.friedrichacauthorizedcenter.com,,,,,,,,,,0,,,,,,,,,26,5,8
D,3.53,3.53,tampa,PedrosGarage / Technolab,+1 954-385-0330,http://www.pedrosgarage.com,"15245 Sevares Ct, Odessa, FL 33556, United States",,,,,,,,,0,,,,,,,,,26,5,2
D,3.51,3.51,tampa,Franklin Furnace Co,+1 870-322-7317,,"2716 W State St, Tampa, FL 33609, United States",,,,,,,,,0,,,,,,,,,4,4.3,0
D,3.5,3.5,tampa,Awesome HVAC LLC,+1 407-707-5966,,"4315 W Nassau St, Tampa, FL 33607, United States",,,,,,,,,0,,,,,,,,,10,4.6,2
D,3.5,3.5,tampa,Rebulin Mechanic Electrical & A/c Expert,,http://rebulinmechanic.com,"6214 Fort King Rd, Zephyrhills, FL 33542, United States",,,,,,,,,0,,,,,,,,,10,4.6,2
D,3.45,3.45,tampa,"Al-Raziq Engineers ( Ac Repairing, Maintenance, Services, Installations, In Islamabad )",+92 300 5074403,http://www.alraziqengineers.com,"Mehboob Plaza، Andron Main Market، Gulzar e Quaid, Rawalpindi, 44000, Pakistan",,,,,,,,,0,,,,,,,,,13,4.7,7
D,3.41,3.41,tampa,HVAC Solutions,+1 786-652-1566,https://hvac-solutions.ueniweb.com,"3948 Central Ave, St. Petersburg, FL 33711, United States",,,,,,,,,0,,,,,,,,,23,5,13
D,3.41,3.41,tampa,Coleman Marine Services,+1 830-743-8519,http://colemanmarineservices.com,,,,,,,,,,0,,,,,,,,,23,5,15
D,3.41,3.41,tampa,JBELLO HOME SERVICES LLC,+1 239-938-5678,https://jbello-florida-shine.lovable.app,,,,,,,,,,0,,,,,,,,,23,5,15
D,3.41,3.41,tampa,Etowah Air Duct LLC,+1 888-746-7124,http://etowahairductllc.online,"4505 W Culbreath Ave, Tampa, FL 33609, United States",,,,,,,,,0,,,,,,,,,23,4.9,13
D,3.38,3.38,tampa,Noah's Handyman Service SWFL LLC,,http://noahshandymanservice.weebly.com,"10940 Gentle Current Wy, Parrish, FL 34219, United States",,,,,,,,,0,,,,,,,,,9,4.6,4
D,3.37,3.37,tampa,Petersburg Nuflo Pro Dryer Vent Cleaning Inc,+1 239-518-6954,,"436 4th Ave S, St. Petersburg, FL 33701, United States",,,,,,,,,0,,,,,,,,,12,4.7,4
D,3.31,3.31,tampa,Ducts & Stuff,,http://ductsandstuff.com,,,,,,,,,,0,,,,,,,,,21,5,12
D,3.25,3.25,tampa,Brennan Plumbing & Drain,+1 656-219-0497,https://brennanplumbingelmhurst.com,"10802 Main St suite 367, Thonotosassa, FL 33592, United States",,,,,,,,,0,,,,,,,,,20,5,12
D,3.25,3.25,tampa,Largo Air Conditioning Contractors,+1 781-957-3439,https://largo-air-conditioning-contractors.ueniweb.com,,,,,,,,,,0,,,,,,,,,20,5,12
D,3.2,3.2,tampa,CC Christian LLC,,https://ccchristianllc.net,,,,,,,,,,0,,,,,,,,,19,5,10
D,3.2,3.2,tampa,Reliable AC Repair Brandon,+1 656-236-0002,http://reliableacrepairinbrandon.com,"134b W Robertson St, Brandon, FL 33511, United States",,,,,,,,,0,,,,,,,,,19,5,10
D,3.14,3.14,tampa,"Wright Marine Air Conditioning, Inc.",,https://wrightmarine.net,"801 Par Ct, Apollo Beach, FL 33572, United States",,,,,,,,,0,,,,,,,,,18,5,9
D,3.14,3.14,tampa,Tampa Bay Marine Air .Com,,https://tampabaymarineair.com,"801 Par Ct, Apollo Beach, FL 33572, United States",,,,,,,,,0,,,,,,,,,18,5,10
D,3.08,3.08,tampa,SweatQuity Homes LLC,+1 4827650,https://sweatquityhomes.com,,,,,,,,,,0,,,,,,,,,17,5,6
D,3.03,3.03,tampa,A&P Pest control Service and Dryer vent & air duct cleaning of FL,+1 239-291-7902,,"649 39th Ave NE, St. Petersburg, FL 33703, United States",,,,,,,,,0,,,,,,,,,12,4.8,5
D,3.01,3.01,tampa,Trusted Tampa HVAC Repair,+1 656-250-5687,http://trustedtampahvacservices.com,"6818 S Manhattan Ave, Tampa, FL 33616, United States",,,,,,,,,0,,,,,,,,,16,5,8
D,3.01,3.01,tampa,Breithauptite Air Duct & Dryer Vent Cleaning And Pest Control service Of FL,+1 239-251-2359,,"St. Petersburg, FL 33701, United States",,,,,,,,,0,,,,,,,,,16,4.9,8
D,3.0,3.0,tampa,Eagle Air Services,+1 656-224-0858,https://eagleairservicesfl.com,"10020 Carr Rd, Riverview, FL 33569, United States",,,,,,,,,0,,,,,,,,,1,4,0
D,2.94,2.94,tampa,Comfort Care HVAC,+1 656-250-5691,https://professionalhvaccommercecity.com,"105 W Alsobrook St, Plant City, FL 33563, United States",,,,,,,,,0,,,,,,,,,15,5,5
D,2.94,2.94,tampa,Glow_up Electric,+92 335 8581772,http://www.glowupelectric.com,"Second floor, Glow_up Electric, Business Center, Civic Centre, Executive Block Gulberg Greens, Islamabad, Pakistan",,,,,,,,,0,,,,,,,,,15,5,7
D,2.94,2.94,tampa,Rob's RV Repair,+1 517-819-7217,http://www.robsrvrepair.com,,,,,,,,,,0,,,,,,,,,15,5,7
D,2.94,2.94,tampa,Fresh Focus Dryer Vent Cleaning,+1 656-230-0386,,"107 S Grady Ave, Tampa, FL 33609, United States",,,,,,,,,0,,,,,,,,,15,4.9,6
D,2.87,2.87,tampa,ProCare Lakeland HVAC Repair,+1 863-351-0854,https://procarelakelandhvacexperts.com,"5902 Woodhaven Dr, Lakeland, FL 33811, United States",,,,,,,,,0,,,,,,,,,14,5,4
D,2.87,2.87,tampa,Smart Air Solutions (SMC-Private) Limited,,,"Bhatti, Office No. 07, 3rd Floor, Eman Plaza, Bhatti Service Road Gulberg Expy, Town, Islamabad, 44000, Pakistan",,,,,,,,,0,,,,,,,,,14,5,6
D,2.87,2.87,tampa,Comfort Specialist FL LLC,+1 863-944-3667,,,,,,,,,,,0,,,,,,,,,14,5,6
D,2.87,2.87,tampa,Largo Heating & Air Conditioning,+1 239-456-0434,,"881 Enterprise Blvd, Largo, FL 33773, United States",,,,,,,,,0,,,,,,,,,14,5,6
D,2.87,2.87,tampa,Appliance Repairmen LA,+1 323-510-4445,https://applianceservicecenter.net,,,,,,,,,,0,,,,,,,,,14,5,6
D,2.84,2.84,tampa,Palmer Air Duct Service,+1 656-201-6196,,"3306 W McKay Ave, Tampa, FL 33609, United States",,,,,,,,,0,,,,,,,,,4,4.5,0
D,2.84,2.84,tampa,Perfect HVAC & Duct Cleaning,+1 618-465-8775,,"4014 W Kennedy Blvd, Tampa, FL 33609, United States",,,,,,,,,0,,,,,,,,,4,4.5,0
D,2.78,2.78,tampa,ColdUrbano AC Repair Apollo Beach,+1 656-246-1188,https://apollobeach.coldurbanoacrepairs.com/areas-we-serve/downtown-apollo-beach-33572,"610 Apollo Beach Blvd unit 54, Apollo Beach, FL 33572, United States",,,,,,,,,0,,,,,,,,,7,4.7,1
D,2.78,2.78,tampa,FixiteasyLLC – Mobile Diagnostic & Maintenance Services,+1 407-925-1741,http://fixiteasyllc.com,"3618 Springfield Dr, Holiday, FL 34691, United States",,,,,,,,,0,,,,,,,,,13,5,7
D,2.78,2.78,tampa,Air Direct Services LLC,,https://airdirectservices.com,,,,,,,,,,0,,,,,,,,,13,5,5
D,2.75,2.75,tampa,ArcticChill AC Repair,+1 656-250-0448,https://arcticchillacrepair.com,"2317 Gunn Hwy suite 44, Odessa, FL 33556, United States",,,,,,,,,0,,,,,,,,,5,4.6,1
D,2.75,2.75,tampa,ColdChill AC Repairs,+1 656-250-0435,https://coldchillacrepairs.com,"6001 N Nebraska Ave Unit 103, Tampa, FL 33604, United States",,,,,,,,,0,,,,,,,,,5,4.6,1
D,2.75,2.75,tampa,FreezeBreeze AC Repairs,+1 656-250-0418,https://freezebreezeacrepairs.com,"4120 Henderson Blvd #104, Tampa, FL 33629, United States",,,,,,,,,0,,,,,,,,,5,4.6,1
D,2.75,2.75,tampa,Lewis Air Duct Service,+1 656-201-6032,,"3909 W Mullen Ave, Tampa, FL 33609, United States",,,,,,,,,0,,,,,,,,,5,4.6,0
D,2.75,2.75,tampa,"CNCS Attic Insulation & Roofing Services Inc, FL",+1 239-342-6337,,"4425 W Azeele St, Tampa, FL 33609, United States",,,,,,,,,0,,,,,,,,,5,4.6,1
D,2.7,2.7,tampa,Flash Storm Air Conditioning LLC,+1 786-523-9185,https://flashstormhvac.square.site,,,,,,,,,,0,,,,,,,,,12,5,5
D,2.7,2.7,tampa,"⭐""Climora AC & Refrigeration""",+92 315 1316270,https://wa.me/923151316270,"Ghauri Town Phase 5-A, Phase 5 Ghauri Town, Islamabad, 44000, Pakistan",,,,,,,,,0,,,,,,,,,12,5,4
D,2.7,2.7,tampa,Hallmon services llc,+1 863-304-4242,http://hallmonservicesllc.com,,,,,,,,,,0,,,,,,,,,12,5,4
D,2.7,2.7,tampa,Ashmore Air,,,"Pinellas Park, FL 33762, United States",,,,,,,,,0,,,,,,,,,12,5,4
D,2.6,2.6,tampa,Emergency AC Corp,+1 855-783-2080,https://www.emergencyaccorp.com,,,,,,,,,,0,,,,,,,,,11,5,3
D,2.6,2.6,tampa,Leonaire Inc.,+1 305-767-6221,,,,,,,,,,,0,,,,,,,,,11,5,3
D,2.6,2.6,tampa,Quick HVAC Contractor Wesley Chapel,+1 352-450-9069,,"29157 Chapel Park Dr STE A, Wesley Chapel, FL 33543, United States",,,,,,,,,0,,,,,,,,,11,5,3
D,2.5,2.5,tampa,Rite Way HVAC,+1 817-403-1167,http://www.ritewayhvacsc.com,,,,,,,,,,0,,,,,,,,,10,5,5
D,2.5,2.5,tampa,Truck & trailer road 24/7 - Mobile Mechanic,+1 407-257-0527,https://baloo-service-24-7.com,"31147 Claridge Pl, Wesley Chapel, FL 33543, United States",,,,,,,,,0,,,,,,,,,10,5,1
D,2.5,2.5,tampa,Air Conditioning Pros,,,"908 N Taylor Rd, Seffner, FL 33584, United States",,,,,,,,,0,,,,,,,,,10,5,0
D,2.5,2.5,tampa,L&M Air Duct Services,+1 205-477-2121,http://landmhvac.com,"3909 W Lemon St, Tampa, FL 33609, United States",,,,,,,,,0,,,,,,,,,10,4.9,0
D,2.38,2.38,tampa,Air Cool Cooling Center Best frigde ac repair services,+92 300 9146755,,"Street 20, Ghouri Town VIP Block Ghauri Town, Islamabad, 44000, Pakistan",,,,,,,,,0,,,,,,,,,9,5,1
D,2.38,2.38,tampa,Mac's Air Conditioning & Heating,+1 870-732-5034,,"2721 W Terrace Dr, Tampa, FL 33609, United States",,,,,,,,,0,,,,,,,,,9,4.9,1
D,2.27,2.27,tampa,True Builders Inc.,+1 863-343-4884,https://true-builders.com/lakeland-fl,,,,,,,,,,0,,,,,,,,,6,4.8,1
D,2.26,2.26,tampa,Debris Free LLC,,,,,,,,,,,,0,,,,,,,,,8,5,0
D,2.26,2.26,tampa,Administrative Air Services,+1 386-801-2014,https://www.adminhvac.com,,,,,,,,,,0,,,,,,,,,8,5,0
D,2.26,2.26,tampa,TopNotch HVAC Brandon Pros,+1 656-248-5247,,"708 Village Pl, Brandon, FL 33511, United States",,,,,,,,,0,,,,,,,,,8,5,0
D,2.26,2.26,tampa,Air Conditioning Solutions,+1 855-426-6535,https://www.airconditioningsolutions.net,"8021 Land O' Lakes Blvd, Land O' Lakes, FL 34638, United States",,,,,,,,,0,,,,,,,,,8,5,0
D,2.12,2.12,tampa,Dust Free Air Duct Cleaning,+1 305-571-6650,,"1915 W North A St Apt 2, Tampa, FL 33606, United States",,,,,,,,,0,,,,,,,,,7,5,0
D,1.94,1.94,tampa,Adept AC Services,+1 850-208-0634,,"18402 Turning Pl, Lutz, FL 33549, United States",,,,,,,,,0,,,,,,,,,6,5,0
D,1.94,1.94,tampa,AC GARCIA’S SUPER STARS LLC,+1 786-405-7921,,,,,,,,,,,0,,,,,,,,,6,5,0
D,1.94,1.94,tampa,Extreme Cold AC LLC,+1 512-521-8687,,"2805 W Kenmore Ave, Tampa, FL 33614, United States",,,,,,,,,0,,,,,,,,,6,5,4
D,1.94,1.94,tampa,Reach Air Solutions,+1 630-885-4218,http://reachairsolutions.com,"6622 Clair Shore Dr, Apollo Beach, FL 33572, United States",,,,,,,,,0,,,,,,,,,6,5,0
D,1.94,1.94,tampa,Tampa Heating & Air Conditioning,+1 239-456-0410,,"1811 N Tampa St, Tampa, FL 33602, United States",,,,,,,,,0,,,,,,,,,6,5,0
D,1.75,1.75,tampa,HAVEN ENTERPRISES LLC,+1 866-332-0926,,"509 24th Ave SW, Ruskin, FL 33570, United States",,,,,,,,,0,,,,,,,,,5,5,0
D,1.75,1.75,tampa,AC Repair Ruskin Pros,+1 656-208-5259,https://acrepairruskin.pro,"3730 Sun City Center Blvd Ste 102, Ruskin, FL 33573, United States",,,,,,,,,0,,,,,,,,,5,5,0
D,1.75,1.75,tampa,"HAVEN JAMS, LLC",+1 888-240-4184,,"11713 Lake Lucaya Dr, Riverview, FL 33579, United States",,,,,,,,,0,,,,,,,,,5,5,0
D,1.75,1.75,tampa,WLH AIRE,+1 402-990-2127,,,,,,,,,,,0,,,,,,,,,5,5,0
D,1.75,1.75,tampa,AC Repair Tampa Pros,+1 656-208-5304,https://acrepairtampa.pro,"16121 N Dale Mabry Hwy #388, Tampa, FL 33618, United States",,,,,,,,,0,,,,,,,,,5,5,0
D,1.75,1.75,tampa,ProCold Air Conditioning Repair,+1 656-208-5462,https://procoldairconditioningrepair.pro,"13317 N Blvd Unit 43, Tampa, FL 33612, United States",,,,,,,,,0,,,,,,,,,5,5,0
D,1.75,1.75,tampa,Jon Cooling Solutions,+1 656-219-8060,,"100 Flagship Dr, Lutz, FL 33549, United States",,,,,,,,,0,,,,,,,,,5,5,0
D,1.75,1.75,tampa,AC Repair Lutz Pros,+1 656-213-4487,https://acrepairlutz.pro,"18901 FL-54 unit 86, Lutz, FL 33558, United States",,,,,,,,,0,,,,,,,,,5,5,0
D,1.75,1.75,tampa,OpusCold AC Repair,+1 656-208-5305,https://opuscoldacrepair.pro,"18888 Babcock Blvd unit 668, Land O' Lakes, FL 34638, United States",,,,,,,,,0,,,,,,,,,5,5,0
D,1.75,1.75,tampa,AC Repair Lithia Pros,+1 656-208-5269,https://acrepairlithia.pro,"16319 Fishhawk Blvd Unit 4, Lithia, FL 33547, United States",,,,,,,,,0,,,,,,,,,5,5,0
D,1.75,1.75,tampa,CoolPlus AC Repair,+1 656-213-4491,https://coolplusacrepair.pro,"511 W Bay St office 3, Tampa, FL 33606, United States",,,,,,,,,0,,,,,,,,,5,5,0
D,1.75,1.75,tampa,AC Repair Brandon Pros,+1 656-213-4954,https://acrepairbrandon.pro,"10921 Causeway Blvd #105, Brandon, FL 33511, United States",,,,,,,,,0,,,,,,,,,5,5,0
D,1.75,1.75,tampa,A Gant Air Conditioning & Heating,,http://www.a-gant.com,"2623, 10215 Parsons St, Tampa, FL 33615, United States",,,,,,,,,0,,,,,,,,,5,5,0
D,1.75,1.75,tampa,HVAC/DUCT REPAIR LLC,+1 228-282-1230,,"3415 W Palmira Ave, Tampa, FL 33629, United States",,,,,,,,,0,,,,,,,,,5,5,0
D,1.75,1.75,tampa,Juliomar's Handyman Service,,,"14433 Alistar Manor Dr, Wimauma, FL 33598, United States",,,,,,,,,0,,,,,,,,,5,5,1
D,1.75,1.75,tampa,Savajo Services llc.,,,,,,,,,,,,0,,,,,,,,,5,5,0
D,1.75,1.75,tampa,Einstein cooling service,+1 561-506-7252,,"3517 Bishop Eddie Newkirk Wy, Tampa, FL 33605, United States",,,,,,,,,0,,,,,,,,,5,5,0
D,1.51,1.51,tampa,Superior HVAC and Air Systems,+1 656-250-4375,,"12862 Commodity Pl, Westchase, FL 33626, United States",,,,,,,,,0,,,,,,,,,4,5,0
D,1.51,1.51,tampa,PlusFreeze AC Repair,+1 656-208-5368,https://plusfreezeacrepair.pro,"16297 Northdale Oaks Dr Ste 444, Tampa, FL 33624, United States",,,,,,,,,0,,,,,,,,,4,5,0
D,1.51,1.51,tampa,BreezePlus AC Repair,+1 656-208-5301,https://breezeplusacrepair.pro,"1250 E 113th Ave Ste 399, Tampa, FL 33612, United States",,,,,,,,,0,,,,,,,,,4,5,0
D,1.51,1.51,tampa,Lutz HVAC Repair Service,+1 656-219-8050,,"17461 N Dale Mabry Hwy, Lutz, FL 33548, United States",,,,,,,,,0,,,,,,,,,4,5,0
D,1.51,1.51,tampa,Air Pulse Systems,+1 321-384-3784,,"1500 Wildwood Ln, Lutz, FL 33558, United States",,,,,,,,,0,,,,,,,,,4,5,0
D,1.51,1.51,tampa,AC Repair Valrico Pros,+1 656-208-5299,https://acrepairvalrico.pro,"2140 E Bloomingdale Ave office 441, Valrico, FL 33596, United States",,,,,,,,,0,,,,,,,,,4,5,0
D,1.51,1.51,tampa,CoolPro AC Repair,+1 656-213-4490,https://coolproacrepair.pro,"3461 Lithia Pinecrest Rd Unit 65, Valrico, FL 33596, United States",,,,,,,,,0,,,,,,,,,4,5,0
D,1.51,1.51,tampa,BreezeGuys AC Repair,+1 656-218-9949,https://breezeguysacrepair.pro,"9823 W Hillsborough Ave suite 209, Tampa, FL 33635, United States",,,,,,,,,0,,,,,,,,,4,5,0
D,1.51,1.51,tampa,FrostMasters AC Repairs,+1 656-246-1262,https://tampa.frostmasters.pro/service-areas/tampa-33619,"1001 S 78th St #21, Tampa, FL 33619, United States",,,,,,,,,0,,,,,,,,,4,5,0
D,1.51,1.51,tampa,Cooling,+1 414-238-9920,,"2981 Gulf To Bay Blvd, Clearwater, FL 33759, United States",,,,,,,,,0,,,,,,,,,4,5,0
D,1.51,1.51,tampa,K & B Heating & Cooling,+1 850-988-0205,,"4305 W Barcelona St, Tampa, FL 33629, United States",,,,,,,,,0,,,,,,,,,4,5,0
D,1.51,1.51,tampa,A1 Air Duct Clean LLC,+1 689-210-7176,https://howardfane922.wixsite.com/A1%20Air%20Duct%20Clean%20LL,"307 N Excelda Ave, Tampa, FL 33609, United States",,,,,,,,,0,,,,,,,,,4,5,0
D,1.19,1.19,tampa,Martin's Comfort Service,+1 678-332-8612,,,,,,,,,,,0,,,,,,,,,3,5,1
D,1.19,1.19,tampa,AllergenAway Air Duct Cleaning LLC,+1 656-259-5160,,"1601 6th St SE SE, Ruskin, FL 33570, United States",,,,,,,,,0,,,,,,,,,3,5,0
D,1.19,1.19,tampa,UrbanFreeze Air Conditioning Repair,+1 656-254-5642,https://urbanfreezeacrepair.com,"8310 Galbraith Rd suite 109, Tampa, FL 33647, United States",,,,,,,,,0,,,,,,,,,3,5,0
D,1.19,1.19,tampa,"Air Patton, Inc.",+1 209-527-4066,,"17524 Livingston Ave, Lutz, FL 33559, United States",,,,,,,,,0,,,,,,,,,3,5,0
D,1.19,1.19,tampa,City Cool,+1 347-858-2919,https://www.citycoolservices.com,"1631 Hubbell Rd, Wesley Chapel, FL 33543, United States",,,,,,,,,0,,,,,,,,,3,5,1
D,1.19,1.19,tampa,Arana THM LLC,+1 909-671-2147,,,,,,,,,,,0,,,,,,,,,3,5,0
D,1.19,1.19,tampa,St. Petersburg Best A/C Services,+1 239-516-7031,,"3020 Central Ave, St. Petersburg, FL 33712, United States",,,,,,,,,0,,,,,,,,,3,5,0
D,1.19,1.19,tampa,Balanced HVAC and Air Conditioning Repair,+1 656-250-5500,,"8376 Crystal Harbour Dr #202, Tampa, FL 33615, United States",,,,,,,,,0,,,,,,,,,3,5,0
D,1.19,1.19,tampa,"Gulfwind Air Conditioning & Heating, Inc.",,,,,,,,,,,,0,,,,,,,,,3,5,0
D,1.19,1.19,tampa,Serge's Air Conditioning,,,"Tampa, FL 33603, United States",,,,,,,,,0,,,,,,,,,3,5,0
D,0.75,0.75,tampa,PerfectCool AC Repairs,+1 656-254-5684,https://tampa.perfectcoolacrepairs.com,"7142 E Fowler Ave unit 28, Tampa, FL 33617, United States",,,,,,,,,0,,,,,,,,,2,5,0
D,0.75,0.75,tampa,Comfort HVACR Engineering Services Private Limited,+92 300 5004340,http://www.comfortengr.com,"H4XX+RGC Comfort HVACR Engineering Services Private Limited, Koral Town, Islamabad, Pakistan",,,,,,,,,0,,,,,,,,,2,5,0
D,0.75,0.75,tampa,PolarEdge AC Repair Tampa,+1 656-254-5635,,"6940 N 56th St unit 65, Tampa, FL 33617, United States",,,,,,,,,0,,,,,,,,,2,5,0
D,0.75,0.75,tampa,ACCURATE OZONE SOLUTIONS OF THE GULF COAST LLC,+1 833-357-8465,https://stinkclean.com,"552 Frandor Pl, Apollo Beach, FL 33572, United States",,,,,,,,,0,,,,,,,,,2,5,0
D,0.75,0.75,tampa,Mid-Pinellas Air Conditioning & Heating,,,"7500 62nd Way N, Pinellas Park, FL 33781, United States",,,,,,,,,0,,,,,,,,,2,5,0
D,0.75,0.75,tampa,HVAC HVACIR FAMILY COMPANY,+1 844-578-0750,http://mechanicalhvacsolutionsinc.shop,"8323 Dahlia Ave, Tampa, FL 33619, United States",,,,,,,,,0,,,,,,,,,2,5,0
D,0.75,0.75,tampa,L & D HVAC/DUCT Cleaning,+1 904-552-6470,,"3311 W Palmira Ave, Tampa, FL 33629, United States",,,,,,,,,0,,,,,,,,,2,5,0
D,0.75,0.75,tampa,Alpine HVAC/Duct Services,+1 815-277-1749,,"310 N Beverly Ave, Tampa, FL 33609, United States",,,,,,,,,0,,,,,,,,,2,5,0
D,0.0,0.0,tampa,Climate-Rite LLC,,,"681 Jasmine Way S, St. Petersburg, FL 33705, United States",,,,,,,,,0,,,,,,,,,1,5,0
D,0.0,0.0,tampa,HAVEACO LLC,+1 844-578-2981,,"11622 Bristol Chase Dr, Tampa, FL 33626, United States",,,,,,,,,0,,,,,,,,,1,5,0
D,0.0,0.0,tampa,Abijana Air Conditioning & Heating LLC,+1 517-206-4365,,"8842 Hampden Dr, Tampa, FL 33626, United States",,,,,,,,,0,,,,,,,,,1,5,0
D,0.0,0.0,tampa,Infinite Hvac Repair,+1 347-697-8418,http://infinitehvacrepair.com,,,,,,,,,,0,,,,,,,,,1,5,0
D,0.0,0.0,tampa,AC Technician and Electronics repair and service centre,+92 336 6392324,,"Flat no 1 1st floor, AC Technician and Electronics repair and service centre, JS plaza, Civic centre, Airport Housing Society Sector 3 Airport Employees CHS, Rawalpindi, 46000, Pakistan",,,,,,,,,0,,,,,,,,,1,5,1
D,0.0,0.0,tampa,BreezeBliss AC Repair,+1 656-246-1161,https://riverview.breezebliss.pro/service-areas/riverview-33579,"11070 Rhodine Rd ste 69, Riverview, FL 33579, United States",,,,,,,,,0,,,,,,,,,1,5,0
D,0.0,0.0,tampa,Advantage Mechanical-Refrigeration,+1 800-269-1988,http://advmechref.com/hvac-contractor-tampa-florida,"12014 Stone Pine St, Riverview, FL 33569, United States",,,,,,,,,0,,,,,,,,,1,5,0
D,0.0,0.0,tampa,"Cold Solutions, LLC",+1 631-831-3435,,,,,,,,,,,0,,,,,,,,,1,5,0
D,0.0,0.0,tampa,SouthEastern Facility Maintenance LLC,+1 888-708-4822,http://southeasternfm.com,"6254 118th Ave N, Largo, FL 33773, United States",,,,,,,,,0,,,,,,,,,1,5,0
D,0.0,0.0,tampa,Top Ten Duct Cleaning Services,+1 712-621-0117,https://www.rescomprotection.com,"1014 S Sterling Ave, Tampa, FL 33629, United States",,,,,,,,,0,,,,,,,,,1,5,0
D,0.0,0.0,tampa,C-G-M Recreational Vehicle Service,+1 801-505-3533,,"8216 Harwich Port Ln, Gibsonton, FL 33534, United States",,,,,,,,,0,,,,,,,,,1,5,0
D,0.0,0.0,tampa,Static Air,+1 656-250-5307,https://www.staticairusa.com,"2811 N 34th St A, Tampa, FL 33605, United States",,,,,,,,,0,,,,,,,,,1,5,0
D,0.0,0.0,tampa,Carrier Commercial Service,+1 800-379-6484,https://www.carrier.com/commercial/en/us/service/fl/tampa,"3901 Coconut Palm Dr Ste 100, Tampa, FL 33619, United States",,,,,,,,,0,,,,,,,,,1,5,0
B,72.27,30.27,tampa,Universal Air & Heat,+1 813-544-2546,http://uahac.com,"501 S Falkenburg Rd Ste d-8, Tampa, FL 33619, United States",Mike Forgione,President (Universal Air & Heat; company acquired by Air Pros USA in 2022),https://www.linkedin.com/in/mike-forgione-93553a256/,,Mike Forgione,Mike Forgione,https://www.linkedin.com/in/mike-forgione-93553a256/,followup_dropped,3,"Stay away from this company and see the post in Air Pros, who supposedly bought this company and said they were servicing their clients. I had been sold an entire new system, down to the grills. The install was so unprofessional and has caused damage that they have been promising to fix for almost two years.
I have had them out here several times and even had water damage in addition to the damage during the first install which they have promised even from their management and district managers. They have left me and my young daughter with a damaged and potentially dangerous conditions from not fixing the damaged dry wall and insulation. They also didn’t seal up the exterior parts and caused critters to be able to enter my home. Electrical damage. I also didn’t have heat for weeks last winter. They have come and reinstalled the ventilation tubes and still I am left without any answers or response and resolution. Now, they have not returned any of my communication via phone or email.
Here’s just a few pictures showing a slither of how bad this has been. It’s completely unexceptionable! Their tech and customer service reps can’t believe how bad it is, but I am still waiting. I could write a novel, but I hope you don’t get swindled and lied to. If I could give negative stars I would!","Do not use this company. I had a new AC unit installed incorrectly causing the unit to overflow, and leak into my first floor. Save your time and money and go elsewhere. I’m spending thousands to fix their poor installation and half built unit.
UPDATE: Management said it wasn’t their problem since the company has since been bought out. I spent months calling and emailing them, they would promise a response, only to have nobody call or email. I think they were hoping I’d forget…",,,1,1,AssistantDial Call Summaries + Auto Contact Creation,billing_or_intake_errors;followup_dropped;frontline_communication,320,4.2,8
B,60.9,15.9,tampa,Eskimo Bros A/C & Heating,+1 813-607-5117,https://eskimo-bros.com/absolute-air-conditioning-and-heating-partners,"2071 Range Rd, Clearwater, FL 33765, United States",Erik R. Repp,President / Registered Agent,,,Erik R. Repp;Sarah Gass,Erik R. Repp,https://www.facebook.com/EskimoBrothersACandHeating/,followup_dropped,2,"This guys were very good the first time we bought a new ac unit in brandon where we used to live now when we move here in Clearwater i thought it was all the same so we give them another shot but unfortunately this time not just making a hole on our selling for the installation but giving as a unit where it doesn’t give us the best performance of where the temperature we wanted it to be.. i hate giving bad reviews but two technicians came out already, all saying the same that your unit is fine even though its not.. also the new unit its just super noisy and very loud.

And its been almost one month now but the hole still hasn’t been fix..","I’m sharing my experience so far and will update this review once the issue is fully resolved.

The installation process itself went smoothly: scheduling the estimate and installation was easy and straightforward. However, after the unit was installed, I discovered a serious problem: the heating elements were running at the same time as the AC. This caused my June electric bill to be four times higher than my May bill.

Unfortunately, getting the issue addressed has been frustrating. There hasn’t been much urgency on their part to fix the problem with a brand-new unit. I’ve had to call multiple times before a technician came out to investigate why the new system is costing significantly more than my old one.

Also, the inspector from the City came and noticed that the unit is sweating/condensation, so it needs another look before the unit can pass the inspection marks.

At this point, I hope the company can prioritize existing customers and make resolving issues with new units a top priority. I’ll provide an update here once the situation is corrected.",,,1,2,AssistantDial Call Summaries + Auto Contact Creation,followup_dropped;frontline_communication,363,4.8,5
B,60.28,17.28,tampa,Air Rescue,+1 813-358-3431,https://www.airrescueflorida.com,"1429 Massaro Blvd, Tampa, FL 33619, United States",Harold Myers,President,,,Harold Myers;Kenney Newman,Harold Myers,,calls_unanswered,2,"I wish zero stars was an option…
In October of 2021 we paid over $9,000 for a new system, and from the beginning it has been one issue after another. The unit installed was not the correct size for our home, and additional duct work had to be done afterward to make it fit. The system continued to struggle holding temperature, so we placed another service call. At that time, we were told no issue could be found.

Later, while working in the garage, I felt cold air and discovered it was coming from the AC handler. It had not been properly sealed, causing conditioned air to blow directly into the garage. Another technician was sent out and mentioned that this is not typically the type of work he handles, but he would attempt a fix and, if it didn’t hold, the installer would need to return to redo the job.

The repair held temporarily, but the system is now leaking again—and worse, it is covered in black mold. It is also dripping with condensation causing damage to the base that is holding it up.  We live in Spring Hill, and the company is now claiming they no longer service our area, so they will not honor their work. However, their own website clearly lists Spring Hill, Pasco, Citrus, and several surrounding areas as part of their service ot also os nearly impossoble to speak with a supervisor to take or return our calls.

Overall, the lack of proper installation, ongoing issues, and refusal to stand behind their work has been extremely disappointing. I would not recommend this company to my worst enemy. See pictures of work they no longer want to honor. Do a quick search as to why this happens and you will find improper installation to be the cause….","Last Service was Terrible !!!
Your Service Person, who claim, 39 years IN this business, was ONLY interested to convince me to change ENTIRE SYSTEM !!!
Diagnostic and the way he performed service, without cleaning, properly “ clogged” water drainage make me SUPRISE. The offers of over $10,000 and financing for 132 Months took “ my breath” away. I paid STANDARD FEE $79  for assumed “ DIAGNOSTIC”
Next day, a/c independent guy came,…
Checked out problem and cleaned ONLY “ ESCAPE” pipe from sludge and SYSTEM WAS  PERFECT.
My notes and remarks above are not complains or requests.
Just suggestions, how, so simply way, Name and REPUTATION of the COMPANY
what My Mom and Me TRUDTED SO MANY YEARS, can vanished within  minutes!!!
With ALL RESPECT and GOOD WIILL
YOUR PREVIOUS SOLID CUSTOMER
CJ",,,1,1,AssistantDial 24/7 AI Receptionist — every call answered,calls_unanswered;service_quality_in_session,2055,4.7,4
B,55.76,13.76,tampa,"Cool Today - Cooling, Plumbing, Electrical",+1 813-626-4111,https://www.cooltoday.com/tampa,"5401 E Sligh Ave, Tampa, FL 33617, United States",Jeff Munafo,President,https://www.linkedin.com/in/jeff-munafo-1b4551b0/,,Jeff Munafo,Jeff Munafo,https://www.linkedin.com/in/jeff-munafo-1b4551b0/,frontline_communication,1,"Please do not use these people. They are rip off. I I broke the shut off valve at the floor in my master bathroom. I had already chipped away 2 1/2 inches of the concrete in an area of 6 inches. These guys came to my house charged me $1484.00 For an underground slab leak. An underground slab leak is when you have to break up all the concrete to repair the leak not 2 1/2 inches more Since I already did have to work. I need a work done because I was having a huge birthday party for my 82 year-old husband on Saturday. I was panic tricking I was upset you name it I was it. They came out chipped up the floor a little more Repaired the shut off valve and the toilet flange I know they didn’t have $50 worth of material Invested and I feel that they took advantage of me. I called every day for four days to see if they would be at least enough to give me half my money back. My own son travel two hours to celebrate his father’s birthday and ended up The shut off valve so I could install the drywall because I don’t All that in front of the drywall, it’s supposed to go behind the drywall. Josh the plumbing manager he’s rude and then Steve the owner. I’m not sure real sure about him. He did offer to give me a 30% discount on my next Service I wouldn’t use these people if my life depended on it. I have attached the photos just so everybody can see what little bit of work they did. Find someone else to do your plumbing please don’t use these people. Look at these pictures the first two pictures is the work that I did. The remaining is what they finished & You decide if that looks like an underground slab leak. All I was asking for was half $742 back & Steve said no what horrible company to seriously charge a person for such little work. All I could think about was my husband’s birthday & all our guest. I have been so upset about all of this for days now.",,,,1,,AssistantDial AI Receptionist — consistent frontline,frontline_communication,3715,4.7,3
B,54.43,14.43,tampa,And Services,+1 813-445-4818,https://www.andservices.com,"5010 N Cortez Ave, Tampa, FL 33614, United States",Marek Stroz,"President / Managing Member (Alexa Air, LLC dba And Services)",,,Marek Stroz,Marek Stroz,,service_quality_in_session,1,"My well pump froze during the the last freeze we had. I had already done some research online to see if I could fix the issue. What I found online was it could be my pressure switch, pressure gauge, or my check valve. I replaced my pressure switch and it did not correct the issue. My pressure gauge was reading that it had pressure, so I didn't replace that. I called AND Service to set up a service call. I was told someone would be out in 2 to 4 hours. It was at the 6 hour time mark that the tech showed up. The tech asked how old my pump was, I told him it had been replaced last year. At that point, he just told me to have the pump replaced because it would still be under warranty. T is not under warranty, as he sssumed. I then asked him if it could be the pressure guage that was the problem. He said that it was reading pressure, so it was still good. At no time did he do anything other than walk around my pump. He didn't check anything and never asked for the pump to be turned on. I bought a new pump and installed it. Replace the pressure guage and everything.  The old pressure guage that he said was accurate is no longer attached to anything and is reading 35 psi. Overall, it was waiting 6 hours to be told just to replace the pump because it is under warranty, without checking anything.",,,,1,,AssistantDial demo line,service_quality_in_session,10965,4.6,3
B,54.32,9.32,tampa,"R.J. Kielty Plumbing, Air Conditioning and Electric, Inc.",+1 813-661-0707,https://rjkielty.com/location/valrico-florida,"123 N Miller Rd, Valrico, FL 33594, United States",Rod Kielty,President / CEO,https://www.linkedin.com/in/rod-kielty-20163440,,Rod Kielty;Tanner Kielty,Rod Kielty,https://www.linkedin.com/in/rod-kielty-20163440,service_quality_in_session,1,They were supposed to come out.   Pull 2 toilets and reset one toilet due to new flooring installation.    I told the plumber that the toilet that needed to be reset would only take the flooring guys 5 minutes once they arrived.   They couldn't get the toilet pulled the previous night due to the lock bolts spinning.     The plumber said he couldn't wait on the flooring guys to get there.    Here is video of the plumber running to his van to leave as the flooring guys pulled up.   Now the flooring guys have to come back tomorrow just to lay 5 rows of floor.  Go with someone that cares about their customers,,,,1,,AssistantDial demo line,service_quality_in_session,289,4.7,14
B,54.19,9.19,tampa,No Sweat Cooling & Heating,+1 813-545-5226,http://nosweatcoolingandheating.com,,Leo Peters,Owner,,,Leo Peters;Kristle Peters,Leo Peters,,calls_unanswered,1,"We have fought with our new ductless HVAC systems (2) over the last 1 ½ years (18 service calls).
We then switched to No-Sweat who within a couple visits has it colder than it was brand new and we haven’t had a problem in 2 months.

I will never buy another Daikin & we will be sticking with Leo & James

2/16/19 Update - stopped returning calls, stopped answering email. Wanting put in new system but they didn't have time. Guess they don't want mess with ductless systems anymore.",,,,3,,AssistantDial 24/7 AI Receptionist — every call answered,calls_unanswered,22,4.9,12
B,53.93,13.93,tampa,Rolando's H.V.A.C.,+1 813-373-6804,https://www.rolandoshvac.com/tampa,"5117 W Rio Vista Ave, Tampa, FL 33634, United States",Rolando Mojarrieta,Owner,,,Rolando Mojarrieta,Rolando Mojarrieta,,booking_friction,1,"I was excited to get a new AC, and I got it, and the AC works great. But the amount of mess the workers left stole my joy.
Screws on the driveway, small pieces of trash on the grass. The trash they did pick up (some pipes, old thermostat and other junk) was put in a recycling bin for cardboard. They didn’t cover anything in the garage - so now big pieces of insulation and that yellow dust from it is all over my tools and cleaning supplies, white dust from cutting the ceiling is all over the floor and my storage boxes. Scratched the paint on the floor. They disconnected my washer and moved it away and didn’t put it back. Trash outside, trash inside. The unit is brand new, looks cool and all, but all the mess around it makes me leave only 1 star.
They called in advance to confirm the time and then rescheduled last minute. Worked from 9am to 6pm.
I’m not satisfied.",,,,1,,AssistantDial Appointment Booking + Calendar Sync,booking_friction,1718,4.9,3
B,53.04,11.04,tampa,Bay Area Air Conditioning,+1 727-375-2665,https://bayareacool.com,"7908 Rutillio Ct, New Port Richey, FL 34653, United States",Dave Hutchins,Owner (President & Founder),https://www.linkedin.com/in/dave-hutchins-7237b211/,,Dave Hutchins,Dave Hutchins,https://www.linkedin.com/in/dave-hutchins-7237b211/,service_quality_in_session,1,"Call out for outside unit not responding to thermostat.  Tech did not look or act like a professional, believe he had been drinking. Made my daughter uncomfortable. Hooked his gauges up and the unit came on, so he packed his tools and left.  Unit quit again an hour later.  Have had 4 companies work on this unit in the last two weeks all diagnosed expensive repairs.  Spent $1600 between them, and  unit still not working.   Called  Trane Factory and they sent out a Trane service tech and he found the air handler coils completely clogged with mold. . Took him 15 mins to find the problem.  2 hours to fix it.  I have zero confidence calling techs blindly in that area now.   Just curious what my $97 paid for.  Don’t expect a refund but you missed out on a $1200 repair and full warranty on the unit.  You may have a great company and that is why I don’t vent on social media but I did want to send you honest feedback back on how your company is being represented.  All fairness your dispatcher did offer to send a different tech back out today but I had already spoken to Trane mfg.",,,,1,,AssistantDial demo line,service_quality_in_session,2612,4.9,3
B,53.03,13.03,tampa,Integrity Home Solutions,+1 813-575-6500,https://homeofintegrity.com,"5904 Hampton Oaks Pkwy, Tampa, FL 33610, United States",William Matson,President,,,William Matson,William Matson,,billing_or_intake_errors,1,"I am writing to formally document a highly unprofessional and unsafe experience with Integrity Home Solutions.

Integrity Home Solutions was dispatched to an Airbnb property I manage to assess a defective light switch. They provided a quote of $750 to replace the switch, which was approximately $500 higher than my next highest quote. I informed them that we would be proceeding with another company.

Shortly afterward, I received a guest review stating that electrical wiring was exposed and unsafe for children. I immediately went to the property to investigate and discovered that the exposed wiring was from the same light switch Integrity Home Solutions had evaluated. The switch had been removed from the wall and left with all wiring exposed, creating a serious safety hazard.

When I contacted Integrity Home Solutions to address this issue, I was initially told that I would be charged a fee to have the light switch returned to the condition it was in when they arrived. After approximately 45 minutes on the phone, the fee was finally removed.

Leaving exposed electrical wiring in a home—especially one used by paying guests and families—is not only dangerous but completely unacceptable. This situation reflects a serious lapse in professionalism, safety standards, and customer care.

I would strongly caution others against using Integrity Home Solutions based on this experience.",,,,1,,AssistantDial structured call intake,billing_or_intake_errors,8753,4.7,4
B,52.49,10.49,tampa,"Action Air Conditioning, Inc.",+1 813-935-6644,https://actionairconditioning.com,"8926 N Armenia Ave, Tampa, FL 33604, United States",David Russell,Owner / Founder,https://www.linkedin.com/in/david-russell-87561b127/,,David Russell,David Russell,https://www.linkedin.com/in/david-russell-87561b127/,service_quality_in_session,1,"My HVAC system was working...until Action Air came to my house. I called them to look it over since the house is 2 years old. A younger guy came and replaced a part, and then the A/C stopped working correctly. The unit makes sound but it doesn't cool. It was late in the day, so in the morning the owner of Action Air came to our house. I think he literally did nothing, he just left. I'm now going to need a 3rd visit from either this company or else hire another company.",,,,1,,AssistantDial demo line,service_quality_in_session,624,4.6,3
B,51.72,9.72,tampa,Comfort All-Stars,+1 813-669-2787,https://comfortallstars.com,"13347 W Hillsborough Ave Ste 101, Tampa, FL 33635, United States",Jack Westenbarger,Owner,https://www.linkedin.com/in/jack-westenbarger-9773a62b/,,Jack Westenbarger,Jack Westenbarger,https://www.linkedin.com/in/jack-westenbarger-9773a62b/,service_quality_in_session,1,"beware!!!  this company incentivizes their technicians to up-sell you: repairs, add-ons, and new systems. my units are 6 years old. I've signed up for their ""monthly program (the double)"" and bi annual maintenance. EVERY time they came to my home, they wanted to charge me for additional work, or problems they found. the most recent visit, they tried telling me the thing they replaced last year, needed to be replaced this year (basically confusing themselves with so many ""repairs""). the technician, Travis, who visited us multiple times, never even checked or replaced the air filters! most recently told me my system should be replaced, because the 6year warranty just expired, and the most recent repair would cost me $4,000+, and i'm better off buying a new condenser from him. C'mon man. I would consider this company to be very unethical, and would recommend anyone to find a company that is honest, and doesn't have technicians that work off commission. Our neighbor recommended a fantastic company, that just came out for bi-annual maintenance and did exactly what they said, and exceeded my expectations (had to take a lot of extra time to clean filters, and air handler, as it had not been done in who knows how long) finally, my new AC company, told us our systems were working perfectly, giving us peace of mind, and prompting this review. I almost never write anything on the internet, but considering my experience with this technician, and this company's ""scheme"" I figured I'd share to help prevent H/O's from a similar experience",,,,1,,AssistantDial demo line,service_quality_in_session,565,4.8,3
B,51.39,9.39,tampa,Jarvey Air LLC,+1 727-495-9564,https://jarveyairllc3.wixsite.com/my-site,,Robert Jakomeit,Owner,,,Robert Jakomeit,Robert Jakomeit,JarveyAirLLC@Gmail.com,billing_or_intake_errors,2,"We chose this guy for the job because he was referred by someone on New Port Richey Chat facebook.  We checked him out from the Nextdoor site and also from Yelp before deciding to use him.
The agreement was we bought the supplies, and paid him labor. We agreed on $2000.00 for the labor.  When he took the deposit, which was 35% = $700, he kept telling us that his merchant account got kicked back and kept coming to us 2 more times to get the same $700 deposit.
He told us that the job would be scheduled for Thursday and Friday.  Thursday came and he didn't do any work.  On Friday, he didn't show up until 1pm, worked till midnight.  Saturday he came to work half day and still did not get it done.
To date, 8/8/2024, he has been ghosting us since! We made several attempts to request him to report to work but were unsuccessful.
Upon calling the building permit department, we found that the permit had been filed but not paid while we had already paid a 35% deposit for the company to pull the permit and to start the work.
We then found out that he charged the deposit 3 times. Our credit card had 3 different transactions $2121 in total which he lied and told us that the merchant account had a problem, needed to rerun the deposit transaction!
Not only that he added a few more installation supplies and took them with him, never return our supplies which cost us $241.31
We already reported him to the FL licensing board and disputed our credit card. We are now left with the AC halfway installed!!!
Please anyone, we are posting here to let you know DO NOT use this guy; He is a crook, doesn't matter if he had a good review or referrals in the past, they maybe just worked together to scam people!!!",,,,1,,AssistantDial structured call intake,billing_or_intake_errors;delivery_quality,31,4.7,22
C,49.72,9.72,tampa,MASON AIR CONDITIONING & HEATING INC,+1 727-401-4667,https://masonairconditioning.com,"8999 66th Ct Unit 102, Pinellas Park, FL 33781, United States",Joe Pinkert,Owner,,,Joe Pinkert,Joe Pinkert,,service_quality_in_session,1,"I would proceed with caution with their maintenance scam plan. I had Luis come out to maintenance my AC and he did nothing but looked around and invoice me $1300 to replace my UV lamp, clean the blower and “sanitize”. He was there for maybe …",,,,,,AssistantDial demo line,service_quality_in_session,566,4.8,2
C,49.62,9.62,tampa,Airenteed HVAC Repair & Replacement,+1 727-600-4822,https://airenteed.com,"8033 Ulmerton Rd, Largo, FL 33771, United States",Kelsey,Owner,,,Kelsey,Kelsey,,frontline_communication,1,"We had a mixed experience with Airenteed.

Good: Quick estimate, pricing was in line with other quotes, ultimately satisfied with the install

Bad: Received an invoice to pay for completed work to only then find that installation debris was left outside on the HOA patio (risking a fine), Air Filter wasn't installed, ductwork had not yet been cleaned. During the estimate, I was clear that I wanted a Rheem system and not the Goodman.  I arrived on site to find a Ruud system installed.  I know that the Rheem/Ruud units are exactly the same and just branded differently- but if you were aware that I was specific about the unit and something else was going to be installed- this should have been communicated in advance as a courtesy.",,,,3,,AssistantDial AI Receptionist — consistent frontline,frontline_communication,153,5,4
C,41.33,16.33,tampa,Express Oil Auto Air Conditioning,+1 941-292-2002,https://www.expressoil.com/stores/palmetto/fl/0833,"4950 96th St E, Palmetto, FL 34221, United States",,,,,,,,,0,,,,,,,,,0,0.0,0
C,41.33,16.33,tampa,Spartan Air Solutions,+1 941-447-7960,https://www.spartanairsolutions.com,,,,,,,,,,0,,,,,,,,,0,0.0,0
C,41.33,16.33,tampa,Airlogic Solution,+1 727-308-9902,https://airlogicsolution.com,,,,,,,,,,0,,,,,,,,,0,0.0,0
C,41.33,16.33,tampa,AirLogic Solution,+1 727-308-9902,http://www.airlogicsolution.com,,,,,,,,,,0,,,,,,,,,0,0.0,0
C,41.33,16.33,tampa,First Choice A/C & Heating,+1 727-786-5521,,,,,,,,,,,0,,,,,,,,,0,0.0,0
C,41.33,16.33,tampa,Electric Plus Comfort,+1 813-728-6977,http://www.electricpluscomfort.com,,,,,,,,,,0,,,,,,,,,0,0.0,0
C,41.33,16.33,tampa,Blue Collar Heating & Cooling,+1 727-620-4804,https://bluecollar-hvac.com,"121 Anclote Blvd Unit 1, Tarpon Springs, FL 34689, United States",,,,,,,,,0,,,,,,,,,0,0.0,0
C,41.33,16.33,tampa,LeBron Heating & Cooling,+1 727-325-2880,https://www.ask-lebron.com,,,,,,,,,,0,,,,,,,,,0,0.0,0
C,41.33,16.33,tampa,Legacy Home Resources llc,+1 813-556-2548,http://legacyhomeresources.com,"15294 Renaissance Ave, Odessa, FL 33556, United States",,,,,,,,,0,,,,,,,,,0,0.0,0
C,41.33,16.33,tampa,Spartan Air Conditioning,+1 813-544-3544,http://www.spartancool.com,,,,,,,,,,0,,,,,,,,,0,0.0,0
C,41.33,16.33,tampa,Divine Air and Heating,+1 813-453-1872,https://mydivineair.com,,,,,,,,,,0,,,,,,,,,0,0.0,0
C,41.33,16.33,tampa,"John’s Air Conditioning & Heating Services, LLC",+1 813-535-5364,http://www.johnsair.com,,,,,,,,,,0,,,,,,,,,0,0.0,0
C,41.33,16.33,tampa,Air Conditioning & Electrical,+1 813-280-8108,https://comfortallstars.com/about-us,"13932 W Hillsborough Ave, Tampa, FL 33635, United States",,,,,,,,,0,,,,,,,,,0,0.0,0
C,41.33,16.33,tampa,Electric Plus Comfort,+1 813-728-6977,https://electricpluscomfort.com/contact-us,"7611 Caracal Ct, Tampa, FL 33625, United States",,,,,,,,,0,,,,,,,,,0,0.0,0
C,41.33,16.33,tampa,Cooling Tampa Bay,+1 727-744-4848,https://coolingtampabay.com,,,,,,,,,,0,,,,,,,,,0,0.0,0
C,41.33,16.33,tampa,Cool With Scott,+1 727-351-2229,https://www.coolwithscott.com,,,,,,,,,,0,,,,,,,,,0,0.0,0
C,41.33,16.33,tampa,COOL AIR TECH & MAINTENANCE,+1 727-656-4972,,,,,,,,,,,0,,,,,,,,,0,0.0,0
C,41.33,16.33,tampa,Jerry's Air Conditioning,+1 727-321-7233,http://makeitcold.com,,,,,,,,,,0,,,,,,,,,0,0.0,0
C,41.33,16.33,tampa,B & J Heating & Air Conditioning,+1 727-281-8718,https://www.bjheatingandair.com/contact-local-hvac,"2101 Starkey Rd, Largo, FL 33771, United States",,,,,,,,,0,,,,,,,,,0,0.0,0
C,41.33,16.33,tampa,Auto Repair | Ac Repair | Turbos,+1 727-324-4647,https://www.illmockup11.com/about-us.html,"4629 Panorama Ave, Holiday, FL 34690, United States",,,,,,,,,0,,,,,,,,,0,0.0,0
C,41.33,16.33,tampa,Temperge,+1 813-669-4568,https://temperge.com,"1821 Amberwood Dr, Riverview, FL 33578, United States",,,,,,,,,0,,,,,,,,,0,0.0,0
C,41.33,16.33,tampa,A Team Air conditioning Repair,+1 813-730-4276,,"1710 Paul S Buchman Hwy, Zephyrhills, FL 33540, United States",,,,,,,,,0,,,,,,,,,0,0.0,0
C,41.33,16.33,tampa,Advanced Commercial Refrigeration Repair Service,+1 813-934-4299,https://advancedcommercialrefrigerationrepairservice.com/contact-us,"Bay Pointe Waterfront, 7930 Bay Pointe Dr, Town 'N' Country, FL 33615, United States",,,,,,,,,0,,,,,,,,,0,0.0,0
C,41.33,16.33,tampa,Arctic a/c & Heating LLC,+1 727-301-8552,https://arcticacandheating.com,,,,,,,,,,0,,,,,,,,,0,0.0,0
C,41.33,16.33,tampa,kingdom cooling and heating,+1 813-504-1260,https://kingdomcoolingandheating.com,,,,,,,,,,0,,,,,,,,,0,0.0,0
C,41.33,16.33,tampa,St Pete A/C & Heating LLC,+1 727-521-2001,https://stpeteairconditioningfl.com,,,,,,,,,,0,,,,,,,,,0,0.0,0
C,41.33,16.33,tampa,"Bayonet Plumbing, Heating & Air Conditioning",+1 813-852-5705,https://www.bayonet-inc.com/tampa,,,,,,,,,,0,,,,,,,,,0,0.0,0
C,41.33,16.33,tampa,Cool Yeah Air Conditioning and Heating,+1 813-643-1028,https://www.coolyeahacandheat.com,"333 N Falkenburg Rd, Tampa, FL 33619, United States",,,,,,,,,0,,,,,,,,,0,0.0,0
C,41.33,16.33,tampa,Rolando's H.V.A.C.,+1 813-742-6565,https://www.rolandoshvac.com/brandon,"4205 Orient Rd, Tampa, FL 33610, United States",,,,,,,,,0,,,,,,,,,0,0.0,0
C,41.33,16.33,tampa,Air Solutions Of Tampa Bay,+1 813-967-5537,https://www.airsolutionsoftampabay.com,,,,,,,,,,0,,,,,,,,,0,0.0,0
C,41.33,16.33,tampa,AIR INSTALLATION SERVICES,+1 813-955-5574,https://airinstallationservicesllc.com,,,,,,,,,,0,,,,,,,,,0,0.0,0
C,41.33,16.33,tampa,Airenteed Heating and Cooling,+1 727-686-2653,https://airenteed.com/contact-us,"13801 Walsingham Rd, Largo, FL 33774, United States",,,,,,,,,0,,,,,,,,,0,0.0,0
C,38.6,13.6,tampa,ABS Air Conditioning Company,+1 813-933-1000,http://www.abscoolteamac.com,"21933 US Hwy 19 N, Clearwater, FL 33765, United States",,,,,,,,,0,,,,,,,,,11,1.6,8
C,38.19,13.19,tampa,ABS Air Conditioning,+1 813-223-2665,http://abscoolteamac.com,,,,,,,,,,0,,,,,,,,,3,1.3,3
C,38.0,13.0,tampa,Air Command Air Conditioning,+1 727-522-2288,http://www.sunupservices.com,"7101 49th Street N, Pinellas Park, FL 33781, United States",,,,,,,,,0,,,,,,,,,1,1,0
C,38.0,13.0,tampa,Modern Air Conditioning & Appliance,+1 727-475-2661,,"1400 US-19 ALT, Clearwater, FL 33756, United States",,,,,,,,,0,,,,,,,,,1,1,1
C,38.0,13.0,tampa,"Action Air Conditioning, Inc",+1 813-935-2964,https://actionairconditioning.com/contact-us,"2921 W Main St A, Tampa, FL 33607, United States",,,,,,,,,0,,,,,,,,,1,1,1
C,37.64,12.64,tampa,Tampa HVAC Services,+1 727-390-5196,,"7517 W Waters Ave, Tampa, FL 33615, United States",,,,,,,,booking_friction,2,"I wanted to share my experience because, while the technician was knowledgeable and fixed our heating system in about an hour, the initial appointment was rescheduled last minute due to a staffing issue. Overall, the repair itself was handled efficiently, but the scheduling hiccup was not ideal and added to our wait time.",I made an appointment and they never showed up. Called the office numerous times and said they were going to have the manager call me. Never did I get a call. There was a baby crying in the background when I called. Not a professional …,,,,,AssistantDial Appointment Booking + Calendar Sync,booking_friction;followup_dropped,18,4.8,8
C,35.74,10.74,tampa,Veteran Air Heating & Air Conditioning,+1 941-202-3691,https://www.veteranair.com/service-area/sarasota,"6720 33rd St E, Sarasota, FL 34243, United States",,,,,,,,,0,,,,,,,,,10698,4.7,3
C,35.33,10.33,tampa,"Bayonet Plumbing, Heating & Air Conditioning",+1 727-863-5446,http://www.bayonet-inc.com,"8950 New York Ave, Hudson, FL 34667, United States",,,,,,,,,0,,,,,,,,,9981,4.8,2
C,35.21,10.21,tampa,Firestone Complete Auto Care,+1 813-586-2555,https://www.firestonecompleteautocare.com/florida/riverview/10301-big-bend-rd/?cmp=oloc_google_localmaps_maps,"10301 Big Bend Rd, Riverview, FL 33578, United States",,,,,,,,,0,,,,,,,,,1040,4.1,4
C,34.86,9.86,tampa,Mavis Tires & Brakes,+1 813-708-9694,https://www.mavis.com/locations/wimauma-fl?stnum=508,"4961 FL-674, Wimauma, FL 33598, United States",,,,,,,,,0,,,,,,,,,1394,4.3,4
C,34.86,9.86,tampa,Kingdom Cooling and Heating,+1 813-504-1260,https://www.kingdomcoolingandheating.com/contact-us,"1809 W Brandon Blvd, Brandon, FL 33511, United States",,,,,,,,,0,,,,,,,,,3,2.3,2
C,34.78,9.78,tampa,One Hour Air Conditioning & Heating,+1 813-291-0655,https://tampaonehour.com,"5808 N 56th St, Tampa, FL 33610, United States",,,,,,,,,0,,,,,,,,,4449,4.7,3
C,34.75,9.75,tampa,Service Experts Tampa Bay,+1 727-353-2682,https://www.serviceexperts.com/tampa-bay-fl,"2875 46th Ave N, St. Petersburg, FL 33714, United States",,,,,,,,,0,,,,,,,,,4314,4.7,3
C,34.69,9.69,tampa,"ABC Plumbing, Air, Heat & Electric",+1 813-576-2399,https://www.4abc.com/fl/largo,"11701 S Belcher Rd Ste 127, Largo, FL 33773, United States",,,,,,,,,0,,,,,,,,,3003,4.6,2
C,34.62,9.62,tampa,Velocity Air Conditioning,+1 727-337-7716,https://velocityairconditioning.com,"13130 56th Ct N #604, Clearwater, FL 33760, United States",,,,,,,,,0,,,,,,,,,2825,4.6,12
C,34.55,9.55,tampa,Tire Choice Auto Service Centers,+1 813-689-5454,https://locations.thetirechoice.com/fl/lithia/16505-fish-hawk-blvd,"16505 Fishhawk Blvd, Lithia, FL 33547, United States",,,,,,,,,0,,,,,,,,,773,4.2,6
C,34.38,9.38,tampa,Joe Cool Air Conditioning and Plumbing,+1 727-233-5182,https://www.joecoolhomeservices.com/pinellas-park,"7308 56th St, Pinellas Park, FL 33781, United States",,,,,,,,,0,,,,,,,,,2259,4.6,6
C,34.38,9.38,tampa,Firestone Complete Auto Care,+1 813-527-9204,https://www.firestonecompleteautocare.com/florida/tampa/20331-bruce-b-downs-blvd/?cmp=oloc_google_localmaps_maps,"20331 Bruce B Downs Blvd, Tampa, FL 33647, United States",,,,,,,,,0,,,,,,,,,889,4.3,3
C,34.3,9.3,tampa,ACS Home Services- Tampa Air Conditioning Repair,+1 813-703-1042,https://www.acshomeservices.com/tampa-air-conditioning-plumbing-electrical,"1712 E Seward St, Tampa, FL 33604, United States",,,,,,,,,0,,,,,,,,,2835,4.7,3
C,34.27,9.27,tampa,Mavis Tires & Brakes,+1 813-445-6453,https://www.mavis.com/locations/tampa-new-tampa-fl?stnum=804,"17325 Dona Michelle Dr, Tampa, FL 33647, United States",,,,,,,,,0,,,,,,,,,2030,4.6,12
C,34.18,9.18,tampa,Christian Brothers Automotive Riverview,+1 813-730-5096,https://www.cbac.com/riverview,"10010 McMullen Rd, Riverview, FL 33569, United States",,,,,,,,,0,,,,,,,,,1865,4.6,2
C,34.14,9.14,tampa,Tire Choice Auto Service Centers,+1 813-751-0294,https://locations.thetirechoice.com/fl/lutz/18951-state-road-54,"18951 FL-54, Lutz, FL 33558, United States",,,,,,,,,0,,,,,,,,,977,4.4,4
C,34.1,9.1,tampa,"R.J. Kielty Plumbing, Air Conditioning and Electric, Inc.",+1 727-863-5486,https://rjkielty.com,"7979 Massachusetts Ave, New Port Richey, FL 34653, United States",,,,,,,,,0,,,,,,,,,3210,4.8,3
C,34.08,9.08,tampa,AND Services,+1 941-234-4050,https://www.andservices.com/air-conditioning/sarasota-ac-repair/?v=Sarasota%2FBradenton,"1866 University Pkwy, Sarasota, FL 34243, United States",,,,,,,,,0,,,,,,,,,2335,4.7,4
C,34.08,9.08,tampa,Sears Appliance Repair,+1 813-402-0741,https://www.searshomeservices.com/locations/fl/brandon/sears-appliance-repair/686-brandon-town-center-mall?SID=1033634&phone=8134020741,"686 Brandon Town Center Dr Mall, Brandon, FL 33511, United States",,,,,,,,,0,,,,,,,,,496,4.2,5
C,34.04,9.04,tampa,"Superior Heating and Cooling Management., Inc.",+1 813-854-3449,http://superiorhvacfl.com,"MAIN OFFICE, 785 Dunbar Ave, Oldsmar, FL 34677, United States",,,,,,,,,0,,,,,,,,,1209,4.5,2
C,34.02,9.02,tampa,Graham Heating & Air Conditioning - Clearwater,+1 727-614-8199,https://grahamac.com,"4740 126th Ave N, Clearwater, FL 33762, United States",,,,,,,,,0,,,,,,,,,1614,4.6,4
C,34.0,9.0,tampa,Express Oil Change & Tire Engineers,+1 813-591-2591,https://www.expressoil.com/stores/tampa/fl/0802/?storenum=0802,"6403 E County Line Rd, Tampa, FL 33647, United States",,,,,,,,,0,,,,,,,,,3980,4.9,2
C,33.98,8.98,tampa,Ice Cold Air Discount Auto Repair,+1 727-584-1198,https://www.icecoldair.com/locations/1198-east-bay-drive,"1198 E Bay Dr, Largo, FL 33770, United States",,,,,,,,,0,,,,,,,,,247,4,3
C,33.77,8.77,tampa,Christian Brothers Automotive Apollo Beach,+1 813-796-7814,https://www.cbac.com/apollo-beach,"128 Harbor Village Ln, Apollo Beach, FL 33572, United States",,,,,,,,,0,,,,,,,,,940,4.5,5
C,33.69,8.69,tampa,Mavis Tires & Brakes,+1 813-588-3451,https://www.mavis.com/locations/land-o-lakes-fl?stnum=1778,"3530 Land O' Lakes Blvd, Land O' Lakes, FL 34639, United States",,,,,,,,,0,,,,,,,,,1619,4.7,2
C,33.67,8.67,tampa,Integrity Home Solutions,+1 727-235-6972,https://homeofintegrity.com/service-area/st-petersburg,"1661 Commerce Ave N, St. Petersburg, FL 33716, United States",,,,,,,,,0,,,,,,,,,2149,4.8,5
C,33.62,8.62,tampa,St. Pete Air Conditioning & Heating LLC,+1 727-521-2001,http://stpeteairconditioningfl.com,"3865 Tyrone Blvd N, St. Petersburg, FL 33710, United States",,,,,,,,,0,,,,,,,,,96,3.8,22
C,33.61,8.61,tampa,Tire Kingdom,+1 813-708-9681,https://www.mavis.com/locations/wesley-chapel-bruce-downs-blvd-fl/?stnum=4190,"1005 Bruce B Downs Blvd, Wesley Chapel, FL 33544, United States",,,,,,,,,0,,,,,,,,,814,4.5,12
C,33.57,8.57,tampa,Anthony's Cooling-Heating-Electrical,+1 941-347-0779,https://www.anthonysairconditioning.com,"1614 20th St E, Palmetto, FL 34221, United States",,,,,,,,,0,,,,,,,,,2685,4.9,2
C,33.56,8.56,tampa,Firestone Complete Auto Care,+1 727-282-5708,https://www.firestonecompleteautocare.com/florida/palm-harbor/36298-us-hwy-19-n/?cmp=oloc_google_localmaps_maps,"36298 US Hwy 19 N, Palm Harbor, FL 34684, United States",,,,,,,,,0,,,,,,,,,421,4.3,3
C,33.53,8.53,tampa,FAST of Florida,+1 727-273-7810,https://www.fastofflorida.com,"13101 56th Ct N #813, Clearwater, FL 33760, United States",,,,,,,,,0,,,,,,,,,1912,4.8,2
C,33.49,8.49,tampa,Mavis Tires & Brakes,+1 727-371-0954,https://www.mavis.com/locations/dunedin-1810-main-st-fl?stnum=802,"1810 Main St, Dunedin, FL 34698, United States",,,,,,,,,0,,,,,,,,,1834,4.8,2
C,33.45,8.45,tampa,Del-Air Heating & Air Conditioning,+1 941-749-6000,https://www.delair.com/sarasota,"6216 28th St E Suite 1, Bradenton, FL 34203, United States",,,,,,,,,0,,,,,,,,,1296,4.7,2
C,33.44,8.44,tampa,Ice Cold Air Discount Auto Repair,+1 727-328-0303,https://www.icecoldair.com/locations/380-34th-street-north,"500 28th St N, St. Petersburg, FL 33713, United States",,,,,,,,,0,,,,,,,,,277,4.2,3
C,33.4,8.4,tampa,AC Today: Heating & Air Conditioning,+1 941-751-2642,https://www.actoday-fl.com,"6620 19th St E, Sarasota, FL 34243, United States",,,,,,,,,0,,,,,,,,,1236,4.7,3
C,33.37,8.37,tampa,Massey Services GreenUP Lawn Care Service,+1 727-330-9479,https://www.masseyservices.com/palm-harbor/landscape-service/lawn-care,"751 US Alternate, US-19, Palm Harbor, FL 34683, United States",,,,,,,,,0,,,,,,,,,56,3.7,9
C,33.36,8.36,tampa,One Hour Air Conditioning & Heating,+1 941-208-6023,https://bradentononehour.com,"410 22nd St E, Bradenton, FL 34208, United States",,,,,,,,,0,,,,,,,,,1628,4.8,2
C,33.36,8.36,tampa,Tire Kingdom,+1 727-306-1277,https://www.mavis.com/locations/palm-harbor-32581-hwy-19-fl/?stnum=4130,"32581 US Highway 19 N, Palm Harbor, FL 34684, United States",,,,,,,,,0,,,,,,,,,880,4.6,3
C,33.33,8.33,tampa,Mavis Tires & Brakes,+1 813-708-9704,https://www.mavis.com/locations/oldsmar-fl?stnum=799,"650 Douglas Rd E, Oldsmar, FL 34677, United States",,,,,,,,,0,,,,,,,,,1578,4.8,3
C,33.31,8.31,tampa,Meineke Car Care Center,+1 813-527-0006,https://www.meineke.com/locations/fl/land-o-lakes-2473,"2632 Land O' Lakes Blvd, Land O' Lakes, FL 34639, United States",,,,,,,,,0,,,,,,,,,1140,4.7,4
C,33.3,8.3,tampa,Firestone Complete Auto Care,+1 813-609-8423,https://www.firestonecompleteautocare.com/florida/tampa/7701-tampa-point-boulevard/?cmp=oloc_google_localmaps_maps,"7701 Tampa Point Blvd, Tampa, FL 33621, United States",,,,,,,,,0,,,,,,,,,243,4.2,4
C,33.28,8.28,tampa,Baker Distributing Company / Florida Cooling Supply,+1 727-449-1230,http://www.bakerdist.com,"1954 Carroll St, Clearwater, FL 33765, United States",,,,,,,,,0,,,,,,,,,28,3.5,22
C,33.23,8.23,tampa,Mavis Tires & Brakes,+1 727-371-0908,https://www.mavis.com/locations/palm-harbor-601-hwy-19-fl?stnum=800,"601 Alt 19, Palm Harbor, FL 34683, United States",,,,,,,,,0,,,,,,,,,1443,4.8,2
C,33.23,8.23,tampa,Ice Cold Air Discount Auto Repair,+1 813-782-7000,https://www.icecoldair.com/locations/6609-gall-blvd-zephyrhills,"6609 Gall Blvd, Zephyrhills, FL 33541, United States",,,,,,,,,0,,,,,,,,,423,4.4,3
C,33.18,8.18,tampa,"D & D Air Conditioning, Inc",+1 941-479-3565,http://www.ddair.com,"2160 Princeton St, Sarasota, FL 34237, United States",,,,,,,,,0,,,,,,,,,1380,4.8,3
C,33.18,8.18,tampa,Christian Brothers Automotive Westchase,+1 813-652-0219,https://www.cbac.com/westchase,"12949 Race Track Rd, Tampa, FL 33626, United States",,,,,,,,,0,,,,,,,,,744,4.6,3
C,33.17,8.17,tampa,Firestone Complete Auto Care,+1 727-315-1164,https://www.firestonecompleteautocare.com/florida/dunedin/952-patricia-ave/?cmp=oloc_google_localmaps_maps,"952 Patricia Ave, Dunedin, FL 34698, United States",,,,,,,,,0,,,,,,,,,542,4.5,2
C,33.12,8.12,tampa,FAST of Florida,+1 727-273-7810,https://www.fastofflorida.com/electrical,"4934 Distribution Dr, Tampa, FL 33605, United States",,,,,,,,,0,,,,,,,,,1312,4.8,3
C,33.12,8.12,tampa,Ice Cold Air Discount Auto Repair,+1 727-844-3508,https://icecoldair.com,"3508 US-19, New Port Richey, FL 34652, United States",,,,,,,,,0,,,,,,,,,383,4.4,2
C,33.12,8.12,tampa,Tire Choice Auto Service Centers,+1 727-372-3258,https://locations.thetirechoice.com/fl/new-port-richey/10627-state-road-54,"10627 FL-54, New Port Richey, FL 34655, United States",,,,,,,,,0,,,,,,,,,520,4.5,4
C,33.12,8.12,tampa,"Progressive Air Systems, Inc.",+1 727-847-3898,https://progressiveairsystems.com,"5907 Dasher Ct, Port Richey, FL 34668, United States",,,,,,,,,0,,,,,,,,,1296,4.8,3
C,33.11,8.11,tampa,United Refrigeration Inc,+1 813-910-2700,http://www.uri.com,"936 E 124th Ave, Tampa, FL 33612, United States",,,,,,,,,0,,,,,,,,,44,3.7,22
C,33.1,8.1,tampa,Christian Brothers Automotive New Tampa,+1 813-730-5029,https://www.cbac.com/new-tampa,"20303 Trout Creek Dr, Tampa, FL 33647, United States",,,,,,,,,0,,,,,,,,,942,4.7,2
C,33.1,8.1,tampa,Ice Cold Air Discount Auto Repair,+1 813-901-9842,https://www.icecoldair.com/locations/7901-west-hillsborough-avenue,"7901 W Hillsborough Ave, Tampa, FL 33615, United States",,,,,,,,,0,,,,,,,,,375,4.4,4
C,33.08,8.08,tampa,Meineke Car Care Center,+1 813-445-8460,http://www.meineke.com/locations/fl/brandon-1713/?pid=1713,"606 E Brandon Blvd, Brandon, FL 33511, United States",,,,,,,,,0,,,,,,,,,1255,4.8,5
C,33.06,8.06,tampa,Honest1 Auto Care,+1 813-616-2592,https://www.honest1.com/south-tampa,"3010 W Gandy Blvd, Tampa, FL 33611, United States",,,,,,,,,0,,,,,,,,,664,4.6,2
C,33.06,8.06,tampa,Christian Brothers Automotive Valrico,+1 813-761-3579,https://www.cbac.com/valrico,"811 E Lumsden Rd, Brandon, FL 33511, United States",,,,,,,,,0,,,,,,,,,667,4.6,4
C,33.05,8.05,tampa,Blue Collar Electric,+1 727-877-1284,https://www.bluecollar-electric.com,"1215 12th St, Palm Harbor, FL 34683, United States",,,,,,,,,0,,,,,,,,,1662,4.9,3
C,33.04,8.04,tampa,Ice Cold Air Discount Auto Repair,+1 813-879-0600,https://www.icecoldair.com/locations/410-south-dale-mabry,"410 S Dale Mabry Hwy, Tampa, FL 33609, United States",,,,,,,,,0,,,,,,,,,481,4.5,2
C,33.03,8.03,tampa,Express Oil Change & Tire Engineers,+1 813-499-9606,https://www.expressoil.com/stores/riverview/fl/0831/?storenum=0831,"11690 Boyette Rd, Riverview, FL 33569, United States",,,,,,,,,0,,,,,,,,,1639,4.9,22
C,33.03,8.03,tampa,Veterans AC & Heat,+1 727-607-2080,https://veteranshvac.com,"125 E Lime St, Tarpon Springs, FL 34689, United States",,,,,,,,,0,,,,,,,,,1620,4.9,2
C,32.98,7.98,tampa,Momentum AC & Electric,+1 813-548-6501,https://www.momentumacpro.com,"3113 N Armenia Ave, Tampa, FL 33607, United States",,,,,,,,,0,,,,,,,,,1543,4.9,2
C,32.98,7.98,tampa,Honest-1 Auto Care,+1 813-252-4714,https://www.honest1.com/carrollwood,"14318 N Dale Mabry Hwy, Tampa, FL 33618, United States",,,,,,,,,0,,,,,,,,,839,4.7,2
C,32.97,7.97,tampa,Ice Cold Air Discount Auto Repair,+1 727-461-5727,https://www.icecoldair.com/locations/1180-court-street-clearwater,"1180 Court St, Clearwater, FL 33756, United States",,,,,,,,,0,,,,,,,,,450,4.5,2
C,32.93,7.93,tampa,Mavis Tires & Brakes,+1 727-616-3942,https://www.mavis.com/locations/st-petersburg-4900-34th-st-fl?stnum=2014,"4900 34th St S, St. Petersburg, FL 33711, United States",,,,,,,,,0,,,,,,,,,1494,4.9,2
C,32.92,7.92,tampa,Air Tech Services,+1 813-779-7508,,"37643 CR 54, Zephyrhills, FL 33542, United States",,,,,,,,,0,,,,,,,,,50,3.8,39
C,32.91,7.91,tampa,One Hour Air Conditioning & Heating,+1 727-222-5646,https://www.onehourheatandair.com/clearwater,"12345 Starkey Rd Suite B, Largo, FL 33773, United States",,,,,,,,,0,,,,,,,,,786,4.7,3
C,32.91,7.91,tampa,Frank Gay Commercial Services,+1 813-344-2511,https://frankgaycommercial.com,"6203 Johns Rd Ste 1 and 2, Tampa, FL 33634, United States",,,,,,,,,0,,,,,,,,,315,4.4,7
C,32.89,7.89,tampa,Baker Distributing Company / Florida Cooling Supply,+1 813-740-8704,,"205 Kelsey Ln #C, Tampa, FL 33619, United States",,,,,,,,,0,,,,,,,,,49,3.8,30
C,32.85,7.85,tampa,Air Bros Air Conditioning & Electrical,+1 727-217-6142,https://theairbros.com,"1579 Delaware Ave NE, St. Petersburg, FL 33703, United States",,,,,,,,,0,,,,,,,,,1383,5,2
C,32.84,7.84,tampa,Barefoot Breeze AC,+1 813-510-0459,https://www.facebook.com/BarefootBreezeAC,,,,,,,,,,0,,,,,,,,,4,3,3
C,32.84,7.84,tampa,Dry HVAC Duct Cleaners,+1 813-302-7328,https://www.steelehvacllc.com/contact,"4016 W Horatio St, Tampa, FL 33609, United States",,,,,,,,,0,,,,,,,,,4,3,2
C,32.83,7.83,tampa,Ice Cold Air Discount Auto Repair,+1 727-821-2653,https://www.icecoldair.com/locations/1406-4th-street-north,"1406 4th St N, St. Petersburg, FL 33704, United States",,,,,,,,,0,,,,,,,,,291,4.4,4
C,32.83,7.83,tampa,Meineke Car Care Center,+1 813-337-7706,https://www.meineke.com/locations/fl/tampa-2786,"13311 W Hillsborough Ave, Tampa, FL 33635, United States",,,,,,,,,0,,,,,,,,,728,4.7,2
C,32.73,7.73,tampa,"Progressive Air Systems, Inc.",+1 813-909-1444,https://progressiveairsystems.com,"6375 Harney Rd, Tampa, FL 33610, United States",,,,,,,,,0,,,,,,,,,914,4.8,3
C,32.72,7.72,tampa,Tire Kingdom,+1 813-708-9382,https://www.mavis.com/locations/odessa-fl/?stnum=4112,"13600 FL-54, Odessa, FL 33556, United States",,,,,,,,,0,,,,,,,,,904,4.8,2
C,32.65,7.65,tampa,Cooling Tampa Bay,+1 727-744-4848,http://www.coolingtampabay.com,"5301 44th Ave N, St. Petersburg, FL 33709, United States",,,,,,,,,0,,,,,,,,,134,4.2,23
C,32.62,7.62,tampa,Ice Cold Air Discount Auto Repair,+1 813-231-0211,https://www.icecoldair.com/locations/501-e-sligh-ave,"501 E Sligh Ave, Tampa, FL 33604, United States",,,,,,,,,0,,,,,,,,,443,4.6,2
C,32.6,7.6,tampa,No Sweat Air Conditioning LLC,+1 813-997-9157,http://nosweatac.com,"7001 Simons Rd, Zephyrhills, FL 33541, United States",,,,,,,,,0,,,,,,,,,11,3.4,4
C,32.59,7.59,tampa,Air Mavericks Air Conditioning,+1 727-431-5578,https://airmavericks.com/largo,"8340 Ulmerton Rd Ste 201, Largo, FL 33771, United States",,,,,,,,,0,,,,,,,,,1091,4.9,2
C,32.55,7.55,tampa,Ice Cold Air Discount Auto Repair,+1 727-545-1107,https://www.icecoldair.com/locations/5890-park-blvd-pinellas-park,"5890 Park Blvd, Pinellas Park, FL 33781, United States",,,,,,,,,0,,,,,,,,,417,4.6,2
C,32.52,7.52,tampa,Tire Kingdom,+1 727-330-2480,https://www.mavis.com/locations/tarpon-springs-lake-rd-fl/?stnum=4182,"1260 E Lake Rd S, Tarpon Springs, FL 34688, United States",,,,,,,,,0,,,,,,,,,745,4.8,2
C,32.51,7.51,tampa,Vinson Heating & Cooling.,+1 727-816-9040,http://vinsonair.com,"31515 US Hwy 19 N, Palm Harbor, FL 34684, United States",,,,,,,,,0,,,,,,,,,1011,4.9,2
C,32.51,7.51,tampa,Clean Sweep Duct Cleaning & Air Conditioning,+1 727-289-1644,https://cleansweepductsac.com/pinellas-duct-dryer-vent-cleaning-ac,,,,,,,,,,0,,,,,,,,,1006,5,2
C,32.49,7.49,tampa,Massey Services GreenUP Lawn Care Service,+1 727-375-7986,https://www.masseyservices.com/oldsmar/landscape-service/lawn-care,"2542 Merchant Ave, Odessa, FL 33556, United States",,,,,,,,,0,,,,,,,,,85,4.1,10
C,32.46,7.46,tampa,Egberts Electric and Air Conditioning,+1 727-609-7496,https://egbertsair.com/largo-hvac-services,"13080 S Belcher Rd Bldg A Unit F, Largo, FL 33773, United States",,,,,,,,,0,,,,,,,,,964,4.9,3
C,32.45,7.45,tampa,Graham Heating & Air Conditioning - Port Richey,+1 727-910-3021,https://www.grahamac.com/portrichey,"6540 Industrial Ave, Port Richey, FL 34668, United States",,,,,,,,,0,,,,,,,,,704,4.8,5
C,32.42,7.42,tampa,Expert Home Service,+1 813-632-8889,https://experthomeservice.com/service-areas/hillsborough-county-fl,"7320 E Fletcher Ave, Tampa, FL 33637, United States",,,,,,,,,0,,,,,,,,,923,4.9,2
C,32.41,7.41,tampa,Air Mechanical and Service Corp.,+1 813-875-0782,http://www.amsco-ac.com,,,,,,,,,,0,,,,,,,,,17,3.6,7
C,32.37,7.37,tampa,Air Pro's HVAC Contracting LLC,+1 813-770-2491,https://airproshvac.com,,,,,,,,,,0,,,,,,,,,103,4.2,9
C,32.36,7.36,tampa,Graham Heating & Air Conditioning - Seffner,+1 813-685-1179,https://www.grahamac.com/tampa,"11318 US-92, Seffner, FL 33584, United States",,,,,,,,,0,,,,,,,,,258,4.5,15
C,32.35,7.35,tampa,Joe Cool Air Conditioning and Plumbing,+1 813-355-8576,https://www.joecoolhomeservices.com/tampa,"1101 E Cumberland Ave Suite 301G, Tampa, FL 33602, United States",,,,,,,,,0,,,,,,,,,643,4.8,2
C,32.35,7.35,tampa,Mavis Tires & Brakes,+1 813-851-6955,https://www.mavis.com/locations/gibsonton-fl/?stnum=2122,"9324 Theater Dr, Gibsonton, FL 33534, United States",,,,,,,,,0,,,,,,,,,643,4.8,2
C,32.33,7.33,tampa,Spartan Air Solutions,+1 941-447-7960,https://spartanairservices.com/palmetto-fl,"3818 101st St E, Palmetto, FL 34221, United States",,,,,,,,,0,,,,,,,,,858,4.9,2
C,32.29,7.29,tampa,South Shore Auto Repair,+1 813-645-1674,,"2107 E College Ave D, Ruskin, FL 33570, United States",,,,,,,,,0,,,,,,,,,178,4.4,24
C,32.21,7.21,tampa,Eskimo Bros A/C & Heating,+1 813-331-1427,https://eskimo-bros.com,"333 N Falkenburg Rd Ste A125, Tampa, FL 33619, United States",,,,,,,,,0,,,,,,,,,763,4.9,3
C,32.13,7.13,tampa,Meineke Car Care Center,+1 727-870-3002,https://www.meineke.com/locations/fl/gulfport-2969,"5801 15th Ave S, Gulfport, FL 33707, United States",,,,,,,,,0,,,,,,,,,706,4.9,4
C,32.12,7.12,tampa,Air Shield Heating & Cooling,+1 813-733-6151,https://airshieldhvac.com,"4712 US-301, Ellenton, FL 34222, United States",,,,,,,,,0,,,,,,,,,702,4.9,2
C,32.12,7.12,tampa,Blue Collar Heating & Cooling,+1 727-270-8743,http://bluecollar-hvac.com,"1215 12th St, Palm Harbor, FL 34683, United States",,,,,,,,,0,,,,,,,,,702,4.9,4
C,32.11,7.11,tampa,Trane Supply,+1 813-877-8253,https://www.tranesupply.com/store-locator/?query=tampa,"4720 E Adamo Dr, Tampa, FL 33605, United States",,,,,,,,,0,,,,,,,,,60,4.1,30
C,32.08,7.08,tampa,LORDART AC LLC,+1 813-600-9680,https://www.lordartacllc.com,,,,,,,,,,0,,,,,,,,,2,3,1
C,32.05,7.05,tampa,Gulf Coast Air Systems,+1 813-689-2082,https://gulfcoastairsystems.com,"5411 Comfort Dr, Tampa, FL 33610, United States",,,,,,,,,0,,,,,,,,,485,4.8,2
C,32.03,7.03,tampa,Honest1 Auto Care,+1 813-816-2912,https://www.honest1.com/cypress-ranch,"17735 Harpers Run, Lutz, FL 33558, United States",,,,,,,,,0,,,,,,,,,259,4.6,4
C,32.01,7.01,tampa,ACS Home Services- Sarasota AC Repair,+1 941-202-6382,https://www.acshomeservices.com/sarasota-air-conditioning-plumbing-electrical,"1903 Northgate Blvd #120, Sarasota, FL 34234, United States",,,,,,,,,0,,,,,,,,,636,4.9,2
C,32.0,7.0,tampa,Dymond Heating and Cooling,+1 813-758-1099,http://www.dymondac.com,"3945 American Plaza Blvd, Land O' Lakes, FL 34638, United States",,,,,,,,,0,,,,,,,,,632,4.9,2
C,31.97,6.97,tampa,Ice Cold Air Discount Auto Repair HQ,+1 813-835-7283,https://www.icecoldair.com,"3902 S Westshore Blvd, Tampa, FL 33611, United States",,,,,,,,,0,,,,,,,,,133,4.4,5
C,31.97,6.97,tampa,Hot 2 Cold Air Conditioning,+1 813-358-4591,https://hot2coldairconditioning.com/ac-repair-riverview-fl,"10918 Rodeo Ln, Riverview, FL 33579, United States",,,,,,,,,0,,,,,,,,,451,4.8,12
C,31.97,6.97,tampa,"Gulf Coast Heating & AC, LLC",+1 727-329-6696,https://makeitcold.com,"6331 39th St N Ste 100, Pinellas Park, FL 33781, United States",,,,,,,,,0,,,,,,,,,611,4.9,3
C,31.9,6.9,tampa,"Weathermakers Air Conditioning & Heating, Inc",+1 727-382-0859,https://www.weathermakersac.com,"6496 126th Ave N, Largo, FL 33773, United States",,,,,,,,,0,,,,,,,,,424,4.8,13
C,31.87,6.87,tampa,Veterans AC & Heat Inc.,+1 727-604-8585,https://veteranshvac.com,"1120 Suemar Rd Suite 101, Dunedin, FL 34698, United States",,,,,,,,,0,,,,,,,,,558,4.9,2
C,31.84,6.84,tampa,Mason Air Conditioning & Heating,+1 727-437-2974,https://masonairconditioning.com,"13750 49th Street N Ste 2, Clearwater, FL 33762, United States",,,,,,,,,0,,,,,,,,,4,3.3,2
C,31.84,6.84,tampa,Ice Cold Air Discount Auto Repair,+1 727-525-1197,https://www.icecoldair.com/locations/6401-us-hwy-19-north,"6401 34th Street N, US Hwy 19 N, Pinellas Park, FL 33781, United States",,,,,,,,,0,,,,,,,,,217,4.6,2
C,31.81,6.81,tampa,Massey Services GreenUP Lawn Care Service,+1 813-995-6324,https://www.masseyservices.com/new-tampa/landscape-service/lawn-care,"4450 Pet Ln Ste 109, Lutz, FL 33559, United States",,,,,,,,,0,,,,,,,,,286,4.7,5
C,31.79,6.79,tampa,Clean Air Heating and Air Conditioning,+1 727-768-1837,https://cleanairheatingandairconditioning.com,,,,,,,,,,0,,,,,,,,,520,4.9,2
C,31.75,6.75,tampa,Sears Appliance Repair,+1 813-701-3275,https://www.searshomeservices.com/locations/fl/tampa/sears-appliance-repair/7902-citrus-park-town-center-mall?SID=1032549&phone=8137013275,"7902 Citrus Park Town Center Mall, Tampa, FL 33625, United States",,,,,,,,,0,,,,,,,,,199,4.6,5
C,31.75,6.75,tampa,Air Rescue - Largo,+1 813-322-2562,https://www.airrescueflorida.com,"801 W Bay Dr #302, Largo, FL 33770, United States",,,,,,,,,0,,,,,,,,,368,4.8,2
C,31.75,6.75,tampa,Griffin Service Corporation,+1 813-251-6942,http://www.griffinsvc.com,"606 N Gilchrist Ave, Tampa, FL 33606, United States",,,,,,,,,0,,,,,,,,,5,3.4,2
C,31.75,6.75,tampa,Quality Air Duct Cleaning Tampa,+1 727-346-6996,https://quality-tampa.com,"2123 W M.L.K. Jr Blvd #203, Tampa, FL 33607, United States",,,,,,,,,0,,,,,,,,,5,3.4,2
C,31.7,6.7,tampa,ACS Home Services- Clearwater AC Repair,+1 727-201-0914,https://www.acshomeservices.com/clearwater-air-conditioning-plumbing-electrical,"515 N Myrtle Ave, Clearwater, FL 33755, United States",,,,,,,,,0,,,,,,,,,477,4.9,3
C,31.6,6.6,tampa,Velocity Air Conditioning & Heating,+1 727-437-3810,http://www.velocityairconditioning.com,,,,,,,,,,0,,,,,,,,,51,4.2,14
C,31.49,6.49,tampa,ACHV Services,+1 727-453-2432,https://www.achvservices.com,,,,,,,,,,0,,,,,,,,,394,5,2
C,31.49,6.49,tampa,Sears Appliance Repair,+1 813-413-1052,https://www.searshomeservices.com/locations/fl/tampa/sears-appliance-repair/2266-e-fowler-ave?SID=1033811&phone=8134131052,"2266 E Fowler Ave, Tampa, FL 33612, United States",,,,,,,,,0,,,,,,,,,85,4.4,6
C,31.48,6.48,tampa,The Service Pros AC Repair St Petersburg,+1 727-222-0237,http://theservicepros.com,"1700 4th St S Unit C, St. Petersburg, FL 33701, United States",,,,,,,,,0,,,,,,,,,392,5,2
C,31.47,6.47,tampa,Airheads HVAC,+1 727-226-5330,http://airheadsac.com,"4409 US-19, New Port Richey, FL 34652, United States",,,,,,,,,0,,,,,,,,,387,4.9,3
C,31.47,6.47,tampa,American Air Repair,+1 813-802-2183,https://americanairrepairllc.com,"1819 Blazers Trail, Lakeland, FL 33809, United States",,,,,,,,,0,,,,,,,,,387,5,2
C,31.45,6.45,tampa,Tampa HVAC Service,+1 727-390-4816,,"11252 W Hillsborough Ave, Tampa, FL 33635, United States",,,,,,,,,0,,,,,,,,,13,3.8,5
C,31.42,6.42,tampa,Sears Appliance Repair,+1 727-440-2355,https://www.searshomeservices.com/locations/fl/st-petersburg/sears-appliance-repair/4501-66th-st-n?SID=1034028&phone=7274402355,"4501 66th St N, Kenneth City, FL 33709, United States",,,,,,,,,0,,,,,,,,,147,4.6,5
C,31.4,6.4,tampa,Bright Air Duct Cleaning,+1 813-867-6337,https://brightairductcleaning.com,"12610 Henderson Rd #2a, Tampa, FL 33625, United States",,,,,,,,,0,,,,,,,,,363,4.9,3
C,31.39,6.39,tampa,Nolan Air Heating & Cooling,+1 813-733-1958,http://nolanair.com,"5008 W Linebaugh Ave Unit 40, Tampa, FL 33624, United States",,,,,,,,,0,,,,,,,,,360,5,12
C,31.36,6.36,tampa,Case Plumbing & Sewer,+1 813-252-0210,https://www.joecoolhomeservices.com/case-plumbing/tampa,"4307 W Pearl Ave, Tampa, FL 33611, United States",,,,,,,,,0,,,,,,,,,258,4.8,3
C,31.33,6.33,tampa,"John’s Services, LLC",+1 813-535-5364,https://www.johnsair.com,"1209 Tech Blvd #209, Tampa, FL 33619, United States",,,,,,,,,0,,,,,,,,,183,4.7,7
C,31.31,6.31,tampa,Trane Supply,+1 727-572-8255,https://www.tranesupply.com/store-locator/?query=clearwater,"12385 Automobile Blvd, Clearwater, FL 33762, United States",,,,,,,,,0,,,,,,,,,53,4.3,23
C,31.3,6.3,tampa,Blue Collar Heating & Cooling,+1 727-758-3505,http://bluecollar-hvac.com,"4553 Grand Blvd, New Port Richey, FL 34652, United States",,,,,,,,,0,,,,,,,,,331,4.9,3
C,31.29,6.29,tampa,Sears Appliance Repair,+1 813-774-5660,https://www.searshomeservices.com/locations/fl/tampa/sears-appliance-repair/5400-e-busch-blvd?SID=1034017&phone=8137745660,"5400 E Busch Blvd, Temple Terrace, FL 33617, United States",,,,,,,,,0,,,,,,,,,131,4.6,54
C,31.28,6.28,tampa,Veteran Air,+1 727-428-1265,https://www.veteranair.com,"8800 49th Street N Ste 210, Pinellas Park, FL 33782, United States",,,,,,,,,0,,,,,,,,,238,4.8,13
C,31.28,6.28,tampa,Clean Air Duct Cleaning,+1 813-607-2533,https://cadductcleaning.com/locations/wesley-chapel-fl,"27524 Cashford Cir #102, Wesley Chapel, FL 33544, United States",,,,,,,,,0,,,,,,,,,324,4.9,2
C,31.26,6.26,tampa,Brighter Home Services - Professional Plumbing & Air,+1 727-584-4524,https://brighterservices.com/plumbing-services,"707 Belleair Rd, Clearwater, FL 33756, United States",,,,,,,,,0,,,,,,,,,172,4.7,5
C,31.23,6.23,tampa,Blue Collar Heating & Cooling,+1 727-334-1252,http://bluecollar-hvac.com,"1301 Seminole Blvd, Largo, FL 33770, United States",,,,,,,,,0,,,,,,,,,311,4.9,3
C,31.22,6.22,tampa,Varsity Zone HVAC,+1 941-837-5812,https://www.varsityzone.com/southwest-florida-fl,"3115 Lakewood Ranch Blvd Ste 109, Lakewood Ranch, FL 34211, United States",,,,,,,,,0,,,,,,,,,309,5,2
C,31.2,6.2,tampa,Mobile One Lube Express,+1 813-458-3356,http://facebook.com/GandyMobil1LubeExpress,"3699 W Gandy Blvd, Tampa, FL 33611, United States",,,,,,,,,0,,,,,,,,,65,4.4,41
C,31.19,6.19,tampa,Modern Air & Refigeration,+1 941-404-7557,https://www.modernairnow.com,"7123 24th Ct E, Sarasota, FL 34243, United States",,,,,,,,,0,,,,,,,,,300,4.9,2
C,31.18,6.18,tampa,Polar Bay AC INC,+1 813-310-5790,https://acpolar.com,"1242 Livingston Rd, Lutz, FL 33559, United States",,,,,,,,,0,,,,,,,,,161,4.7,54
C,31.18,6.18,tampa,Sears Appliance Repair,+1 727-240-3143,https://www.searshomeservices.com/locations/fl/clearwater/sears-appliance-repair/27001-us-19-n-suite-8520?SID=1033878&phone=7272403143,"27001 US-19, Clearwater, FL 33761, United States",,,,,,,,,0,,,,,,,,,161,4.7,14
C,31.13,6.13,tampa,"Ken Barrett Air Conditioning, Inc.",+1 813-968-5535,http://www.kenbarrettair.com,"13909 Cherry Brook Ln, Tampa, FL 33618, United States",,,,,,,,,0,,,,,,,,,33,4.2,2
C,31.13,6.13,tampa,"Garland Air, LLC",+1 727-945-2956,https://garlandairfl.com,,,,,,,,,,0,,,,,,,,,61,4.4,46
C,31.09,6.09,tampa,Alien Air,+1 813-560-0759,https://alien-air.com,,,,,,,,,,0,,,,,,,,,274,5,12
C,31.08,6.08,tampa,Always There Heating & Air,+1 813-655-7004,https://alwaysthereair.com,,,,,,,,,,0,,,,,,,,,199,4.8,33
C,31.08,6.08,tampa,Preferred Mechanical Air Conditioning,+1 727-937-9111,http://preferredairconditioning.com,"4206 Louis Ave, Holiday, FL 34691, United States",,,,,,,,,0,,,,,,,,,146,4.7,3
C,31.08,6.08,tampa,Robco Transmission & Auto Repair,+1 727-851-9533,https://www.facebook.com/Robco-Transmission-Auto-Repair-564707016963983,"3101 Emerson Ave S, St. Petersburg, FL 33712, United States",,,,,,,,,0,,,,,,,,,146,4.7,3
C,31.04,6.04,tampa,Sears Appliance Repair,+1 727-240-3134,https://www.searshomeservices.com/locations/fl/st-petersburg/sears-appliance-repair?SID=1295&phone=7272403134,"2300 Tyrone Blvd N, St. Petersburg, FL 33710, United States",,,,,,,,,0,,,,,,,,,104,4.6,25
C,31.03,6.03,tampa,Sears Appliance Repair,+1 813-603-1901,https://www.searshomeservices.com/locations/fl/brandon/sears-appliance-repair/1602-w-brandon-blvd?SID=1671&phone=8136031901,"1602 W Brandon Blvd, Brandon, FL 33511, United States",,,,,,,,,0,,,,,,,,,76,4.5,47
C,31.0,6.0,tampa,Blue Collar Heating & Cooling,+1 813-491-7848,https://bluecollar-hvac.com,"2422 Destiny Way, Odessa, FL 33556, United States",,,,,,,,,0,,,,,,,,,252,4.9,2
C,30.9,5.9,tampa,Johnstone Supply,+1 813-424-3180,https://www.johnstonesupply.com/428,"203 Kelsey Ln # A, Tampa, FL 33619, United States",,,,,,,,,0,,,,,,,,,67,4.5,31
C,30.89,5.89,tampa,Chavez & Sons,+1 813-640-3400,https://chavezsonshvacservices.com/tampa-fl,"5214 Bridge St, Tampa, FL 33611, United States",,,,,,,,,0,,,,,,,,,123,4.7,2
C,30.83,5.83,tampa,Clean Air Pros,+1 813-324-4509,https://www.cleanairprosfl.com,"5211 E 127th Ave, Temple Terrace, FL 33617, United States",,,,,,,,,0,,,,,,,,,215,5,2
C,30.82,5.82,tampa,Tampa AC Repair Guys,+1 813-737-0625,http://actampafl.com,"5317 56th Commerce Park Blvd, Tampa, FL 33610, United States",,,,,,,,,0,,,,,,,,,212,5,3
C,30.82,5.82,tampa,TemperaturePro,+1 727-371-4274,https://temperaturepro.com/st-petersburg-fl,"12445 62nd St # 303, Largo, FL 33773, United States",,,,,,,,,0,,,,,,,,,115,4.7,3
C,30.81,5.81,tampa,D & W Heating & Air Conditioning,+1 941-479-9889,https://hvac.theairspecialist.com,"29180 US Hwy 19 N, Clearwater, FL 33761, United States",,,,,,,,,0,,,,,,,,,210,5,2
C,30.76,5.76,tampa,Clearwater Heating and Air,+1 727-657-0680,https://clearwaterheatandair.com,,,,,,,,,,0,,,,,,,,,201,4.9,12
C,30.75,5.75,tampa,I Know A Guy AC,+1 813-797-6577,https://iknowaguyac.com,"3002 W Kennedy Blvd, Tampa, FL 33609, United States",,,,,,,,,0,,,,,,,,,199,5,2
C,30.74,5.74,tampa,American Air Conditioning & Restoration,+1 941-739-9731,https://www.acrforyou.com,"6060 28th St E #5, Bradenton, FL 34203, United States",,,,,,,,,0,,,,,,,,,198,4.9,2
C,30.73,5.73,tampa,Tampa AC Services Inc,+1 813-510-8876,https://tampa-acservices.com/ac-repair-wesley-chapel,"8073 Rolling Shell Trail, Wesley Chapel, FL 33545, United States",,,,,,,,,0,,,,,,,,,197,5,2
C,30.73,5.73,tampa,Sun Up Services (Cooling & Heating),+1 727-522-2288,https://sunupservices.com,"1590 Seminole Blvd, Largo, FL 33770, United States",,,,,,,,,0,,,,,,,,,197,4.9,4
C,30.7,5.7,tampa,Hot 2 Cold Air Conditioning,+1 727-279-0900,https://hot2coldairconditioning.com/air-conditioning-repair-holiday-fl,"5034 Mile Stretch Dr, Holiday, FL 34690, United States",,,,,,,,,0,,,,,,,,,103,4.7,3
C,30.69,5.69,tampa,Dependable Air Duct & Dryer Vent Cleaning,+1 813-547-8936,https://dependableairductdryerventcleaning.com/locations/top-rated-air-duct-cleaning-services-tampa-fl,"6107 S MacDill Ave, Tampa, FL 33611, United States",,,,,,,,,0,,,,,,,,,189,4.9,63
C,30.68,5.68,tampa,Cool Breeze AC,+1 727-408-6155,https://www.pinellascoolbreeze.com,"5677 70th Ave N, Pinellas Park, FL 33781, United States",,,,,,,,,0,,,,,,,,,187,4.9,3
C,30.68,5.68,tampa,Aire Serv of Clearwater,+1 727-361-9578,https://aireserv.com/clearwater/?cid=LSTL_ASV-US000187,"1185 Gooden Crossing Unit A, Largo, FL 33778, United States",,,,,,,,,0,,,,,,,,,187,5,2
C,30.67,5.67,tampa,Brighter Home Services,+1 813-370-0288,https://brighterservices.com,"14105 McCormick Dr, Tampa, FL 33626, United States",,,,,,,,,0,,,,,,,,,101,4.7,2
C,30.64,5.64,tampa,Dependable air duct & dryer vent cleaning.,+1 813-378-3968,https://dependableairductdryerventcleaning.com/locations/top-rated-air-duct-cleaning-services-wimauma-fl,"5656 FL-674, Wimauma, FL 33598, United States",,,,,,,,,0,,,,,,,,,180,5,72
C,30.62,5.62,tampa,Santos A/C and Plumbing,+1 813-376-3985,http://santosactampa.com,,,,,,,,,,0,,,,,,,,,38,4.4,26
C,30.58,5.58,tampa,Clearwater Heating and Air Conditioning,+1 727-473-4552,,"14067 66th St N, Clearwater, FL 33764, United States",,,,,,,,,0,,,,,,,,,27,4.3,19
C,30.57,5.57,tampa,Gulf Coast Appliance Repair,+1 727-510-3524,https://gulfcoastappliances.com,"12760 Indian Rocks Rd APT 806, Largo, FL 33774, United States",,,,,,,,,0,,,,,,,,,168,4.9,3
C,30.54,5.54,tampa,Weathermakers Air Conditioning & Heating,+1 727-274-1909,https://www.weathermakersac.com/hvac-clearwater-fl,"2484 Moore Haven Dr W, Clearwater, FL 33763, United States",,,,,,,,,0,,,,,,,,,165,4.9,2
C,30.54,5.54,tampa,Cool Yeah Air Conditioning and Heating,+1 813-643-1028,http://www.coolyeahacandheat.com,"508 Finger Lakes Pl, Seffner, FL 33584, United States",,,,,,,,,0,,,,,,,,,165,5,2
C,30.53,5.53,tampa,Johnstone Supply,+1 727-561-9309,https://www.johnstonesupply.com/309,"11116 47th St N, Clearwater, FL 33762, United States",,,,,,,,,0,,,,,,,,,65,4.6,28
C,30.53,5.53,tampa,Expedited Heat & Air,+1 813-937-5272,https://expeditedheatandair.com,"3611 E 10th Ave B, Tampa, FL 33605, United States",,,,,,,,,0,,,,,,,,,119,4.8,5
C,30.51,5.51,tampa,B&J Heating and Air Conditioning,+1 727-281-8718,https://www.bjheatingandair.com,,,,,,,,,,0,,,,,,,,,160,4.9,3
C,30.47,5.47,tampa,Frank Gay Services,+1 813-642-4790,https://frankgayservices.com/service-area/tampa,"5904 Hampton Oaks Pkwy C, Tampa, FL 33610, United States",,,,,,,,,0,,,,,,,,,61,4.6,22
C,30.45,5.45,tampa,Heating & Cooling Duct Cleaning,+1 813-438-6720,,"1709 S Dale Mabry Hwy, Tampa, FL 33629, United States",,,,,,,,,0,,,,,,,,,13,4.1,4
C,30.37,5.37,tampa,Gulf Coast Appliance Repair,+1 727-205-8760,https://gulfcoastappliances.com,"34125 US-19 Unit 200, Palm Harbor, FL 34684, United States",,,,,,,,,0,,,,,,,,,103,4.8,42
C,30.34,5.34,tampa,Baker Distributing Company,+1 727-525-6926,http://www.bakerdist.com,"3090 44th Ave N, St. Petersburg, FL 33714, United States",,,,,,,,,0,,,,,,,,,16,4.2,9
C,30.33,5.33,tampa,I Know A Guy AC,+1 813-797-6577,https://iknowaguyac.com,"380 Douglas Rd E Ste. 6, Oldsmar, FL 34677, United States",,,,,,,,,0,,,,,,,,,136,5,3
C,30.33,5.33,tampa,Advanced Auto Repair & A/C Specialists,+1 941-932-1385,http://www.facebook.com/AdvancedAutoRepairBradenton,"2307 9th St E #2, Bradenton, FL 34208, United States",,,,,,,,,0,,,,,,,,,73,4.7,52
C,30.3,5.3,tampa,"SERVPRO of Sun City Center, Ruskin South",+1 813-867-2445,https://www.servpro.com/locations/fl/servpro-of-sun-city-center-ruskin-south,"2107 E College Ave Suite 12, Ruskin, FL 33570, United States",,,,,,,,,0,,,,,,,,,132,4.9,2
C,30.29,5.29,tampa,Airheads HVAC,+1 727-226-5330,http://airheadsac.com,"2524 Palesta Dr, Trinity, FL 34655, United States",,,,,,,,,0,,,,,,,,,96,4.8,13
C,30.29,5.29,tampa,AITKEN'S Heating & Cooling,+1 813-428-5665,http://aitkensproservices.com,"22801 Eagles Watch Dr, Land O' Lakes, FL 34639, United States",,,,,,,,,0,,,,,,,,,52,4.6,12
C,30.27,5.27,tampa,Chavez & Sons Heating & Cooling Services,+1 813-761-1100,https://chavezsonshvacservices.com,"1815 E Fowler Ave, Tampa, FL 33612, United States",,,,,,,,,0,,,,,,,,,95,4.8,2
C,30.26,5.26,tampa,SERVPRO of Oldsmar/Westchase,+1 813-616-1225,https://www.servpro.com/locations/fl/servpro-of-oldsmar-westchase,"12802 Dupont Cir, Tampa, FL 33626, United States",,,,,,,,,0,,,,,,,,,127,4.9,2
C,30.25,5.25,tampa,Momentum AC & Electric,+1 727-609-5522,https://www.momentumacpro.com,"2900 18th Ave S, St. Petersburg, FL 33712, United States",,,,,,,,,0,,,,,,,,,126,4.9,2
C,30.22,5.22,tampa,Case Plumbing & Sewer,+1 727-233-5295,https://www.joecoolhomeservices.com/case-plumbing/pinellas-park,"7306 56th St, Pinellas Park, FL 33781, United States",,,,,,,,,0,,,,,,,,,122,4.9,3
C,30.21,5.21,tampa,Chavez & Sons Heating & Cooling Services,+1 813-295-6100,https://chavezsonshvacservices.com/tampa-fl-3,"5395 N 17th St, Tampa, FL 33610, United States",,,,,,,,,0,,,,,,,,,89,4.8,2
C,30.2,5.2,tampa,Clearwater Air Conditioning & Heating,+1 727-628-4797,,"2239 Gulf To Bay Blvd, Clearwater, FL 33765, United States",,,,,,,,,0,,,,,,,,,19,4.3,11
C,30.19,5.19,tampa,ACS Home Services- Carrollwood,+1 813-433-0308,https://acshomeservices.com,"7320 E Fletcher Ave, Tampa, FL 33637, United States",,,,,,,,,0,,,,,,,,,3,3.7,1
C,30.19,5.19,tampa,Foundation HVAC Co.,+1 813-445-8820,https://www.steelehvacllc.com/contact,"4516 S Shamrock Rd, Tampa, FL 33611, United States",,,,,,,,,0,,,,,,,,,35,4.5,20
C,30.16,5.16,tampa,Lebron Heating & Cooling,+1 727-325-2880,https://ask-lebron.com,,,,,,,,,,0,,,,,,,,,116,4.9,12
C,30.14,5.14,tampa,Domingo & Sons,+1 727-594-7700,https://domingosonshvacpro.com/st-petersburg,"11138 4th St N, St. Petersburg, FL 33716, United States",,,,,,,,,0,,,,,,,,,114,4.9,2
C,30.13,5.13,tampa,Domingo & Sons Heating and Cooling Pro,+1 727-607-0800,https://domingosonshvacpro.com,"4950 34th St S, St. Petersburg, FL 33711, United States",,,,,,,,,0,,,,,,,,,83,4.8,2
C,30.08,5.08,tampa,Air Bros Air Conditioning & Electrical,+1 727-473-8220,https://theairbros.com/service-areas/air-conditioning-heating-seminole-fl,"7777 131st St N Ste 15-16, Seminole, FL 33776, United States",,,,,,,,,0,,,,,,,,,108,5,2
C,30.05,5.05,tampa,Varsity Zone HVAC of Tampa,+1 813-609-0019,https://www.varsityzone.com/tampa-fl,"5018 N Coolidge Ave Bldg 2, Suite C, Tampa, FL 33614, United States",,,,,,,,,0,,,,,,,,,105,5,3
C,30.04,5.04,tampa,SERVPRO of Tarpon,+1 727-888-0708,https://www.servpro.com/locations/fl/servpro-of-tarpon,"2300 Grand Blvd, Holiday, FL 34690, United States",,,,,,,,,0,,,,,,,,,104,4.9,2
C,30.04,5.04,tampa,"Reliable Air Solutions of Tampa , LLC",+1 813-362-7648,https://www.reliableairsolutionstampa.com,,,,,,,,,,0,,,,,,,,,104,5,22
C,30.03,5.03,tampa,Air Shield,+1 813-644-3806,https://airshieldhvac.com,,,,,,,,,,0,,,,,,,,,30,4.5,19
C,30.01,5.01,tampa,Garland Air,+1 727-945-2956,https://garlandairfl.com/contact-us,"8217 Fishhawk Ave, New Port Richey, FL 34653, United States",,,,,,,,,0,,,,,,,,,16,4.3,8
C,29.99,4.99,tampa,Rosensteel's Air Conditioning,+1 727-584-4524,https://brighterservices.com,"12541 Ulmerton Rd A, Largo, FL 33774, United States",,,,,,,,,0,,,,,,,,,29,4.5,22
C,29.97,4.97,tampa,Santos A/C and Plumbing,+1 813-376-3985,http://santosactampa.com,"18505 Hanna Rd, Lutz, FL 33549, United States",,,,,,,,,0,,,,,,,,,97,4.9,2
C,29.94,4.94,tampa,Domingo & Sons Heating & Cooling Pro,+1 727-291-7800,https://domingosonshvacpro.com/st-petersburg-2,"2542 22nd Ave N, St. Petersburg, FL 33713, United States",,,,,,,,,0,,,,,,,,,95,4.9,2
C,29.92,4.92,tampa,Quality Air Duct Cleaning Ruskin,+1 813-582-3943,,"1001 24th St SE, Ruskin, FL 33570, United States",,,,,,,,,0,,,,,,,,,8,4.1,2
C,29.92,4.92,tampa,Superior Automotive Truck and Trailer Services,+1 813-789-6987,http://www.facebook.com/superiorautomotivetrucktrailerservices,"13342 Laraway Dr, Riverview, FL 33579, United States",,,,,,,,,0,,,,,,,,,93,5,4
C,29.87,4.87,tampa,Air Duct Cleaning Service,+1 813-336-2351,,"208 N Lincoln Ave, Tampa, FL 33609, United States",,,,,,,,,0,,,,,,,,,14,4.3,5
C,29.86,4.86,tampa,First Choice Air Duct Service,+1 813-797-4333,https://airductsuperiorfl.com,"209 Crystal Grove Blvd Ste 38, Lutz, FL 33548, United States",,,,,,,,,0,,,,,,,,,88,4.9,12
C,29.83,4.83,tampa,Clearwater Air Conditioning & Heating Inc,+1 727-473-0068,,"1258 S Highland Ave, Clearwater, FL 33756, United States",,,,,,,,,0,,,,,,,,,34,4.6,22
C,29.81,4.81,tampa,Veterans AC & Heat,+1 727-607-2080,https://veteranshvac.com,"39020 US Hwy 19 N, Tarpon Springs, FL 34689, United States",,,,,,,,,0,,,,,,,,,84,4.9,62
C,29.8,4.8,tampa,Auto Repair Center,+1 813-443-4730,http://autorepaircentertampa.com,"7101 N 40th St, Tampa, FL 33604, United States",,,,,,,,,0,,,,,,,,,83,4.9,59
C,29.76,4.76,tampa,Air Mavericks Air Conditioning Tampa,+1 727-431-5578,https://airmavericks.com,,,,,,,,,,0,,,,,,,,,59,4.8,2
C,29.76,4.76,tampa,Veterans AC & Heat Inc.,+1 813-592-4120,https://veteranshvac.com,"8473 W Linebaugh Ave Ste 110, Tampa, FL 33625, United States",,,,,,,,,0,,,,,,,,,80,5,2
C,29.74,4.74,tampa,Air Prime Solutions,+1 813-843-7777,http://www.airprimesolutions.com,"368 Hope Bay Loop, Apollo Beach, FL 33572, United States",,,,,,,,,0,,,,,,,,,79,5,4
C,29.72,4.72,tampa,South Shore Construction LLC,+1 813-333-1222,http://exceptionalconstruction.com,"240 Apollo Beach Blvd, Apollo Beach, FL 33572, United States",,,,,,,,,0,,,,,,,,,42,4.7,2
C,29.67,4.67,tampa,Expert Home Service,+1 813-649-5974,https://experthomeservice.com/service-areas/hillsborough-county-fl,"4302 Henderson Blvd #120, Tampa, FL 33629, United States",,,,,,,,,0,,,,,,,,,74,4.9,2
C,29.64,4.64,tampa,Air Rescue - Dunedin,+1 727-591-0206,https://airrescueflorida.com,"1422 Pinehurst Rd C, Dunedin, FL 34698, United States",,,,,,,,,0,,,,,,,,,53,4.8,22
C,29.64,4.64,tampa,Valrico A Team Air conditioning Repair,+1 813-845-8978,https://ateamairconditioningrepair.com/valrico-fl,"2304 Crosby Rd, Valrico, FL 33594, United States",,,,,,,,,0,,,,,,,,,39,4.7,11
C,29.62,4.62,tampa,Cool Air HVAC Services LLC,+1 813-373-3200,http://instagram.com/coolairhvacservices,,,,,,,,,,0,,,,,,,,,70,5,2
C,29.58,4.58,tampa,Tampa AC Services Inc,+1 813-993-4669,https://tampa-acservices.com/ac-repair-tampa,"3612 Palm Crossing Dr, Tampa, FL 33613, United States",,,,,,,,,0,,,,,,,,,68,5,22
C,29.56,4.56,tampa,Cool-Aide Air Conditioning & Heating,+1 727-954-8875,https://www.sunupservices.com/service-area/seminole-fl-heating-cooling-services,"11000 70th Ave N #1, Seminole, FL 33772, United States",,,,,,,,,0,,,,,,,,,49,4.8,16
C,29.51,4.51,tampa,Air Conditioning Professionals HVAC & Repairs,+1 813-400-0123,https://airproshvac.com,"333 N Falkenburg Rd Unit D-407, Tampa, FL 33619, United States",,,,,,,,,0,,,,,,,,,4,4,1
C,29.48,4.48,tampa,YAJ Electric and Air Conditioning Services,+1 813-434-3458,https://www.facebook.com/yajcoolelectric,,,,,,,,,,0,,,,,,,,,62,5,52
C,29.47,4.47,tampa,St Pete Mitsubishi Service and Parts,+1 727-616-0299,https://www.stpetemitsubishi.com/service/center.htm,"8350 Park Blvd, Seminole, FL 33777, United States",,,,,,,,,0,,,,,,,,,61,4.9,54
C,29.44,4.44,tampa,Clean Sweep Duct Cleaning & Air Conditioning,+1 813-492-7791,https://cleansweepductsac.com/tampa-duct-dryer-vent-cleaning-ac,"4419 N Hubert Ave Ste M, Tampa, FL 33614, United States",,,,,,,,,0,,,,,,,,,60,5,2
C,29.37,4.37,tampa,Preferred Mechanical Air Conditioning,+1 941-306-5071,https://preferredairconditioning.com,"1457 Tallevast Rd, Sarasota, FL 34243, United States",,,,,,,,,0,,,,,,,,,41,4.8,3
C,29.27,4.27,tampa,Tropical HVAC Service,+1 813-445-6882,https://www.steelehvacllc.com/contact,"3316 W Aileen St, Tampa, FL 33607, United States",,,,,,,,,0,,,,,,,,,6,4.2,0
C,29.27,4.27,tampa,"Air Dynamics of Florida, LLC",+1 813-933-7733,https://airdynamicsofflorida.com,,,,,,,,,,0,,,,,,,,,51,5,26
C,29.25,4.25,tampa,"Air Tech of Tampa, Inc.",+1 813-416-8879,https://www.airtechoftampa.com/ac-repairs,,,,,,,,,,0,,,,,,,,,50,5,32
C,29.25,4.25,tampa,"QUALITY AIR PLUS, LLC",+1 813-563-3561,,"603 S 67th St # A, Tampa, FL 33619, United States",,,,,,,,,0,,,,,,,,,50,5,36
C,29.2,4.2,tampa,Aire Serv of Wesley Chapel,+1 813-656-9620,https://www.aireserv.com/wesley-chapel/?cid=LSTL_ASV-US000187,,,,,,,,,,0,,,,,,,,,48,5,2
C,29.18,4.18,tampa,True Plumbers & AC,+1 813-435-9031,https://trueplumbers.com,,,,,,,,,,0,,,,,,,,,47,5,12
C,29.16,4.16,tampa,A Team Air conditioning & HVAC Repair,+1 813-544-2941,https://ateamairconditioningrepair.com/plant-city-fl,"3404 Silver Glen Ct, Plant City, FL 33566, United States",,,,,,,,,0,,,,,,,,,34,4.8,7
C,29.16,4.16,tampa,SERVPRO of NE St. Petersburg,+1 727-522-0000,https://www.servpro.com/locations/fl/servpro-of-ne-st-petersburg,,,,,,,,,,0,,,,,,,,,25,4.7,2
C,29.16,4.16,tampa,First Choice Home Services,+1 727-313-1469,https://firstchoicehomeservicesfl.com,"7777 131st St N Ste 11, Seminole, FL 33776, United States",,,,,,,,,0,,,,,,,,,46,5,2
C,29.13,4.13,tampa,A Team Air conditioning Repair,+1 813-412-8206,https://ateamairconditioningrepair.com/zephyrhills-fl,"40443 Stewart Rd, Zephyrhills, FL 33540, United States",,,,,,,,,0,,,,,,,,,45,5,11
C,29.08,4.08,tampa,A Team Air conditioning Repair,+1 813-296-6026,https://ateamairconditioningrepair.com/lithia-fl,"13423 Fishhawk Blvd, Lithia, FL 33547, United States",,,,,,,,,0,,,,,,,,,43,5,19
C,29.08,4.08,tampa,Polar Bay AC INC,+1 813-310-5790,https://acpolar.com,"9426 Lazy Ln Unit 101, Tampa, FL 33614, United States",,,,,,,,,0,,,,,,,,,5,4.2,3
C,28.95,3.95,tampa,Bright Air Duct Cleaning Holiday,+1 727-914-9890,https://brightairductcleaning.com/air-duct-cleaning-holiday-fl,"2435 US-19 #96B, Holiday, FL 34691, United States",,,,,,,,,0,,,,,,,,,38,5,27
C,28.89,3.89,tampa,"Action Air Conditioning, Inc.",+1 813-933-1190,https://actionairconditioning.com/service-area/lutz-fl-hvac-and-ac-repair,"17501 Cedarwood Loop, Lutz, FL 33558, United States",,,,,,,,,0,,,,,,,,,36,5,24
C,28.89,3.89,tampa,Arctic A/C & Heating LLC,+1 727-301-8552,https://arcticacandheating.com,"3715 Kimberly Oaks Dr, Holiday, FL 34691, United States",,,,,,,,,0,,,,,,,,,36,5,25
C,28.89,3.89,tampa,Bright Air Duct Cleaning Of Wesley Chapel,+1 813-616-5443,https://www.brightairductcleaningwesley.com,"6013 Wesley Grove Blvd #202, Wesley Chapel, FL 33544, United States",,,,,,,,,0,,,,,,,,,36,4.9,25
C,28.87,3.87,tampa,"Modern Air, Inc.",+1 727-505-9516,,"4621 Grand Blvd, New Port Richey, FL 34652, United States",,,,,,,,,0,,,,,,,,,14,4.6,6
C,28.86,3.86,tampa,A Team Air conditioning Repair,+1 813-296-6457,https://ateamairconditioningrepair.com/sun-city-center-fl,"4874 Sun City Center Blvd, Sun City Center, FL 33573, United States",,,,,,,,,0,,,,,,,,,35,5,8
C,28.86,3.86,tampa,A Team Air conditioning Repair,+1 813-970-0108,https://ateamairconditioningrepair.com/indian-rocks-beach-fl,"2300 Co Rd 183, Indian Rocks Beach, FL 33785, United States",,,,,,,,,0,,,,,,,,,35,5,5
C,28.86,3.86,tampa,Velocity Air Conditioning,+1 813-669-7009,https://velocityairconditioning.com/service-areas/ac-repair-carrollwood-fl,"11406 N Dale Mabry Hwy Unit 201, Tampa, FL 33618, United States",,,,,,,,,0,,,,,,,,,35,5,18
C,28.82,3.82,tampa,St Pete Air Duct Cleaning Pros,+1 727-308-0145,,"2429 Central Ave, St. Petersburg, FL 33713, United States",,,,,,,,,0,,,,,,,,,25,4.8,17
C,28.8,3.8,tampa,A Team Air conditioning Repair of St. Petersburg,+1 813-378-3129,https://ateamairconditioningrepair.com/petersburg-fl,"4609 4th St N, St. Petersburg, FL 33703, United States",,,,,,,,,0,,,,,,,,,33,4.9,6
C,28.8,3.8,tampa,AirBall air duct & dryer vent cleaning,+1 813-378-3602,https://dependableairductdryerventcleaning.com/locations/top-rated-air-duct-cleaning-services-sun-city-center-fl,"129 S Pebble Beach Blvd, Sun City Center, FL 33573, United States",,,,,,,,,0,,,,,,,,,33,4.9,26
C,28.8,3.8,tampa,Clearwater Air Duct Cleaning Service,+1 727-477-0794,,"26750 US Hwy 19 N, Clearwater, FL 33761, United States",,,,,,,,,0,,,,,,,,,33,5,24
C,28.78,3.78,tampa,Air Duct efficiency Corp,+1 727-888-1849,https://airductefficiencycorp.com,"4251 34th St N, St. Petersburg, FL 33714, United States",,,,,,,,,0,,,,,,,,,24,4.8,12
C,28.77,3.77,tampa,Cool Breeze Heating & Cooling,+1 941-776-0322,,,,,,,,,,,0,,,,,,,,,32,5,22
C,28.77,3.77,tampa,SERVPRO of New Tampa,+1 813-540-0073,https://www.servpro.com/locations/fl/servpro-of-new-tampa,"5331 Primrose Lake Cir Ste 129, Tampa, FL 33647, United States",,,,,,,,,0,,,,,,,,,32,5,24
C,28.72,3.72,tampa,Legacy Home Resources llc,+1 813-556-2548,http://legacyhomeresources.com,,,,,,,,,,0,,,,,,,,,31,5,23
C,28.72,3.72,tampa,Air Solutions of Tampa Bay,+1 813-967-5537,https://www.airsolutionsoftampabay.com/utm_source=google&utm_medium=business_p?rofile=,,,,,,,,,,0,,,,,,,,,31,5,3
C,28.72,3.72,tampa,Grease monkey mobile auto repair,+1 813-900-8763,https://www.facebook.com/greasemedic813?mibextid=eBUYbo,"Balm Riverview Rd, Riverview, FL 33579, United States",,,,,,,,,0,,,,,,,,,31,4.9,21
C,28.72,3.72,tampa,Vinson Heating and Cooling,+1 813-817-9347,https://www.vinsonair.com,"1810 W Kennedy Blvd, Tampa, FL 33606, United States",,,,,,,,,0,,,,,,,,,31,4.9,22
C,28.69,3.69,tampa,Velocity Air Conditioning,+1 941-957-9794,https://velocityairconditioning.com/service-areas/sarasota-county,"1625 W University Pkwy, Sarasota, FL 34243, United States",,,,,,,,,0,,,,,,,,,30,4.9,18
C,28.69,3.69,tampa,A C Electric Company,+1 727-345-3108,https://acelectricfla.com,"7011 4th Ave N, St. Petersburg, FL 33710, United States",,,,,,,,,0,,,,,,,,,30,4.9,2
C,28.66,3.66,tampa,Nolan Air Heating & Cooling - Palm Harbor,+1 727-353-9293,https://nolanair.com,"4175 Woodlands Pkwy, Palm Harbor, FL 34685, United States",,,,,,,,,0,,,,,,,,,29,5,12
C,28.64,3.64,tampa,United Refrigeration Inc,+1 727-299-0440,http://www.uri.com,"11433 US Hwy 19 N, Clearwater, FL 33764, United States",,,,,,,,,0,,,,,,,,,21,4.8,6
C,28.57,3.57,tampa,Action Air Conditioning & Refrigeration,+1 727-365-8461,http://actionacr.com,"1564 Tuscola Rd, Clearwater, FL 33756, United States",,,,,,,,,0,,,,,,,,,27,5,14
C,28.53,3.53,tampa,Happy Air Heating & Air Conditioning Service and Repair,+1 727-758-3888,https://happyairfl.com,,,,,,,,,,0,,,,,,,,,26,5,17
C,28.53,3.53,tampa,Happy Air HVAC Inc,+1 727-758-3888,https://www.happyairfl.com,"1725 Clearwater Largo Rd, Clearwater, FL 33756, United States",,,,,,,,,0,,,,,,,,,19,4.8,11
C,28.53,3.53,tampa,"Andy's Air, Inc.",+1 727-447-1903,https://andysairinc.com,,,,,,,,,,0,,,,,,,,,14,4.7,5
C,28.5,3.5,tampa,"South Shore Air - HVAC, Refrigeration & Air Purification",+1 813-295-8584,https://southshoreair.com,"300 Frandorson Cir, Apollo Beach, FL 33572, United States",,,,,,,,,0,,,,,,,,,10,4.6,3
C,28.49,3.49,tampa,TemperaturePro,+1 727-314-6756,https://temperaturepro.com/pasco-county,"2509 Success Dr #1, Odessa, FL 33556, United States",,,,,,,,,0,,,,,,,,,25,5,12
C,28.47,3.47,tampa,Divine Air and Heating,+1 813-453-1872,http://mydivineair.com,,,,,,,,,,0,,,,,,,,,18,4.8,10
C,28.45,3.45,tampa,Sears Appliance Repair,+1 727-408-6160,https://www.searshomeservices.com/locations/fl/clearwater/sears-appliance-repair/26996-highway-19-north?SID=1033992&phone=7274086160,"26996 US Hwy 19 N, Clearwater, FL 33761, United States",,,,,,,,,0,,,,,,,,,13,4.7,6
C,28.41,3.41,tampa,"Anthony's Cooling-Heating-Electrical, Inc.",+1 941-347-0779,https://www.anthonysairconditioning.com,"300 Frandorson Cir Suite #202, Apollo Beach, FL 33572, United States",,,,,,,,,0,,,,,,,,,17,4.8,7
C,28.36,3.36,tampa,Aire Serv of Palm Harbor,+1 727-300-3886,https://aireserv.com/palm-harbor/?cid=LSTL_ASV-US000187,"34125 US-19 Ste 200, Palm Harbor, FL 34684, United States",,,,,,,,,0,,,,,,,,,22,5,12
C,28.36,3.36,tampa,Nolan Air Heating & Cooling,+1 813-355-9263,https://nolanair.com,"611 E Bloomingdale Ave a Suite D, Brandon, FL 33511, United States",,,,,,,,,0,,,,,,,,,22,5,14
C,28.31,3.31,tampa,The Service Pros AC Repair St. Petersburg Showroom,+1 727-353-9062,https://www.theservicepros.com/ac-repair-st-petersburg-showroom,"558 28th St S, St. Petersburg, FL 33712, United States",,,,,,,,,0,,,,,,,,,21,5,2
C,28.25,3.25,tampa,Clearwater Air Conditioning Corporation,+1 727-804-6358,,"1455 Windmoor Dr, Dunedin, FL 34698, United States",,,,,,,,,0,,,,,,,,,20,4.9,11
C,28.25,3.25,tampa,Adaptable Automotive LLC.,+1 813-331-3173,https://www.facebook.com/people/Adaptable-Automotive-LLC/61585955446785,"5119 FL-674, Wimauma, FL 33598, United States",,,,,,,,,0,,,,,,,,,20,5,12
C,28.25,3.25,tampa,Cool Air Tech & Maintenance,+1 727-656-4972,,,,,,,,,,,0,,,,,,,,,20,5,10
C,28.25,3.25,tampa,AITKEN'S Heating & Cooling,+1 813-807-3349,http://aitkensproservices.com,"401 E Jackson St Ste 2340, Tampa, FL 33602, United States",,,,,,,,,0,,,,,,,,,20,5,12
C,28.2,3.2,tampa,Mechanical A/C Designs,+1 727-333-7460,http://www.sunupservices.com,"1141 San Remo Dr, Largo, FL 33770, United States",,,,,,,,,0,,,,,,,,,19,5,4
C,28.19,3.19,tampa,LORDART AC LLC,+1 813-600-9680,https://www.lordartacllc.com,,,,,,,,,,0,,,,,,,,,3,4.3,1
C,28.08,3.08,tampa,Momentum AC Repair Services,+1 727-201-1228,https://momentumacpro.com,"9187 Park Blvd, Seminole, FL 33777, United States",,,,,,,,,0,,,,,,,,,17,5,9
C,28.0,3.0,tampa,Express Oil Auto Air Conditioning,+1 813-499-9606,https://www.expressoil.com/stores/riverview/fl/0831,"11690 Boyette Rd, Riverview, FL 33569, United States",,,,,,,,,0,,,,,,,,,1,4,1
C,28.0,3.0,tampa,Auburn HVAC/Duct cleaning,+1 813-393-1663,https://www.steelehvacllc.com/contact,"7015 E Adamo Dr, Tampa, FL 33619, United States",,,,,,,,,0,,,,,,,,,1,4,0
C,27.94,2.94,tampa,"Action Air Conditioning, Inc.",+1 727-447-2626,https://actionairconditioning.com/service-area/st-pete,"2150 25th Ave N, St. Petersburg, FL 33713, United States",,,,,,,,,0,,,,,,,,,15,5,8
C,27.87,2.87,tampa,Blue Collar Electric,+1 813-519-4188,https://bluecollar-electric.com,"13542 N Florida Ave Ste 115-A, Tampa, FL 33613, United States",,,,,,,,,0,,,,,,,,,14,5,2
C,27.78,2.78,tampa,Reliable Air Conditioning & Heating,+1 813-308-9191,,"11125 Vida Cir #201, Lakewood Ranch, FL 34211, United States",,,,,,,,,0,,,,,,,,,13,5,2
C,27.75,2.75,tampa,Cool Breeze Marine Air Conditioning,+1 727-938-3308,,"213 Tarpon Industrial Cir, Tarpon Springs, FL 34689, United States",,,,,,,,,0,,,,,,,,,5,4.6,0
C,27.7,2.7,tampa,D & D Maintanence,+1 813-736-9137,,"Chips Dr, Ruskin, FL 33570, United States",,,,,,,,,0,,,,,,,,,12,5,4
C,27.7,2.7,tampa,"Xtreme Heating & Cooling, Inc",+1 813-954-1929,https://www.xtremehvacfl.com,,,,,,,,,,0,,,,,,,,,12,5,5
C,27.7,2.7,tampa,Bright Air Duct Cleaning Land O' Lakes,+1 813-940-8363,https://brightairductcleaning.com/air-duct-cleaning-land-o-lakes-fl,"2641 Stonewood Pk Lp #210, Land O' Lakes, FL 34638, United States",,,,,,,,,0,,,,,,,,,12,5,4
C,27.7,2.7,tampa,Always There Electric LLC,+1 813-785-9491,https://alwaystherehomeservice.com/electrical-services,,,,,,,,,,0,,,,,,,,,12,5,4
C,27.6,2.6,tampa,No Sweat Father & Son Heating and Cooling,+1 813-453-2939,http://www.nosweatfns.com,,,,,,,,,,0,,,,,,,,,11,5,4
C,27.6,2.6,tampa,A C PRO,+1 727-266-5235,,"441 5th St NW, Largo, FL 33770, United States",,,,,,,,,0,,,,,,,,,11,4.9,3
C,27.59,2.59,tampa,"Action Air Conditioning, Inc.",+1 813-935-7502,https://actionairconditioning.com/service-area/new-port-richey,"8903 Angoff Dr, New Port Richey, FL 34653, United States",,,,,,,,,0,,,,,,,,,8,4.8,1
C,27.5,2.5,tampa,Quality HVAC Repair Bradenton,+1 941-384-6623,http://qualityhvacrepairbradenton.com,"1201 6th Ave W, Bradenton, FL 34205, United States",,,,,,,,,0,,,,,,,,,10,5,2
C,27.5,2.5,tampa,Local AC,+1 813-859-5999,https://local-ac.com,"7320 E Fletcher Ave UNIT 109, Tampa, FL 33637, United States",,,,,,,,,0,,,,,,,,,10,5,0
C,27.5,2.5,tampa,Tampa AC Services Inc,+1 813-212-3160,https://tampa-acservices.com,,,,,,,,,,0,,,,,,,,,10,5,2
C,27.5,2.5,tampa,Always There Heating & Air,+1 813-655-7004,https://alwaysthereair.com,"6404 US-301, Riverview, FL 33578, United States",,,,,,,,,0,,,,,,,,,10,5,1
C,27.38,2.38,tampa,Blue Collar Heating & Cooling,+1 813-295-2203,https://bluecollar-hvac.com,"13542 N Florida Ave Ste 115-A, Tampa, FL 33613, United States",,,,,,,,,0,,,,,,,,,9,4.9,2
C,27.38,2.38,tampa,Varsity Zone HVAC of Clearwater,+1 727-513-7622,https://www.varsityzone.com/clearwater-fl,"25400 US Hwy 19 N Ste 114-A, Clearwater, FL 33763, United States",,,,,,,,,0,,,,,,,,,9,5,1
C,27.38,2.38,tampa,"J.P. Griffin, Inc",+1 813-251-6626,http://www.griffinsvc.com,"604 N Gilchrist Ave, Tampa, FL 33606, United States",,,,,,,,,0,,,,,,,,,9,5,0
C,27.38,2.38,tampa,Quality HVAC Service and More LLC,+1 813-377-9248,,,,,,,,,,,0,,,,,,,,,9,5,1
C,27.38,2.38,tampa,South Tampa Air Conditioning,+1 813-421-1955,https://www.acshomeservices.com/south-tampa-air-conditioning-plumbing-electrical,"4110 N River View Ave, Tampa, FL 33607, United States",,,,,,,,,0,,,,,,,,,9,5,5
C,27.38,2.38,tampa,Air installation services,+1 813-955-5574,https://airinstallationservicesllc.com,"9030 Bayou Dr, Tampa, FL 33635, United States",,,,,,,,,0,,,,,,,,,9,5,4
C,27.26,2.26,tampa,Electric Plus Comfort,+1 813-728-6977,http://www.electricpluscomfort.com,,,,,,,,,,0,,,,,,,,,8,5,0
C,27.12,2.12,tampa,Judd Air Conditioning,+1 813-843-5183,https://www.facebook.com/juddairconditioning,,,,,,,,,,0,,,,,,,,,7,5,0
C,27.12,2.12,tampa,Team Enoch: AC Repair,+1 813-649-5955,https://teamenoch.com/tampa,"3031 N Rocky Point Dr Ste 600, Tampa, FL 33607, United States",,,,,,,,,0,,,,,,,,,7,5,0
C,27.12,2.12,tampa,Air installtion services,+1 813-955-5574,http://airinstallationservicesllc.com,,,,,,,,,,0,,,,,,,,,7,5,0
C,27.12,2.12,tampa,Hedrick Air,+1 813-758-0755,https://www.hedrickair.com,,,,,,,,,,0,,,,,,,,,7,5,0
C,27.08,2.08,tampa,Bayside HVAC Inc,+1 813-979-0230,https://www.steelehvacllc.com/contact,"13217 N Nebraska Ave, Tampa, FL 33612, United States",,,,,,,,,0,,,,,,,,,2,4.5,0
C,27.08,2.08,tampa,Hedrick Air,+1 813-758-2744,https://www.hedrickair.com,,,,,,,,,,0,,,,,,,,,5,4.8,0
C,27.08,2.08,tampa,Breeze of the Bay a/C LLC,+1 813-223-5333,http://breezeofthebay.com,,,,,,,,,,0,,,,,,,,,5,4.8,0
C,26.94,1.94,tampa,Nolan Air Heating & Cooling,+1 813-588-4921,https://nolanair.com,"23080 Tabak Ln, Land O' Lakes, FL 34639, United States",,,,,,,,,0,,,,,,,,,6,5,1
C,26.94,1.94,tampa,The HVAC guru llc,+1 727-589-7115,https://thehvacguru.com,,,,,,,,,,0,,,,,,,,,6,5,0
C,26.94,1.94,tampa,COOL WITH SCOTT LLC,+1 727-351-2229,http://www.coolwithscott.com,,,,,,,,,,0,,,,,,,,,6,5,1
C,26.94,1.94,tampa,Quality HVAC Repair Service,+1 813-302-1235,https://geraldinepearson43.wixsite.com/quality-hvac-repair,"204 S Treasure Dr, Tampa, FL 33609, United States",,,,,,,,,0,,,,,,,,,6,5,0
C,26.94,1.94,tampa,Heating and Air Conditioning Clearwater,+1 727-473-3106,,"1217 Cleveland St, Clearwater, FL 33755, United States",,,,,,,,,0,,,,,,,,,6,5,0
C,26.94,1.94,tampa,"Air Dynamics of Florida, LLC",+1 813-933-7733,https://airdynamicsofflorida.com,,,,,,,,,,0,,,,,,,,,6,5,1
C,26.86,1.86,tampa,Air Engineers - St. Petersburg,+1 727-295-0958,https://www.aireng.com,"1790 Commerce Ave N, St. Petersburg, FL 33716, United States",,,,,,,,,0,,,,,,,,,3,4.7,0
C,26.75,1.75,tampa,Tampa AC Services Inc,+1 727-380-4711,https://tampa-acservices.com,,,,,,,,,,0,,,,,,,,,5,5,0
C,26.75,1.75,tampa,Quality Air Solutions,+1 727-359-2231,https://www.facebook.com/profile.php?id=61577857274260,,,,,,,,,,0,,,,,,,,,5,5,0
C,26.75,1.75,tampa,Q Air LLC,+1 727-254-3823,https://www.facebook.com/qairllc,"4577 41st Ave N, St. Petersburg, FL 33714, United States",,,,,,,,,0,,,,,,,,,5,5,0
C,26.75,1.75,tampa,Quality Cooling & Heating,+1 813-945-9995,https://qualitycoolandheat.com/tampa-,"1001 Water St, Tampa, FL 33602, United States",,,,,,,,,0,,,,,,,,,5,5,0
C,26.75,1.75,tampa,Strong HVAC Repair,+1 813-445-6477,https://www.steelehvacllc.com/contact,"509 S Albany Ave, Tampa, FL 33606, United States",,,,,,,,,0,,,,,,,,,5,5,0
C,26.75,1.75,tampa,Prime Cooling & Heating,+1 813-548-3858,https://primehvaconline.com/riverview-fl,"6043 Winthrop Commerce Ave #208, Riverview, FL 33578, United States",,,,,,,,,0,,,,,,,,,5,5,0
C,26.75,1.75,tampa,Prime Cooling & Heating,+1 813-413-5393,https://primehvaconline.com/brandon-fl,"599 Lake Kathy Dr #4, Brandon, FL 33510, United States",,,,,,,,,0,,,,,,,,,5,5,0
C,26.19,1.19,tampa,Prime Cooling & Heating,+1 727-761-5455,https://primehvaconline.com/st-petersburg-fl,"475 Central Ave #41, St. Petersburg, FL 33701, United States",,,,,,,,,0,,,,,,,,,3,5,0
C,26.19,1.19,tampa,Air Duct Solutions Boyette,+1 813-726-5636,https://waterdamagesolutionsboyette.com,"13436 Boyette Rd, Riverview, FL 33569, United States",,,,,,,,,0,,,,,,,,,3,5,1
C,26.19,1.19,tampa,Blue HVAC Duct Clean,+1 813-683-7346,https://www.steelehvacllc.com/contact,"209 N Glen Ave, Tampa, FL 33609, United States",,,,,,,,,0,,,,,,,,,3,5,0
C,26.19,1.19,tampa,"Ken Barrett Air Conditioning, Inc.",+1 813-699-0828,http://www.kenbarrettair.com,,,,,,,,,,0,,,,,,,,,3,5,0
C,26.19,1.19,tampa,ACHV Services,+1 813-917-2982,https://www.achvservices.com,"2245 Sharkey Rd, Clearwater, FL 33765, United States",,,,,,,,,0,,,,,,,,,3,5,0
C,26.19,1.19,tampa,Temperge,+1 813-669-2518,https://temperge.com,"3723 N 56th St, Tampa, FL 33619, United States",,,,,,,,,0,,,,,,,,,3,5,0
C,25.75,0.75,tampa,Reliable Air Conditioning & Heating Inc,+1 727-866-6400,,"6860 Gulfport Blvd S, South Pasadena, FL 33707, United States",,,,,,,,,0,,,,,,,,,2,5,0
C,25.75,0.75,tampa,John's Air Conditioning & Heating Service LLC,+1 813-689-2722,http://www.johnsair.com,,,,,,,,,,0,,,,,,,,,2,5,1
C,25.75,0.75,tampa,Breeze of the Bay AC,+1 813-223-5333,https://www.breezeofthebay.com,,,,,,,,,,0,,,,,,,,,2,5,0
C,25.75,0.75,tampa,Dymond Heating & Cooling,+1 813-502-1982,http://www.dymondac.com,"21021 4th St, Land O' Lakes, FL 34638, United States",,,,,,,,,0,,,,,,,,,2,5,0
C,25.75,0.75,tampa,Mobile RV Repair and Services,+1 813-753-9303,https://www.mobilervrepairandservices.com,"918 Silver Palm Way, Apollo Beach, FL 33572, United States",,,,,,,,,0,,,,,,,,,2,5,0
C,25.75,0.75,tampa,Local,+1 813-296-8554,https://local-ac.com,,,,,,,,,,0,,,,,,,,,2,5,0
C,25.75,0.75,tampa,Air Prime Solutions- Air Conditioning and Heating,+1 813-843-7777,https://www.airprimesolutions.com,"333 N Falkenburg Rd #227, Tampa, FL 33619, United States",,,,,,,,,0,,,,,,,,,2,5,0
C,25.75,0.75,tampa,Andy's Air Inc,+1 727-447-1903,https://andysairinc.com/contact,"2166 Drew St, Clearwater, FL 33765, United States",,,,,,,,,0,,,,,,,,,2,5,0
C,25.75,0.75,tampa,Heating & Cooling Masters,+1 813-923-9253,https://www.heatingcoolingmasters.buzz,"2306 N Howard Ave, Tampa, FL 33607, United States",,,,,,,,,0,,,,,,,,,2,5,0
C,25.75,0.75,tampa,"Auto Repair in Brandon, FL",+1 813-534-0815,,"3250 E FL-60, Valrico, FL 33594, United States",,,,,,,,,0,,,,,,,,,2,5,0
C,25.75,0.75,tampa,A C Pro Inc,+1 727-266-5235,,"4025 55th Ave N, St. Petersburg, FL 33714, United States",,,,,,,,,0,,,,,,,,,2,5,1
C,25.75,0.75,tampa,Air Mechanical & Service Corp.,+1 813-875-0782,http://www.amsco-ac.com,"W Ida St, Tampa, FL 33614, United States",,,,,,,,,0,,,,,,,,,2,5,0
C,25.75,0.75,tampa,Quality Cooling & Heating,+1 813-680-2623,https://qualitycoolandheat.com/valrico-fl,"1038 E Brandon Blvd #122, Brandon, FL 33511, United States",,,,,,,,,0,,,,,,,,,2,5,0
C,25.75,0.75,tampa,Temperge,+1 813-578-4536,https://temperge.com,"3205 E Cayuga St, Tampa, FL 33610, United States",,,,,,,,,0,,,,,,,,,2,5,0
C,25.0,0.0,tampa,"South Shore Cooling and Heating, LLC",+1 813-922-9237,http://www.southshorecooling.com,,,,,,,,,,0,,,,,,,,,1,5,0
C,25.0,0.0,tampa,"South Shore Cooling And Heating, LLC",+1 813-922-9237,http://www.southshorecooling.com,,,,,,,,,,0,,,,,,,,,1,5,1
C,25.0,0.0,tampa,Xtreme Heating & Cooling INC,+1 813-954-1929,https://www.xtremehvacfl.com,,,,,,,,,,0,,,,,,,,,1,5,0
C,25.0,0.0,tampa,Air Solutions of Tampa Bay,+1 813-967-5537,https://www.airsolutionsoftampabay.com,"5438 Mobile Villa Dr, Seffner, FL 33584, United States",,,,,,,,,0,,,,,,,,,1,5,0
C,25.0,0.0,tampa,THE HVAC PEOPLE LLC,+1 727-605-8885,https://allcatagory.store,"766 40th Ave NE, St. Petersburg, FL 33703, United States",,,,,,,,,0,,,,,,,,,1,5,0
C,25.0,0.0,tampa,MazCool LLC,+1 813-761-7569,https://www.facebook.com/profile.php?id=61555639092604,,,,,,,,,,0,,,,,,,,,1,5,0
C,25.0,0.0,tampa,Advanced Commercial Refrigeration Repair,+1 813-934-4299,https://advancedcommercialrefrigerationrepairservice.com,,,,,,,,,,0,,,,,,,,,1,5,0
C,25.0,0.0,tampa,"GIC Total Air Conditioning and Heating Services, LLC",+1 813-482-5461,https://www.facebook.com/GIC-Total-Air-Conditioning-536451899807801,"2943 W Beach St, Tampa, FL 33607, United States",,,,,,,,,0,,,,,,,,,1,5,0
C,25.0,0.0,tampa,Jarvey Air llc,+1 727-495-9564,https://jarveyairllc3.wixsite.com/my-site,,,,,,,,,,0,,,,,,,,,1,5,0
D,16.33,16.33,tampa,Guaranteed Comfort Systems,+1 417-850-6344,https://www.facebook.com/GuaranteedComfortSystems?mibextid=ZbWKwL,,,,,,,,,,0,,,,,,,,,0,0.0,0
D,16.33,16.33,tampa,Guaranteed Comfort Systems,+1 417-850-6344,https://www.facebook.com/GuaranteedComfortSystems?mibextid=ZbWKwL,,,,,,,,,,0,,,,,,,,,0,0.0,0
D,16.33,16.33,tampa,AC Today St Pete | Air Conditioning Repair | Heating and Cooling | AC Repair,,http://actoday-fl.com,,,,,,,,,,0,,,,,,,,,0,0.0,0
D,16.33,16.33,tampa,Ball Building Services,+1 863-224-0093,https://www.ballbuildingservices.com/contact,"3433 Lithia Pinecrest Rd, Valrico, FL 33596, United States",,,,,,,,,0,,,,,,,,,0,0.0,0
D,16.33,16.33,tampa,Superior Heating & Cooling,+1 656-250-5688,https://affordableprohvac.io,"121 N Kings Ave, Brandon, FL 33510, United States",,,,,,,,,0,,,,,,,,,0,0.0,0
D,16.33,16.33,tampa,Superior Heating & Cooling Brandon,+1 656-250-5688,https://affordableprohvac.io,"121 N Kings Ave, Brandon, FL 33510, United States",,,,,,,,,0,,,,,,,,,0,0.0,0
D,13.38,13.38,tampa,Heating & Air Conditioning Clearwater,+1 239-456-0410,,"2427 Co Rd 576, Clearwater, FL 33759, United States",,,,,,,,calls_unanswered,2,"To professionalism is lack would be a huge understatement. The person that appears to be the owner is incredibly rude. Never shows up within a the time frame or even the day specified. Rarely returns or answers calls, or voicemail. Have never felt more disrespected.",,,,1,,AssistantDial 24/7 AI Receptionist — every call answered,calls_unanswered;frontline_communication,9,4.6,1
D,11.49,11.49,tampa,Sears Home Services,+1 656-218-9463,https://www.searshomeservices.com/locations/fl/tampa/sears-appliance-repair/4713-oak-fair-blvd?SID=1033739&phone=6562189463,"4713 Oak Fair Blvd, Tampa, FL 33610, United States",,,,,,,,,0,,,,,,,,,46,2.7,10
D,9.59,9.59,tampa,Frank Gay Services,+1 863-315-5698,https://frankgayservices.com/service-area/lakeland,"6810 New Tampa Hwy #200, Lakeland, FL 33815, United States",,,,,,,,,0,,,,,,,,,5042,4.8,4
D,9.38,9.38,tampa,Heating and Cooling Repair,,,"1549 S Highland Ave, Clearwater, FL 33756, United States",,,,,,,,,0,,,,,,,,,9,2.8,4
D,8.77,8.77,tampa,One Hour Air Conditioning & Heating,+1 863-213-0644,https://lakelandonehour.com,"803 Lakeland Park Center Dr, Lakeland, FL 33809, United States",,,,,,,,,0,,,,,,,,,2367,4.8,3
D,8.42,8.42,tampa,"Del-Air Heating, Air Conditioning and Plumbing",+1 656-223-1599,https://www.delair.com/tampa,"12302 N Nebraska Ave, Tampa, FL 33612, United States",,,,,,,,,0,,,,,,,,,1715,4.8,2
D,8.27,8.27,tampa,Egberts Electric and Air Conditioning,+1 863-262-7465,https://egbertsair.com/ac-repair-in-lakeland-fl,"5675 New Tampa Hwy Ste 12, Lakeland, FL 33815, United States",,,,,,,,,0,,,,,,,,,2025,4.9,3
D,7.87,7.87,tampa,Sears Heating and Air Conditioning,+1 656-218-9471,https://www.searshomeservices.com/repair/hvac-repair-service?SID=1034915&phone=6562189471,"2266 University Square Mall, Tampa, FL 33612, United States",,,,,,,,,0,,,,,,,,,558,4.6,4
D,7.76,7.76,tampa,Bay Area Air Conditioning,+1 352-688-2665,https://bayareacool.com,"4122 Lamson Ave, Spring Hill, FL 34608, United States",,,,,,,,,0,,,,,,,,,1265,4.9,2
D,7.48,7.48,tampa,True Plumbers & AC,+1 863-999-8753,https://trueplumbers.com,"4000 N Frontage Rd, Plant City, FL 33565, United States",,,,,,,,,0,,,,,,,,,720,4.8,3
D,7.44,7.44,tampa,Expedited Heat & Air,+1 863-320-1776,https://expeditedheatandair.com,"3710 Airport Commerce Dr Ste 2, Lakeland, FL 33811, United States",,,,,,,,,0,,,,,,,,,696,4.8,3
D,7.41,7.41,tampa,Air Tech of Central Florida,+1 321-244-6998,https://airtechcfl.com,"813 Waterway Pl, Longwood, FL 32750, United States",,,,,,,,,0,,,,,,,,,919,4.9,3
D,7.17,7.17,tampa,Hot 2 Cold Air Conditioning,,https://hot2coldairconditioning.com/air-conditioning-repair-services-tampa,"1503 US-301 #81, Tampa, FL 33619, United States",,,,,,,,,0,,,,,,,,,743,4.9,4
D,7.08,7.08,tampa,HVAC Auto Cleaning Services,,https://www.steelehvacllc.com/contact,"2510 W Fig St, Tampa, FL 33609, United States",,,,,,,,,0,,,,,,,,,2,3,1
D,6.9,6.9,tampa,"ABC Plumbing, Air, Heat & Electric",+1 888-594-9030,https://www.4abc.com/fl/tampa,"4326 W El Prado Blvd Ste 7, Tampa, FL 33629, United States",,,,,,,,,0,,,,,,,,,229,4.6,7
D,6.8,6.8,tampa,Sears Heating and Air Conditioning,+1 754-289-1193,https://www.searshomeservices.com/repair/hvac-repair-service?SID=1703&phone=7542891193,"12412 US-19, Hudson, FL 34667, United States",,,,,,,,,0,,,,,,,,,113,4.4,26
D,6.28,6.28,tampa,Home Services at The Home Depot,+1 844-476-2140,https://www.homedepot.com/l/Sun-City/FL/Ruskin/33573/6951/services?emt=HSGoogleMaps,"3730 Sun City Center Blvd, Ruskin, FL 33573, United States",,,,,,,,,0,,,,,,,,,38,4.2,14
D,5.93,5.93,tampa,Home Services at The Home Depot,+1 844-476-2140,https://www.homedepot.com/l/Zephyrhills/FL/Zephyrhills/33545/8929/services?emt=HSGoogleMaps,"32715 Eiland Blvd, Zephyrhills, FL 33545, United States",,,,,,,,,0,,,,,,,,,11,3.9,4
D,5.85,5.85,tampa,Clearwater Heating & Air Conditioning,,,"1589 S Highland Ave, Clearwater, FL 33756, United States",,,,,,,,,0,,,,,,,,,87,4.6,42
D,5.45,5.45,tampa,Ball Building Services,+1 863-224-0093,https://www.ballbuildingservices.com,,,,,,,,,,0,,,,,,,,,7,3.9,3
D,5.27,5.27,tampa,Mavis Tires & Brakes,+1 656-201-4023,https://www.mavis.com/locations/lutz-wingshooter-way-fl/?stnum=2199,"19107 Wingshooter Wy, Lutz, FL 33558, United States",,,,,,,,,0,,,,,,,,,129,4.9,2
D,5.25,5.25,tampa,Team Enoch: AC Repair,+1 863-315-8000,https://www.teamenoch.com,"3950 Anchuca Dr Bay 4, Lakeland, FL 33811, United States",,,,,,,,,0,,,,,,,,,126,5,2
D,5.19,5.19,tampa,Air Engineers - Tampa,+1 656-218-9534,https://aireng.com,"205 Kelsey Ln I, Tampa, FL 33619, United States",,,,,,,,,0,,,,,,,,,3,3.7,1
D,5.01,5.01,tampa,American Air Authorities,+1 877-932-6658,https://americanairauthorities.com,"15310 Amberly Dr Ste 250-63, Tampa, FL 33647, United States",,,,,,,,,0,,,,,,,,,101,5,2
D,4.97,4.97,tampa,Brighter Air Conditioning Repair - Temple Terrace,+1 656-206-0998,https://brighterservices.com/service-areas/hillsborough-county-fl/temple-terrace,"10944 N 56th St suite 205, Temple Terrace, FL 33617, United States",,,,,,,,,0,,,,,,,,,53,4.7,3
D,4.58,4.58,tampa,The Fast Fix( ac installation ac service in ghuari town near me),+92 332 1333201,https://sites.google.com/view/the-fast-fixcompany/home,"Office no 3 LG alkram plaza opposite Dr A.Q Khan school phasa 5 B Ghuari town, Ghuari, town, Islamabad, 44000, Pakistan",,,,,,,,,0,,,,,,,,,20,4.5,15
D,4.36,4.36,tampa,Heating and Cooling,,,"4931 E 7th Ave, Tampa, FL 33605, United States",,,,,,,,,0,,,,,,,,,30,4.7,18
D,3.59,3.59,tampa,Tampa HVAC Solutions,+1 239-456-0450,,"3922 N Central Ave, Tampa, FL 33603, United States",,,,,,,,,0,,,,,,,,,8,4.5,0
D,2.87,2.87,tampa,Baros Precision Air,+1 786-873-1507,https://www.barosac.com,,,,,,,,,,0,,,,,,,,,14,5,2
D,2.78,2.78,tampa,Baros Precision Air INC,+1 786-873-1507,https://barosac.com,,,,,,,,,,0,,,,,,,,,13,5,2
D,2.12,2.12,tampa,Temp Kings Mechanical Air Conditioning & Refrigeration LLC,+1 656-999-3510,https://www.instagram.com/tempkingsmechanical,,,,,,,,,,0,,,,,,,,,7,5,0
D,1.94,1.94,tampa,"Cool Breeze H.v.a.c., Inc.",,,"4049 Grand Blvd Ste. A, New Port Richey, FL 34652, United States",,,,,,,,,0,,,,,,,,,6,5,0
D,1.75,1.75,tampa,Frozen HVAC Repair service,+1 904-582-8961,https://www.steelehvacllc.com/contact,"3166 Tampa Rd suite 9, Oldsmar, FL 34677, United States",,,,,,,,,0,,,,,,,,,5,5,0
D,1.75,1.75,tampa,"Coastal PTAC Services of Florida, Inc.",+1 352-345-8696,https://sites.google.com/view/coastal-ptac-services/home,"5745 Gall Blvd, Zephyrhills, FL 33541, United States",,,,,,,,,0,,,,,,,,,5,5,0
D,1.51,1.51,tampa,Air Commandos Llc - Air Conditioning and Heating,+1 352-410-0110,https://www.facebook.com/aircommandosllc,,,,,,,,,,0,,,,,,,,,4,5,1
D,1.51,1.51,tampa,R.E.Z LLC,+1 215-954-9990,https://www.instagram.com/rez.llc?igsh=cXl6bjZrYXFncHM2,,,,,,,,,,0,,,,,,,,,4,5,0
D,1.19,1.19,tampa,Cleanest Air LLC,+1 321-626-3701,https://www.facebook.com/profile.php?id=61556959857388,,,,,,,,,,0,,,,,,,,,3,5,0
D,1.19,1.19,tampa,Air Duct Cleaning & Ac Repair Tampa,+1 656-221-2865,,"2610 W Cypress St, Tampa, FL 33609, United States",,,,,,,,,0,,,,,,,,,3,5,0
D,0.75,0.75,tampa,Heating and air Conditioning Repair Near me - St. Petersburg,+1 239-420-3975,,"490 1st Ave S, St. Petersburg, FL 33701, United States",,,,,,,,,0,,,,,,,,,2,5,0
D,0.0,0.0,tampa,Vent Duct & Repair Service,+1 904-297-4525,https://www.steelehvacllc.com/contact,"4844 Phoenix Ave, Holiday, FL 34690, United States",,,,,,,,,0,,,,,,,,,1,5,0
D,0.0,0.0,tampa,"AIRCRAFT MAINTENANCE PROJECTS MANAGEMENT, LLC",,https://allcatagory.store,"7901 4th St N Suite 300, St. Petersburg, FL 33702, United States",,,,,,,,,0,,,,,,,,,1,5,0
D,0.0,0.0,tampa,THE HVAC GURU,,https://lovelyandvibes.store,"14455 Larboard Ln, Largo, FL 33774, United States",,,,,,,,,0,,,,,,,,,1,5,0
D,0.0,0.0,tampa,Alien,,https://alien-air.com/contact,,,,,,,,,,0,,,,,,,,,1,5,0
