tier,quality_score,metro,title,best_email,all_emails,email_sources,phone,website,address,google_maps_link,socials_facebook,socials_instagram,socials_linkedin,socials_yelp,socials_tiktok,socials_youtube,owner_name,owner_title,owner_linkedin,additional_team,pocs,top_pain_category,pain_breadth_count,pain_quote_1,pain_quote_2,pain_quote_1_rating,pain_quote_2_rating,recommended_service,recommended_service_url,all_pain_categories,all_recommended_services,crawl_status,research_note,review_count,rating,negative_reviews_1_3_star,reviews_analyzed,website_raw,google_maps_link_raw,website_redirect_target_raw,is_chain_or_dso,chain_reason,website_redirect_mismatch,website_redirect_target,emails_invalid_count,crawled_emails_suspect,phone_invalid,phone_invalid_reason
A,71.57,dallas,John Burns MD,info@drjohnburns.com,info@drjohnburns.com,gosom_scraper,+1 214-515-0002,https://drjohnburns.com,"9101 N Central Expy #600, Dallas, TX 75231, United States",https://www.google.com/maps/place/John+Burns+MD/data=!4m7!3m6!1s0x864e9fbff9be6b1b:0x909a8b9e07e52ce7!8m2!3d32.8723807!4d-96.7712803!16s%2Fg%2F1tdylmfr!19sChIJG2u--b-fToYR5yzlB56LmpA,https://www.facebook.com/drjohnburns/,https://instagram.com/drjohnburns,,,,https://www.youtube.com/user/DrJohnBurns,"John L. Burns Jr., MD","President, Dallas Plastic Surgery Institute",,,John Burns-,frontline_communication,6,"My results are ugly. I was very specific with what I asked for and I got the complete opposite. I got exactly what I was afraid of.

I asked for my implants to sit slightly higher than natural without them looking like I had them super pushed up. They sit low.

I asked for my implants to be close together since my breast naturally sit far apart. They are still far apart and even slide COMPLETELY into my armpits when I lay down. It looks horrible.

I asked if my implants would look “tight” since I had little breast tissue to begin with, Dr said no… a lie considering my implant is very visible.

Not only that, but my entire breasts are numb. Not just the incision, the whole breast. It is extremely uncomfortable everyday all day.

They look worse than what I started with and I was told I could “always come back for a revision”.
So I should pay for a whole new surgery when I should have gotten what I paid for the first time? How upsetting and disappointing.","Six years post-operation & I still have issues with my left breast. Went to him a few weeks after, only for him to gaslight me like I had body dysmorphia after taking a measuring tape to measure the dimensions. My left doesn’t feel like my body, because of the numbness & nerve damage as well as the sizing & the way it sits, depending on how I lay. Cramps & muscle spasms happen often, especially during my workouts on just that one side. Sometimes, I have to wear a sports bra to alleviate the discomfort. It’s higher than the other, and it’s more than a cup size smaller than the perfectly fine one, too. Pretty obvious every time I wear sports bras at the gym, so I have to pad it a little more on that side to not make me so lopsided. Plus, my underwire marks are not aligning, as one is right under my good one, but a space on the other. Almost got a revision with him, but ended up canceling after putting down a partial payment & loss some of it, but it’s okay, because I couldn’t trust him enough to go through with it. A small loss, beats an even worse surgical experience with him. Also, refunding for anesthesia took months. Just a bad experience overall. Issue is still evident till this very day, & can’t stand to even touch my left breast, or even look myself in mirror most days. Complications happen, but gaslighting me is insane, especially when the discomfort is there, & not the aesthetics.",1,1,Voice AI + Agentic CRM Outreach,silverthreadlabs.com/services/voice-agents,billing_or_intake_errors;booking_friction;calls_unanswered;followup_dropped;frontline_communication;service_quality_in_session,,ok,,181,4.7,15,156,https://drjohnburns.com/,https://www.google.com/maps/place/John+Burns+MD/data=!4m7!3m6!1s0x864e9fbff9be6b1b:0x909a8b9e07e52ce7!8m2!3d32.8723807!4d-96.7712803!16s%2Fg%2F1tdylmfr!19sChIJG2u--b-fToYR5yzlB56LmpA?authuser=0&hl=en&rclk=1,,FALSE,,FALSE,,12,FALSE,FALSE,
A,69.99,dallas,"Lam Facial Plastics - Samuel M. Lam, MD, FACS",,,,+1 972-312-8188,https://www.lamfacialplastics.com,"6101 Chapel Hill Blvd STE 101, Plano, TX 75093, United States","https://www.google.com/maps/place/Lam+Facial+Plastics+-+Samuel+M.+Lam,+MD,+FACS/data=!4m7!3m6!1s0x864c237db6b38257:0x9de1bd44a6679d9a!8m2!3d33.0343639!4d-96.8327132!16s%2Fg%2F1tdqtygq!19sChIJV4Kztn0jTIYRmp1npkS94Z0",https://www.facebook.com/drlamface,https://www.instagram.com/lfpdallas/,,,,https://www.youtube.com/@samlammd,"Samuel M. Lam, MD, FACS",Founder & Facial Plastic Surgeon,https://www.linkedin.com/in/samlammd,,Samuel M LAM;Dr Lam;Lam Custom,followup_dropped,6,"I underwent two Follicular Unit Transplantation (FUT) hair transplants with Dr. Lam, one in 2008 and another in 2023.

The technician in 2008 was highly experienced and did an excellent job.

However, the 2023 procedure was handled by a different technician, and the experience was vastly different.

The procedure was INEFFECTIVE, the post-procedure care was POOR, and the overall process was disorganized.

I paid more than $14,000 for the 2023 procedure, but I could have achieved far better results with significantly less discomfort at other centers.

Unfortunately, I can no longer recommend Dr. Lam and would strongly advise others to consider alternative options.","Had a consultation for restoration and the experience was rushed. The initial nurse that came in to collect my information was not personable. After pictures, the doc literally looked at my head for 3 seconds and offered a scalp tattoo common to black male hair styles. He didn't have a thorough look at my head at all and I don't think the consultation was worth $100. I waited 6 months for this consultation because I never received word back about the virtual consultation. If you aren't experienced with working with Black hair, Black people, Black culture then it's probably a good idea to articulate that somewhere on your website because my money is still GREEN.",1,1,Agentic AI Systems (Autonomous Follow-up),silverthreadlabs.com/services/agentic-ai,billing_or_intake_errors;booking_friction;calls_unanswered;followup_dropped;frontline_communication;service_quality_in_session,,no_email_found,,396,4.6,34,362,https://www.lamfacialplastics.com/?utm_source=google&utm_medium=organic&utm_campaign=gbp&utm_term=Samuel-M-Lam-MD-FACS-LamFacial-Plastics&utm_content=website,"https://www.google.com/maps/place/Lam+Facial+Plastics+-+Samuel+M.+Lam,+MD,+FACS/data=!4m7!3m6!1s0x864c237db6b38257:0x9de1bd44a6679d9a!8m2!3d33.0343639!4d-96.8327132!16s%2Fg%2F1tdqtygq!19sChIJV4Kztn0jTIYRmp1npkS94Z0?authuser=0&hl=en&rclk=1",,FALSE,,FALSE,,0,FALSE,FALSE,
B,55.08,dallas,"Bradley Hubbard, MD",,,,+1 214-370-4813,http://bradleyhubbardmd.com,"9101 N Central Expy #600, Dallas, TX 75225, United States","https://www.google.com/maps/place/Bradley+Hubbard,+MD/data=!4m7!3m6!1s0x864e9fbff9be6b1b:0x7bd227db628ffedd!8m2!3d32.8724281!4d-96.7712781!16s%2Fg%2F124stg9n5!19sChIJG2u--b-fToYR3f6PYtsn0ns",,,,,,,,,,,,frontline_communication,4,"Extremely rude and unhelpful receptionist, called inquiring information about a breast reduction and their insurance policy. I stated looking for the surgery to be done this year she stated it was unavailable and ended the conversation, hung up in my face immediately, gave me no opportunity to ask any questions and had an attitude. Almost acted as if I was bothering her by calling this office zero customer service skills…","Dr Hubbard did my breast augmentation a few years ago. Never have I been satisfied with my breast. He did a implant exchange, lift and made my breast areola smaller, as I asked for, however he left half of the areola coming down my scar..I told him I was very unhappy with the work bc it looked like left-over areola, however he claimed at that in time it would go away bc it’s a scar. Well few years later it in fact never went away. Looks so ugly and I’m embarrassed to wear certain bikini tops bc nothing hides the look of them. I can’t even wear certain lingerie tops because you could see the areola tied into the scar in those too! If I could change and do little more research I definitely would have.",1,1,Voice AI + Agentic CRM Outreach,silverthreadlabs.com/services/voice-agents,billing_or_intake_errors;booking_friction;followup_dropped;frontline_communication,,open_error,,91,4.6,9,84,http://bradleyhubbardmd.com/,"https://www.google.com/maps/place/Bradley+Hubbard,+MD/data=!4m7!3m6!1s0x864e9fbff9be6b1b:0x7bd227db628ffedd!8m2!3d32.8724281!4d-96.7712781!16s%2Fg%2F124stg9n5!19sChIJG2u--b-fToYR3f6PYtsn0ns?authuser=0&hl=en&rclk=1",,FALSE,,FALSE,,0,FALSE,FALSE,
B,54.94,dallas,Lemmon Avenue Plastic Surgery and Laser Center,info@lemmonavenuedallas.com,info@lemmonavenuedallas.com,agent_browser_crawl,+1 214-702-0707,http://www.lemmonavenueplasticsurgery.com,"2801 Lemmon Ave # 300, Dallas, TX 75204, United States",https://www.google.com/maps/place/Lemmon+Avenue+Plastic+Surgery+and+Laser+Center/data=!4m7!3m6!1s0x864e992b48a2f337:0xfe68583b2e7d4373!8m2!3d32.8040551!4d-96.7965361!16s%2Fg%2F1tgq71kv!19sChIJN_OiSCuZToYRc0N9LjtYaP4,https://www.facebook.com/lemmonavenueofficial/,https://instagram.com/lemmonavenue,,,,https://www.youtube.com/channel/UC8VPAHl1YOsQGMAcuBxF99Q,,,,,Cary Deuber,booking_friction,4,"I have given Lemmon Avenue a chance far too many times, but I continue to be disappointed with the treatment received by the staff, Dr. Deuber and Tetchie Tagayuna.

There is a constant issue with scheduling appointments, only to have the staff text and ask that you come in earlier to accommodate the injector's time. And when you arrive you still spend upwards of an hour in the waiting room.

Dr Deuber's bed-side manner is non-existent and despite my concerns and dissatisfaction about the results of my rhinoplasty no additional concern or action was ever taken by Deuber or his staff.

I respect myself, my time, and my money far too much to continue to visit Lemmon Avenue.","If I could give this place no stars it would be minus stars. I was 10 minutes late for my appointment bc of rush hour traffic, waited in lobby for 5 minutes to be told appointment canceled because Jen was running late for her dinner. I was treated better in DMV and I actually wanted to spend more money than my appointment was for. No customer skills whatsoever, will never recommend this place. There are plenty other better options out there I know. If I would treated my clients like this I would be out of work. The procedure I had done previously was not really exceptional anyway.

Adding to your respond from Lemmon surgery place.
10 minutes is NOT severely late and certainly not late, to cancel procedure you scheduled  me for because you were running late for dinner. Please have a facts correct before you respond.",1,1,Voice AI Booking + Agentic Self-Service,silverthreadlabs.com/services/voice-agents,booking_friction;followup_dropped;frontline_communication;service_quality_in_session,,ok,,444,4.9,14,415,http://www.lemmonavenueplasticsurgery.com/,https://www.google.com/maps/place/Lemmon+Avenue+Plastic+Surgery+and+Laser+Center/data=!4m7!3m6!1s0x864e992b48a2f337:0xfe68583b2e7d4373!8m2!3d32.8040551!4d-96.7965361!16s%2Fg%2F1tgq71kv!19sChIJN_OiSCuZToYRc0N9LjtYaP4?authuser=0&hl=en&rclk=1,,FALSE,,FALSE,,0,FALSE,FALSE,
B,50.98,dallas,Dr. Dallas Robert Najera- Najera Plastic Surgery,,,,+1 469-234-8890,https://najeraplasticsurgery.com,"3140 Legacy Dr STE 210, Frisco, TX 75034, United States",https://www.google.com/maps/place/Dr.+Dallas+Robert+Najera-+Najera+Plastic+Surgery/data=!4m7!3m6!1s0x864c3d73681db21f:0x952e7f268a2e5d90!8m2!3d33.1048031!4d-96.840887!16s%2Fg%2F11f63ybdd2!19sChIJH7IdaHM9TIYRkF0uiiZ_LpU,,,,,,,,,,,,calls_unanswered,5,"Upon doing research and having my initial consultation with Dr Dallas I was sure I had chose the right place for my gluteal implant procedure. Unfortunately now I know better. I had looked at clinics in different countries that where cheaper and had stellar reviews but I decided it was worth spending the extra money to feel safe and more at ease. My overall experience made me feel very unsafe in the care of this clinic. I was given a 24/7 care # and there were times my questions went unanswered for hrs or until their business day started at 9am. I was made to feel like just another #. After establishing a connection via text I was questioned several days later, who was I, Yet once a turn for the worst happen and I reached out I was quickly referred to by my first name.
All of my concerns were met with “the drs not concerned, just keep taking your antibiotic/keep area clean”. Unfortunately for me the first time the Dr took concern he was  forced to rip out of me the very thing he placed in me 15days prior now full of infection. I was told that unfortunately infections do happen but I believe it could have been treated earlier if someone had just listened when I said I had a fever, when I said I had blood in my urine, when my drainage changed color, consistency, smell and volume. When I said my drains started leaking at the incision area to the point I was cleaning myself up a few times a day because it seemed I had more leakage on the outside of my body than I did inside the drain. I believe that had standard care been  practiced 4 days prior when I went in complaining of fever and drainage change (I.e tested a sample of discharged, took blood or urine sample to identify type of infection) there would have been a different outcome because I would have been treated more effectively. The day I went in drenched in yellow infectious discharge that drained from my body uncontrollably and shaking with fever I was asked for a urine sample as “standard procedure” before operation to see if I had smoked cigarettes. The wonder of what could have been avoided had these standard procedures been applied days prior. This office has many 5star reviews… which made me choose them. Unfortunately I didn’t receive 5star care. If you choose this company I pray you have a better outcome.","If I could ever even get an appointment I could review his work, however I can't even get a callback about an appointment.

I originally left messages last year after being referred by my family doctor. I called and left 3-4 messages days apart because I could never get a live person.

So I tried again - last week I called and left a message, and got a return call on Monday (May 23) was told the person doing the scheduling wasnt  in until the next day so they would call me back. I got a missed call and returned the call and was told she wasn't available. They took my name and number down and said they would call me back by the end of the day. No callback that day or the next day. I called again and left yet another voicemail trying to sound calm, despite my aggravation. Still no callback.

The first number they called me on to callback goes right to voicemail and the other had me on hold for about 10 minutes until prompting me to leave a message.

I've exhausted all resources in my attempt to reach them as no one is answering at any of the options nor returning any messages. Don't waste your time - I will be seeking a new referral.",1,1,Voice AI Agents (Inbound Coverage),silverthreadlabs.com/services/voice-agents,billing_or_intake_errors;booking_friction;calls_unanswered;followup_dropped;frontline_communication,,cloudflare_blocked,,337,4.8,12,233,https://najeraplasticsurgery.com/?utm_source=google&utm_medium=localsearch&utm_campaign=gmb,https://www.google.com/maps/place/Dr.+Dallas+Robert+Najera-+Najera+Plastic+Surgery/data=!4m7!3m6!1s0x864c3d73681db21f:0x952e7f268a2e5d90!8m2!3d33.1048031!4d-96.840887!16s%2Fg%2F11f63ybdd2!19sChIJH7IdaHM9TIYRkF0uiiZ_LpU?authuser=0&hl=en&rclk=1,,FALSE,,FALSE,,0,FALSE,FALSE,
B,49.55,dallas,"George A. Toledo, MD: Highland Park Plastic Surgery Center",,,,+1 214-363-4444,https://toledoplasticsurgery.com,"6110 Sherry Ln, Dallas, TX 75225, United States","https://www.google.com/maps/place/George+A.+Toledo,+MD:+Highland+Park+Plastic+Surgery+Center/data=!4m7!3m6!1s0x864e9e44e8c621a7:0xb431008d0840c893!8m2!3d32.8618855!4d-96.8063419!16s%2Fg%2F1tf7bhtx!19sChIJpyHG6ESeToYRk8hACI0AMbQ",https://www.facebook.com/HighlandParkPlasticSurgeryCenter/,https://www.instagram.com/toledo_plastic_surgery/,,,https://www.tiktok.com/@drgeorgetoledo?lang=en,https://www.youtube.com/user/DrGeorgeToledo,,,,,,frontline_communication,2,"***Update***

I’m updating this review after reading Dr. Toledo’s reply, which is completely inaccurate and misleading. To set the record straight: not once did he ask any mental health questions, perform any kind of evaluation, or have the right to make such a reckless claim about me.

My appointment lasted less than 10 minutes total - not “almost an hour” as he claims. The imaging portion took under a minute, and the moment I asked to see a few small adjustments, he became visibly impatient and dismissive. He walked out and returned saying he “can’t fix my brain” and that I’d be “nitpicking every angle.” That comment was degrading, completely uncalled for, and crossed every line of professionalism.

Declining a surgery is one thing. Lying publicly about a patient’s mental health to justify disrespectful behavior is another. His response is not only dishonest but manipulative, and it shows exactly the type of arrogance I experienced in that room. I stand by every single word of my review..no patient deserves to be spoken to or treated this way.

------------------------------------

I am deeply hurt and disappointed by my recent consultation with Dr. Toledo. I previously had a minor surgery with him back in June that went very well, so I was excited to come back for a rhinoplasty consultation. Sadly, this experience left me in tears and I’ve never looked at myself this way the way I’ve been insulted by someone I trusted so much.

At first, he was direct, which I appreciated because not a lot of doctors are..I’ll give him that. But once we got to the imaging, things went downhill. He spent about 10 secs creating one potential outcome on the computer and expected me to accept it without further discussion. When I asked questions and requested a few tweaks so I could see every angle, he became dismissive. The entire “consult” was 5 mins including the time I walked in the door and he came in the room, to me sitting down for imaging.

Dr. Toledo left the room, then came back sighing and told his nurse he “can’t perform on me” because I “have body dysmorphia.” He then said he “can’t fix my brain” and grabbed a mirror saying I’d be “nitpicking every angle of my nose”. This was all because I wanted a consultation longer than a few mins to make sure I understood the results before investing my hard-earned money for something I’ve wanted for my birthday/grad/Christmas gift to myself. He said “he doesn’t perform on people like that” implying there’s something wrong with me. I was so shocked and hurt.

I took off work early for this appointment and was genuinely excited, but instead I was insulted and left in tears. I never expected this from anyone especially a doctor I trusted. No patient deserves to be treated this way. I will also be reporting this experience to the medical board.","Dr. Toledo has no bedside manner, he spoke to me as if he was bothered to speak with me. I paid $150 consultation fee just to have him make me feel like I was a nuisance to him. He should learn from his staff, the ladies in the office are all very nice and courteous. I will not go back, it’s already difficult for someone to go in and bare themselves in front of someone to discuss their physical insecurities, let alone to be made to feel insignificant. While honesty is always appreciated, the tact or delivery of the message needs to have a certain level of empathy.",1,1,Voice AI + Agentic CRM Outreach,silverthreadlabs.com/services/voice-agents,frontline_communication;service_quality_in_session,,no_email_found,,152,4.4,18,139,https://toledoplasticsurgery.com/?utm_source=google&utm_medium=localsearch&utm_campaign=gmb,"https://www.google.com/maps/place/George+A.+Toledo,+MD:+Highland+Park+Plastic+Surgery+Center/data=!4m7!3m6!1s0x864e9e44e8c621a7:0xb431008d0840c893!8m2!3d32.8618855!4d-96.8063419!16s%2Fg%2F1tf7bhtx!19sChIJpyHG6ESeToYRk8hACI0AMbQ?authuser=0&hl=en&rclk=1",,FALSE,,FALSE,,0,FALSE,FALSE,
B,43.04,dallas,J Hopkins Plastic Surgery,contact@drjhopkins.firmmedia.org,contact@drjhopkins.firmmedia.org,gosom_scraper,+1 972-587-9206,https://drjhopkins.com,"3450 W Wheatland Rd #425, Dallas, TX 75237, United States",https://www.google.com/maps/place/J+Hopkins+Plastic+Surgery/data=!4m7!3m6!1s0x864e910a55e4553b:0x509f1a65e540796b!8m2!3d32.645891!4d-96.876589!16s%2Fg%2F1tfj3kx8!19sChIJO1XkVQqRToYRa3lA5WUan1A,https://www.facebook.com/J-Hopkins-Plastic-Surgery-912914772173315/,https://www.instagram.com/jhopkinsplasticsurgery/,,,,https://www.youtube.com/channel/UCtNq6zs6ggrk74n9hypIFHw,,,,,Jeffrey D. Hopkins;Meet Jeffrey;Dr J Hopkins;Hopkins Gallery;DR Hopkins,calls_unanswered,4,"I really wanted to get the same experience other people experienced with Dr. Hopkins but unfortunately his front office staff has prevented that. I completed out the online form to get a consultation but got no response & its been over almost 2 weeks. I called the office last week & provided my insurance information for the lady to check. She said she would call me back but guess what? Nothing! I have even had my insurance directly call the office to confirm whether or not Dr. Hopkins still accepts my insurance & once again, they stated they would call the patient (me) to give me an update yet I have heard NOTHING from them!!

It really shouldn’t be this difficult & the front staff should have a list readily available noting what current insurance plans are accepted. Now I’m back to searching for another surgeon!

Update: Ironically I received a call from the office right after this was posted to give them a callback. For what exactly? I no longer have interest as I stated. Yet their Google response states they don’t have records of anything.","I am very satisfied with the procedure that was performed but the front desk is the ABSOLUTELY the worst with the exception of on one kind lady. I apologize to the lady at the front desk for giving her a hard time because my employer was giving me a hard time for paperwork that should have been filled out by the staff and her response was "" oh you can't give me no hard time I will just look at the caller ID and don't answer"" I was so shocked, and I couldn't say anything because I needed the requested documentation. As of today, after surgery and returning back to work tomorrow I called to make an appointment because for some reason I am having pain and could not get an appointment because they are booked which is crazy, If a patient ( that had surgery) is asking for an appointment because he/she is in pain I would think it would be important to make sure he/she is seen, not at this office you will get excuse after excuse for the horrible care. Again, the Dr perform very well it is the front desk with the lack of concern or care for you. I DO NOT RECOMMEND.",1,1,Voice AI Agents (Inbound Coverage),silverthreadlabs.com/services/voice-agents,billing_or_intake_errors;calls_unanswered;followup_dropped;frontline_communication,,ok,,163,4.8,7,134,https://drjhopkins.com/?utm_source=google&utm_medium=organic&utm_campaign=google_business_profile,https://www.google.com/maps/place/J+Hopkins+Plastic+Surgery/data=!4m7!3m6!1s0x864e910a55e4553b:0x509f1a65e540796b!8m2!3d32.645891!4d-96.876589!16s%2Fg%2F1tfj3kx8!19sChIJO1XkVQqRToYRa3lA5WUan1A?authuser=0&hl=en&rclk=1,,FALSE,,FALSE,,0,FALSE,FALSE,
B,40.59,dallas,Lone Star Plastic Surgery: Dr. Sean Hill,,,,+1 214-937-4879,https://www.lonestarplasticsurgery.com,"5550 Warren Pkwy #210, Frisco, TX 75034, United States",https://www.google.com/maps/place/Lone+Star+Plastic+Surgery:+Dr.+Sean+Hill/data=!4m7!3m6!1s0x864c3b06639f39d5:0x7bd1370b0f67f24f!8m2!3d33.1073064!4d-96.8393256!16s%2Fg%2F11gk8qrt0j!19sChIJ1TmfYwY7TIYRT_JnDws30Xs,,,,,,,,,,,,frontline_communication,4,"Dr Hill is a terrible listener. His bedside manner is poor. I was so disappointed in his approach to understanding my medical history in order to help me. He was egotistical and rude. After an injury/trauma that’s painful and affects your appearance, it’s hard enough without someone treating you like that. Would never go back, walked out of my consultation. Please don't waste your time, emotional health or $ like I did.","I visited this office for a consultation, however i was not impressed with Dr Hill.  The front desk staff gave me a warmer greeting than he did.
I felt rushed through the consultation and an unconcerned attitude from Dr Hill. He wasn’t as friendly as I expected.
He was not clear on augmentation size limits, which I thought was odd and makes me skeptical on doing business. Procedures are expensive and a major investment. I want to feel safe with my surgeon. (At least pretend you are concerned.) Overall he was discouraging more than encouraging. Telling me upfront what he can’t do, One thing I have learned, people may not remember what you said but they remember how you make them feel.",1,1,Voice AI + Agentic CRM Outreach,silverthreadlabs.com/services/voice-agents,billing_or_intake_errors;followup_dropped;frontline_communication;service_quality_in_session,,cloudflare_blocked,,183,4.7,11,167,https://www.lonestarplasticsurgery.com/?utm_source=google&utm_medium=local&utm_campaign=frisco-practice-website,https://www.google.com/maps/place/Lone+Star+Plastic+Surgery:+Dr.+Sean+Hill/data=!4m7!3m6!1s0x864c3b06639f39d5:0x7bd1370b0f67f24f!8m2!3d33.1073064!4d-96.8393256!16s%2Fg%2F11gk8qrt0j!19sChIJ1TmfYwY7TIYRT_JnDws30Xs?authuser=0&hl=en&rclk=1,,FALSE,,FALSE,,0,FALSE,FALSE,
B,39.44,dallas,Noble Cosmetic Surgery,info@noblecosmeticsurgery.com,info@noblecosmeticsurgery.com,agent_browser_crawl,+1 214-227-0668,https://www.noblecosmeticsurgery.com,"6201 K Ave Suite 100, Plano, TX 75074, United States",https://www.google.com/maps/place/Noble+Cosmetic+Surgery/data=!4m7!3m6!1s0x864c1813c29cb6a9:0xf17137d2a153f5b5!8m2!3d33.0590072!4d-96.6905385!16s%2Fg%2F11c5rr_b_q!19sChIJqbacwhMYTIYRtfVTodI3cfE,https://www.facebook.com/noblecosmeticsurgery.plano?mibextid=wwXIfr,https://www.instagram.com/noblecosmeticsurgeryy/,https://www.linkedin.com/company/noble-cosmetic-surgery-plano-texas,,https://www.tiktok.com/@noblecosmeticsurgery;https://www.tiktok.com/@noblecosmeticsurgery1,https://www.youtube.com/@Noblecosmeticsurgery,,,,,Patrick C. Obasi;Meet Patrick,frontline_communication,3,"I had to change my review. They ask u to give them a review before your service is done so of course its nice because at first, they are really nice and considerate. But after the surgery everything changes.. You CANNOT talk to the Dr. anymore, and the nurse attitude changes. I had concerns about my stomach being uneven. They told me it would heal and be ok. It wasn’t. It’s been almost a year and still, my stomach is uneven and lumpy. It looks the same as before I went with lumps. I’m very self conscious of it. I wish I would have never went to this place. . Cheaper is definitely not better.","Their website stated that they offer a certain surgery and even had before/ after photos. Called and asked to make sure they offer said surgery and lady who answered said yes and scheduled me. I drove one hour only to be told they don’t offer that surgery and that their website needs to updated. No apology from anyone just “no, we don’t offer that anymore. We need to update our website”. Andrea was friendly but the NP and doctor were very stand offish. Don’t waste your time coming here especially if you live far from this location.",1,1,Voice AI + Agentic CRM Outreach,silverthreadlabs.com/services/voice-agents,followup_dropped;frontline_communication;service_quality_in_session,,ok,,480,4.8,22,425,https://www.noblecosmeticsurgery.com/?utm_source=GBP&utm_medium=organic&utm_campaign=GBP_Plano&utm_id=GBP_Plano,https://www.google.com/maps/place/Noble+Cosmetic+Surgery/data=!4m7!3m6!1s0x864c1813c29cb6a9:0xf17137d2a153f5b5!8m2!3d33.0590072!4d-96.6905385!16s%2Fg%2F11c5rr_b_q!19sChIJqbacwhMYTIYRtfVTodI3cfE?authuser=0&hl=en&rclk=1,,FALSE,,FALSE,,0,FALSE,FALSE,
B,38.44,dallas,Unicorn MedSpa,info@unicornmedspa.com,info@unicornmedspa.com;service@unicornmedspa.com,gosom_scraper;agent_browser_crawl,+1 214-919-3055,http://www.unicornmedspa.com,"2811 McKinney Ave #22, Dallas, TX 75204, United States",https://www.google.com/maps/place/Unicorn+MedSpa/data=!4m7!3m6!1s0x864e99d1d855b36b:0x2dc115f8474d21d6!8m2!3d32.799491!4d-96.801193!16s%2Fg%2F11rhz5zl3g!19sChIJa7NV2NGZToYR1iFNR_gVwS0,,https://www.instagram.com/unicornmedspa,,,,,,,,,,billing_or_intake_errors,4,"First they over charged me. I paid the required $20 deposit and they charged me in full the day of my appointment. I asked them if my deposit goes towards my total they said yes so I then notified them they did not remove my $20 from the total. They said they don't do refunds first (this isn't a situation where they did my hair and I didn't like it and wanted a refund. This was striaght up 100% them taking $20 extra of my money for no reason. Refund is non-negotiable) & that they will look into it. After they investigated they said they ""don't know why"" they over charged me and did refund me the extra $20 with snarky attitude ""the manager approved it"" as if there was a chance she could decline stealing my extra $20.  The second issue was the horrendous parking scenario. The email they send loosely says ""it'll ask for your card. We will validate at end"" that's it, when it should say ""at the parking garage do NOT give it your card, instead request a physical paper ticket. Save it and bring it to your appt. At the end turn in the ticket so we can pay for it. "". I even called them and asked if I was suppose to insert my card into the parking garage machine and she said YES I did it correctly. However at the end of my appt they asked for this ticket but I told them the screen said ""your credit card is your ticket"" to which she said ""you're all good to go then (:"" so I assumed everything was GOOD, until I saw I was charged TWENTY dollars for PARKING. I called asking how was I charged if they said they validate it, again they said they need to Iinvestigate to which they said they need the physical ticket they can't do anything about it. HOW IF THE GARAGE LITERALLY did NOT give me a ticket, reality I was NOT suppose to give my credit card - I was only suppose to request a ticket but this is why unicorn is at fualt for confirming I WAS suppose to put my card in (she said ""don't worry you won't be charged."") as well as not clarifying in text, email, call or in person that I need ticket. Even the link they sent me wasn't even valid as shown in images attached. They tried blaming me for wifi/service. Such a huge headache that could have been avoidable with proper communication instead of ""just figure it out"". My proof are not even sending to them. Email does not even say HOW they validate parking. English is important, coherent.","I would give this place 0 stars if I could. They will continue to up their prices without discussing it with you and then you are charged more every time after the service is completed at checkout. This happened several times to me. I would get fewer services such as getting highlights ever other visit only to have them increase the prices or add to the services I did get which would make my total higher and higher every time. I sent a message to rocky (the owner) and she stated that ""my stylist can change and increase the price of a service at anytime as they see fit"". She also sent me the price sheet which was a complete joke seeing as though the price can change at anytime so what is the point of a price sheet. As I had several communication with Rocky regarding the inconsistencies of the pricing and was told over and over that ""the stylist can change the prices at anytime as they see fit"". After not getting anywhere with management or staff and after they admitted to changing the prices and not informing me, I decided to do a charge back. After their investigation, even the credit card company ruled in our favor and we were refunded our money. This place is not about keeping clientele, they are about getting people in the door only to overcharge them and not tell them until it is time to checkout. GO ELSEWHERE AS YOU CAN FIND AN EVEN BETTER STYLIST THAT WILL NOT RIP YOU OFF (as I did) . DO NOT BE FOOLED BY ROCKY'S FRIENDLY DEMEANOR AS SHE IS ONLY ABOUT GETTING YOUR MONEY, SHE HAS NO INTEGRITY AND DOES NOT EVEN ENCOURAGE HONESTY WHEN IT COMES TO HER STYLISTS!! I ONLY WISH I WOULD HAVE LEARNED THIS LESSON SOONER!!!!",1,1,Workflow Automation + Systems Integration,silverthreadlabs.com/services/workflow-automation,billing_or_intake_errors;booking_friction;frontline_communication;service_quality_in_session,,ok,,302,4.9,12,287,http://www.unicornmedspa.com/,https://www.google.com/maps/place/Unicorn+MedSpa/data=!4m7!3m6!1s0x864e99d1d855b36b:0x2dc115f8474d21d6!8m2!3d32.799491!4d-96.801193!16s%2Fg%2F11rhz5zl3g!19sChIJa7NV2NGZToYR1iFNR_gVwS0?authuser=0&hl=en&rclk=1,,FALSE,,FALSE,,0,FALSE,FALSE,
B,36.08,dallas,Robert Schwartz Plastic Surgery,,,,+1 214-814-8821,https://rsplastic.com,"7859 Walnut Hill Ln Suite 330, Dallas, TX 75230, United States",https://www.google.com/maps/place/Robert+Schwartz+Plastic+Surgery/data=!4m7!3m6!1s0x864c1f38fb29fe09:0xe4bb4e6571987402!8m2!3d32.8810826!4d-96.7733238!16s%2Fg%2F1tdzx3f5!19sChIJCf4p-zgfTIYRAnSYcWVOu-Q,,,,,,,,,,,Why People,followup_dropped,4,"I meant to post a review sooner as it has been a year since my breast reduction but as I’ve healed I am a little disappointed. Dr Schwartz had done my breast lift in 2019 and everyone was wonderful then so I returned for a breast reduction last year but unfortunately it wasn’t the same experience for me. My stitches had come undone, so staples had to go over my incisions, I went back a week after and we agreed to leave the staples in for another week, but no one called me in for that appointment and the staples just kind of fell out on their own but I didn’t hear from the office for anything after that I feel like they totally forgot about me. I went from a G to a DD, but now my breasts look the same as the did before with additional scarring and I feel my nipples are not evenly aligned. We did some lipo during this session as well and just like the reduction, a year later there’s no difference. And I paid $ 17k. Just overall disappointed.","Unfortunately, I am unable to recommend Dr. Schwartz. I had constant difficulty communicating with the office (appointments, medical questions/concerns,etc).  ALL calls were forwarded to someone off site that both my husband and I found difficult and unpleasant to deal with. (I was told there was no way to reach the office directly). Also, following my procedure, i did not receive a follow up call to check on my wellbeing/status, and had to go through the off-site voicemail to communicate my post surgery questions and concerns. Very disappointing.
The main issue was a post surgery complication the required medical intervention. This complication reoccurred recently, and several doctors suggested I contact Dr. Schwartz for assistance, rather than pay another surgeon to correct this post surgery issue.  I reluctantly did call and left a message detailing the reoccurrence of the post op issues, including other doctor’s recommendation that I reach out to him for help in resolving the issue. I never even got a return call from Dr. Schwartz or his staff.  I am relieved to report that I have had this post op issue successfully corrected by another surgeon (for thousands of dollars), but feel an obligation to report my negative experience.",2,2,Agentic AI Systems (Autonomous Follow-up),silverthreadlabs.com/services/agentic-ai,billing_or_intake_errors;calls_unanswered;followup_dropped;frontline_communication,,no_email_found,,168,4.8,8,162,https://rsplastic.com/?utm_source=google&utm_medium=organic&utm_campaign=GBP,https://www.google.com/maps/place/Robert+Schwartz+Plastic+Surgery/data=!4m7!3m6!1s0x864c1f38fb29fe09:0xe4bb4e6571987402!8m2!3d32.8810826!4d-96.7733238!16s%2Fg%2F1tdzx3f5!19sChIJCf4p-zgfTIYRAnSYcWVOu-Q?authuser=0&hl=en&rclk=1,,FALSE,,FALSE,,1,FALSE,FALSE,
B,35.76,dallas,"Paul Pin, MD",,,,+1 214-827-2530,http://www.paulpinmd.com,"411 N Washington Ave Suite 4200, Dallas, TX 75246, United States","https://www.google.com/maps/place/Paul+Pin,+MD/data=!4m7!3m6!1s0x864e98c4dc445ac3:0xd4d608d801d7597!8m2!3d32.7888733!4d-96.7762258!16s%2Fg%2F1tnct9gt!19sChIJw1pE3MSYToYRl3UdgI1gTQ0",https://www.facebook.com/paulpinmd/,,https://www.linkedin.com/in/paul-pin-5259202a/,,,,,,,,Joseph Kelling,calls_unanswered,5,I have never seen dr pin. But I couldn’t keep anyone on the phone long enough to schedule a apt. I was put on hold 7 times.,"I went to see Dr Pin for consultation.  My appointment was at 11:30am.  I arrived at 11:20am to be sure to get in on time.  They kept me waiting until 12:45 in the waiting room and in a exam room for another half an hour.  After over two hours of waiting, doctor comes in and would not bother to listen to me.  He rushed out in less than five minutes.  Doesn't seem to value patient's time and concerns.",1,1,Voice AI Agents (Inbound Coverage),silverthreadlabs.com/services/voice-agents,booking_friction;calls_unanswered;followup_dropped;frontline_communication;service_quality_in_session,,no_email_found,,132,4.8,6,123,http://www.paulpinmd.com/,"https://www.google.com/maps/place/Paul+Pin,+MD/data=!4m7!3m6!1s0x864e98c4dc445ac3:0xd4d608d801d7597!8m2!3d32.7888733!4d-96.7762258!16s%2Fg%2F1tnct9gt!19sChIJw1pE3MSYToYRl3UdgI1gTQ0?authuser=0&hl=en&rclk=1",,FALSE,,FALSE,,0,FALSE,FALSE,
B,35.08,dallas,Advanced Facial Plastic Surgery Center: Dr. Bassichis,,,,+1 972-774-1777,https://www.advancedfacialplastic.com,"14755 Preston Rd #110, Dallas, TX 75254, United States",https://www.google.com/maps/place/Advanced+Facial+Plastic+Surgery+Center:+Dr.+Bassichis/data=!4m7!3m6!1s0x864c211a8d9882ff:0x1b7fd7f2046d3efd!8m2!3d32.9487149!4d-96.8041867!16s%2Fg%2F11h282v5rc!19sChIJ_4KYjRohTIYR_T5tBPLXfxs,https://www.facebook.com/advancedfacialplastic/,https://www.instagram.com/advancedfacialplastic/,,,https://www.tiktok.com/@advancedfacialplastic,,,,,,Benjamin Bassichis,billing_or_intake_errors,4,Free consultations are not actually free. Plus a very weird vibe from the doctor.  I recommend taking your business and time elsewhere.,"Biggest scam in the world, I was offered a free consultation to come in and see how much it would be to get something removed from my face. Fast-forward two weeks and I I receive a $50 bill in the mail for my free consultation. I called up there, explained that it was supposed to be free and they said they had it handled. I just got off the phone with them checking up on it and they said I had to pay it. I paid it to keep it off my credit, which is what they are counting on. So much back-and-forth over $50 and it’s the principal for me. I don’t want someone cutting into my face that I cannot trust.",1,1,Workflow Automation + Systems Integration,silverthreadlabs.com/services/workflow-automation,billing_or_intake_errors;followup_dropped;frontline_communication;service_quality_in_session,,no_email_found,,145,4.5,15,137,https://www.advancedfacialplastic.com/?utm_source=google&utm_medium=organic&utm_campaign=google_business_profile,https://www.google.com/maps/place/Advanced+Facial+Plastic+Surgery+Center:+Dr.+Bassichis/data=!4m7!3m6!1s0x864c211a8d9882ff:0x1b7fd7f2046d3efd!8m2!3d32.9487149!4d-96.8041867!16s%2Fg%2F11h282v5rc!19sChIJ_4KYjRohTIYR_T5tBPLXfxs?authuser=0&hl=en&rclk=1,,FALSE,,FALSE,,1,FALSE,FALSE,
B,31.55,dallas,Baylor Scott & White Plastic and Reconstructive Surgery - Dallas,,,,+1 972-817-6170,https://www.bswhealth.com/locations/clinic/plastic-and-reconstructive-surgery-dallas,"3417 Gaston Ave #600, Dallas, TX 75246, United States",https://www.google.com/maps/place/Baylor+Scott+%26+White+Plastic+and+Reconstructive+Surgery+-+Dallas/data=!4m7!3m6!1s0x864e99b33a4db765:0x8533282a736ca4d0!8m2!3d32.7899605!4d-96.7805925!16s%2Fg%2F11fjs75z8m!19sChIJZbdNOrOZToYR0KRscyooM4U,,,,,,,,,,,,billing_or_intake_errors,3,"I usually don't write reviews, but I am compelled to express my frustrations. I have not interacted with Dr. Mauskar, so I will not speak to his skills. However, the receptionist, Kasey, was rude and unprofessional. She showed no courtesy, did not care to explain the situation, or even care to inform me that she could not confirm my insurance before my visit (false information, I checked with my insurance, and it is accepted). I was rushed out, and it was made abundantly clear why after a five-minute phone call with my insurance, I went back to the office to find it closed. I expected more from a place like Baylor.",Tried repeatedly to schedule to complete a package of 3 facials. Showed up for second facial to find out nurse not available. Made up weeks later. Now a YEAR later and third facial could never get scheduled due to limited availability of nurse to find out she left. Still waiting to get refunded.,1,1,Workflow Automation + Systems Integration,silverthreadlabs.com/services/workflow-automation,billing_or_intake_errors;booking_friction;frontline_communication,,open_error,,52,4.8,2,37,https://www.bswhealth.com/locations/clinic/plastic-and-reconstructive-surgery-dallas?utm_content=main-website&utm_source=pg-google&utm_medium=organic&utm_campaign=29985-9717304,https://www.google.com/maps/place/Baylor+Scott+%26+White+Plastic+and+Reconstructive+Surgery+-+Dallas/data=!4m7!3m6!1s0x864e99b33a4db765:0x8533282a736ca4d0!8m2!3d32.7899605!4d-96.7805925!16s%2Fg%2F11fjs75z8m!19sChIJZbdNOrOZToYR0KRscyooM4U?authuser=0&hl=en&rclk=1,,FALSE,,FALSE,,0,FALSE,FALSE,
B,30.0,dallas,Plano Plastic Surgery,,,,+1 972-985-7474,https://dryaker.com,"4100 W 15th St STE 106, Plano, TX 75093, United States",https://www.google.com/maps/place/Plano+Plastic+Surgery/data=!4m7!3m6!1s0x864c226829007fdb:0x1bdfc4e73845615f!8m2!3d33.0170285!4d-96.7708431!16s%2Fg%2F1pt_7y8k1!19sChIJ238AKWgiTIYRX2FFOOfE3xs,https://www.facebook.com/PlanoPlasticSurgery,https://www.instagram.com/planoplasticsurgery/,,,,https://www.youtube.com/@PlanoPlastic,,,,,,frontline_communication,4,"My experience with Dr. Haidenberg & his assistant was not the best. I went for my consultation & it was super awkward. The assistant had the funkiest attitude I guess life is rough for her. And the Dr. apparently only shows interest if your approved for financing smh. All about money, hence I got there Wednesday & he was able to do Friday. Didn’t get it because of me being anemic. But I took my $16,000 else where. Always go with your first mind:)","I found the staff (excluding Dr. Yaker) to be very rude, cold and uninterested. The lady that handles the financing was not friendly at all. She didn't smile, she was really odd and snooty to be quite honest, and made me feel very uncomfortable. The nurses and receptionist are rude and cold.",1,1,Voice AI + Agentic CRM Outreach,silverthreadlabs.com/services/voice-agents,billing_or_intake_errors;booking_friction;frontline_communication;service_quality_in_session,,no_email_found,,158,4.8,6,146,https://dryaker.com/?utm_source=google&utm_medium=localsearch&utm_campaign=gmb,https://www.google.com/maps/place/Plano+Plastic+Surgery/data=!4m7!3m6!1s0x864c226829007fdb:0x1bdfc4e73845615f!8m2!3d33.0170285!4d-96.7708431!16s%2Fg%2F1pt_7y8k1!19sChIJ238AKWgiTIYRX2FFOOfE3xs?authuser=0&hl=en&rclk=1,,FALSE,,FALSE,,0,FALSE,FALSE,
C,29.73,dallas,Dr. William P. Adams Jr.,,,,+1 214-965-9885,https://www.dr-adams.com,"6901 Snider Plaza #120, Dallas, TX 75205, United States",https://www.google.com/maps/place/Dr.+William+P.+Adams+Jr./data=!4m7!3m6!1s0x864e9f009f5a8019:0x948fedd99c3e57c8!8m2!3d32.8496348!4d-96.7882553!16s%2Fg%2F1tg6kzb9!19sChIJGYBanwCfToYRyFc-nNntj5Q,https://www.facebook.com/DrWilliamAdams?fref=ts,https://www.instagram.com/adamsplasticsurgery/,,,,https://www.youtube.com/channel/UCHiF9PeEEiXTwBYSG-EkbUw,,,,,Adams Named;What Are,calls_unanswered,4,"If I could leave no stars I would. Adams will take your money and you won't be able to get in to see him if you have a concern after he operates on you. I sound like an angry person but honestly I'm just really sad for his and his staff's lack of attention or concern for a breast implant that is not healing correctly and causing discomfort. Ignored messages on their text line, ignored mychart messages, phone calls to their office continually going to an answering service. Zero attempt to get me in so he can examine me and address the problem I'm having. Too busy getting more patients and making more money to address his previous surgery patients. On a positive note-- they're super attentive and responsive before they get your money!","Read between the fine lines of their policies. If you try to reschedule your surgery dated on the 2nd of March on February the 2nd. They will take your money you put down and ask for another $1000.00 to reschedule. Seems crazy life happens and seems a little ridiculous, but oh well they made $600 of me for nothing.",1,1,Voice AI Agents (Inbound Coverage),silverthreadlabs.com/services/voice-agents,billing_or_intake_errors;calls_unanswered;followup_dropped;frontline_communication,,no_email_found,,95,4.7,6,59,https://www.dr-adams.com/,https://www.google.com/maps/place/Dr.+William+P.+Adams+Jr./data=!4m7!3m6!1s0x864e9f009f5a8019:0x948fedd99c3e57c8!8m2!3d32.8496348!4d-96.7882553!16s%2Fg%2F1tg6kzb9!19sChIJGYBanwCfToYRyFc-nNntj5Q?authuser=0&hl=en&rclk=1,,FALSE,,FALSE,,0,FALSE,FALSE,
C,27.63,dallas,"Dallas Plastic Surgery Institute - Ricardo Meade, MD",,,,+1 214-216-1236,https://www.doctormeade.com,"9101 N Central Expy #600, Dallas, TX 75231, United States","https://www.google.com/maps/place/Dallas+Plastic+Surgery+Institute+-+Ricardo+Meade,+MD/data=!4m7!3m6!1s0x864e9fbff9be6b1b:0x4eab32da22b47fc3!8m2!3d32.8723807!4d-96.7712803!16s%2Fg%2F1tdgq77h!19sChIJG2u--b-fToYRw3-0Itoyq04",https://www.facebook.com/ricardomeademdxi/,https://www.instagram.com/ricardomeademd/,,,,https://www.youtube.com/@drricardomeade9518;https://www.youtube.com/watch?v=4yeOtu_Nbyk;https://www.youtube.com/watch?v=8ADa3pNdfTs;https://www.youtube.com/watch?v=cCnbW9AKzt0,,,,,"Ricardo A. Meade, MD;Doctor Dr;Meade Saved;Your Mommy",frontline_communication,3,"Gave me what I asked for. That’s why he deserves 1 star. No postop instructions after mommy makeover. The only instructions, don’t stand up straight and measure output from drains. Post op- 1.5cm opening to an incision. No surgicelor Teristeips there. Just never closed. Dressings post op weren’t even covering incisions. Went to office for infected seroma, sat in waiting room for 2 hours in pain after driving an hour. 6 month follow-up- his paramedic assistant dismissed all my concerns only to be confirmed with Dr Meade saying “you have unrealistic expectations”. All I wanted was my boobs that don’t fall out of my bra when I bend over and for them to no longer sag. Biggest waste of 20k. Now I need to spend more since he also jacked my belly button that gets yeast infections like a skin fold every other day. Don’t waste your money.","I have the displeasure of doing a consultation w/this particular surgeon. After I had been a patient of a surgeon in the same building that apparently he took offense to me, wanting him to do work after that particular surgeon.  And make sure he let me know, basically. ""How dare you"" when obviously if I wanted to go back to that surgeon, As my surgeon, I would have done that. I needed help. I needed a new surgeon, and if he simply didn't want to do it. Just say that, but instead he berated me and made me feel less of a person , was that really necessary not very nice at all....left his office in tears, I'm a breast cancer survivor & had already been thru A LOT !!

I just needed to feel pretty again & only hoped he could help..
Left me feeling alone 😔 and helpless instead...",1,1,Voice AI + Agentic CRM Outreach,silverthreadlabs.com/services/voice-agents,followup_dropped;frontline_communication;service_quality_in_session,,no_email_found,,349,4.9,6,316,https://www.doctormeade.com/?utm_source=GMBlisting&utm_medium=organic&utm_campaign=gmb,"https://www.google.com/maps/place/Dallas+Plastic+Surgery+Institute+-+Ricardo+Meade,+MD/data=!4m7!3m6!1s0x864e9fbff9be6b1b:0x4eab32da22b47fc3!8m2!3d32.8723807!4d-96.7712803!16s%2Fg%2F1tdgq77h!19sChIJG2u--b-fToYRw3-0Itoyq04?authuser=0&hl=en&rclk=1",,FALSE,,FALSE,,0,FALSE,FALSE,
C,25.15,dallas,Walker Plastic Surgery & Med Spa,info@nickwalkermd.com,info@nickwalkermd.com,agent_browser_crawl,+1 469-899-8758,http://www.nickwalkermd.com,"12950 Dallas Pkwy Suite 200, Frisco, TX 75034, United States",https://www.google.com/maps/place/Walker+Plastic+Surgery+%26+Med+Spa/data=!4m7!3m6!1s0x864c3943c8182bf1:0x97e5bc5939e73d73!8m2!3d33.1847883!4d-96.8386399!16s%2Fg%2F11jtdmvdgk!19sChIJ8SsYyEM5TIYRcz3nOVm85Zc,https://www.facebook.com/Walker-Plastic-Surgery-112910257138318;https://www.facebook.com/drnickwalker/,https://www.instagram.com/drnickwalker/,,,,,,,,,,followup_dropped,3,"In the beginning of this year, I underwent a BBL procedure. Shortly after, I was diagnosed with a PULMONARY EMBOLISM- a life threatening condition that required immediate medical intervention. My boyfriend previously shared a brief review of what followed after I noticed the symptoms began to surface, but now that I’ve completed all required testings and bloodwork, and have met with both my PCP and hematologist for answers, as Dr. Walker advised, I feel it’s important to finally speak for myself.

After my surgery, before my boyfriend wrote a review, I sometimes wasn’t getting responses to my emails and had to call quite a few times. I still have those unanswered emails in my mail. After the review was posted, I no longer had problems with getting my emails answered. At one point, I experienced an issue after hours and called the after hours line. I’m not sure whether the lady I spoke with called Dr. Walker, (I don’t know the exact process they use to get in touch with him), but she tried reaching out to him three times, and he did not respond. She followed up with me each attempt as she mentioned before ending the call that I should expect a call from him within approximately 20 minutes. I’m very understanding, so by the third attempt, I told her it was okay, that I understand he may have been occupied or addressing other urgent matters at that time and ended up handling it myself.

Prior to the pulmonary embolism, I developed swelling and mild bruising below my right knee. Nearly 6 months after surgery, the swelling persists, and, sometimes, only subsides with the use of compression socks. It becomes particularly evident when my leg is exposed, serving as a constant reminder of everything I went through. Notably, there was no prior history of swelling in this region, it was one of the earliest indicators of the pulmonary embolism that followed.

A moment that still stands out to me was when I consulted Dr. Walker about firm, painful bumps, forming under my skin by my abdomen. Despite my concern and specific questions about fibrosis, he assured me it wasn’t the case. That brought me a great sense of relief. However, upon bringing the issue to my PCP, since the affected area showed no signs of improvement, a later evaluation confirmed it was fibrosis. Something that made me question the accuracy of his assessment and overall care.

Beyond that, I was deeply disappointed with my surgical results.

I was genuinely excited to get this BBL, but unfortunately, what I experienced was FAR from what I hoped. I waited to write this review until I completed all necessary testing and blood-work because I wanted to share the honest truth. There is SO much more I could share, but it’s too much to put into words. Ultimately, everyone is human and errors are inevitable. I hope that anyone considering a procedure like this will not make the mistake I did. Make sure to ask thorough questions, not just surface level ones. Research your surgeon carefully, and make sure you choose someone who truly cares, not just someone who says they do.","My girlfriend recently had a BBL with Dr. Walker. We noticed some concerning symptoms, including, swelling in both feet, mild bruising with additional swelling on the lower right part of her leg, just below the knee, and shortness of breath/chest pain. Upon evaluation at the ER, she was diagnosed with a PULMONARY EMBOLISM—a LIFE-THREATENING CONDITION.

Before taking her to the ER, concerned, she immediately called the office after noticing her symptoms. She explained the swelling in her feet and the bruising with swelling below her knees to the woman she spoke with on the phone, I believe it was the receptionist. She was then placed on hold while the lady informed Dr. Walker about the situation. Afterward, my girlfriend was asked to send pictures, which she promptly did. The lady then said that Dr. Walker wanted her to elevate her feet and wear compression socks. If my girlfriend hadn’t spoken up about her chest pain and shortness of breath, I honestly don’t know if she would still be here with us today. It was only after she reported shortness of breath/chest pain that she was finally advised to go to the ER. Throughout the entire process, she constantly asked questions and sought clear instructions on how to proceed. Despite the seriousness of her symptoms, she was repeatedly placed on hold by the lady she was speaking with on the phone.

Upon receiving instructions to go to the ER, I immediately rushed her there. Blood work results indicated the PRESENCE OF BLOOD CLOTS, and a CT scan confirmed what we FEARED—she had a PULMONARY EMBOLISM a LIFE-THREATENING CONDITION , but by the grace of God, she is still here with us.

I sincerely urge you to do your research before selecting a surgeon. During your consultation, don’t hesitate to ask comprehensive questions to ensure you fully understand your options and the care being provided.",1,1,Agentic AI Systems (Autonomous Follow-up),silverthreadlabs.com/services/agentic-ai,billing_or_intake_errors;followup_dropped;frontline_communication,,ok,,178,4.8,7,151,http://www.nickwalkermd.com/,https://www.google.com/maps/place/Walker+Plastic+Surgery+%26+Med+Spa/data=!4m7!3m6!1s0x864c3943c8182bf1:0x97e5bc5939e73d73!8m2!3d33.1847883!4d-96.8386399!16s%2Fg%2F11jtdmvdgk!19sChIJ8SsYyEM5TIYRcz3nOVm85Zc?authuser=0&hl=en&rclk=1,,FALSE,,FALSE,,1,FALSE,FALSE,
C,25.1,dallas,Dallas Surgical Arts,,,,+1 972-914-3660,https://www.dallassurgicalarts.com,"12740 Hillcrest Suite 100 & 170, Dallas, TX 75230, United States",https://www.google.com/maps/place/Dallas+Surgical+Arts/data=!4m7!3m6!1s0x864c206d2f3592c3:0x58992dfe56e7cd54!8m2!3d32.9224466!4d-96.7822783!16s%2Fg%2F1tctxz1x!19sChIJw5I1L20gTIYRVM3nVv4tmVg,https://www.facebook.com/DallasSurgicalArts/,https://www.instagram.com/dallassurgicalarts/,,,,https://www.youtube.com/channel/UCdq8jpoxIT5WnRkZB6Ro5ag,,,,,Different Types;Real Patient,frontline_communication,3,"This place has very unreasonable cancellation policy. I called to reschedule because I was sick but they said they will confiscate my $100 deposit even if I was sick and even if I just wanted to reschedule. I will not come back to this place again.

Update: They did call and explained to me that the money will be applied to my treatment which I was fine with. They refunded my deposit and refused to reschedule or book any new appointments for me. I just wanted to reschedule because of my sickness. Their manager was very hostile to me on the phone because of my review. I was treated meanly both times I had conversations with them. I would not recommend this place.

The review is all they care about, not their customers.","Everything was going good until we were promised a price for Botox and when telling the front office, they didn’t believe us. Mark had told us a certain price and told us to wait until next week to schedule for the lower price. Front office didn’t believe us and didn’t care that they were going to lose a patient.",1,1,Voice AI + Agentic CRM Outreach,silverthreadlabs.com/services/voice-agents,billing_or_intake_errors;frontline_communication;service_quality_in_session,,no_email_found,,502,4.9,6,439,https://www.dallassurgicalarts.com/,https://www.google.com/maps/place/Dallas+Surgical+Arts/data=!4m7!3m6!1s0x864c206d2f3592c3:0x58992dfe56e7cd54!8m2!3d32.9224466!4d-96.7822783!16s%2Fg%2F1tctxz1x!19sChIJw5I1L20gTIYRVM3nVv4tmVg?authuser=0&hl=en&rclk=1,,FALSE,,FALSE,,0,FALSE,FALSE,
C,22.04,dallas,Rachel Walker MD: Plastic Surgery Center of Dallas,,,,+1 972-661-5077,https://www.cosmeticsurgerydallas.com,"6190 Lyndon B Johnson Fwy Suite 500, Dallas, TX 75240, United States",https://www.google.com/maps/place/Rachel+Walker+MD:+Plastic+Surgery+Center+of+Dallas/data=!4m7!3m6!1s0x864c20f108bcb6a9:0xa6aa1258f03e2017!8m2!3d32.9239943!4d-96.7999356!16s%2Fg%2F124t2rnqv!19sChIJqba8CPEgTIYRFyA-8FgSqqY,https://www.facebook.com/PlasticSurgeryCenterofDallas,https://scontent-ord5-1.cdninstagram.com/v/t51.82787-15/671754393_18583378897052025_610450677403809180_n.jpg?stp=dst-jpg_e35_tt6&_nc_cat=108&ccb=7-5&_nc_sid=18de74&efg=eyJlZmdfdGFnIjoiQ0FST1VTRUxfSVRFTS5iZXN0X2ltYWdlX3VybGdlbi5DMyJ9&_nc_ohc=_Am1JJ9T-IQQ7kNvwGMzD-x&_nc_oc=AdpZ2vwIbEogfdJRb-vX9LUuVEwZZJmgQn4slL4UkDQpx2DTAUGSf_-oqUstZ_ZcQjI&_nc_zt=23&_nc_ht=scontent-ord5-1.cdninstagram.com&edm=ANo9K5cEAAAA&_nc_gid=5awSNfA9EFSI30mXTfqZGA&_nc_tpa=Q5bMBQGf7vc4VxA3LiUtOimZJ4WRgElFZhhvGsqyw5s4fg6ZU8P1jk4NTGNeV6l8A9tfdcmBMUc7NoeoXA&oh=00_Af4MreOmUzQKJfV_2_acLkArsTaNtQjq5VlPylq_nXS5Ag&oe=69FA0FAF;https://scontent-ord5-1.cdninstagram.com/v/t51.82787-15/673809957_18581913640052025_8093404474712057439_n.jpg?stp=dst-jpg_e35_tt6&_nc_cat=111&ccb=7-5&_nc_sid=18de74&efg=eyJlZmdfdGFnIjoiQ0xJUFMuYmVzdF9pbWFnZV91cmxnZW4uQzMifQ%3D%3D&_nc_ohc=ABRt_UMyl78Q7kNvwH6ADbw&_nc_oc=AdpvWkuRHc6YmNY7yxDNAYYzbvIVfA3e7dgIHIDRBwEbaHoKPxgDqTvWTq_emOrjkec&_nc_zt=23&_nc_ht=scontent-ord5-1.cdninstagram.com&edm=ANo9K5cEAAAA&_nc_gid=5awSNfA9EFSI30mXTfqZGA&_nc_tpa=Q5bMBQFyLWpQCOgjN2857fwB_qcdA8Oyw3B9fYebP4j4Nl9XXzss-HMbjxf2xlNBgnhIvDSv10m6IyOYQA&oh=00_Af50sdf8vnnEzEHrkBCB9Qas_q2rjgO5CxNcpviTBKlPEw&oe=69FA3899;https://scontent-ord5-1.cdninstagram.com/v/t51.82787-15/684948969_18583691623052025_768089567400506432_n.jpg?stp=dst-jpg_e35_tt6&_nc_cat=101&ccb=7-5&_nc_sid=18de74&efg=eyJlZmdfdGFnIjoiQ0FST1VTRUxfSVRFTS5iZXN0X2ltYWdlX3VybGdlbi5DMyJ9&_nc_ohc=UNWJu3AqngYQ7kNvwHtDqye&_nc_oc=AdrTyAYPQ2uh53nagLZtymkMhGbstrNqTa747sfS5YUWcCbImk2Fjtiw-UO9LRvgXcA&_nc_zt=23&_nc_ht=scontent-ord5-1.cdninstagram.com&edm=ANo9K5cEAAAA&_nc_gid=5awSNfA9EFSI30mXTfqZGA&_nc_tpa=Q5bMBQGqmyVf9EINpZjvTEPXO3WWERHQGl6ZhFGaeaXMk9tOpJM7uEjkFQoQ9qnxP41e0wglR6GDeQtXYA&oh=00_Af6YY7uCC0MJQe8vjkF2OK6O6hSXEeJcvfNfpHuEYZnvvg&oe=69FA3761;https://scontent-ord5-2.cdninstagram.com/v/t51.82787-15/671179230_18579957484052025_3124231589839776497_n.jpg?stp=dst-jpg_e35_tt6&_nc_cat=105&ccb=7-5&_nc_sid=18de74&efg=eyJlZmdfdGFnIjoiQ0FST1VTRUxfSVRFTS5iZXN0X2ltYWdlX3VybGdlbi5DMyJ9&_nc_ohc=N-wBUVDMMzcQ7kNvwHkzsCQ&_nc_oc=Ado2QxsmG_3lIbV6FNnSuik0DpkC6_DF_y-_uZrwesZPcsN8yqKOoCnXtWBRbPzTlHc&_nc_zt=23&_nc_ht=scontent-ord5-2.cdninstagram.com&edm=ANo9K5cEAAAA&_nc_gid=5awSNfA9EFSI30mXTfqZGA&_nc_tpa=Q5bMBQFNp_VahgBfKbQse3XUw_-QkZwwSdeo-Iu9sv0mV6kEUlGOKVspxQDWJiak5fHiR4nqoYmnsajMAw&oh=00_Af5J932KhPk6Hcdc4kvRIX3WO4OvFleKOpKqwUGvfIpS7Q&oe=69FA3B3A;https://scontent-ord5-2.cdninstagram.com/v/t51.82787-15/671227234_18580222810052025_7106922310801550396_n.jpg?stp=dst-jpg_e35_tt6&_nc_cat=103&ccb=7-5&_nc_sid=18de74&efg=eyJlZmdfdGFnIjoiQ0xJUFMuYmVzdF9pbWFnZV91cmxnZW4uQzMifQ%3D%3D&_nc_ohc=HdKeFCxwyIYQ7kNvwEY45Et&_nc_oc=AdrXWM34THmr2h_kokr4pg2BsGYuwjHuR7JcKAw6NATxPmHPPMpMRFY2ZxybqxW8lc8&_nc_zt=23&_nc_ht=scontent-ord5-2.cdninstagram.com&edm=ANo9K5cEAAAA&_nc_gid=5awSNfA9EFSI30mXTfqZGA&_nc_tpa=Q5bMBQHiBwlNFIaIRWJAuE7WIeA4WI5dsMYqdCizKpWCGMVxM3n8lct9gjMKWS4LZz_6RQJei2dC-WnAvQ&oh=00_Af6ua93KLogp-_EC8FcajswciVWal0rB9H64JHaJLZ0hCw&oe=69FA121C;https://scontent-ord5-2.cdninstagram.com/v/t51.82787-15/672334370_18580894972052025_5443017062904175202_n.jpg?stp=dst-jpg_e35_tt6&_nc_cat=103&ccb=7-5&_nc_sid=18de74&efg=eyJlZmdfdGFnIjoiQ0FST1VTRUxfSVRFTS5iZXN0X2ltYWdlX3VybGdlbi5DMyJ9&_nc_ohc=bgC1zsOp6D0Q7kNvwG9F02w&_nc_oc=Adq3nQy1spmbSynSLQv6DSCqGkcASMJRIBHosOD8ubqIouE6-hlRzRxK3WcmrxrSnWg&_nc_zt=23&_nc_ht=scontent-ord5-2.cdninstagram.com&edm=ANo9K5cEAAAA&_nc_gid=5awSNfA9EFSI30mXTfqZGA&_nc_tpa=Q5bMBQHXcz9nvPZj2hR5tnfw6KD3KmXZAxSZclnBgE0o_Lr65FraU_PDm5TNHldUP1XCtgxVcmN0Y-vaXg&oh=00_Af4ytKOXLKX44pO6qZiTT6l1xzB2mjKBj1ChoQU_MIx5Ag&oe=69FA1648;https://scontent-ord5-2.cdninstagram.com/v/t51.82787-15/684552676_18583053217052025_2908719763245756209_n.jpg?stp=dst-jpg_e35_tt6&_nc_cat=103&ccb=7-5&_nc_sid=18de74&efg=eyJlZmdfdGFnIjoiQ0xJUFMuYmVzdF9pbWFnZV91cmxnZW4uQzMifQ%3D%3D&_nc_ohc=OXTRfghGzTYQ7kNvwEOg6DZ&_nc_oc=AdqjaHmvg5kQ5NEqeGngthpT_OnAHcUlQH9BdxJDkaj0zSRTx7OClqtVz5MwzlVqb3k&_nc_zt=23&_nc_ht=scontent-ord5-2.cdninstagram.com&edm=ANo9K5cEAAAA&_nc_gid=5awSNfA9EFSI30mXTfqZGA&_nc_tpa=Q5bMBQEXGexPXYFg4VKuLpsb4ce5TGN5Mle7UeoD0MlUVwOcjiRmrAzjdwbj6eG_hEa24vY9MtDpBs3A6w&oh=00_Af7RG2TG24IloP9VnicuyI0Q1c_AO3qM9v4NGTCUS0eTxg&oe=69FA2C95;https://scontent-ord5-3.cdninstagram.com/v/t51.82787-15/670371734_18579560686052025_23119853062911513_n.jpg?stp=dst-jpg_e35_tt6&_nc_cat=100&ccb=7-5&_nc_sid=18de74&efg=eyJlZmdfdGFnIjoiQ0FST1VTRUxfSVRFTS5iZXN0X2ltYWdlX3VybGdlbi5DMyJ9&_nc_ohc=YX8p9sbiWrYQ7kNvwFvwv5L&_nc_oc=AdpfHqFW4AKmHrdCK2gLW5BFlF2nLJJ0Q6pFJ6dy0Cbd-pS2hNEFA-dRN4KdVw7Xvkk&_nc_zt=23&_nc_ht=scontent-ord5-3.cdninstagram.com&edm=ANo9K5cEAAAA&_nc_gid=5awSNfA9EFSI30mXTfqZGA&_nc_tpa=Q5bMBQFOLiuF0WjyTEIRLcMkhA3JalQZLIH6QoJsWAIqSbIal40wmznVXi0T57jhKK2NHjBF_p-gSXeMrw&oh=00_Af7xKk_RWFSTHh93YOBppStB7Mf0OnIWtc61iQ_dIXah8Q&oe=69FA351A;https://scontent-ord5-3.cdninstagram.com/v/t51.82787-15/671157376_18580479565052025_3689351325163730771_n.jpg?stp=dst-jpg_e35_tt6&_nc_cat=106&ccb=7-5&_nc_sid=18de74&efg=eyJlZmdfdGFnIjoiQ0xJUFMuYmVzdF9pbWFnZV91cmxnZW4uQzMifQ%3D%3D&_nc_ohc=-y8sQyIaSyAQ7kNvwGmU5yq&_nc_oc=Adqs5lu4PbcU1jMfk77mV3U2KVnqB9ayJ9jpEHLtzTBnT-m52OHcz6UD4DzHpzvyctU&_nc_zt=23&_nc_ht=scontent-ord5-3.cdninstagram.com&edm=ANo9K5cEAAAA&_nc_gid=5awSNfA9EFSI30mXTfqZGA&_nc_tpa=Q5bMBQHbbwtUCNYAgeDW49fLruR2wRybzAahU0-a8PKzhI7t4lprmt-o8Rdj1CHBKV7SQ_JlktQvngTmmQ&oh=00_Af6-SHitqbGptm5WKb_LgwuH-Q58xRLlT_-PQ6p0sf7eqQ&oe=69FA1819;https://scontent-ord5-3.cdninstagram.com/v/t51.82787-15/671838028_18581619556052025_124962679324925936_n.jpg?stp=dst-jpg_e35_tt6&_nc_cat=109&ccb=7-5&_nc_sid=18de74&efg=eyJlZmdfdGFnIjoiQ0FST1VTRUxfSVRFTS5iZXN0X2ltYWdlX3VybGdlbi5DMyJ9&_nc_ohc=SXQPThbLRSkQ7kNvwHTK53g&_nc_oc=AdqvKEOuH3hoIn8-z6gN3Aiwbfq1KUYkoxILCvr5ejTkr9QelAfWPaR1PNHbFg5gyNM&_nc_zt=23&_nc_ht=scontent-ord5-3.cdninstagram.com&edm=ANo9K5cEAAAA&_nc_gid=5awSNfA9EFSI30mXTfqZGA&_nc_tpa=Q5bMBQGddfh8_-KywjQzEiJpCvrjBmna55XDsVxJDN5awkRV_O5RlUZETSqG19goyZIQOsd-K23ZfJXE9g&oh=00_Af4cmn_qTY3JrRpspMleJxwCS28tDecc4XjtAZ22nDoFWg&oe=69FA0890;https://scontent-ord5-3.cdninstagram.com/v/t51.82787-15/673141530_18581368792052025_7009449921880333838_n.jpg?stp=dst-jpg_e35_tt6&_nc_cat=109&ccb=7-5&_nc_sid=18de74&efg=eyJlZmdfdGFnIjoiQ0xJUFMuYmVzdF9pbWFnZV91cmxnZW4uQzMifQ%3D%3D&_nc_ohc=YqOExs9aXvQQ7kNvwF7UiuA&_nc_oc=AdrcXTMJpR7Z13R4c4HxGxLJSnLBEZByiUSgV-I3Va8kI8NCoRCN-SX0UJxMj5ddmRY&_nc_zt=23&_nc_ht=scontent-ord5-3.cdninstagram.com&edm=ANo9K5cEAAAA&_nc_gid=5awSNfA9EFSI30mXTfqZGA&_nc_tpa=Q5bMBQG9YIcG-mCMu74vXWyDhH7cwjYSRb62DuWHb-zTC8VGLseZyQUaN8E8ZnpmMi4dMujKbzpN7MTe3g&oh=00_Af5yLfncf6F36QCbykvdrScdeAb9cqn7hMTvSxroHa98Lw&oe=69FA3354;https://scontent-ord5-3.cdninstagram.com/v/t51.82787-15/673862421_18579731116052025_9024642939806606608_n.jpg?stp=dst-jpg_e35_tt6&_nc_cat=100&ccb=7-5&_nc_sid=18de74&efg=eyJlZmdfdGFnIjoiRkVFRC5iZXN0X2ltYWdlX3VybGdlbi5DMyJ9&_nc_ohc=EG-Bm6WWVWEQ7kNvwGuN11u&_nc_oc=AdrSOhMnm2Nn0pUOPi5k1_n3AdAPJMfiqsICth-jK50ZpI0g6MtYYZeT3IKEvq8iFwI&_nc_zt=23&_nc_ht=scontent-ord5-3.cdninstagram.com&edm=ANo9K5cEAAAA&_nc_gid=5awSNfA9EFSI30mXTfqZGA&_nc_tpa=Q5bMBQHQAS60X8DGl4p6NkeXH7GOdpdNbXt33_GLMHjjLtHTYiAzvh47nEe7AvxI30OS173XcF68E0mPsA&oh=00_Af6lpioIA0fkMxG-1GYMoolR5ZH8IXmyC4aIOO3OBs0LXQ&oe=69FA3843;https://www.instagram.com/p/DXH03rSlEDg/;https://www.instagram.com/p/DXKWit0FGtK/;https://www.instagram.com/p/DXMsoK1jYNX/;https://www.instagram.com/p/DXXIVSsDn-5/;https://www.instagram.com/p/DXe1mSHjhAW/;https://www.instagram.com/p/DXulPpNAQyx/;https://www.instagram.com/p/DXxM3bIgdD8/;https://www.instagram.com/plasticsurgerycenterofdallas/;https://www.instagram.com/rachelwalkermd/?hl=en;https://www.instagram.com/reel/DXPQZA9DeTg/;https://www.instagram.com/reel/DXSaxT8AXWV/;https://www.instagram.com/reel/DXcUJNADv8F/;https://www.instagram.com/reel/DXhjbgtEpZl/;https://www.instagram.com/reel/DXr0PjSkr2r/,,,https://www.tiktok.com/@rachelwalkermd?lang=en,https://www.youtube.com/channel/UCZxj-FrCIWX8EKJE85WpQYg?view_as=subscriber,,,,,,frontline_communication,2,"nice people! never go to this center! I'll tell you my story. a month ago I made a laser resurfacing. I wanted just a little bit to rejuvenate the skin. after that I started having problems. the right side of his face was ugly. formed scars and blemishes. Today I was the manager. I just asked what I should do with my problem skin now? the manager said that all in order. I'm talking about how to order, take a look at my face! as a result I do not no help, the money is not returned and refused further services!!! I will not complain about this clinic!! I is not leaving!!",seemed to have some communication issues when attempting to get a consult.,2,3,Voice AI + Agentic CRM Outreach,silverthreadlabs.com/services/voice-agents,followup_dropped;frontline_communication,,no_email_found,,479,4.9,7,388,https://www.cosmeticsurgerydallas.com/,https://www.google.com/maps/place/Rachel+Walker+MD:+Plastic+Surgery+Center+of+Dallas/data=!4m7!3m6!1s0x864c20f108bcb6a9:0xa6aa1258f03e2017!8m2!3d32.9239943!4d-96.7999356!16s%2Fg%2F124t2rnqv!19sChIJqba8CPEgTIYRFyA-8FgSqqY?authuser=0&hl=en&rclk=1,,FALSE,,FALSE,,0,FALSE,FALSE,
C,20.24,dallas,"Scott Harris, MD",,,,+1 972-543-2474,https://www.scottharrismd.com,"6020 W Plano Pkwy, Plano, TX 75093, United States","https://www.google.com/maps/place/Scott+Harris,+MD/data=!4m7!3m6!1s0x864c22659238b9f3:0xcd9c342a12708d68!8m2!3d33.0159595!4d-96.831045!16s%2Fg%2F1tgkhpk1!19sChIJ87k4kmUiTIYRaI1wEio0nM0",https://www.facebook.com/drscottharris,https://www.instagram.com/dr_scott_harris/,,,,https://www.youtube.com/embed/KPR4KpzoNPQ,,,,,,frontline_communication,1,I would not under any circumstance go to Dr. Harris for any procedure!  He actually did liposuction on my neck and it was never discussed or approved and it has been a nightmare! When I started having issues with the area that he performed liposuction on he completely shut down as far as communicating with me!  I would go in for a check up and he wouldn’t even come all the way into the exam room!  He would stand at the door and when I would ask questions he would just say he didn’t know!  I’ve never experienced such strange behavior!  Thank goodness for Katie who worked for months to try to get my neck back to where it was before the procedure!  My neck is not back to where it should be but I am afraid for him to do anything further!  I am going to find a plastic surgeon that knows what he is doing and has appropriate communication skills to deal with issues that come up with patients botched procedures!  Please find a qualified plastic surgeon and save yourself months and possibly years of anguish!!,"Dr. Harris is a good surgeon and listened well. His nursing team for post op could stand some classes in listening and training on communication and needs more exp. when fitting garments after surgery . Kind of sounded like machines when I called about the fit of garments being uncomfortable after surgery.  Repeated their message, didn’t ask questions.",1,3,Voice AI + Agentic CRM Outreach,silverthreadlabs.com/services/voice-agents,frontline_communication,,no_email_found,,65,4.7,6,57,https://www.scottharrismd.com/,"https://www.google.com/maps/place/Scott+Harris,+MD/data=!4m7!3m6!1s0x864c22659238b9f3:0xcd9c342a12708d68!8m2!3d33.0159595!4d-96.831045!16s%2Fg%2F1tgkhpk1!19sChIJ87k4kmUiTIYRaI1wEio0nM0?authuser=0&hl=en&rclk=1",,FALSE,,FALSE,,0,FALSE,FALSE,
C,20.11,dallas,"Ronald M. Friedman, MD, PA",,,,+1 469-467-0100,https://www.plasticsurgerydallas.com,"6124 W Parker Rd # 232, Plano, TX 75093, United States","https://www.google.com/maps/place/Ronald+M.+Friedman,+MD,+PA/data=!4m7!3m6!1s0x864c2d40a3c77e4f:0x16e7d1a0f9d5598a!8m2!3d33.0442611!4d-96.835955!16s%2Fg%2F1tmqrr__!19sChIJT37Ho0AtTIYRilnV-aDR5xY",https://www.facebook.com/Ronald-M-Friedman-MD-485626425577/,https://www.instagram.com/drronfriedman/,,,https://vm.tiktok.com/ZMdwG8EcM/,,,,,,"Ronald M. Friedman, M.D.;Friedman's Associations",frontline_communication,2,"Horrible breast augmentation experience... Dr Friedman made my pockets way too large and both of my implants would slide into my armpits and sides when I laid on my back. I followed all of my post operative instructions but still had this horrible result. When I voiced my concerns to his office, they became very defensive and basically said ""well, you signed a risk waiver and were given options to have larger breasts without surgery - like wearing a padded bra"". WHAT?! So, after numerous consultations with other board certified plastic surgeons who agreed that my pockets were made too large, I have spent thousands of dollars since then to have two revisions, first a mastopexy (breast lift) with internal suturing to help hold the implants in place and then a 2nd revision which required mesh to be sewn into my muscle to make my pockets smaller. Finally I have beautiful breasts, no thanks to this guy. Stay away from this doctor!!","Waited two months for appt to see Dr.  When I made the appt I told them what I was wanting done.  Discussed it in detail with the person making the appt.  Saw Dr today and he told me he does not do but one or two arm lifts a year.  And I should find  a plastic surgeon that specializes in arm lifts. He did not have any referrels to give me.
Bad way to run a medical practice. I was informed steal times that they did not take insurance.   They could tell me that but not that the Dr does not do arm lifs

give name
If I had know thplmthahos",1,1,Voice AI + Agentic CRM Outreach,silverthreadlabs.com/services/voice-agents,booking_friction;frontline_communication,,no_email_found,,506,5,3,486,https://www.plasticsurgerydallas.com/,"https://www.google.com/maps/place/Ronald+M.+Friedman,+MD,+PA/data=!4m7!3m6!1s0x864c2d40a3c77e4f:0x16e7d1a0f9d5598a!8m2!3d33.0442611!4d-96.835955!16s%2Fg%2F1tmqrr__!19sChIJT37Ho0AtTIYRilnV-aDR5xY?authuser=0&hl=en&rclk=1",,FALSE,,FALSE,,0,FALSE,FALSE,
C,19.6,dallas,Elysian Male Enhancement - Dallas,,,,+1 972-730-9003,https://texas-penisenlargement.com,"131 Degan Ave, Lewisville, TX 75057, United States",https://www.google.com/maps/place/Elysian+Male+Enhancement+-+Dallas/data=!4m7!3m6!1s0x864c2d4c8c7d9bdd:0x4f4cac920dff2110!8m2!3d33.04721!4d-97.007369!16s%2Fg%2F11x650l671!19sChIJ3Zt9jEwtTIYRECH_DZKsTE8,,,,,,,,,,,,,0,,,,,,,,,no_email_found,,0,0.0,0,0,https://texas-penisenlargement.com/,https://www.google.com/maps/place/Elysian+Male+Enhancement+-+Dallas/data=!4m7!3m6!1s0x864c2d4c8c7d9bdd:0x4f4cac920dff2110!8m2!3d33.04721!4d-97.007369!16s%2Fg%2F11x650l671!19sChIJ3Zt9jEwtTIYRECH_DZKsTE8?authuser=0&hl=en&rclk=1,,FALSE,,FALSE,,0,FALSE,FALSE,
C,19.2,dallas,Dr. Jay Burns - Resurrect Skin MD,info@skintolife.com,info@skintolife.com,agent_browser_crawl,+1 219-754-6865,https://www.resurrectskinmd.com,"8226 Douglas Ave Suite 104, Dallas, TX 75225, United States",https://www.google.com/maps/place/Dr.+Jay+Burns+-+Resurrect+Skin+MD/data=!4m7!3m6!1s0x864e9fbff9be6b1b:0xcdcab742ae45d1b1!8m2!3d32.8633225!4d-96.8082309!16s%2Fg%2F1xgrnbng!19sChIJG2u--b-fToYRsdFFrkK3ys0,https://www.facebook.com/resurrectskinmd/,https://www.instagram.com/resurrectskinmd/?hl=en,,,,https://www.youtube.com/@DrAJayBurns/featured,,,,,The Road;Visit Dr,calls_unanswered,1,Been trying to reach this doctor for weeks per my dermatologist’s recommendation. Voicemail keeps saying it’s full and nobody answers the phone. I would love to get in contact with you guys for a very important reason.,,1,,Voice AI Agents (Inbound Coverage),silverthreadlabs.com/services/voice-agents,calls_unanswered,,ok,,251,5,2,209,https://www.resurrectskinmd.com/?utm_source=gbp&utm_medium=organic,https://www.google.com/maps/place/Dr.+Jay+Burns+-+Resurrect+Skin+MD/data=!4m7!3m6!1s0x864e9fbff9be6b1b:0xcdcab742ae45d1b1!8m2!3d32.8633225!4d-96.8082309!16s%2Fg%2F1xgrnbng!19sChIJG2u--b-fToYRsdFFrkK3ys0?authuser=0&hl=en&rclk=1,,FALSE,,FALSE,,0,FALSE,TRUE,metro_mismatch
C,18.83,dallas,Cox Cosmetic Surgery,from_reviews_modal@cox.com,from_reviews_modal@cox.com,gosom_scraper,+1 972-787-0424,https://coxcosmeticsurgery.com,"3800 Gaylord Pkwy Suite 840, Frisco, TX 75034, United States",https://www.google.com/maps/place/Cox+Cosmetic+Surgery/data=!4m7!3m6!1s0x8640bff272fbe5b1:0x75ccf6b649aff799!8m2!3d33.1101244!4d-96.8258884!16s%2Fg%2F1td05fjw!19sChIJseX7cvK_QIYRmfevSbb2zHU,https://www.facebook.com/coxcosmeticsurgery,https://www.instagram.com/coxcosmeticsurgery/,,,,,,,,,Joshua Cox,booking_friction,2,"I scheduled a consultation on 11/2. I received a text instantly stating I’ll hear from them soon confirming my appointment. I heard nothing but great things about Dr. Cox. I never heard from anyone. I decided to call to make sure I had an appointment. I left a message bc it was before they open. I then called when they opened around 910. I was told I didn’t have an appointment bc I entered my number wrong so they couldn’t call me to collect the consult fee. I asked what the number was that was on the file, she stated she already deleted it, that it was a 214 number. Which I’ve never had. I thought about it, and was confused, bc I literally received a text from them. So that didn’t make sense that my number was wrong. The woman on the phone was very snarky, bc I told my husband that didn’t sound like the truth. I was still going to make my appointment, my husband misplaced his wallet. So I told her I would call back. She sounded pleased to get off the phone with me. She was on speaker so my husband heard it as well. I called back within 10 mins to schedule. No answer. Called back a couple mins later and left a voicemail, never received a call back to schedule. I ended up calling a different doctor and had a completely different experience. She was super welcoming, super informative. I decided to go with them instead. A bad staff will run away business for a doctor. It’s disappointing bc again I’ve heard nothing but great things about Dr. Cox. Hopefully she treats others better than she treated me.",,1,,Voice AI Booking + Agentic Self-Service,silverthreadlabs.com/services/voice-agents,booking_friction;followup_dropped,,ok,,139,4.8,4,124,https://coxcosmeticsurgery.com/,https://www.google.com/maps/place/Cox+Cosmetic+Surgery/data=!4m7!3m6!1s0x8640bff272fbe5b1:0x75ccf6b649aff799!8m2!3d33.1101244!4d-96.8258884!16s%2Fg%2F1td05fjw!19sChIJseX7cvK_QIYRmfevSbb2zHU?authuser=0&hl=en&rclk=1,,FALSE,,FALSE,,0,FALSE,FALSE,
C,18.26,dallas,Roberts Cosmetic Surgery,,,,+1 972-608-0000,https://www.robertscosmeticsurgery.com,"5144 Village Creek Dr, Plano, TX 75093, United States",https://www.google.com/maps/place/Roberts+Cosmetic+Surgery/data=!4m7!3m6!1s0x864c23639d9b8739:0x70746428fd798555!8m2!3d33.0139447!4d-96.8022848!16s%2Fg%2F1tdg_psd!19sChIJOYebnWMjTIYRVYV5_ShkdHA,https://www.facebook.com/Roberts-Cosmetic-Surgery-Center-222867804397480/,,,,,,,,,,Dr. Gregory D. Roberts,frontline_communication,2,"I had a lip lift procedure done in July 2023. Dr. Roberts and his team assured me through the entire process that they would always ""make it right."" I expressed my concerns a couple weeks after the procedure and they once again assured me they would ""make it right."" I had my 4 1/2 month follow up yesterday and my concerns were dismissed once again. I was told, ""If you have any concerns in the future, let us know."" Hahaha why? So you can dismiss me once again? Definitely do your research and find a more caring and proactive doctor. Extremely disappointing experience for the amount of money the procedures cost.","You may think your getting a deal, but you are putting yourself at risk, I went here about 5 yrs ago, I felt like I should share my story, I went in for Lipo on my stomach area, I was put into a room and given local anesthetic to the area, they did not use enough😖 I started feeling the stabbing about halfway through, he had only done one side, I took it as long as I could, bawling, he ended up leaving my stomach area uneven and lumpy, I ended up having to get it corrected a year later w a Tummy tuck,  he was rude and uncaring while I sat there crying and trying not to scream during the procedure, telling me that I would have to pay extra to come back to finish. I was very disappointed and the place felt like a chop shop. I DO NOT RECOMMEND THIS PLACE! There are better options here in the DFW that will back their work and make you comfortable for procedures.",2,1,Voice AI + Agentic CRM Outreach,silverthreadlabs.com/services/voice-agents,frontline_communication;service_quality_in_session,,no_email_found,,193,4.8,13,147,https://www.robertscosmeticsurgery.com/,https://www.google.com/maps/place/Roberts+Cosmetic+Surgery/data=!4m7!3m6!1s0x864c23639d9b8739:0x70746428fd798555!8m2!3d33.0139447!4d-96.8022848!16s%2Fg%2F1tdg_psd!19sChIJOYebnWMjTIYRVYV5_ShkdHA?authuser=0&hl=en&rclk=1,,FALSE,,FALSE,,0,FALSE,FALSE,
C,17.73,dallas,Vida Bela Plastic Surgery: Chelsea Snider MD,info@vidabelaplasticsurgery.com,info@vidabelaplasticsurgery.com,agent_browser_crawl,+1 469-598-2400,http://www.vidabelaplasticsurgery.com,"3108 Midway Rd STE 102, Plano, TX 75093, United States",https://www.google.com/maps/place/Vida+Bela+Plastic+Surgery:+Chelsea+Snider+MD/data=!4m7!3m6!1s0x864c3d593d136755:0xecc2f80e9add91ac!8m2!3d33.0426143!4d-96.8384121!16s%2Fg%2F11j4kcx9px!19sChIJVWcTPVk9TIYRrJHdmg74wuw,https://www.facebook.com/VidaBelaPlasticSurgery/,https://www.instagram.com/p/DAq5OeeJuI5/;https://www.instagram.com/p/DBrPVKGJ_su/;https://www.instagram.com/p/DBywK5GMN_c/;https://www.instagram.com/p/DCFII_cpof1/;https://www.instagram.com/vidabelaplasticsurgery/,,,https://www.tiktok.com/@vidabelaplasticsurgery;https://www.tiktok.com/@vidabelaplasticsurgery/,https://www.youtube.com/channel/UCdFxFLZOlRHmDenTs1QtHhQ,,,,,,booking_friction,2,"I spent a week answering text messages about the same thing, thought that i'd have my consultation  via text and got sick of dealing with condesending ofc staff. Extremely aggressive staff, didnt work for me.",,1,,Voice AI Booking + Agentic Self-Service,silverthreadlabs.com/services/voice-agents,booking_friction;frontline_communication,,ok,,378,4.9,5,326,http://www.vidabelaplasticsurgery.com/?utm_source=GMBlisting&utm_medium=organic&utm_campaign=gmb,https://www.google.com/maps/place/Vida+Bela+Plastic+Surgery:+Chelsea+Snider+MD/data=!4m7!3m6!1s0x864c3d593d136755:0xecc2f80e9add91ac!8m2!3d33.0426143!4d-96.8384121!16s%2Fg%2F11j4kcx9px!19sChIJVWcTPVk9TIYRrJHdmg74wuw?authuser=0&hl=en&rclk=1,,FALSE,,FALSE,,0,FALSE,FALSE,
C,15.83,dallas,"Brobst Facial Plastic Surgery and Aesthetics - Robert Brobst, M.D.",jack@greensock.com,jack@greensock.com;concierge@drbrobst.com,gosom_scraper;agent_browser_crawl,+1 972-618-2212,http://drbrobst.com,"4800 Hedgcoxe Rd #250, Plano, TX 75024, United States","https://www.google.com/maps/place/Brobst+Facial+Plastic+Surgery+and+Aesthetics+-+Robert+Brobst,+M.D./data=!4m7!3m6!1s0x864c3cd72becbfa5:0xde0af31b740ab088!8m2!3d33.082335!4d-96.797299!16s%2Fg%2F1260ssbjf!19sChIJpb_sK9c8TIYRiLAKdBvzCt4",https://www.facebook.com/BrobstFacialPlasticSurgery,https://www.instagram.com/dr.bo_plano/,,,,,,,,,Dr. Robert “Bo” Brobst;Brobst’s Philosophy;Brobst’s Featured;Social Media,billing_or_intake_errors,2,"The office staff was nice and the clinic is beautiful. However I would not recommend this practice for Pediatric Earwell Treatments. Our daughter was just too far in age to really be a success, and they pretty much billed us for the entire amount when this procedure is usually fully covered by insurance. My recommendation is to do Earwell Treatment under a Pediatrician’s care.","Everyone was “seemingly” nice, but I doubt I’d return as they do not appear to respect patients time. I had an appointment at 11:30am and was not serviced until after 1pm. For a non surgical procedure that would take approximately 30 minutes to complete. The office was empty, so it wasn’t as though they were backed up with seeing patients. I later learned that while I waited for over an hour, the staff were ordering and eating lunch. Additionally, I am not happy with my results. I look the exact same way that I did before the service. I’ll just consider this a learning experience.",2,2,Workflow Automation + Systems Integration,silverthreadlabs.com/services/workflow-automation,billing_or_intake_errors;service_quality_in_session,,ok,,139,4.8,5,120,http://drbrobst.com/?utm_source=google&utm_medium=organic&utm_campaign=gbp,"https://www.google.com/maps/place/Brobst+Facial+Plastic+Surgery+and+Aesthetics+-+Robert+Brobst,+M.D./data=!4m7!3m6!1s0x864c3cd72becbfa5:0xde0af31b740ab088!8m2!3d33.082335!4d-96.797299!16s%2Fg%2F1260ssbjf!19sChIJpb_sK9c8TIYRiLAKdBvzCt4?authuser=0&hl=en&rclk=1",,FALSE,,FALSE,,0,FALSE,FALSE,
C,15.51,dallas,USA Plastic Surgery,,,,+1 214-833-6751,https://usaplasticsurgery.com,"8230 Walnut Hill Ln Suite 814 Building 3, Dallas, TX 75231, United States",https://www.google.com/maps/place/USA+Plastic+Surgery/data=!4m7!3m6!1s0x864e9fee25601f61:0x4e9e50ad8c5ea9df!8m2!3d32.8813649!4d-96.7609648!16s%2Fg%2F1tdzx3t2!19sChIJYR9gJe6fToYR36lejK1Qnk4,,,,,,https://www.youtube.com/@usaplasticsurgery8217,,,,,Steven J White;Steven J. White,frontline_communication,1,"What is it with all these 5 star reviews. Yes. I liked the consultation with Dr. White regarding his knowledge and expertise. I  agree with the review about mean girls 2.0. Dr. White even referred to one of the blondes as Barbie.  I don't understand the California lady who had a tummy tuck and no pain meds aside from what was prescribed.  These are major surgeries, and they all come with risks. To say a surgery has very little pain with a tummy tuck is ridiculous. Maybe the pain meds were really good.

As for the pricing, there are a lot of doctors out there that charge a lot for Dallas, Dr. White is no different. You can go to Miami for the same procedures and pay a lot less.

The best is to do your due diligence and feel good about the surgeon. Also, always check their board certified credentials before you commit.","He put 590 cc implants in me without consent, which caused serious complications for me with both breasts. They are an H cup, comically large. I asked for natural looking breasts. I’m only 5’1 and 115lbs btw. I asked him to remove them and he refused, even though he tells you he guarantees his work. I have to have revision surgery with surgical mesh, which was quoted at nearly $20,000. Since you can’t size down, I’m stuck with this size forever unless I remove them and get a lift with huge scars. If I could give him 0 stars I would. Not a day goes by that I don’t regret the decision to work with him.",3,1,Voice AI + Agentic CRM Outreach,silverthreadlabs.com/services/voice-agents,frontline_communication,,no_email_found,,318,4.9,9,306,https://usaplasticsurgery.com/,https://www.google.com/maps/place/USA+Plastic+Surgery/data=!4m7!3m6!1s0x864e9fee25601f61:0x4e9e50ad8c5ea9df!8m2!3d32.8813649!4d-96.7609648!16s%2Fg%2F1tdzx3t2!19sChIJYR9gJe6fToYR36lejK1Qnk4?authuser=0&hl=en&rclk=1,,FALSE,,FALSE,,0,FALSE,FALSE,
C,15.24,dallas,Frisco Plastic Surgery & MedSpa,,,,+1 469-208-9633,https://www.kensmartmd.com/locations/frisco-office,"6898 Lebanon Rd STE 102, Frisco, TX 75034, United States",https://www.google.com/maps/place/Frisco+Plastic+Surgery+%26+MedSpa/data=!4m7!3m6!1s0x864c3c64b7fbfc55:0x53d459f57ca70d7!8m2!3d33.1246418!4d-96.825706!16s%2Fg%2F1td7nqr0!19sChIJVfz7t2Q8TIYR13DKV59FPQU,https://www.facebook.com/kensmartmd,https://instagram.com/kensmartmd;https://www.instagram.com/kensmartmd/,,,,https://www.youtube.com/user/drsmart1/videos,,,,,"Kenneth Smart, MD;LoveLOVE LoveLOVE;Arin Smidt;Smart Creates;Smart Follow;Smart’s Background;His Staff;Smart's Prestigious;Why Choose;Ken Smart",frontline_communication,1,"False advertisement. His website talks about cellulize, has pictures of before and after cellulize and more. After you book a consultation with dr. smart they tell you the doctor doesn't perform that prosidure and they try to sell you something else. They are luring costumers with false advertisement!!! That is wrong!!!",The rudest person I've ever spoken to on the phone.,1,1,Voice AI + Agentic CRM Outreach,silverthreadlabs.com/services/voice-agents,frontline_communication,,no_email_found,,191,4.8,7,171,https://www.kensmartmd.com/locations/frisco-office/,https://www.google.com/maps/place/Frisco+Plastic+Surgery+%26+MedSpa/data=!4m7!3m6!1s0x864c3c64b7fbfc55:0x53d459f57ca70d7!8m2!3d33.1246418!4d-96.825706!16s%2Fg%2F1td7nqr0!19sChIJVfz7t2Q8TIYR13DKV59FPQU?authuser=0&hl=en&rclk=1,,FALSE,,FALSE,,0,FALSE,FALSE,
C,15.22,dallas,Dauwe Plastic Surgery,,,,+1 214-821-6580,https://dauweplasticsurgery.com,"10707 Preston Rd, Dallas, TX 75230, United States",https://www.google.com/maps/place/Dauwe+Plastic+Surgery/data=!4m7!3m6!1s0x864e992b48a2f337:0x34babd61d65d1521!8m2!3d32.8929851!4d-96.8051576!16s%2Fg%2F11gbk19zmc!19sChIJN_OiSCuZToYRIRVd1mG9ujQ,https://www.facebook.com/dr.phillipdauwe/,https://www.instagram.com/dr.phillipdauwe/?hl=en,,,,,,,,,"Dr. Phillip Dauwe, M.D.;Phillip Dauwe",frontline_communication,1,"Absolutely awful experience here. I had to get a revision elsewhere due to the poor cosmetic results with my breast surgery. I went to a different surgeon for the revision. I felt like Dauwe wanted me to pay for two surgeries from the get go but only pitched me one during the consult.
Poor planning and communication with his office. On the day of surgery he didn't remember my surgery goals even though it was in my paperwork and well documented in my file. I dunno what is going on here but it's disorganized and I paid the price.. literally and it was a long road to get me looking and feeling normal again, sigh","Major waste of time. I was told by my esthetician at ZO skin center that Dr. Dauwe was great for rhinoplasty. So the next day I called and made a consultation....for a rhinoplasty. Very clearly stated with the woman on the phone that I was interested in rhinoplasty. I come to the office for the consultation and fill out all the forms. The girls at the desk were super friendly but when I met Dr. Dauwe he said he could not do the surgery. Obviously I’m grateful he was upfront rather than doing it and me being disappointed. However, I am extremely confused how I managed to get that far and no one thought to mention he would not even be able to do it. I can’t comment on his surgical abilities, but to me it is just unprofessional and unorganized. He recommended other doctors for me, but the whole thing felt very off. Honestly I would not return even for the procedures he does do often.",1,1,Voice AI + Agentic CRM Outreach,silverthreadlabs.com/services/voice-agents,frontline_communication,,no_email_found,,255,4.9,4,250,https://dauweplasticsurgery.com/?utm_source=google&utm_medium=localsearch&utm_campaign=gmb,https://www.google.com/maps/place/Dauwe+Plastic+Surgery/data=!4m7!3m6!1s0x864e992b48a2f337:0x34babd61d65d1521!8m2!3d32.8929851!4d-96.8051576!16s%2Fg%2F11gbk19zmc!19sChIJN_OiSCuZToYRIRVd1mG9ujQ?authuser=0&hl=en&rclk=1,,FALSE,,FALSE,,0,FALSE,FALSE,
C,15.04,dallas,DR. MICHAEL LEE,,,,+1 469-730-2831,https://www.parkcitiescosmeticsurgery.com,"4311 Oak Lawn Ave #365, Dallas, TX 75219, United States",https://www.google.com/maps/place/DR.+MICHAEL+LEE/data=!4m7!3m6!1s0x864e9edb554afb2d:0x77cb19c5072b8eda!8m2!3d32.820986!4d-96.802941!16s%2Fg%2F11c5rt6nqk!19sChIJLftKVdueToYR2o4rB8UZy3c,,https://www.instagram.com/MichaelLeeplasticsurgeon/,,,,,,,,,,billing_or_intake_errors,2,"I feel robbed

I feel totally robbed. While Dr.Lee’s staff focused only on scheduling a date as early as possible, they conveniently failed to mention some small details like: your 8,000 deposit is non-refundable, and you will be charged over 20,000 usd in penalty fees if you change (NOT CANCEL, JUST CHANGE!) your surgery date within 6 weeks of your original date. The penalty fees alone could get you another surgery with an incredibly competent doctor.
All in all, the experience left an extremely bad taste in my mouth. The team, specifically the patient coordinator Emily, was pushy, rude, and completely apathetic.
Before commiting to a date, Emily also implied I could have a lower bleph with my face and neckift if I desired, while after the deposit his staff told me the lower bleph was an absolute non negotiable, forcibly bringing my price up to 50k. (Without the possible added 20k for a date change!)
While Dr. Lee’s team fumbled the ball big time, another doctor’s team in the area did an excellent job. This other doctor includes revisions in his fee, allows you to move your date in case of an emergency, and overall puts YOU first. I am now two months out from my face and necklift and look incredible! I suggest you skip Dr Lee and check out other Board Certified Plastic Surgeons in the Dallas area. A doctor who puts money first will NEVER treat you like you deserve, as Dr. Lee and his team have shamelessly proven. They may have stolen my 8,000 dlls but they don’t have to steal yours.",,1,,Workflow Automation + Systems Integration,silverthreadlabs.com/services/workflow-automation,billing_or_intake_errors;frontline_communication,,no_email_found,,48,4.9,2,41,https://www.parkcitiescosmeticsurgery.com/?utm_source=GoogleMyBusiness&utm_medium=organic,https://www.google.com/maps/place/DR.+MICHAEL+LEE/data=!4m7!3m6!1s0x864e9edb554afb2d:0x77cb19c5072b8eda!8m2!3d32.820986!4d-96.802941!16s%2Fg%2F11c5rt6nqk!19sChIJLftKVdueToYR2o4rB8UZy3c?authuser=0&hl=en&rclk=1,,FALSE,,FALSE,,0,FALSE,FALSE,
D,14.94,dallas,Khan Plastic Surgery,,,,+1 469-437-5426,https://www.khanplasticsurgery.com,"3811 Turtle Creek Blvd #200, Dallas, TX 75219, United States",https://www.google.com/maps/place/Khan+Plastic+Surgery/data=!4m7!3m6!1s0x864e992b462113af:0xd366119268e3fc84!8m2!3d32.8140685!4d-96.8007803!16s%2Fg%2F124t08gv9!19sChIJrxMhRiuZToYRhPzjaJIRZtM,https://www.facebook.com/KhanPlasticSurgery,https://www.instagram.com/khan_plastic_surgery/,,,,https://www.youtube.com/user/KhanPlasticSurgery,,,,,,frontline_communication,1,"I'm sad to have had such a disappointing experience given my excitement after booking a consultation with this office. My fiance and I went in for the consultation and were received by the receptionist with a level of arrogance and pomposity. We were initially asked to wear masks which I did without hesitating. The receptionist then told my fiance he had to wait downstairs in the lobby due to COVID restrictions. We tried requesting an exception to this given the fact that we live together and the decision of moving forward (or not) with the procedure is one we wanted to make together. We consider ourselves a team. He immediately gave us an attitude and stated the rules had been emailed to me after the initial booking.

Despite the tone, my fiance was more than understanding and left the office with complete composure. I asked one more time if we could ask the doctor and reiterated we live together if that made a difference and that's when he really blew up and said ""It makes a difference because COVID!"" It was at that juncture I decided to phone my fiance since I no longer felt it was a good idea to go through with the consultation given the attitude I had received. The receptionist offered to refund the ""non-refundable"" deposit to which I said yes but when I told my fiance I wasn't comfortable with the way we had been treated the receptionist interrupted my call to defend himself.

Upon leaving, I contacted the office via Instagram in an attempt to reach the doctor herself before leaving a bad review (I'm a business owner and understand how detrimental these can be). Shortly after messaging them explaining the above situation I noticed they had blocked me. Suffice to say this is not a business I can presently support or recommend to anyone.

____
Just like your other 1 star review from less than 3 months ago stating the same behavioral issues with the staff said: Your response speaks volumes.

There were multiple lies + gross exaggerations in their response but there's one I was able to prove with with just a couple screenshots with time stamps: (see below)

4:12pm - I took a screenshot of their IG page before sending a message
4:39pm - sent IG direct message
4:49pm - their profile shows ""User not found""
11:07am - (after they replied to my google review and stated they didn't block me nor did they received my message) all the sudden I can see their profile again.","I called to book an appointment and immediately was received with rudeness. Someone recommended a procedure without even booking my first consult and when I specified that I just wanted to book a consultation to see what the doctor recommended. They answered by saying that this place was not the right place for me.

They are right, not the place for me.

If this is how they treat you prior to any payments, imagine how they will treat you after payments have been made.

I never raised my voice nor did I act as they say below, and I am confident this is not the first time nor will it be the last.

Your response to my review speaks volumes.",1,1,Voice AI + Agentic CRM Outreach,silverthreadlabs.com/services/voice-agents,frontline_communication,,no_email_found,,205,4.9,4,191,https://www.khanplasticsurgery.com/,https://www.google.com/maps/place/Khan+Plastic+Surgery/data=!4m7!3m6!1s0x864e992b462113af:0xd366119268e3fc84!8m2!3d32.8140685!4d-96.8007803!16s%2Fg%2F124t08gv9!19sChIJrxMhRiuZToYRhPzjaJIRZtM?authuser=0&hl=en&rclk=1,,FALSE,,FALSE,,0,FALSE,FALSE,
D,14.64,dallas,Farris Plastic Surgery,,,,+1 214-363-1073,https://www.farrismd.com,"8345 Walnut Hill Ln Suite 120, Dallas, TX 75231, United States",https://www.google.com/maps/place/Farris+Plastic+Surgery/data=!4m7!3m6!1s0x864e9feff6765a49:0xc4327e6de7685165!8m2!3d32.884972!4d-96.7607359!16s%2Fg%2F11bw5vlrvn!19sChIJSVp29u-fToYRZVFo521-MsQ,https://www.facebook.com/DrZachFarris/,https://www.instagram.com/;https://www.instagram.com/drzachfarris/,https://www.linkedin.com/in/drzachfarris/,,,https://www.youtube.com/channel/UCs_r2TiqnTXL4kc1duWy8Ow/featured,,,,,Zachary Farris;Farris’s Video;Follow Dr;FACS Logo,frontline_communication,1,People consult plastic surgeons because they are insecure about something. I went to this man he was extremely rude. It was embarrassing the way he treated me. The woman at the front desk was very nice. But honestly if you’re not going to be kind and or condescending to your patients then don’t be a plastic surgeon. Also went to Doctor Steven Camp. Great bedside manner. And my BBL results are perfect. So if you want a BBL I suggest him.,I took my wife and these people are rude the nurse there was just not nice at all they talk about other patience on their counter they honestly need to work in to treat people cause  when you got to an office like that the main thing is feel confident  we walked out with a nop he is not touching my wife it is a pity doble board certificate surgeon really need to work on knowing how to properly treat people,1,1,Voice AI + Agentic CRM Outreach,silverthreadlabs.com/services/voice-agents,frontline_communication,,ok,,164,4.9,5,155,https://www.farrismd.com/,https://www.google.com/maps/place/Farris+Plastic+Surgery/data=!4m7!3m6!1s0x864e9feff6765a49:0xc4327e6de7685165!8m2!3d32.884972!4d-96.7607359!16s%2Fg%2F11bw5vlrvn!19sChIJSVp29u-fToYRZVFo521-MsQ?authuser=0&hl=en&rclk=1,,FALSE,,FALSE,,2,FALSE,FALSE,
D,13.58,dallas,"Rod J. Rohrich, M.D.",,,,+1 214-821-9114,http://drrohrich.com,"Suite, 9101 N Central Expy #600, Dallas, TX 75225, United States","https://www.google.com/maps/place/Rod+J.+Rohrich,+M.D./data=!4m7!3m6!1s0x864e9fbff9be6b1b:0x44623e04d1e0359d!8m2!3d32.8724116!4d-96.771336!16s%2Fg%2F1tdm_xyb!19sChIJG2u--b-fToYRnTXg0QQ-YkQ",https://www.facebook.com/DrRodRohrich/,https://www.instagram.com/reel/DXm0SM5EYj6/;https://www.instagram.com/reel/DXpHQwkkQ21/;https://www.instagram.com/reel/DXq_87VDujy/;https://www.instagram.com/reel/DXtt-lGDron/;https://www.instagram.com/reel/DXwamvGO5UX/;https://www.instagram.com/reel/DXwmWQ9BZiQ/;https://www.instagram.com/rod.rohrich;https://www.instagram.com/rod.rohrich/,https://www.linkedin.com/in/rod-rohrich,,,https://www.youtube.com/DrRodRohrich/featured;https://www.youtube.com/watch?v=_eTYTsyL134;https://www.youtube.com/watch?v=kmuL62p2KPk,,,,,Rohrich Introduction;Social Media,frontline_communication,1,"It's been 2.5 years since my revision rhinoplasty. I finally feel I'm at a good place to leave a review about my experience. Overall I'm not satisfied with the work done and feel as though my concerns weren't heard. I'm grateful that my nose did improve, but I am overall disappointed with my results and still unhappy. He was a great doctor with good bedside manner. I just wish my concerns were taken more seriously and I would've gotten my money's worth on the procedure. The tip of my nose does look so much better, but my nostrils weren't even touched at all and left asymmetrical, when that was a top concern of mine. I chose him based off his instagram and the other results I saw where patients had similar noses to mine and got the results I wanted. But that was not the case for me. I'm still in debt from this and still unhappy. I know revisions are difficult, but just feels so disappointing when I see results on instagram and not in real life. I am just glad I didn't get botched even worse than before and did have some improvement.","This is edited to fit my experience and hopefully help someone else. Initially I gave him 5 stars because he is nice and did a good job on my nose. But now it is 4 months out and the swelling is about finished and I can’t get over that he placed fat in my jaw and ears when I never asked for that or consented. I’m left feeling dysphoric of my face now as he’s changed the whole shape of it. Please be careful, I shouldn’t have had to specify that I didn’t want other parts of my face altered.",3,2,Voice AI + Agentic CRM Outreach,silverthreadlabs.com/services/voice-agents,frontline_communication,,no_email_found,,335,5,4,313,http://drrohrich.com/,"https://www.google.com/maps/place/Rod+J.+Rohrich,+M.D./data=!4m7!3m6!1s0x864e9fbff9be6b1b:0x44623e04d1e0359d!8m2!3d32.8724116!4d-96.771336!16s%2Fg%2F1tdm_xyb!19sChIJG2u--b-fToYRnTXg0QQ-YkQ?authuser=0&hl=en&rclk=1",,FALSE,,FALSE,,0,FALSE,FALSE,
D,13.42,dallas,"Dr. Denton Watumull, M.D.",,,,+1 972-470-5000,https://www.drwatumull.com,"3201 E President George Bush Hwy, Richardson, TX 75082, United States","https://www.google.com/maps/place/Dr.+Denton+Watumull,+M.D./data=!4m7!3m6!1s0x864c1eaad199a7bd:0xd9dd7d6be83b8ec4!8m2!3d32.9905652!4d-96.6659353!16s%2Fg%2F1tcx1y38!19sChIJvaeZ0aoeTIYRxI476Gt93dk",https://www.facebook.com/RegionalPlasticSurgeryCenterSpa/?ref=ts,https://www.instagram.com/drwatumull/,,,,,,,,,"Denton Watumull, MD, FACS;Denton Watumull, MD;Expert Videos",frontline_communication,1,"I had both a primary and a revision rhinoplasty with Dr. Watamull, and overall, I would not recommend him or his clinic.

From the start, the staff and environment felt very sales-driven and pushy, it was clear this was more of a business transaction to them than a focus on patient care. I felt pressured into making decisions quickly, and when I had valid questions or concerns, they were often dismissed or brushed off.

After my first surgery, I was left with underwhelming cosmetic results and significant functional issues, breathing was still a problem, and I didn’t feel truly listened to. I gave them the benefit of the doubt and returned for a revision, hoping for better communication and results. Unfortunately, I walked away from that with the same concerns unresolved.

Every visit felt cold and rushed. There was little empathy or transparency. I was even met with attitude when trying to advocate for myself or ask for clarification on procedures or results. There was no sense of accountability, just a constant push to keep coming back and spending more.

Bottom line: If you’re considering rhinoplasty, especially if it’s your first, do your research and find a surgeon who genuinely prioritizes patient outcomes and care. I wish I had gone with someone who saw me as more than a number and took the time to get things right the first time.",,1,,Voice AI + Agentic CRM Outreach,silverthreadlabs.com/services/voice-agents,frontline_communication,,no_email_found,,298,5,2,271,https://www.drwatumull.com/,"https://www.google.com/maps/place/Dr.+Denton+Watumull,+M.D./data=!4m7!3m6!1s0x864c1eaad199a7bd:0xd9dd7d6be83b8ec4!8m2!3d32.9905652!4d-96.6659353!16s%2Fg%2F1tcx1y38!19sChIJvaeZ0aoeTIYRxI476Gt93dk?authuser=0&hl=en&rclk=1",,FALSE,,FALSE,,0,FALSE,FALSE,
D,12.89,dallas,Texas Facial Aesthetics,,,,+1 469-362-6975,https://www.txfaces.com,"6371 Preston Rd #100, Frisco, TX 75034, United States",https://www.google.com/maps/place/Texas+Facial+Aesthetics/data=!4m7!3m6!1s0x864c3c44c3a89c03:0x276fdff2d8982937!8m2!3d33.1302569!4d-96.8063182!16s%2Fg%2F11dyyx9jnt!19sChIJA5yow0Q8TIYRNymY2PLfbyc,https://www.facebook.com/txfaces,https://www.instagram.com/txfaces/,,,https://www.tiktok.com/@txfaces,https://www.youtube.com/channel/UCVAcRe8QObGikMdHvQKiI5Q,,,,,Matthew Richardson;Jordan Cain,billing_or_intake_errors,1,"made an appt for an evaluation for a revision .
Dr told me theirs nothing to be done when others have told me their is . he the it’s refers me to a “specialist “ that has no idea about what he was saying and still charges me for the visit .",,1,,Workflow Automation + Systems Integration,silverthreadlabs.com/services/workflow-automation,billing_or_intake_errors,,no_email_found,,198,4.9,5,176,https://www.txfaces.com/?utm_source=google&utm_medium=organic&utm_campaign=gbp&utm_term=Texas-Facial-Aesthetics&utm_content=website,https://www.google.com/maps/place/Texas+Facial+Aesthetics/data=!4m7!3m6!1s0x864c3c44c3a89c03:0x276fdff2d8982937!8m2!3d33.1302569!4d-96.8063182!16s%2Fg%2F11dyyx9jnt!19sChIJA5yow0Q8TIYRNymY2PLfbyc?authuser=0&hl=en&rclk=1,,FALSE,,FALSE,,0,FALSE,FALSE,
D,12.44,dallas,Solomon Plastic Surgery,,,,+1 214-234-0277,https://www.solomonplasticsurgery.com,"13136 Dallas Pkwy Ste 510, Frisco, TX 75033, United States",https://www.google.com/maps/place/Solomon+Plastic+Surgery/data=!4m7!3m6!1s0x864c3b98021e7e7d:0x8d52bcda3a9042aa!8m2!3d33.1875776!4d-96.837492!16s%2Fg%2F11gmcxq_cb!19sChIJfX4eApg7TIYRqkKQOtq8Uo0,https://web.facebook.com/solomonplasticsurgery/,https://www.instagram.com/solomonplasticsurgery/,,,https://www.tiktok.com/@solomonplasticsurgery,https://www.youtube.com/channel/UC_1kmCifgvaWtu0fGMuwcSg,,,,,Dr. Matthias Solomon;Healthgrades User;Matthias Solomon,followup_dropped,1,Had a tummy tuck and breast lift. Staff is amazingly friendly. At my first appointment we went through what I wanted and was told I couldn't do the additional lipo I was thinking about because it would be too long of a procedure. I asked the schedulee to call me to schedule a different appointment for that part.. never heard anything. I anxiously waited for The Day. Finally it arrived and went without a hitch until two days after when I discovered I was allergic to the antibiotic. Called the office. He said I didn't need another one as I had already taken it for. Few days. But then I took off the compression garment and saw that my skin was turning black!  My stomach started to cave in and I had to fill it with Vaseline to get the skin to come back and fill in the hole. I now have worse scars than before. And I'm wishing I had loved myself a little bit more and not done this. Two stars is for the nice people. Not the outcome.,,2,,Agentic AI Systems (Autonomous Follow-up),silverthreadlabs.com/services/agentic-ai,followup_dropped,,no_email_found,,140,4.9,1,128,https://www.solomonplasticsurgery.com/?utm_source=gbp&utm_medium=organic&utm_campaign=localsearch,https://www.google.com/maps/place/Solomon+Plastic+Surgery/data=!4m7!3m6!1s0x864c3b98021e7e7d:0x8d52bcda3a9042aa!8m2!3d33.1875776!4d-96.837492!16s%2Fg%2F11gmcxq_cb!19sChIJfX4eApg7TIYRqkKQOtq8Uo0?authuser=0&hl=en&rclk=1,,FALSE,,FALSE,,0,FALSE,FALSE,
D,12.16,dallas,"Kevin R. Hanz, MD. Aesthetic Plastic Surgery",,,,+1 214-908-3633,https://drkevinhanz.com,"4525 Lemmon Ave Suite 380, Dallas, TX 75219, United States","https://www.google.com/maps/place/Kevin+R.+Hanz,+MD.+Aesthetic+Plastic+Surgery/data=!4m7!3m6!1s0x864e9fee2e400001:0xb79428aedd45ee3a!8m2!3d32.8193909!4d-96.8148051!16s%2Fg%2F11f1kvrg7n!19sChIJAQBALu6fToYROu5F3a4olLc",,,,,,,,,,,,followup_dropped,1,"While I like Kevin as a person, his work and ability to be honorable for his mistakes is flawed. From a $20k procedure, working with him and Elite Airsculpt together, now the Texas State Board of Medicine is doing an investigation into their actions, and their malpractice. I have also been forced to take legal action as well, the company he works for nor does he have the power to make right when errors happen.

I attempted with more than 10+ emails and 5 calls to find resolution including to Kevin directly via SMS and email, and now the State is involved as well as legal action.

Once the public filings are available, I will post the case number here so that others can track its progress. I will also be creating a website of what took place, links to the court docket along with the state documents.

Kevin and his partnership with Elite could have made right with this, and elected to do nothing, and now its become a much bigger issue than it needed to be. What as the world become that you cannot obtain any honor without the use of a lawyer or court? Really sad. Make right Kevin, you have the authority to fix your mistakes and tell Elite to issue a refund since I had to pay another 19k to fix your work. Do whats right.",,1,,Agentic AI Systems (Autonomous Follow-up),silverthreadlabs.com/services/agentic-ai,followup_dropped,,open_error,,113,4.9,4,109,https://drkevinhanz.com/,"https://www.google.com/maps/place/Kevin+R.+Hanz,+MD.+Aesthetic+Plastic+Surgery/data=!4m7!3m6!1s0x864e9fee2e400001:0xb79428aedd45ee3a!8m2!3d32.8193909!4d-96.8148051!16s%2Fg%2F11f1kvrg7n!19sChIJAQBALu6fToYROu5F3a4olLc?authuser=0&hl=en&rclk=1",,FALSE,,FALSE,,0,FALSE,FALSE,
D,11.73,dallas,Dr. Rai: Cosmetic Surgical Center,,,,+1 972-566-6500,https://www.drrai.net,"7777 Forest Ln C612, Dallas, TX 75230, United States",https://www.google.com/maps/place/Dr.+Rai:+Cosmetic+Surgical+Center/data=!4m7!3m6!1s0x864c206d2f3592c3:0xaedd81b49e610e6f!8m2!3d32.9113863!4d-96.7743424!16s%2Fg%2F1td9qy4f!19sChIJw5I1L20gTIYRbw5hnrSB3a4,https://www.facebook.com/CosmeticSurgicalCenter,https://www.instagram.com/cosmetic.surgical.center/,,,,https://www.youtube.com/user/DrVasdevRai,,,,,Surjit Rai;Vasdev Rai;Real Patient,frontline_communication,1,"I am beyond unhappy with how Dr Rai left me. I went for an explant, he says he does muscle repair. He did not do that and my muscles retracted, leaving me deformed and with zero upper body strength.
He was extremely kind during the consult, but it really doesn’t matter if he didn’t do the job right.

He did not care about my outcome, wouldn’t recommend.",,2,,Voice AI + Agentic CRM Outreach,silverthreadlabs.com/services/voice-agents,frontline_communication,,no_email_found,,376,5,2,360,https://www.drrai.net/?utm_source=google&utm_medium=organic&utm_campaign=gbp&utm_term=Dr-Rai-Cosmetic-Surgical-Center&utm_content=website,https://www.google.com/maps/place/Dr.+Rai:+Cosmetic+Surgical+Center/data=!4m7!3m6!1s0x864c206d2f3592c3:0xaedd81b49e610e6f!8m2!3d32.9113863!4d-96.7743424!16s%2Fg%2F1td9qy4f!19sChIJw5I1L20gTIYRbw5hnrSB3a4?authuser=0&hl=en&rclk=1,,FALSE,,FALSE,,0,FALSE,FALSE,
D,11.29,dallas,Dr Evan W Beale,,,,+1 214-739-5600,http://www.drevanbeale.com,"8201 Preston Rd #700, Dallas, TX 75225, United States",https://www.google.com/maps/place/Dr+Evan+W+Beale/data=!4m7!3m6!1s0x864e9fbff9be6b1b:0x9d939d9c1ae8f6a2!8m2!3d32.8627998!4d-96.8049092!16s%2Fg%2F1260mqxk3!19sChIJG2u--b-fToYRovboGpydk50,https://www.facebook.com/DrEvanBeale/?ref=br_rs,https://www.instagram.com/drevanbeale/,https://www.linkedin.com/in/evan-beale-md-3693807a/,https://www.yelp.com/biz/evan-beale-md-dallas,,,,,,,"Evan Beale, MD;Dallas Dr;Evan Beale",frontline_communication,1,"They didn't help me at all, was in thier only ten minutes and they sent me away. Couldn't even refer me to another surgeon, nothing. Wasted my gas and time. They could have told me over the phone that they couldn't help me","Hostile staff, not friendly when I called. Very short and acted like they did not want to give me the time of day to even speak.",1,1,Voice AI + Agentic CRM Outreach,silverthreadlabs.com/services/voice-agents,frontline_communication,,no_email_found,,58,4.9,2,53,http://www.drevanbeale.com/?utm_source=GMBlisting&utm_medium=organic&utm_campaign=gmb,https://www.google.com/maps/place/Dr+Evan+W+Beale/data=!4m7!3m6!1s0x864e9fbff9be6b1b:0x9d939d9c1ae8f6a2!8m2!3d32.8627998!4d-96.8049092!16s%2Fg%2F1260mqxk3!19sChIJG2u--b-fToYRovboGpydk50?authuser=0&hl=en&rclk=1,,FALSE,,FALSE,,2,FALSE,FALSE,
D,11.0,dallas,Medilaser - Mauricio Giraldo MD,info@medilasersurgery.com,info@medilasersurgery.com,gosom_scraper,+1 469-362-8665,http://www.medilasersurgery.com,"3110 Main St Ste 150, Frisco, TX 75033, United States",https://www.google.com/maps/place/Medilaser+-+Mauricio+Giraldo+MD/data=!4m7!3m6!1s0x864c3bdbde7472f3:0x1b314204f66b6c71!8m2!3d33.1536826!4d-96.8632125!16s%2Fg%2F1tnpldj2!19sChIJ83J03ts7TIYRcWxr9gRCMRs,https://www.facebook.com/medilasercosmeticsurgery/,https://www.instagram.com/medilasercosmeticsurgery/,https://www.linkedin.com/company/medilaser-cosmetic-surgery-and-vein-center/;https://www.linkedin.com/pulse/functional-labiaplasty-comfort-confidence-bmnqc/?trackingId=j%2Fw4Va%2B5R4%2BmNiwCjqPqTg%3D%3D,https://www.yelp.com/biz/medilaser-cosmetic-surgery-and-vein-center-frisco-4,https://www.tiktok.com/@medilasercosmeticsurgery,https://www.youtube.com/channel/UCEUB-u4OttU7LHRpNnmENjQ,,,,,STAFF ARE,frontline_communication,1,Verv bad  experience with this office with laser administered by Mariah. I have pus-filled blisters 3 weeks past treatment. I visited my dermatologist today and was diagnosed with bacterial infection caused by either bacteria on skin or laser it self.  I have seen Dr. Giraldo for this problem last week but he assured me it was my sensitive skin causing the blisters. I am now on strong antibiotics I have to take for the next few weeks. No one in his office has any idea about dermatology and potential issues with his treatments. Absolutely would caution anyone using their services.,,1,,Voice AI + Agentic CRM Outreach,silverthreadlabs.com/services/voice-agents,frontline_communication,,ok,,216,4.9,1,203,http://www.medilasersurgery.com/,https://www.google.com/maps/place/Medilaser+-+Mauricio+Giraldo+MD/data=!4m7!3m6!1s0x864c3bdbde7472f3:0x1b314204f66b6c71!8m2!3d33.1536826!4d-96.8632125!16s%2Fg%2F1tnpldj2!19sChIJ83J03ts7TIYRcWxr9gRCMRs?authuser=0&hl=en&rclk=1,,FALSE,,FALSE,,0,FALSE,FALSE,
D,10.87,dallas,Dr. Nicholas Haddock,,,,+1 214-645-2353,https://www.drnicholashaddock.com,"1801 Inwood Rd, Dallas, TX 75390, United States",https://www.google.com/maps/place/Dr.+Nicholas+Haddock/data=!4m7!3m6!1s0x864e9c1b28cb9b51:0x7be88134585d35!8m2!3d32.8160294!4d-96.8464109!16s%2Fg%2F12648g7r0!19sChIJUZvLKBucToYRNV1YNIHoewA,https://www.facebook.com/DrNicholasHaddock/,https://www.instagram.com/haddockmd/,https://www.linkedin.com/in/nicholas-haddock-b0316b32/,,,https://www.youtube.com/channel/UCLqnvs6GZ4d_vdfpLRZX03g/,,,,,Nicholas T. Haddock,frontline_communication,1,"Oh Dr, Haddock, you came highly recommended, however your front office is more than over whelming to deal with.  Was looking forward to working with you but taking my medical concerns some where else.",,1,,Voice AI + Agentic CRM Outreach,silverthreadlabs.com/services/voice-agents,frontline_communication,,no_email_found,,195,4.9,2,147,https://www.drnicholashaddock.com/,https://www.google.com/maps/place/Dr.+Nicholas+Haddock/data=!4m7!3m6!1s0x864e9c1b28cb9b51:0x7be88134585d35!8m2!3d32.8160294!4d-96.8464109!16s%2Fg%2F12648g7r0!19sChIJUZvLKBucToYRNV1YNIHoewA?authuser=0&hl=en&rclk=1,,FALSE,,FALSE,,0,FALSE,FALSE,
D,10.77,dallas,Sculpt Aesthetic Center,info@sculptcenter.com,info@sculptcenter.com,agent_browser_crawl,+1 972-272-8578,https://www.sculptcenter.com,"4109 Preston Rd, Frisco, TX 75034, United States",https://www.google.com/maps/place/Sculpt+Aesthetic+Center/data=!4m7!3m6!1s0x864e9fbfe457a9d5:0xd47be32a81f79a83!8m2!3d33.113632!4d-96.8059019!16s%2Fg%2F11b5yqsvb5!19sChIJ1alX5L-fToYRg5r3gSrje9Q,https://www.facebook.com/sculptedcenter/,https://www.instagram.com/sculpt_aestheticcenter/,,https://www.yelp.com/biz/sculpt-aesthetic-center-frisco,,https://www.youtube.com/@sculptaestheticcenter,,,,,,frontline_communication,1,For the crappy office staff,,1,,Voice AI + Agentic CRM Outreach,silverthreadlabs.com/services/voice-agents,frontline_communication,,ok,,181,4.9,5,152,https://www.sculptcenter.com/,https://www.google.com/maps/place/Sculpt+Aesthetic+Center/data=!4m7!3m6!1s0x864e9fbfe457a9d5:0xd47be32a81f79a83!8m2!3d33.113632!4d-96.8059019!16s%2Fg%2F11b5yqsvb5!19sChIJ1alX5L-fToYRg5r3gSrje9Q?authuser=0&hl=en&rclk=1,,FALSE,,FALSE,,0,FALSE,FALSE,
D,10.58,dallas,Dr. Yash Plastic Surgery,,,,+1 469-249-9615,https://www.dryashplasticsurgery.com,"9101 N Central Expy Suite 560, Dallas, TX 75231, United States",https://www.google.com/maps/place/Dr.+Yash+Plastic+Surgery/data=!4m7!3m6!1s0x864e9f7846983219:0x65c5534fb108892a!8m2!3d32.8721475!4d-96.7712034!16s%2Fg%2F11j5s5d9xp!19sChIJGTKYRnifToYRKokIsU9TxWU,,,,,,,,,,,,frontline_communication,1,"I made a consultation and an hour later decided I didn't want to continue with the appt after reading the bad reviews with Dr Yash. I had to pay $50 fee for the consultation. I was told it is non-refundable when Holly told me it was refundable. Bad reviews no patients to serve, they seem desperate to keep the consultation fee. Don't waste your money on Dr. Yash and his staff. I didn't want to add a star but it forces you to do so to post a review!!!!",,1,,Voice AI + Agentic CRM Outreach,silverthreadlabs.com/services/voice-agents,frontline_communication,,open_error,,156,4.9,2,136,https://www.dryashplasticsurgery.com/,https://www.google.com/maps/place/Dr.+Yash+Plastic+Surgery/data=!4m7!3m6!1s0x864e9f7846983219:0x65c5534fb108892a!8m2!3d32.8721475!4d-96.7712034!16s%2Fg%2F11j5s5d9xp!19sChIJGTKYRnifToYRKokIsU9TxWU?authuser=0&hl=en&rclk=1,,FALSE,,FALSE,,0,FALSE,FALSE,
D,10.44,dallas,Rana Facial Plastic Surgery,,,,+1 469-885-8555,https://www.theranacenter.com,"5140 Legendary Dr Suite 110, Frisco, TX 75034, United States",https://www.google.com/maps/place/Rana+Facial+Plastic+Surgery/data=!4m7!3m6!1s0x864c177b23257103:0xe3a6a4c058c45f6e!8m2!3d33.1212372!4d-96.8091714!16s%2Fg%2F11qpq1_dn7!19sChIJA3ElI3sXTIYRbl_EWMCkpuM,https://www.facebook.com/ranafacialplasticsurgery,https://instagram.com/ranafacialplasticsurgery;https://www.instagram.com/ranafacialplasticsurgery/,,,,,,,,,People Magazine;Nik Rana,frontline_communication,1,"I recently used this service. There were numerous things that went wrong. The owner dismissed me, like I didn't matter, when I tried to speak. He did not hold his staff accountable. Im very upset with what im dealing with now.",,1,,Voice AI + Agentic CRM Outreach,silverthreadlabs.com/services/voice-agents,frontline_communication,,no_email_found,,140,4.9,4,134,https://www.theranacenter.com/?utm_source=GMBlisting&utm_medium=organic&utm_campaign=rana-facial-plastic-surgery,https://www.google.com/maps/place/Rana+Facial+Plastic+Surgery/data=!4m7!3m6!1s0x864c177b23257103:0xe3a6a4c058c45f6e!8m2!3d33.1212372!4d-96.8091714!16s%2Fg%2F11qpq1_dn7!19sChIJA3ElI3sXTIYRbl_EWMCkpuM?authuser=0&hl=en&rclk=1,,FALSE,,FALSE,,0,FALSE,FALSE,
D,9.82,dallas,Derrick Plastic Surgery,,,,+1 972-424-1300,https://chasederrickmd.com/derrick-plastic-surgery,"3060 Communications Pkwy STE 201, Plano, TX 75093, United States",https://www.google.com/maps/place/Derrick+Plastic+Surgery/data=!4m7!3m6!1s0x864c1fff5d4168a9:0x4cc151a5f2ed6142!8m2!3d33.0420563!4d-96.8322205!16s%2Fg%2F11k6dgvp6k!19sChIJqWhBXf8fTIYRQmHt8qVRwUw,,,,,,,,,,,,frontline_communication,1,I had a nose job and after I could not breath out of my left nostril I told him several times he just made excuses and never did anything about it.  I ended up going to another doctor and he said he collapsed my nostril and he butchered my nose.  I am now in the process of having his surgery corrected everyone beware!!!,,2,,Voice AI + Agentic CRM Outreach,silverthreadlabs.com/services/voice-agents,frontline_communication,,no_email_found,,87,5,1,87,,https://www.google.com/maps/place/Derrick+Plastic+Surgery/data=!4m7!3m6!1s0x864c1fff5d4168a9:0x4cc151a5f2ed6142!8m2!3d33.0420563!4d-96.8322205!16s%2Fg%2F11k6dgvp6k!19sChIJqWhBXf8fTIYRQmHt8qVRwUw?authuser=0&hl=en&rclk=1,,FALSE,,FALSE,,0,FALSE,FALSE,
D,8.7,dallas,"Dr. Elizabeth Kerner, Plastic & Reconstructive Surgery",,,,+1 972-981-7144,https://drkerner.com,"6130 W Parker Rd #110, Plano, TX 75093, United States","https://www.google.com/maps/place/Dr.+Elizabeth+Kerner,+Plastic+%26+Reconstructive+Surgery/data=!4m7!3m6!1s0x864c249e10009cdf:0xf7897d8aa7ae7690!8m2!3d33.0444178!4d-96.8372306!16s%2Fg%2F1tdftjx4!19sChIJ35wAEJ4kTIYRkHaup4p9ifc",,,,,,,,,,,,frontline_communication,1,"The front desk staff is incompetent and Karen (Jennifer) went beyond her job duties which negatively impacted my wife’s time line of receiving documents. They also sent her medical records to the wrong email which is a major HIPAA violation and has since been reported to the HHS privacy division.
The office then responded to my wife’s review as if she lied and made it seem as if her handwriting was not legible when they could have called and asked her to verify instead of violating her privacy.
From my understanding the doctor does great work and was pleasant however Karen should be fired until she’s capable of doing her job and minding her business. Transcarent is an added benefit to our health insurance and has been around for years.
When we called to schedule the consultation, the phone was on speaker, and we were informed that the fee was $50. It was apparent that there was a misunderstanding, as it seemed like they were trying to imply that we couldn't hear properly. Given that there are several surgeons in the DFW area who offer consultations for fees ranging from $0 to $50, this did not strike us as unusual.
The individual who responded to the review exhibited a disrespectful attitude and attempted to explain the rise in consultation fees since the 1980s. However, they failed to verify the accuracy of the information before responding.",,1,,Voice AI + Agentic CRM Outreach,silverthreadlabs.com/services/voice-agents,frontline_communication,,no_email_found,,37,4.9,1,35,https://drkerner.com/,"https://www.google.com/maps/place/Dr.+Elizabeth+Kerner,+Plastic+%26+Reconstructive+Surgery/data=!4m7!3m6!1s0x864c249e10009cdf:0xf7897d8aa7ae7690!8m2!3d33.0444178!4d-96.8372306!16s%2Fg%2F1tdftjx4!19sChIJ35wAEJ4kTIYRkHaup4p9ifc?authuser=0&hl=en&rclk=1",,FALSE,,FALSE,,0,FALSE,FALSE,
D,7.46,dallas,"Dr. Sam Jejurikar, M.D.",,,,+1 214-827-2814,http://dallasplasticsurgery.pro,"9101 N Central Expy #600, Dallas, TX 75231, United States","https://www.google.com/maps/place/Dr.+Sam+Jejurikar,+M.D./data=!4m7!3m6!1s0x864e9fbfe03bbfdf:0x1979f4c2244e7616!8m2!3d32.8724734!4d-96.7712768!16s%2Fg%2F1tp08jdf!19sChIJ37874L-fToYRFnZOJML0eRk",https://www.facebook.com/Dallas-Plastic-Surgery-Institute-Dr-Jejurikar-137684346267082/?ref=hl,https://www.instagram.com/samjejurikar/,,,,https://www.youtube.com/@3plasticsurgeons;https://www.youtube.com/user/sjejurikar/feed,,,,,Rediscovering Your;Town PatientsInformation;MyTouch MD,,0,,,,,,,,,no_email_found,,306,5,2,284,http://dallasplasticsurgery.pro/,"https://www.google.com/maps/place/Dr.+Sam+Jejurikar,+M.D./data=!4m7!3m6!1s0x864e9fbfe03bbfdf:0x1979f4c2244e7616!8m2!3d32.8724734!4d-96.7712768!16s%2Fg%2F1tp08jdf!19sChIJ37874L-fToYRFnZOJML0eRk?authuser=0&hl=en&rclk=1",,FALSE,,FALSE,,0,FALSE,FALSE,
D,6.67,dallas,"Dr. Ben J. Tittle, M.D.",drtittle@drtittle.com,drtittle@drtittle.com,gosom_scraper,+1 214-905-5075,http://drtittle.com,"10743 Preston Rd, Dallas, TX 75230, United States","https://www.google.com/maps/place/Dr.+Ben+J.+Tittle,+M.D./data=!4m7!3m6!1s0x864c23617976aa93:0x2c184c607e9655b2!8m2!3d32.8941508!4d-96.804535!16s%2Fg%2F11b6sn0_xc!19sChIJk6p2eWEjTIYRslWWfmBMGCw",https://www.facebook.com/PlasticSurgeryofTexas/,https://www.instagram.com/plasticsurgeryoftx/,,,,,,,,,,,0,,,,,,,,,ok,,49,4.5,5,47,http://drtittle.com/,"https://www.google.com/maps/place/Dr.+Ben+J.+Tittle,+M.D./data=!4m7!3m6!1s0x864c23617976aa93:0x2c184c607e9655b2!8m2!3d32.8941508!4d-96.804535!16s%2Fg%2F11b6sn0_xc!19sChIJk6p2eWEjTIYRslWWfmBMGCw?authuser=0&hl=en&rclk=1",,FALSE,,FALSE,,0,FALSE,FALSE,
D,6.67,dallas,Dr. Raja Mohan Plastic Surgery,info@rajamohanmd.com,info@rajamohanmd.com,agent_browser_crawl,+1 469-301-1725,https://www.rajamohanmd.com,"7777 Forest Ln c820, Dallas, TX 75230, United States",https://www.google.com/maps/place/Dr.+Raja+Mohan+Plastic+Surgery/data=!4m7!3m6!1s0x864e630eea5afffb:0x429f0770fbda6e78!8m2!3d32.9111701!4d-96.7722825!16s%2Fg%2F11gjhfbgk1!19sChIJ-_9a6g5jToYReG7a-3AHn0I,https://www.facebook.com/rajamohanmd/,https://www.instagram.com/rajamohanmd/,https://www.linkedin.com/in/raja-mohan-31206510b/,,,https://www.youtube.com/channel/UCmHaoQ2DvTZ7dZq7hFrr7fg/videos?view_as=subscriber,,,,,Raj Mohan,,0,,,,,,,,,ok,,167,5,0,158,https://www.rajamohanmd.com/,https://www.google.com/maps/place/Dr.+Raja+Mohan+Plastic+Surgery/data=!4m7!3m6!1s0x864e630eea5afffb:0x429f0770fbda6e78!8m2!3d32.9111701!4d-96.7722825!16s%2Fg%2F11gjhfbgk1!19sChIJ-_9a6g5jToYReG7a-3AHn0I?authuser=0&hl=en&rclk=1,,FALSE,,FALSE,,0,FALSE,FALSE,
D,6.37,dallas,Dr. Liland - Park Cities Plastic Surgery,,,,+1 214-692-6500,https://www.drliland.com,"3500 Oak Lawn Ave Ste 160, Dallas, TX 75219, United States",https://www.google.com/maps/place/Dr.+Liland+-+Park+Cities+Plastic+Surgery/data=!4m7!3m6!1s0x864e9eb8a319e085:0x3ad3b4e2e142449f!8m2!3d32.8118833!4d-96.8050507!16s%2Fg%2F1tsyklqs!19sChIJheAZo7ieToYRn0RC4eK00zo,,https://www.instagram.com/drliland/,,,,,,,,,Dr Liland;David Liland,,0,,,,,,,,,no_email_found,,72,4.7,3,58,https://www.drliland.com/,https://www.google.com/maps/place/Dr.+Liland+-+Park+Cities+Plastic+Surgery/data=!4m7!3m6!1s0x864e9eb8a319e085:0x3ad3b4e2e142449f!8m2!3d32.8118833!4d-96.8050507!16s%2Fg%2F1tsyklqs!19sChIJheAZo7ieToYRn0RC4eK00zo?authuser=0&hl=en&rclk=1,,FALSE,,FALSE,,0,FALSE,FALSE,
D,6.23,dallas,"Laurence A. Weider, MD",,,,+1 972-566-8444,http://www.drweider.com,"7777 Forest Ln Building B, Suite B-145, Dallas, TX 75230, United States","https://www.google.com/maps/place/Laurence+A.+Weider,+MD/data=!4m7!3m6!1s0x864c206c68d3af61:0x9920fcdaaad9773e!8m2!3d32.9113415!4d-96.7730728!16s%2Fg%2F11c20d5qff!19sChIJYa_TaGwgTIYRPnfZqtr8IJk",https://www.facebook.com/WeiderPlasticSurgery/,https://www.instagram.com/weiderplasticsurgery/,,,https://www.tiktok.com/@weiderplasticsurgery;https://www.tiktok.com/@weiderplasticsurgery?_t=8n0LBEK3u2Q&_r=1,https://www.youtube.com/user/DrWeider,,,,,The Dr’s,,0,,,,,,,,,no_email_found,,119,4.9,2,111,http://www.drweider.com/,"https://www.google.com/maps/place/Laurence+A.+Weider,+MD/data=!4m7!3m6!1s0x864c206c68d3af61:0x9920fcdaaad9773e!8m2!3d32.9113415!4d-96.7730728!16s%2Fg%2F11c20d5qff!19sChIJYa_TaGwgTIYRPnfZqtr8IJk?authuser=0&hl=en&rclk=1",,FALSE,,FALSE,,0,FALSE,FALSE,
D,5.71,dallas,Plastic Surgery of Texas,drtittle@drtittle.com,drtittle@drtittle.com,gosom_scraper,+1 214-905-5075,https://www.plasticsurgeryoftexas.com,"10743 Preston Rd, Dallas, TX 75230, United States",https://www.google.com/maps/place/Plastic+Surgery+of+Texas/data=!4m7!3m6!1s0x864e9c1a6ed9b15f:0x57b5d73294c5aa09!8m2!3d32.894099!4d-96.804519!16s%2Fg%2F1thsgb7x!19sChIJX7HZbhqcToYRCarFlDLXtVc,https://www.facebook.com/PlasticSurgeryofTexas/,https://www.instagram.com/plasticsurgeryoftx/,,,,,,,,,,,0,,,,,,,,,ok,,80,5,0,57,https://www.plasticsurgeryoftexas.com/,https://www.google.com/maps/place/Plastic+Surgery+of+Texas/data=!4m7!3m6!1s0x864e9c1a6ed9b15f:0x57b5d73294c5aa09!8m2!3d32.894099!4d-96.804519!16s%2Fg%2F1thsgb7x!19sChIJX7HZbhqcToYRCarFlDLXtVc?authuser=0&hl=en&rclk=1,,FALSE,,FALSE,,0,FALSE,FALSE,
D,4.7,dallas,"Landon S. Perry, MD; Plastic Surgery Associates",,,,+1 972-981-7940,http://lsperry.com,"6130 W Parker Rd Ste 512, Plano, TX 75093, United States","https://www.google.com/maps/place/Landon+S.+Perry,+MD;+Plastic+Surgery+Associates/data=!4m7!3m6!1s0x864c249e8e28b701:0xa4707a3afa75219b!8m2!3d33.0443397!4d-96.8372246!16s%2Fg%2F1tgf3m7y!19sChIJAbcojp4kTIYRmyF1-jp6cKQ",,,,,,,,,,,,,0,,,,,,,,,open_error,,37,5,0,32,http://lsperry.com/,"https://www.google.com/maps/place/Landon+S.+Perry,+MD;+Plastic+Surgery+Associates/data=!4m7!3m6!1s0x864c249e8e28b701:0xa4707a3afa75219b!8m2!3d33.0443397!4d-96.8372246!16s%2Fg%2F1tgf3m7y!19sChIJAbcojp4kTIYRmyF1-jp6cKQ?authuser=0&hl=en&rclk=1",,FALSE,,FALSE,,0,FALSE,FALSE,
D,4.52,dallas,"Kelling Plastic Surgery - Joseph A. Kelling, M.D.",,,,+1 214-827-2531,http://www.dallasplasticsurgerymd.com,"411 N Washington Ave Suite 4200, Dallas, TX 75246, United States","https://www.google.com/maps/place/Kelling+Plastic+Surgery+-+Joseph+A.+Kelling,+M.D./data=!4m7!3m6!1s0x864e990bb6d1cb51:0x60abd362a0add9e0!8m2!3d32.7888733!4d-96.7762258!16s%2Fg%2F11v1bm4thq!19sChIJUcvRtguZToYR4NmtoGLTq2A",https://www.facebook.com/kellingplasticsurgery,https://www.instagram.com/kellingplasticsurgery/#,https://www.linkedin.com/in/joseph-kelling-836a17a2/,,https://www.tiktok.com/@josephkellingmd,https://www.youtube.com/@kellingplasticsurgery,,,,,Dallas Board-Certified;KELLING’S RESULTS;WILL ONLY;KELLING'S RESULTS;Joseph Kelling,,0,,,,,,,,,no_email_found,,32,5,0,31,http://www.dallasplasticsurgerymd.com/?utm_source=google&utm_medium=organic&utm_campaign=gbp,"https://www.google.com/maps/place/Kelling+Plastic+Surgery+-+Joseph+A.+Kelling,+M.D./data=!4m7!3m6!1s0x864e990bb6d1cb51:0x60abd362a0add9e0!8m2!3d32.7888733!4d-96.7762258!16s%2Fg%2F11v1bm4thq!19sChIJUcvRtguZToYR4NmtoGLTq2A?authuser=0&hl=en&rclk=1",,FALSE,,FALSE,,0,FALSE,FALSE,
D,4.37,dallas,"J. Michael Morrissey, MD Cosmetic Surgery",,,,+1 972-372-9313,http://www.drmorrissey.net,"5940 W Parker Rd STE 103, Plano, TX 75093, United States","https://www.google.com/maps/place/J.+Michael+Morrissey,+MD+Cosmetic+Surgery/data=!4m7!3m6!1s0x864e997816c14269:0xbf5a9ba39ebf6365!8m2!3d33.0447735!4d-96.8248073!16s%2Fg%2F1thlnh2p!19sChIJaULBFniZToYRZWO_nqObWr8",,,,,,,,,,,,,0,,,,,,,,,open_error,,21,4.8,1,16,http://www.drmorrissey.net/,"https://www.google.com/maps/place/J.+Michael+Morrissey,+MD+Cosmetic+Surgery/data=!4m7!3m6!1s0x864e997816c14269:0xbf5a9ba39ebf6365!8m2!3d33.0447735!4d-96.8248073!16s%2Fg%2F1thlnh2p!19sChIJaULBFniZToYRZWO_nqObWr8?authuser=0&hl=en&rclk=1",,FALSE,,FALSE,,0,FALSE,FALSE,
D,1.81,dallas,North Dallas Plastic Surgery,,,,+1 214-363-2575,https://www.drpollock.com,"8305 Walnut Hill Ln # 210, Dallas, TX 75231, United States",https://www.google.com/maps/place/North+Dallas+Plastic+Surgery/data=!4m7!3m6!1s0x864e9feff2b96407:0xfe89483c4cc564bb!8m2!3d32.8841282!4d-96.7619176!16s%2Fg%2F1tsyklr9!19sChIJB2S58u-fToYRu2TFTDxIif4,https://www.facebook.com/DrToddPollock,https://www.instagram.com/drtoddpollock/,,,,,,,,,"Todd A. Pollock, M.D.;Todd A. Pollock;Todd Pollock",,0,,,,,,,,,no_email_found,,4,5,0,4,https://www.drpollock.com/,https://www.google.com/maps/place/North+Dallas+Plastic+Surgery/data=!4m7!3m6!1s0x864e9feff2b96407:0xfe89483c4cc564bb!8m2!3d32.8841282!4d-96.7619176!16s%2Fg%2F1tsyklr9!19sChIJB2S58u-fToYRu2TFTDxIif4?authuser=0&hl=en&rclk=1,,FALSE,,FALSE,,0,FALSE,FALSE,
A,98.55,dallas,Renaissance Plastic Surgery,,,,+1 972-378-3870,https://www.renaissanceplasticsurgerytx.com,"5880 Ashmill Dr STE 200, Plano, TX 75024, United States",https://www.google.com/maps/place/Renaissance+Plastic+Surgery/data=!4m7!3m6!1s0x864c235f3cb694c5:0x4c5ebbc71345a7!8m2!3d33.0826852!4d-96.8234765!16s%2Fg%2F1tfs1grq!19sChIJxZS2PF8jTIYRp0UTx7teTAA,https://www.facebook.com/drplanotx,https://www.instagram.com/drplano/,,,,https://www.youtube.com/@Renaissanceplasticsurgerytx;https://www.youtube.com/@renaissanceplasticsurgerytx,"Jeff Angobaldo, MD",Founder & Plastic Surgeon,https://www.linkedin.com/in/plasticsurgeryplano/,,,frontline_communication,5,"I just had a consult 2 days ago for a lift and breast implant removal and honestly... what the hell was that? I can't stop thinking about it. This man walked in, yawned 3 times, looked at my breasts for maybe 3 seconds, and said ""yep, seen those before."" Then carried on that I absolutely need to REPLACE my implants (I asked for removal / did not want implants anymore) because it would just look so much nicer while making disgusted faces at me continuing to say I did not want new implants put in. I asked about maybe transferring some fat in if they really needed more volume -- he said ""we don't really do that for the breast, we just slam fat into the butt for the 3-4 BBLs a week we do here."" He then sat and showed me ~30 before and after photos on a tv screen. I asked if he could fix the old bb ring scar on my belly button and showed him, to which he said, ""you look pregnant."" I was SHOCKED but just casually said, ""oh well it's still early, it will go down after a few more months."" Then he said, ""your stomach won't go back to normal on its own, you look pregnant"". I gave birth just 3 MONTHS AGO - which I stated in my online form, told the woman on the phone, mentioned to the staff once I got there, AND told him when he walked in the room which I guess he was too tired to listen. Note - I am 5'5"" and 130 lbs. I am just so stunned at how terrible I felt after that appointment. NOT THE DOCTOR FOR ME.

On a positive note, Ann - his main office manager, was absolutely amazing and warm.","My first surgery with Dr. Jeff Angobaldo was back in July of 2020. I had a procedure that included TT, MR, liposuction to abdomen/flanks and breast lift with augmentation. I had a wound on one of my breast, tummy tuck, and BB which I understand PS has no control over. I went back a couple weeks after for a awake revision of my wound scars on my breast and BB which he explained he could fix, during this follow up I expressed that I was unhappy with the size of implants. I had requested to stay at a size D or DD with cleavage during my consultation and preop appointment although I ended up with a size DDD which was very noticeable since I am a tiny girl 4 feet 9 in. He stated that it could be fixed with a separate procedure! (Sigh). I was very hesitant but I decided to go ahead and get a second procedure for breast reduction. I went to a consultation which I asked about changing my implants (310 cc to a 200 or 250 cc) to bring me down to a full C. I showed him inspiration pics which he explained that changing the size wouldn’t make a difference since I had a lot of breast tissue so he would just remove breast tissue. I didn’t understand this much but I agreed since I was influenced by his surgeon recommendation. During preop I shared this information with his nurses and they advised me to be persistent on what I wanted because he tends to do what he believes would look good instead of listening to his patients desires. With this I made sure to repeat myself when stating I wanted to be a full C after the procedure. I had my second procedure with him on May 2023. During my follow up appointments I expressed that I felt my right breast was larger than my left . His MA kept insisting that it was swelling and to give it time. For the first 2-3 follow up appointment I didn’t see Dr Angobaldo only his MAs. During one of these appointments I let them know that I was having a fluid leak from one of my breast and they applied Manuka honey and gauze on it. At a later appointment I finally saw Dr A and he prescribed me antibiotics for this reason, this is when I finally got to express my concern over my breast size. (At this time I was 3 months PO). He suggested that he could perform a revision on both breast and offered to remove both implants. At this point I was very irritated and annoyed since I got this second procedure to fix the first one. In total the first procedure was $18,500 the, awake revision was $250 and this last procedure was a total of about $5,000 (breast reduction and lipo to axillary area and abdomen). These costs don’t include medications and aftercare needs! In my mind that was what I was thinking, I’ve already spent all this money and now he wants to put me through a third procedure with him. He was able to tell that I was upset and recommended that I think about it and bring it back up at my 6 month follow up. After this follow up, front office scheduled me for a 6 month follow up. Once it got closer to that date they have changed my appointment last minute twice. And they told me that a 3rd revision would be about $1,200. At this point I just took a loss and am not making any attempts to see him again.

P.S. my BB scar was never fixed I had to cover it up with a tattoo.",1,1,Voice AI + Agentic CRM Outreach,silverthreadlabs.com/services/voice-agents,booking_friction;calls_unanswered;followup_dropped;frontline_communication;service_quality_in_session,,no_email_found,,522,4.8,24,464,https://www.renaissanceplasticsurgerytx.com/,https://www.google.com/maps/place/Renaissance+Plastic+Surgery/data=!4m7!3m6!1s0x864c235f3cb694c5:0x4c5ebbc71345a7!8m2!3d33.0826852!4d-96.8234765!16s%2Fg%2F1tfs1grq!19sChIJxZS2PF8jTIYRp0UTx7teTAA?authuser=0&hl=en&rclk=1,,TRUE,shared_hostname_renaissanceplasticsurgerytx.com_2x,FALSE,,0,FALSE,FALSE,
A,94.61,dallas,Westlake Dermatology & Cosmetic Surgery - University Park,,,,+1 972-512-4800,https://www.westlakedermatology.com/dermatology-services-dallas,"6565 Hillcrest Ave #110, Dallas, TX 75205, United States",https://www.google.com/maps/place/Westlake+Dermatology+%26+Cosmetic+Surgery+-+University+Park/data=!4m7!3m6!1s0x864e9f9f365ebe4b:0x11932c545153c674!8m2!3d32.846384!4d-96.787271!16s%2Fg%2F11j0bvxm87!19sChIJS75eNp-fToYRdMZTUVQskxE,,,,,,,"Gregory Nikolaidis, MD","Founder & CEO (corporate, Austin HQ — 21 TX locations)",https://www.linkedin.com/in/gregory-nikolaidis-883401136/,,,billing_or_intake_errors,6,"I have been a patient at Westlake for almost 10 years, and while the quality of services has always been excellent, the ongoing billing issues and lack of accountability have left me no choice but to go elsewhere.

Despite having clear documentation showing I had prepaid for a service, the office repeatedly denied it and continued to charge me. I spent months going back and forth with their billing manager, Morgan, who was unable to provide any proof that the funds had been used. When asking about the obvious credit (that matched my cc charge) on their invoices, the response was “that’s just our invoicing system, that doesn’t really mean it’s ’a credit’”.  So, despite invoices and credit card statements showing nearly $1k in remaining credit, my concerns were rudely dismissed over 4–5 times.  Finally, dumbfounded, I requested escalation to someone else, left multiple voicemails, and sent emails, yet no one outside of Morgan who had no interest in settling this ever followed up.

Beyond the blatant billing mistake, the overall customer service experience was shockingly poor. There are far too many reputable dermatology offices in Austin that provide outstanding care, bill accurately, and treat their patients with respect. Unfortunately, after almost a decade as a loyal patient, I will be going elsewhere and can no longer recommend this practice.",Spent 5 minutes with me and told me likely no bill charge as I confirmed before the appointment for an estimate. Got nearly $200 bill in the mail. To change the brand of prescription they said I have to come back in to be charged another $200. They were nice and office was nice but definitely could’ve done their due diligence to provide a more accurate quote. I also feel like they didn’t spend enough time actually reviewing to be able to properly diagnose.,1,2,Workflow Automation + Systems Integration,silverthreadlabs.com/services/workflow-automation,billing_or_intake_errors;booking_friction;calls_unanswered;followup_dropped;frontline_communication;service_quality_in_session,,crash,,160,4.4,23,145,https://www.westlakedermatology.com/dermatology-services-dallas/?utm_source=google&utm_medium=local&utm_campaign=wdwes,https://www.google.com/maps/place/Westlake+Dermatology+%26+Cosmetic+Surgery+-+University+Park/data=!4m7!3m6!1s0x864e9f9f365ebe4b:0x11932c545153c674!8m2!3d32.846384!4d-96.787271!16s%2Fg%2F11j0bvxm87!19sChIJS75eNp-fToYRdMZTUVQskxE?authuser=0&hl=en&rclk=1,,TRUE,known_dso:westlake_dermatology_21_locations,FALSE,,0,FALSE,FALSE,
B,51.29,dallas,Azouz Plastic & Cosmetic Surgery,,,,+1 972-702-8888,https://www.drazouz.com,"7777 Forest Ln Building C, #802, Dallas, TX 75230, United States",https://www.google.com/maps/place/Azouz+Plastic+%26+Cosmetic+Surgery/data=!4m7!3m6!1s0x864c206d2f3592c3:0x4a91f47d8a618138!8m2!3d32.9111559!4d-96.7721416!16s%2Fg%2F1wrtd7s8!19sChIJw5I1L20gTIYROIFhin30kUo,https://www.facebook.com/davidazouzmd/,https://www.instagram.com/azouzplasticsurgery/,,,,https://www.youtube.com/@AzouzPlasticSurgery,,,,,David Azouz;Solomon Azouz;Vitali Azouz,frontline_communication,3,"Extremely Disappointing Experience - Would Not Recommend

I had high hopes for my gyno surgery with this practice, but unfortunately, it has been a complete disappointment from start to finish. Not only was the procedure itself poorly done, but the lack of professionalism and care from the surgeons and staff was shocking.

First of all, the results were nothing like what we had discussed. Despite clear communication beforehand, the outcome was far below expectations. I feel like the surgery didn’t address the issues we spoke about and has left me with additional concerns I didn’t have before. The scars are more noticeable than anticipated, and my recovery has been much harder than I was led to believe.

To make matters worse, I spent $11,000 on this surgery, and it was absolutely not worth it. I expected a level of care and professionalism that matched the high price, but instead, I’m left with poor results and no support.

Additionally, the surgeons themselves were dismissive of my concerns post-op, offering no real guidance on what went wrong or how to fix it. The follow-up care was non-existent, and I felt completely ignored. It’s frustrating to have trusted them with something so important, only to be left feeling worse than before.

I would strongly advise anyone considering this practice to look elsewhere. I regret choosing them and would not recommend them to anyone.","Was referred to go see Dr azouz after I had broke multiple toes in my foot. He Immediately requested surgery then months of extreme slow recovery due to him delaying because I’m a smoker. Even though had second opinions from actual orthopedic surgeons saying would not have even operated in the first place and having X-rays done showing that the bone is completely healed. Would most definitely not suggest going to see Azouz if you have an injury. Would not sit down and discuss options, would look at paper and say it’s not healed.",1,1,Voice AI + Agentic CRM Outreach,silverthreadlabs.com/services/voice-agents,followup_dropped;frontline_communication;service_quality_in_session,,no_email_found,,230,4.6,21,194,https://www.drazouz.com/,https://www.google.com/maps/place/Azouz+Plastic+%26+Cosmetic+Surgery/data=!4m7!3m6!1s0x864c206d2f3592c3:0x4a91f47d8a618138!8m2!3d32.9111559!4d-96.7721416!16s%2Fg%2F1wrtd7s8!19sChIJw5I1L20gTIYROIFhin30kUo?authuser=0&hl=en&rclk=1,,TRUE,shared_hostname_drazouz.com_2x,FALSE,,0,FALSE,FALSE,
B,42.73,dallas,North Texas Plastic Surgery,,,,+1 214-272-8533,https://www.northtexasplasticsurgery.com/plano-plastic-surgery,"5412 W Plano Pkwy #101, Plano, TX 75093, United States",https://www.google.com/maps/place/North+Texas+Plastic+Surgery/data=!4m7!3m6!1s0x864c2390a1b35dfb:0xf0d70e4aaccad70f!8m2!3d33.0155694!4d-96.8099572!16s%2Fg%2F1hc2lm75g!19sChIJ-12zoZAjTIYRD9fKrEoO1_A,,,,,,,,,,,,frontline_communication,5,"Called to inquire about a mommy makeover, due to a dominant stretching from having an 11 lb child. Because my BMI was considered too high which is okay, but I have a difficult time losing weight due to extra skin. The woman told me "" well losing weight isn't for everyone"". Then proceeded to ask about a consult. If they're going to be rude and make me uncomfortable about my body, when it's hard enough to consult them about how to help me feel good about my body. I'm not paying for a consult for them to treat me like that. Hard pass.",After going through all the pre-screening stuff we drove an hour and a half to meet with them for the consultation. Upon arriving to the consultation we were put in a room and the nurse came in and said sorry for your time but we are unable to perform your procedure.  Which I am OK with them not being able to do it but that something that they should have told us before making the hour and a half drive to the consultation. Then we’ve been waiting all day on a callback from the clinical Director and have not heard anything from her as of yet. Absolutely horrible customer service! They should review records before setting appointments for consultations. When they have all the information available. We told them nothing the day of the consultation they made a decision based on the information that was provided prior to the consultation appointment.,1,1,Voice AI + Agentic CRM Outreach,silverthreadlabs.com/services/voice-agents,billing_or_intake_errors;booking_friction;followup_dropped;frontline_communication;service_quality_in_session,,cloudflare_blocked,,814,4.9,13,580,https://www.northtexasplasticsurgery.com/plano-plastic-surgery/?utm_source=GBP&utm_medium=GBP&utm_campaign=GBP_Plano&utm_id=GBP_Plano,https://www.google.com/maps/place/North+Texas+Plastic+Surgery/data=!4m7!3m6!1s0x864c2390a1b35dfb:0xf0d70e4aaccad70f!8m2!3d33.0155694!4d-96.8099572!16s%2Fg%2F1hc2lm75g!19sChIJ-12zoZAjTIYRD9fKrEoO1_A?authuser=0&hl=en&rclk=1,,TRUE,shared_hostname_northtexasplasticsurgery.com_3x,FALSE,,0,FALSE,FALSE,
B,42.27,dallas,Legacy Eyelids & Cosmetic Surgery,,,,+1 214-666-4663,https://www.kalyammd.com,"6835 Communications Pkwy Suite 520, Plano, TX 75024, United States",https://www.google.com/maps/place/Legacy+Eyelids+%26+Cosmetic+Surgery/data=!4m7!3m6!1s0x864c239c2cd532a9:0x50c4e4a96457cb8b!8m2!3d33.0691871!4d-96.8314895!16s%2Fg%2F11nx1fwyng!19sChIJqTLVLJwjTIYRi8tXZKnkxFA,https://www.facebook.com/kalyammd;https://www.facebook.com/kalyammd/,https://www.instagram.com/kalyammd/,,,,https://www.youtube.com/channel/UC9wtNCeBgBsbQOxFapH-wcQ/videos;https://www.youtube.com/watch?v=B7sgJxgxmfw;https://www.youtube.com/watch?v=PrxTgz2MKbE,,,,,,frontline_communication,5,I would give Dr Priya a 0 if it was an option. Was referred to her for a medical eye issue and within 5 mins it was clear she was not interested because it was a medical issue and not some pricey cosmetic procedure needed $$. She was rude and treated us like we were wasting her time.,"Front staff was delightful but I would give 0 stars if I could. Went in for a droopy eyelid which was the result of a previous unrelated surgery. Dr Kalyam basically said I was lying  and that she had no proof it wasn’t there before, why on earth would I do that? I went as far as showing her prior pictures to which she said “well I can’t tell from that angle”. She was also very rude in her demeanor right from the beginning. On top of that she misdiagnosed my condition, saying it was blepharitis and incurable. She also gave me 0 confidence that a surgery would fix it, saying it was very possible I would need multiple surgeries to correct it.  After this visit I would not let her touch my eyes anyway- glad for this experience- it was eye opening to say the least 😊. I went to a very capable provider afterwards and they promptly were able to diagnose it the medical condition it was and give a good/least invasive treatment plan.",1,1,Voice AI + Agentic CRM Outreach,silverthreadlabs.com/services/voice-agents,billing_or_intake_errors;booking_friction;followup_dropped;frontline_communication;service_quality_in_session,,no_email_found,,265,4.9,9,63,https://www.kalyammd.com/,https://www.google.com/maps/place/Legacy+Eyelids+%26+Cosmetic+Surgery/data=!4m7!3m6!1s0x864c239c2cd532a9:0x50c4e4a96457cb8b!8m2!3d33.0691871!4d-96.8314895!16s%2Fg%2F11nx1fwyng!19sChIJqTLVLJwjTIYRi8tXZKnkxFA?authuser=0&hl=en&rclk=1,,TRUE,shared_hostname_kalyammd.com_2x,FALSE,,0,FALSE,FALSE,
B,40.53,dallas,American Institute For Plastic Surgery,,,,+1 972-543-2477,http://www.ai4ps.com,"6020 W Plano Pkwy, Plano, TX 75093, United States",https://www.google.com/maps/place/American+Institute+For+Plastic+Surgery/data=!4m7!3m6!1s0x864c22659238b9f3:0x7d2d7519b82f3618!8m2!3d33.015968!4d-96.831202!16s%2Fg%2F1tdky1_t!19sChIJ87k4kmUiTIYRGDYvuBl1LX0,https://www.facebook.com/ai4ps,https://www.instagram.com/ai4ps/,,,,,,,,,Brittany T;Suzanne G;Carlita S;Natalie H;Woody F;Rhonda W;Gloria F;Austin T;Elham S;Christine S;Adeliana C;N C;Jackson K;A C;Nikki L;Martin C;Priscilla O;Angela B;B. A;Tony O;Tammi M;Moshaun C;Pauline W;Step B;Lee D;Carson T;Julie K;Skyler A;Angela A;Roxy H;Mya S;Shin M;Scott F;D C;Glen P;Todd &;Lindsey R;Amanda W;Kim C;Shana T;Vala M;Vonda W;Jenna D;May M;Vicki L;Shannon B;August N;Jim B;Brian C;Vicki E;Jennifer S;Hannah G;Evan D;Oliver R;Freedom B;Tammy L;Scott Harris;Peter Raphael;Alfred R. Antonetti,frontline_communication,4,"Dr Raphael and his nurses were very kind and helpful. My only complaint is that there was not a lot of time spent talking over desired results, or potential outcomes. In my case, I had top surgery and liposuction around the torso. I experienced severe stretch marks after the surgery across my chest, as well as stretching and warping on the incisions and my nipples. My results look pretty bad due to this, and it was an outcome that I was not warned about. I was told it was due to “weak skin”, something that is hard to predict, but is a potential nonetheless. I also had body contouring, and there was essentially no time spent discussing desired shape or problem areas. Dr Raphael was in and out. I understand he’s busy, but even a little bit more effort to figure out specific desires, as apposed to such a general approach, would have changed the game. It was a very rushed process. I’m thankful for the care I received and the professionalism of everyone, but I now have many revisions to my results that I will need, as well as outcomes that I unfortunately can’t change, but couldve been avoided with better communication. If you’re receiving care her and spending this kind of money, I’d recommend making sure that the details are mulled over, and you have a list of specifics, as well as questions or concerns. These surgery’s are a big deal.","I called this clinic to schedule a breast augmentation consultation with Dr. Dulin. When I mentioned I’m a transgender woman using BCBS insurance, the staff member told me they wouldn’t accept it — not because it wasn’t covered, but because they don’t want to “discriminate against cisgender patients.”

She said, verbatim: “They don’t cover it for cisgender people, so we don’t take it for transgender people, because that’s discrimination against our cisgender patients.” When I replied that it seemed odd, she snapped back, “No it’s not,” in a flat tone.

This clinic advertises gender-affirming care through the International Center for Transgender Care. But if this is how they treat transgender patients — rejecting valid insurance coverage and justifying it with a backwards idea of ‘equality’ — then it’s not affirming, it’s performative.

I’ve since reported the experience to my insurance company. I hope this helps other trans patients avoid the same hurt and disappointment. Respect matters.",3,1,Voice AI + Agentic CRM Outreach,silverthreadlabs.com/services/voice-agents,billing_or_intake_errors;calls_unanswered;frontline_communication;service_quality_in_session,,no_email_found,,95,4.5,12,81,http://www.ai4ps.com/,https://www.google.com/maps/place/American+Institute+For+Plastic+Surgery/data=!4m7!3m6!1s0x864c22659238b9f3:0x7d2d7519b82f3618!8m2!3d33.015968!4d-96.831202!16s%2Fg%2F1tdky1_t!19sChIJ87k4kmUiTIYRGDYvuBl1LX0?authuser=0&hl=en&rclk=1,,TRUE,shared_hostname_ai4ps.com_2x,FALSE,,0,FALSE,FALSE,
B,34.9,dallas,"Dr. Colin D. Pero, MD",,,,+1 214-382-5100,https://drpero.com,"5425 W Spring Creek Pkwy Ste 145, Plano, TX 75024, United States","https://www.google.com/maps/place/Dr.+Colin+D.+Pero,+MD/data=!4m7!3m6!1s0x864c233782e649fd:0x48548fd36fb723c0!8m2!3d33.0628319!4d-96.8113346!16s%2Fg%2F1hc28cgtj!19sChIJ_UnmgjcjTIYRwCO3b9OPVEg",https://www.facebook.com/NorthTexasFacialPlasticSurgery,https://www.instagram.com/drcolinpero/,,,,https://www.youtube.com/@DrColinPero,,,,,,billing_or_intake_errors,3,Dr Pero was nice & personable. I was there for a sore inside my nose that won’t heal. He did not see the sore with the light. Gave me an antibiotic ointment. The charge was $310. He documented that he did a nasal scope. There was no nasal scope done. I questioned it and ofc manager said the light was the scope. The End.,After contacting several cosmetic surgeon. This is the only place that charge $150.00  just to book an appointment.  The appt wait time for is over 1 1/2 month out despite letting them know its urgent due some difficulties from a prior surgery. When I needed to cancel my appointment.  I was charged $50.00 just to cancel my appointment. Even though I called weeks in advance.  Due to the urgency I need to see a doctor right away.  Therefore I had to seek out another  facility.  I was told I was informed at beginning of booking the appt that there is a $50.00 cancelation.  That was incorrect.  I was never informed when booking.  Only after I needed to cancel when I was told I would be charged.  Not very professional.,3,1,Workflow Automation + Systems Integration,silverthreadlabs.com/services/workflow-automation,billing_or_intake_errors;booking_friction;frontline_communication,,no_email_found,,108,4.7,6,69,https://drpero.com/,"https://www.google.com/maps/place/Dr.+Colin+D.+Pero,+MD/data=!4m7!3m6!1s0x864c233782e649fd:0x48548fd36fb723c0!8m2!3d33.0628319!4d-96.8113346!16s%2Fg%2F1hc28cgtj!19sChIJ_UnmgjcjTIYRwCO3b9OPVEg?authuser=0&hl=en&rclk=1",,TRUE,shared_hostname_drpero.com_2x,FALSE,,0,FALSE,FALSE,
B,30.92,dallas,"Dr. Peter Raphael, MD",,,,+1 972-543-2477,http://www.ai4ps.com,"6020 W Plano Pkwy, Plano, TX 75093, United States","https://www.google.com/maps/place/Dr.+Peter+Raphael,+MD/data=!4m7!3m6!1s0x864c22659238b9f3:0xcc21688bc1b293b4!8m2!3d33.0159595!4d-96.831045!16s%2Fg%2F12m93c7pc!19sChIJ87k4kmUiTIYRtJOywYtoIcw",https://www.facebook.com/ai4ps,https://www.instagram.com/ai4ps/,,,,,,,,,Brittany T;Suzanne G;Carlita S;Natalie H;Woody F;Rhonda W;Gloria F;Austin T;Elham S;Christine S;Adeliana C;N C;Jackson K;A C;Nikki L;Martin C;Priscilla O;Angela B;B. A;Tony O;Tammi M;Moshaun C;Pauline W;Step B;Lee D;Carson T;Julie K;Skyler A;Angela A;Roxy H;Mya S;Shin M;Scott F;D C;Glen P;Todd &;Lindsey R;Amanda W;Kim C;Shana T;Vala M;Vonda W;Jenna D;May M;Vicki L;Shannon B;August N;Jim B;Brian C;Vicki E;Jennifer S;Hannah G;Evan D;Oliver R;Freedom B;Tammy L;Scott Harris;Peter Raphael;Alfred R. Antonetti,frontline_communication,3,"The nursing staff at this clinic is fantastic, and I deeply appreciate their kindness and professional care. However, I am very disappointed with my overall experience. I have visited the clinic twice and had one surgery, and both visits left me feeling unheard and undervalued.

First Visit: I sought help for complications from a previous surgery. The doctor was dismissive, scolded me for not being their patient originally, and then informed me they could not provide any assistance.

Second Visit & Surgery: I was upfront about wanting excess skin removed during my implant removal surgery. I was repeatedly told that my skin would naturally retract. When I continued to press the issue, I was told it was a minor fix that could be done easily in the office. After the surgery, I was informed that the procedure would cost an additional $5,500.

The contrast between the wonderful nursing staff and the doctors' apparent focus on finances is stark. I was left with the impression that they value profits over patient satisfaction and follow-up care.",I did not have a successful experience with Dr. Raphael. I got breast implants done by him in March of 2022. Less than a year later I had complications. I did not get the information needed or care needed to help prevent my issues. Then he gave me false information. I met with 2 other surgeons and both said that the information given is completely false. I ended up getting my implants taken out and revised by a different surgeon. They look and feel so much better. I’m also full of knowledge that this new surgeon game me that Dr Raphael never provided. He has antiquated surgery techniques and did not give me enough time or information. He also gave me narrow extremely high profile implants that did not fit my body. I wish I would have picked a different surgeon to begin with to avoid this whole situation. Be careful. Do more research than I did and meet with multiple surgeons before making a decision.,1,1,Voice AI + Agentic CRM Outreach,silverthreadlabs.com/services/voice-agents,billing_or_intake_errors;followup_dropped;frontline_communication,,no_email_found,,110,4.7,10,81,http://www.ai4ps.com/,"https://www.google.com/maps/place/Dr.+Peter+Raphael,+MD/data=!4m7!3m6!1s0x864c22659238b9f3:0xcc21688bc1b293b4!8m2!3d33.0159595!4d-96.831045!16s%2Fg%2F12m93c7pc!19sChIJ87k4kmUiTIYRtJOywYtoIcw?authuser=0&hl=en&rclk=1",,TRUE,shared_hostname_ai4ps.com_2x,FALSE,,0,FALSE,FALSE,
B,30.66,dallas,"Priya Kalyam, MD",,,,+1 214-666-4663,https://www.kalyammd.com,"6835 Communications Pkwy Suite 520, Plano, TX 75024, United States","https://www.google.com/maps/place/Priya+Kalyam,+MD/data=!4m7!3m6!1s0x864c21c7b06c7b35:0xfde638b6ae84a8c2!8m2!3d33.0691871!4d-96.8314895!16s%2Fg%2F11h6dcgk4b!19sChIJNXtssMchTIYRwqiErrY45v0",https://www.facebook.com/kalyammd;https://www.facebook.com/kalyammd/,https://www.instagram.com/kalyammd/,,,,https://www.youtube.com/channel/UC9wtNCeBgBsbQOxFapH-wcQ/videos;https://www.youtube.com/watch?v=B7sgJxgxmfw;https://www.youtube.com/watch?v=PrxTgz2MKbE,,,,,,calls_unanswered,2,"The Dr doesn’t care if it’s an emergency, won’t see you or even look at you to see what the emergency is and then wants to know exactly who’s paying for services. Optometrist but does plastic surgery  and hair removal.  So no eye specialists.  If you have time to sit there and have nothing to do that’s a place you want to go to waste time",I’ve called this office on multiple occasions without any answer and went as far to leave voicemail to try to get a consultation appointment.,1,1,Voice AI Agents (Inbound Coverage),silverthreadlabs.com/services/voice-agents,calls_unanswered;frontline_communication,,no_email_found,,358,5,3,129,https://www.kalyammd.com/,"https://www.google.com/maps/place/Priya+Kalyam,+MD/data=!4m7!3m6!1s0x864c21c7b06c7b35:0xfde638b6ae84a8c2!8m2!3d33.0691871!4d-96.8314895!16s%2Fg%2F11h6dcgk4b!19sChIJNXtssMchTIYRwqiErrY45v0?authuser=0&hl=en&rclk=1",,TRUE,shared_hostname_kalyammd.com_2x,FALSE,,0,FALSE,FALSE,
C,28.87,dallas,North Texas Plastic Surgery,,,,+1 214-833-9597,https://www.northtexasplasticsurgery.com/contact-north-texas-plastic-surgery-dallas-tx,"8201 Preston Rd #160, Dallas, TX 75225, United States",https://www.google.com/maps/place/North+Texas+Plastic+Surgery/data=!4m7!3m6!1s0x864e9fd9b6c58b2b:0xe4770899cd8c8625!8m2!3d32.8627619!4d-96.804839!16s%2Fg%2F11ghshq5tk!19sChIJK4vFttmfToYRJYaMzZkId-Q,,,,,,,,,,,,frontline_communication,3,"I had to wait almost two months to get my appointment with Dr. Obaid at the Dallas location, but I was ok with that because I hear good things about him. However when I finally went to my appointment they made me wait for over an hour, at 40 min waiting I politely asked how much longer will I need to wait and the person at the front desk told me that just 5 more minutes because they where waiting for an empty room... I waited 25 more minutes and nothing happened... there wasn’t even people in the waiting room. I finally decided to go and the front desk person being very unapologetic, which makes me believe this is something that happens regularly, just asked me for when I wanted to reschedule. No need to say I’m obviously going with another doctor, definitely not wasting my time to get a surgery in a place where they don’t care about their patients.","If you would like to feel like a dollar sign to your doctor, this is the place for you. It took me a year to be able to write this review from how terrible the experience with Dr. obaid was  for me. His post op appointments are handled by his nurses and assistants. You will be swollen and scared asking the nurses if it’s normal and they will seem unsure and say let me take pics and call the doctor. I was so swollen I was asked to go back every 2 weeks to go through this over and over again. I kept asking if maybe the doctor should see me and they insisted he thought the pics looked fine. It wasn’t until I was rude and demanded to see the doctor that they said oh yes yes yes you can see him. Also, I didn’t get a time of surgery until the night before at 7 pm, and the time they gave me was 5:30 am the next day. Not even a 12 hour notice.

He also left me uneven and I asked many times if he might fix it and the nurses were defensive and said he SOMETIMES will agree to revisions. Since this I have seen Dr. burns in Dallas who has fixed obaids terrible job and guess what? Every single post op appointment he is present for.",1,1,Voice AI + Agentic CRM Outreach,silverthreadlabs.com/services/voice-agents,booking_friction;frontline_communication;service_quality_in_session,,cloudflare_blocked,,421,4.9,8,292,https://www.northtexasplasticsurgery.com/contact-north-texas-plastic-surgery-dallas-tx/?utm_source=GBP&utm_medium=GBP&utm_campaign=GBP_Dallas&utm_id=GBP_Dallas,https://www.google.com/maps/place/North+Texas+Plastic+Surgery/data=!4m7!3m6!1s0x864e9fd9b6c58b2b:0xe4770899cd8c8625!8m2!3d32.8627619!4d-96.804839!16s%2Fg%2F11ghshq5tk!19sChIJK4vFttmfToYRJYaMzZkId-Q?authuser=0&hl=en&rclk=1,,TRUE,shared_hostname_northtexasplasticsurgery.com_3x,FALSE,,0,FALSE,FALSE,
C,26.56,dallas,"Jeff Angobaldo, MD",,,,+1 972-378-3870,https://renaissanceplasticsurgerytx.com,"5880 Ashmill Dr STE 200, Plano, TX 75024, United States","https://www.google.com/maps/place/Jeff+Angobaldo,+MD/data=!4m7!3m6!1s0x864c3da0b6421ccd:0x79288ddf393c143e!8m2!3d33.0826852!4d-96.8234765!16s%2Fg%2F11fq9d9wz8!19sChIJzRxCtqA9TIYRPhQ8Od-NKHk",https://www.facebook.com/drplanotx,https://www.instagram.com/drplano/,,,,https://www.youtube.com/@Renaissanceplasticsurgerytx;https://www.youtube.com/@renaissanceplasticsurgerytx,,,,,,frontline_communication,3,"I am 6 months post operation of a breast implant exchange from this  practice and this was the worst experience.  My complaints are lengthy but to narrow it down.  Doctor Jeff A was unconcerned about my discomfort.  He left a capsule in me and told me he did.  I’ve been experiencing pain for 6 months and asymmetry problems.   I have to wear a bra at all times because the implants are not aligned.  One is up and the other is down.  I look and feel worse than before the exchange. During my follow up he was extremely nonchalant and the visit was less than 5 minutes.  He was Unprofessional,  no concern,  horrible results and a lot of ongoing pain.  Also, the surgery coordinator Kaitlyn needs to work on her communication skills. I DO NOT recommend this establishment.","My first surgery with Dr. Jeff Angobaldo was back in July of 2020. I had a procedure that included TT, MR, liposuction to abdomen/flanks and breast lift with augmentation. I had a wound on one of my breast, tummy tuck, and BB which I understand PS has no control over. I went back a couple weeks after for a awake revision of my wound scars on my breast and BB which he explained he could fix, during this follow up I expressed that I was unhappy with the size of implants. I had requested to stay at a size D or DD with cleavage during my consultation and preop appointment although I ended up with a size DDD which was very noticeable since I am a tiny girl 4 feet 9 in. He stated that it could be fixed with a separate procedure! (Sigh). I was very hesitant but I decided to go ahead and get a second procedure for breast reduction. I went to a consultation which I asked about changing my implants (310 cc to a 200 or 250 cc) to bring me down to a full C. I showed him inspiration pics which he explained that changing the size wouldn’t make a difference since I had a lot of breast tissue so he would just remove breast tissue. I didn’t understand this much but I agreed since I was influenced by his surgeon recommendation. During preop I shared this information with his nurses and they advised me to be persistent on what I wanted because he tends to do what he believes would look good instead of listening to his patients desires. With this I made sure to repeat myself when stating I wanted to be a full C after the procedure. I had my second procedure with him on May 2023. During my follow up appointments I expressed that I felt my right breast was larger than my left . His MA kept insisting that it was swelling and to give it time. For the first 2-3 follow up appointment I didn’t see Dr Angobaldo only his MAs. During one of these appointments I let them know that I was having a fluid leak from one of my breast and they applied Manuka honey and gauze on it. At a later appointment I finally saw Dr A and he prescribed me antibiotics for this reason, this is when I finally got to express my concern over my breast size. (At this time I was 3 months PO). He suggested that he could perform a revision on both breast and offered to remove both implants. At this point I was very irritated and annoyed since I got this second procedure to fix the first one. In total the first procedure was $18,500 the, awake revision was $250 and this last procedure was a total of about $5,000 (breast reduction and lipo to axillary area and abdomen). These costs don’t include medications and aftercare needs! In my mind that was what I was thinking, I’ve already spent all this money and now he wants to put me through a third procedure with him. He was able to tell that I was upset and recommended that I think about it and bring it back up at my 6 month follow up. After this follow up, front office scheduled me for a 6 month follow up. Once it got closer to that date they have changed my appointment last minute twice. And they told me that a 3rd revision would be about $1,200. At this point I just took a loss and am not making any attempts to see him again.

P.S. my BB scar was never fixed I had to cover it up with a tattoo.",1,1,Voice AI + Agentic CRM Outreach,silverthreadlabs.com/services/voice-agents,followup_dropped;frontline_communication;service_quality_in_session,,no_email_found,,113,4.8,5,107,https://renaissanceplasticsurgerytx.com/,"https://www.google.com/maps/place/Jeff+Angobaldo,+MD/data=!4m7!3m6!1s0x864c3da0b6421ccd:0x79288ddf393c143e!8m2!3d33.0826852!4d-96.8234765!16s%2Fg%2F11fq9d9wz8!19sChIJzRxCtqA9TIYRPhQ8Od-NKHk?authuser=0&hl=en&rclk=1",,TRUE,shared_hostname_renaissanceplasticsurgerytx.com_2x,FALSE,,0,FALSE,FALSE,
C,19.96,dallas,"Dr. Solomon M. Azouz, MD",,,,+1 972-702-8888,https://www.drazouz.com/meet-dr-solomon-azouz,"7777 Forest Ln C-802, Dallas, TX 75230, United States","https://www.google.com/maps/place/Dr.+Solomon+M.+Azouz,+MD/data=!4m7!3m6!1s0x864c206b89400001:0xf2915615342c01ed!8m2!3d32.9112699!4d-96.7722175!16s%2Fg%2F11pkfry1jy!19sChIJAQBAiWsgTIYR7QEsNBVWkfI",https://www.facebook.com/davidazouzmd/,https://www.instagram.com/azouzplasticsurgery/,,,,https://www.youtube.com/@AzouzPlasticSurgery,,,,,David Azouz;Solomon Azouz;Vitali Azouz,followup_dropped,2,"⭐☆☆☆☆ Disappointing Physician-to-Physician Interaction — Arrogant and Unprofessional

I scheduled an appointment with Dr. Solomon Azouz after he responded to my inquiry on a physician community messenger regarding treatment for a recurrent right ankle cyst. He indicated that it was within his scope and shared his office information for scheduling. I replied with my contact details in case further coordination was needed, but received no follow-up communication.

When I called to schedule the appointment, I offered my insurance information, which was declined over the phone. I asked again during the appointment reminder call and was told to bring it on the day of the visit. After driving a considerable distance, I faced immediate administrative challenges: I emailed my insurance information twice to registration, but they claimed they couldn’t access either message.

While waiting, I overheard Dr. Azouz remark, “I don’t know who she is—of course she has to pay for the consultation.” I approached him and reminded him of our prior exchange. His response was dismissive and unprofessional: “We don’t accept insurance. You’ll need to pay for the consultation.” This was never disclosed during any of our prior communication.

When he reiterated that payment was required, I prepared to leave. At that point, he said, “Well, since you’ve driven all the way here, let me at least take a look out of courtesy and give you my opinion.” While I appreciated the gesture, it wasn’t necessary—I was already familiar with the diagnosis and the next steps. It felt more like a half-hearted attempt to compensate for his earlier lack of empathy and professionalism than a genuine offer of help.

His demeanor throughout the interaction was arrogant and condescending. At one point, a third staff member had to step in to diffuse the tension after I stated I no longer wished to be examined. When I said I would be leaving a review of my experience, Dr. Azouz responded that I couldn't do that—and insisted he would write one against me.

If this is the way fellow physicians are treated, I truly worry about the experience of everyday patients. Transparency, respect, and professionalism were sorely lacking. Just laying this out in the open—there are plenty of superior plastic surgeons out there.","The front desk at the Azouz clinic completely wasted my entire morning and dragged me into a consultation I explicitly tried to avoid. I even mentioned I’m asking for this specific doctor, but was switched in the practice upon entering.

I drove 35 minutes each way, rearranged my day last minute, and showed up within 1.5 hours of calling, which yes, I appreciate they were able to accommodate. But that doesn’t excuse the fact that they couldn’t answer a very simple, very direct question.

I clearly explained over the phone that I needed to know whether it made sense to bring my 5-year-old in 48 hours after stitches for a possible revision. That was the entire point of my call. Instead of answering it, they pushed me into coming in. I even told them we just flew back in the states, I have both my kids with no childcare lined up, and want to avoid an unnecessary visit.

I show up, walk 2 football fields to Building C with two already jet-lagged kids, pay out-of-network for a consult because they don’t take insurance, only for the doctor that we did see at the Azouz clinic to look for about five seconds and say blanket statement: “We don’t do revisions until 6 months to a year.” Not only that - I actually should’ve booked for the FOLLOWING WEEK to actually remove the stitches. So now I need to redo this ALL OVER AGAIN in 7 days.

That is EXACTLY what I was trying to confirm before coming in.

This was not a complex medical judgment call. This was a basic scheduling and expectation question that the front desk should have handled without sending a patient on a completely unnecessary visit.

Instead, I was inconvenienced, overcharged, and put through a chaotic morning with two young children to no benefit.

If your front desk cannot handle simple, practical questions and instead defaults to pulling people in for billable visits, that is not just inefficient, it’s inconsiderate.",1,1,Agentic AI Systems (Autonomous Follow-up),silverthreadlabs.com/services/agentic-ai,followup_dropped;frontline_communication,,no_email_found,,450,5,3,386,https://www.drazouz.com/meet-dr-solomon-azouz/,"https://www.google.com/maps/place/Dr.+Solomon+M.+Azouz,+MD/data=!4m7!3m6!1s0x864c206b89400001:0xf2915615342c01ed!8m2!3d32.9112699!4d-96.7722175!16s%2Fg%2F11pkfry1jy!19sChIJAQBAiWsgTIYR7QEsNBVWkfI?authuser=0&hl=en&rclk=1",,TRUE,shared_hostname_drazouz.com_2x,FALSE,,0,FALSE,FALSE,
D,6.37,dallas,North Texas Plastic Surgery,,,,+1 972-737-9460,https://www.northtexasplasticsurgery.com/frisco-plastic-surgery,"5858 Main St Suite 280, Frisco, TX 75034, United States",https://www.google.com/maps/place/North+Texas+Plastic+Surgery/data=!4m7!3m6!1s0x864c3b4fe21dcfe9:0x179700ce37c005de!8m2!3d33.1531488!4d-96.8369084!16s%2Fg%2F11t_ylxh31!19sChIJ6c8d4k87TIYR3gXAN84Alxc,,,,,,,,,,,,,0,,,,,,,,,cloudflare_blocked,,133,4.9,4,122,https://www.northtexasplasticsurgery.com/frisco-plastic-surgery/?utm_source=GBP&utm_medium=GBP&utm_campaign=GBP_Frisco&utm_id=GBP_Frisco,https://www.google.com/maps/place/North+Texas+Plastic+Surgery/data=!4m7!3m6!1s0x864c3b4fe21dcfe9:0x179700ce37c005de!8m2!3d33.1531488!4d-96.8369084!16s%2Fg%2F11t_ylxh31!19sChIJ6c8d4k87TIYR3gXAN84Alxc?authuser=0&hl=en&rclk=1,,TRUE,shared_hostname_northtexasplasticsurgery.com_3x,FALSE,,0,FALSE,FALSE,
D,4.29,dallas,North Texas Facial Plastic Surgery,,,,+1 469-437-7041,https://drpero.com,"5425 W Spring Creek Pkwy Ste 145, Plano, TX 75024, United States",https://www.google.com/maps/place/North+Texas+Facial+Plastic+Surgery/data=!4m7!3m6!1s0x864c238efb4d10ab:0xcf6525c67a3d5d9e!8m2!3d33.0630758!4d-96.811241!16s%2Fg%2F11h77vy8p0!19sChIJqxBN-44jTIYRnl09esYlZc8,https://www.facebook.com/NorthTexasFacialPlasticSurgery,https://www.instagram.com/drcolinpero/,,,,https://www.youtube.com/@DrColinPero,,,,,,,0,,,,,,,,,no_email_found,,27,5,0,17,https://drpero.com/?utm_campaign=Plano_GMB,https://www.google.com/maps/place/North+Texas+Facial+Plastic+Surgery/data=!4m7!3m6!1s0x864c238efb4d10ab:0xcf6525c67a3d5d9e!8m2!3d33.0630758!4d-96.811241!16s%2Fg%2F11h77vy8p0!19sChIJqxBN-44jTIYRnl09esYlZc8?authuser=0&hl=en&rclk=1,,TRUE,shared_hostname_drpero.com_2x,FALSE,,0,FALSE,FALSE,
