tier,reachability_representative,metro,title,best_email,all_emails,phone,website,address,google_maps_link,socials_facebook,socials_instagram,socials_linkedin,socials_yelp,socials_tiktok,socials_youtube,owner_name,owner_title,owner_linkedin,pocs,primary_contact,primary_contact_channel
A,Jon L. Norinsberg,new york,Joseph & Norinsberg - NYC Sexual Harassment & Employment Discrimination Lawyers,info@employeejustice.com,info@employeejustice.com,+1 646-798-4433,https://employeejustice.com,"825 3rd Ave #2100, New York, NY 10022, United States",https://www.google.com/maps/place/Joseph+%26+Norinsberg+-+NYC+Sexual+Harassment+%26+Employment+Discrimination+Lawyers/data=!4m7!3m6!1s0x89c25a18f6ff8225:0x329ddea7209be3c6!8m2!3d40.757962!4d-73.9708356!16s%2Fg%2F1q5ccv8jd!19sChIJJYL_9hhawokRxuObIKfenTI,https://www.facebook.com/employeejusticenyc/,https://www.instagram.com/josephandnorinsberg/,https://www.linkedin.com/company/joseph-&-norinsberg,,https://www.tiktok.com/@josephandnorinsberg?_r=1&_t=ZP-960LLVNXgD8,https://www.youtube.com/@employeejustice,Jon L. Norinsberg,Founding Partner,https://www.linkedin.com/in/norinsberglaw,Jon L. Norinsberg;Bennita L. Joseph;John J. Meehan,Jon L. Norinsberg,https://www.linkedin.com/in/norinsberglaw
A,Joe Nappa,new york,"Nappa, Monterosso & Poznansky, LLP",christophermiller.gkt@gmail.com,christophermiller.gkt@gmail.com;ghulamgoesmustafa76@gmail.com;joannariggsvideo@gmail.com;oliviasolomonmkt@gmail.com,+1 718-273-9000,https://www.sicomplaw.com,"1946 Victory Blvd Ste 1B, Staten Island, NY 10314, United States","https://www.google.com/maps/place/Nappa,+Monterosso+%26+Poznansky,+LLP/data=!4m7!3m6!1s0x89c24c47fb2d5a67:0x302f3fa1bc5a1ed9!8m2!3d40.6124078!4d-74.128905!16s%2Fg%2F1trxfly8!19sChIJZ1ot-0dMwokR2R5avKE_LzA",https://www.facebook.com/NMPSI.Law,,,,,,Joe Nappa,Founding Partner,,Joe Nappa;Chris Monterosso,Joe Nappa,https://www.facebook.com/NMPSI.Law
A,Jack Gross,new york,Consumer Legal Group,support@consumerlegalgroup.com,support@consumerlegalgroup.com,+1 212-920-1247,https://consumerlegalgroup.com,"165 Broadway, New York, NY 10006, United States",https://www.google.com/maps/place/Consumer+Legal+Group/data=!4m7!3m6!1s0x25834c3f0c7c8c07:0x46b231b8b7901271!8m2!3d40.7095714!4d-74.0105396!16s%2Fg%2F11k3mt1n1j!19sChIJB4x8DD9MgyURcRKQt7gxskY,,,,,,,Jack Gross,Co-Managing Attorney,https://www.linkedin.com/in/jack-gross-184b70208,Jack Gross;Jason Rebhun;Daniel Warshaw,Jack Gross,https://www.linkedin.com/in/jack-gross-184b70208
A,James Medows,new york,"James Medows, Esq.-Traffic Ticket Lawyer | 845-TICKETS",jamesmedows@gmail.com,jamesmedows@gmail.com,+1 917-994-7125,http://trafficticketlawyernewyork.com,"306 Atlantic Ave, Brooklyn, NY 11201, United States","https://www.google.com/maps/place/James+Medows,+Esq.-Traffic+Ticket+Lawyer+%7C+845-TICKETS/data=!4m7!3m6!1s0x89c25a4c1d685b47:0xeeac31361034579b!8m2!3d40.688254!4d-73.9887365!16s%2Fg%2F1v_ndf5b!19sChIJR1toHUxawokRm1c0EDYxrO4",https://www.facebook.com/trafficticketlaw/,https://www.instagram.com/845tickets/,https://www.linkedin.com/in/james-medows/,,,,James Medows,Principal Attorney / Owner,https://www.linkedin.com/in/james-medows,James Medows,James Medows,https://www.linkedin.com/in/james-medows
A,S. Michael Musa-Obregon,new york,Musa-Obregon Law PC,,,+1 718-803-1000,https://www.musa-obregon.com,"55-21 69th St 2nd floor, Maspeth, NY 11378, United States",https://www.google.com/maps/place/Musa-Obregon+Law+PC/data=!4m7!3m6!1s0x89c2592605b1cc67:0x6ec2ec54084399a7!8m2!3d40.7271897!4d-73.8951157!16s%2Fg%2F1td1wc5x!19sChIJZ8yxBSZZwokRp5lDCFTswm4,https://www.facebook.com/pages/Musa-Obregon-Associates/108694269282879,https://www.instagram.com/musaobregon/,https://www.linkedin.com/in/michaelmusaobregon,,,,S. Michael Musa-Obregon,Founding Attorney / Managing Partner,https://www.linkedin.com/in/michaelmusaobregon/,S. Michael Musa-Obregon;Karl Ashanti;NY State,S. Michael Musa-Obregon,https://www.linkedin.com/in/michaelmusaobregon/
A,Kevin P. McKernan,new york,The Law Firm of Kevin P. McKernan,kevin@kmckernan.com,kevin@kmckernan.com,+1 718-317-5007,https://kmckernanlaw.com,"503 Mosely Ave, Staten Island, NY 10312, United States",https://www.google.com/maps/place/The+Law+Firm+of+Kevin+P.+McKernan/data=!4m7!3m6!1s0x89c3caa0447916cd:0xab2cd3d3c5d848d!8m2!3d40.5437324!4d-74.1654431!16s%2Fg%2F125__3sxc!19sChIJzRZ5RKDKw4kRjYRdPD3Nsgo,https://www.facebook.com/kmckernanlaw,https://www.instagram.com/mckernanlaw/,https://linkedin.com/in/kevin-mckernan-esq-168b21160,,,,Kevin P. McKernan,Founder / Lead Attorney,https://www.linkedin.com/in/kevin-mckernan-esq-168b21160,Kevin P. McKernan;Vanessa Belluci Markos;Kathleen Murphy,Kevin P. McKernan,https://www.linkedin.com/in/kevin-mckernan-esq-168b21160
A,Joseph Y. Balisok,new york,"Balisok & Kaufman, PLLC",info@lawbalisok.com,info@lawbalisok.com,+1 718-928-9607,http://www.balisokkaufman.com,"251 Troy Ave, Brooklyn, NY 11213, United States","https://www.google.com/maps/place/Balisok+%26+Kaufman,+PLLC/data=!4m7!3m6!1s0x89c25c67444d6951:0x87acadc7d4f3bfab!8m2!3d40.6705456!4d-73.9363085!16s%2Fg%2F1tn024cb!19sChIJUWlNRGdcwokRq7_z1MetrIc",,,https://www.linkedin.com/in/jessekaufman/;https://www.linkedin.com/in/josephybalisok?original_referer=https%3A%2F%2Fwww.balisokkaufman.com%2F,,,,Joseph Y. Balisok,Partner / Name Partner,https://www.linkedin.com/in/josephybalisok,Joseph Y. Balisok;Jesse L. Kaufman,Joseph Y. Balisok,https://www.linkedin.com/in/josephybalisok
A,Albert Cohen,new york,"Cohen & Cohen Car Accident & Personal Injury Lawyers, P.C.",,,+1 718-736-2567,https://www.cohenandcohenlawgroup.com/locations/forest-hills-personal-injury-office,"104-70 Queens Blvd #312, Forest Hills, NY 11375, United States","https://www.google.com/maps/place/Cohen+%26+Cohen+Car+Accident+%26+Personal+Injury+Lawyers,+P.C./data=!4m7!3m6!1s0x89c260992e416205:0x1ab76af18002fc03!8m2!3d40.7229758!4d-73.8483607!16s%2Fg%2F1tx_78js!19sChIJBWJBLplgwokRA_wCgPFqtxo",https://www.facebook.com/AlbertCohenEsq/,https://www.instagram.com/cohenandcoheninjury/,https://www.linkedin.com/company/albert-cohen/,,https://www.tiktok.com/@cohenandcoheninjury,,Albert Cohen,CEO and Founder,https://www.linkedin.com/in/albert-cohen-37362222/,Sitara Abbas;Albert Cohen;Charles Haviv;Ryan Charder;Michael Khan,Albert Cohen,https://www.linkedin.com/in/albert-cohen-37362222/
A,Vincent J. Gallo,new york,Vincent J. Gallo Law Offices,vincentjgallo@aol.com,vincentjgallo@aol.com;wweeiihhuuaanngg@gmail.com,+1 718-273-1699,http://www.vincentjgallo.com,"706 Forest Ave, Staten Island, NY 10310, United States",https://www.google.com/maps/place/Vincent+J.+Gallo+Law+Offices/data=!4m7!3m6!1s0x89c24e71e4334dd1:0xcd2e123d8ccd6080!8m2!3d40.6291615!4d-74.1127782!16s%2Fg%2F1td1qszv!19sChIJ0U0z5HFOwokRgGDNjD0SLs0,https://www.facebook.com/vjgallo/,,https://www.linkedin.com/in/vincentjgallo/,https://www.yelp.com/biz/vincent-j-gallo-law-offices-staten-island,,,Vincent J. Gallo,Founder / Name Partner,https://www.linkedin.com/in/vincentjgallo/,Vincent J. Gallo,Vincent J. Gallo,https://www.linkedin.com/in/vincentjgallo/
A,Karra L. Kingston,new york,Karra L. Kingston Esq.,karra@klkbankruptcylawyer.com,karra@klkbankruptcylawyer.com,+1 973-979-9078,https://bankruptcylawnynj.com,"160H Dinsmore St, Staten Island, NY 10314, United States",https://www.google.com/maps/place/Karra+L.+Kingston+Esq./data=!4m7!3m6!1s0x89c24db06d4b8207:0x379c0ebe5364b0b1!8m2!3d40.6034674!4d-74.1701611!16s%2Fg%2F11gn27g2ws!19sChIJB4JLbbBNwokRsbBkU74OnDc,https://www.facebook.com/bankruptcyattorney110290;https://www.facebook.com/bankruptcyattorney110290/,https://www.instagram.com/karra_l_kingston_esq/,http://linkedin.com/in/karra-kingston-esq-728053172;https://www.linkedin.com/in/bonomo-bonomo-728053172/,https://www.yelp.com/biz/karra-l-kingston-esq-staten-island,,,Karra L. Kingston,Founder / Owner (Bankruptcy Attorney),https://www.linkedin.com/in/karra-kingston-esq-728053172,Karra L. Kingston,Karra L. Kingston,https://www.linkedin.com/in/karra-kingston-esq-728053172
A,Pasquale Calcagno,new york,Freelegalquote.com - attorney referral service,legalquote@gmail.com,legalquote@gmail.com,+1 800-933-4448,https://freelegalquote.com,"900 South Ave 3rd Floor, Staten Island, NY 10314, United States",https://www.google.com/maps/place/Freelegalquote.com+-+attorney+referral+service/data=!4m7!3m6!1s0x6de9bf3f60826efb:0x7cf1f895c9ef4f01!8m2!3d40.6169764!4d-74.17269!16s%2Fg%2F11ryhd016n!19sChIJ-26CYD-_6W0RAU_vyZX48Xw,https://www.facebook.com/freelegalquote/,https://www.instagram.com/1800wefight/,https://www.linkedin.com/in/freelegalquote,,https://www.tiktok.com/@freelegalquote.com,https://www.youtube.com/@1800WEFIGHT,Pasquale Calcagno,Founder / Owner (attorney referral service),https://www.linkedin.com/in/pasqualecalcagnolawyer,Pasquale Calcagno,Pasquale Calcagno,https://www.linkedin.com/in/pasqualecalcagnolawyer
A,Jeffrey A. St. Clair,new york,"St. Clair & Associates, PLLC",hello@rfuenzalida.com,hello@rfuenzalida.com;impallari@gmail.com;matt@pixelspread.com;saintlaw@gmail.com,+1 718-596-4466,https://www.stclairlaw.com,"254 36th St Ste C659, Brooklyn, NY 11232, United States","https://www.google.com/maps/place/St.+Clair+%26+Associates,+PLLC/data=!4m7!3m6!1s0x89c25a491110a2d3:0x9a67792912344acf!8m2!3d40.6560789!4d-74.0078174!16s%2Fg%2F11cmn01y5s!19sChIJ06IQEUlawokRz0o0Eil5Z5o",,https://www.instagram.com/saintlaw1,https://www.linkedin.com/jeffrey-st-clair-b64a017,,,,Jeffrey A. St. Clair,Founder / Owner (Trust & Estates Attorney),https://www.linkedin.com/in/jeffrey-st-clair-b64a017/,Jeffrey A. St. Clair,Jeffrey A. St. Clair,https://www.linkedin.com/in/jeffrey-st-clair-b64a017/
A,Albert Cohen,new york,"Cohen & Cohen Car Accident & Personal Injury Lawyers, P.C.",,,+1 718-568-5708,https://www.cohenandcohenlawgroup.com/staten-island-personal-injury-lawyer,"1855 Victory Blvd, Staten Island, NY 10314, United States","https://www.google.com/maps/place/Cohen+%26+Cohen+Car+Accident+%26+Personal+Injury+Lawyers,+P.C./data=!4m7!3m6!1s0x89c24c2a15341987:0xcc1475f3bb72f6dc!8m2!3d40.613139!4d-74.1254294!16s%2Fg%2F11f3jx3snw!19sChIJhxk0FSpMwokR3PZyu_N1FMw",https://www.facebook.com/AlbertCohenEsq/,https://www.instagram.com/cohenandcoheninjury/,https://www.linkedin.com/company/albert-cohen/,,https://www.tiktok.com/@cohenandcoheninjury,,Albert Cohen,CEO and Founder,https://www.linkedin.com/in/albert-cohen-37362222/,Sitara Abbas;Albert Cohen;Charles Haviv;Ryan Charder;Michael Khan,Albert Cohen,https://www.linkedin.com/in/albert-cohen-37362222/
A,Albert Cohen,new york,"Cohen & Cohen Car Accident & Personal Injury Lawyers, P.C.",,,+1 718-775-3996,https://www.cohenandcohenlawgroup.com/locations/brooklyn-personal-injury-lawyer-office,"45 4th Ave 2nd Floor, Brooklyn, NY 11217, United States","https://www.google.com/maps/place/Cohen+%26+Cohen+Car+Accident+%26+Personal+Injury+Lawyers,+P.C./data=!4m7!3m6!1s0x89c25b83fd056a8b:0x53f02307d20fd190!8m2!3d40.6829044!4d-73.978901!16s%2Fg%2F11zk2wsw2j!19sChIJi2oF_YNbwokRkNEP0gcj8FM",https://www.facebook.com/AlbertCohenEsq/,https://www.instagram.com/cohenandcoheninjury/,https://www.linkedin.com/company/albert-cohen/,,https://www.tiktok.com/@cohenandcoheninjury,,Albert Cohen,CEO and Founder,https://www.linkedin.com/in/albert-cohen-37362222/,Sitara Abbas;Albert Cohen;Charles Haviv;Ryan Charder,Albert Cohen,https://www.linkedin.com/in/albert-cohen-37362222/
A,Pinni Bohm,new york,"Bohm Law Firm, P.C.",info@bohmlawfirm.com,info@bohmlawfirm.com,+1 718-407-4461,https://www.bohmlawfirm.com,"1301 Coney Island Ave Suite 2A, Brooklyn, NY 11230, United States","https://www.google.com/maps/place/Bohm+Law+Firm,+P.C./data=!4m7!3m6!1s0x89c244c8d288891f:0x74d83d0c9829ddaf!8m2!3d40.6259223!4d-73.9650739!16s%2Fg%2F119th0qr2!19sChIJH4mI0shEwokRr90pmAw92HQ",https://facebook.com/bohmlawfirm;https://www.facebook.com/BohmLawFirmBrooklynProbateWillsEstatePlanning,,http://www.linkedin.com/in/pinnibohm;https://www.linkedin.com/in/pinnibohm/,http://yelp.com/biz/bohm-law-firm-new-york,,https://www.youtube.com/channel/UCfdlwNH9suQu3raSuhTpDUQ,Pinni Bohm,Founder / Estate Planning and Probate Attorney,https://www.linkedin.com/in/pinnibohm,Pinni Bohm;Estate Planning,Pinni Bohm,https://www.linkedin.com/in/pinnibohm
A,Christopher R. Cabanillas,new york,"Cabanillas & Associates, P.C.",leads@cabanillaslaw.com,leads@cabanillaslaw.com,+1 800-523-4762,http://cabanillaslaw.com,"1452 Westchester Ave, Bronx, NY 10472, United States","https://www.google.com/maps/place/Cabanillas+%26+Associates,+P.C./data=!4m7!3m6!1s0x89c2f38594f3f7a3:0x86de203403271579!8m2!3d40.8281333!4d-73.8820635!16s%2Fg%2F11b7f3k1z8!19sChIJo_fzlIXzwokReRUnAzQg3oY",https://facebook.com/cabanillasandassociates;https://facebook.com/elshowdecabanillas,https://instagram.com/cabanillaslaw;https://instagram.com/cabanillastuabogado,https://linkedin.com/cabanillaslaw;https://linkedin.com/company/cabanillaslaw,,,https://youtube.com/@ElShowdeCabanillas;https://youtube.com/UCwttqsuMtDwzPUJXkwBRcQA,Christopher R. Cabanillas,Founder / Principal (CEO),https://www.linkedin.com/in/chris-cabanillas-945174b1/,Christopher R. Cabanillas;Christopher C. Garitee,Christopher R. Cabanillas,https://www.linkedin.com/in/chris-cabanillas-945174b1/
A,Michael Block,new york,"Michael Block, Attorney At Law P.C.",michael@michaelblocklawyer.com,michael@michaelblocklawyer.com;michaelblock.law@gmail.com,+1 212-227-9008,https://www.michaelblocklawyer.com,"277 Broadway #708, New York, NY 10007, United States","https://www.google.com/maps/place/Michael+Block,+Attorney+At+Law+P.C./data=!4m7!3m6!1s0x89c25a21fc508b25:0xabc8bd2e172537df!8m2!3d40.7143278!4d-74.0040906!16s%2Fg%2F1tfwqwzw!19sChIJJYtQ_CFawokR3zclFy69yKs",https://www.facebook.com/michaelblocklawyer/,,https://www.linkedin.com/in/michaelblocklawyer/,,,,Michael Block,Principal Attorney / Owner,https://www.linkedin.com/in/michaelblocklawyer/,Michael Block,Michael Block,https://www.linkedin.com/in/michaelblocklawyer/
A,Jonathan Shalom,new york,"Shalom Law- Car Accident & Personal Injury Lawyers- Queens, NY",Jonathan@ShalomLawNY.com,Jonathan@ShalomLawNY.com;info@shalomlawny.com;jonathan@shalomlawny.com;office@shalomlaw.com;office@shalomlawny.com,+1 718-841-0646,https://shalomlawny.com/car-accident-lawyer-forest-hills-ny,"105-13 Metropolitan Ave, Forest Hills, NY 11375, United States","https://www.google.com/maps/place/Shalom+Law-+Car+Accident+%26+Personal+Injury+Lawyers-+Queens,+NY/data=!4m7!3m6!1s0x89c261584bd1c381:0x5d438e005ce1c68e!8m2!3d40.7102356!4d-73.8478326!16s%2Fg%2F11gydrxbf4!19sChIJgcPRS1hhwokRjsbhXACOQ10",https://www.facebook.com/chillawitz,https://www.instagram.com/shalomlaw/,https://www.linkedin.com/in/jonathanshalomesq/?trk=profile-badge,,https://www.tiktok.com/@shalomlaw,https://www.youtube.com/channel/UCuQx-xHypSwr6iZn6NmiqWA,Jonathan Shalom,Founder,https://www.linkedin.com/in/jonathanshalomesq/,Jonathan Shalom,Jonathan Shalom,https://www.linkedin.com/in/jonathanshalomesq/
A,David M. Cooper,new york,Cooper Law Firm PC,info@fight.com,info@fight.com;support@cooperlawfirmpc.com,+1 212-222-9200,https://helpfighttickets.com,"6009 16th Ave, Brooklyn, NY 11204, United States",https://www.google.com/maps/place/Cooper+Law+Firm+PC/data=!4m7!3m6!1s0x89c24524f67ba16b:0x9fdf0882a076981c!8m2!3d40.6244818!4d-73.9920546!16s%2Fg%2F11c3k6dp7_!19sChIJa6F79iRFwokRHJh2oIII358,,https://www.instagram.com/cooperlawfirmpc/,,,,,David M. Cooper,President / Founding Attorney,https://www.linkedin.com/in/david-m-cooper-b90a7b13/,David M. Cooper,David M. Cooper,https://www.linkedin.com/in/david-m-cooper-b90a7b13/
A,Howard Raphaelson,new york,"Raphaelson & Levine Law Firm, P.C.",,,+1 646-960-3476,https://www.raphaelsonlaw.com,"14 Pennsylvania Plaza Ste 1718, New York, NY 10122, United States","https://www.google.com/maps/place/Raphaelson+%26+Levine+Law+Firm,+P.C./data=!4m7!3m6!1s0x89c259add357548f:0xeaf6e4ad2a5f8043!8m2!3d40.751782!4d-73.99181!16s%2Fg%2F1vtqx04l!19sChIJj1RX061ZwokRQ4BfKq3k9uo",https://www.facebook.com/raphaelsonandlevine/,https://www.instagram.com/raphaelsonandlevinelaw/,https://www.linkedin.com/company/raphaelson-&-levine,,https://www.tiktok.com/@personalinjurylawyernyc,https://www.youtube.com/@raphaelsonlevinelawfirm,Howard Raphaelson,Founding Partner,https://www.linkedin.com/in/howardraphaelson/,Howard Raphaelson;Andrew Levine,Howard Raphaelson,https://www.linkedin.com/in/howardraphaelson/
A,Gregory Spektor,new york,Gregory Spektor & Associates P.C.,gregoryspektorlaw@gmail.com,gregoryspektorlaw@gmail.com,+1 800-318-8888,https://www.spektorlaw.com,"1 Cross Is Plz Ste 203C, Rosedale, NY 11422, United States",https://www.google.com/maps/place/Gregory+Spektor+%26+Associates+P.C./data=!4m7!3m6!1s0x89c263cbee6c5655:0xaa6da5add6aea4f3!8m2!3d40.6743506!4d-73.7318845!16s%2Fg%2F1tj97b54!19sChIJVVZs7stjwokR86Su1q2lbao,,,,,,,Gregory Spektor,Founding Partner,https://www.linkedin.com/in/gregory-spektor-277466115/,Gregory Spektor,Gregory Spektor,https://www.linkedin.com/in/gregory-spektor-277466115/
A,Steven Dorfman,new york,"The Perecman Firm, P.L.L.C.",,,+1 646-536-2089,https://www.perecman.com/personal-injury-lawyer,"250 W 57th St #401, New York, NY 10107, United States","https://www.google.com/maps/place/The+Perecman+Firm,+P.L.L.C./data=!4m7!3m6!1s0x89c258f7e7a41635:0x1edc2f8b4de227b0!8m2!3d40.7662801!4d-73.9824591!16s%2Fg%2F1tf491ns!19sChIJNRak5_dYwokRsCfiTYsv3B4",https://www.facebook.com/newyorkpersonalinjury/,https://www.instagram.com/theperecmanfirm/,https://www.linkedin.com/company/the-perecman-firm-p-l-l-c-,,https://www.tiktok.com/@the.perecman.firm,https://www.youtube.com/channel/UCmivRo8UvsUEK5fLj28Ny4Q,Steven Dorfman,Managing Legal Officer,https://www.linkedin.com/in/steven-dorfman-0a97945/,Steven Dorfman;Zach Perecman,Steven Dorfman,https://www.linkedin.com/in/steven-dorfman-0a97945/
A,Manuel Portela,new york,"The Portela Law Firm, P.C.",,,+1 212-927-7363,http://www.portelalaw.com,"177 Wadsworth Ave, New York, NY 10033, United States","https://www.google.com/maps/place/The+Portela+Law+Firm,+P.C./data=!4m7!3m6!1s0x89c2f41e3f45080d:0x57a1ad27d5ad0f08!8m2!3d40.8501905!4d-73.9345594!16s%2Fg%2F1vyk3fg4!19sChIJDQhFPx70wokRCA-t1SetoVc",https://www.facebook.com/portelalaw,https://www.instagram.com/portelalawfirm/,https://www.linkedin.com/in/portelalaw,,https://www.tiktok.com/@nyctoplawyer?lang=en,https://www.youtube.com/channel/UCOoFtxNKqCwwWXaXVQwqC0A;https://www.youtube.com/watch?v=ixvm5mDCyTc&t=48s,Manuel Portela,Principal Attorney / Founder,https://www.linkedin.com/in/manuel-portela-jr-esq-a8372035/,Manuel Portela;Susan Friedland;Egi Deromemaj,Manuel Portela,https://www.linkedin.com/in/manuel-portela-jr-esq-a8372035/
A,Alex Shulman,new york,Shulman & Hill - Manhattan Personal Injury Lawyer,,,+1 917-905-2053,https://shulman-hill.com/manhattan/personal-injury-lawyer,"1 State St 15th Floor, New York, NY 10004, United States",https://www.google.com/maps/place/Shulman+%26+Hill+-+Manhattan+Personal+Injury+Lawyer/data=!4m7!3m6!1s0x89c25b0881d11e29:0xf8bf776ebaf81e9c!8m2!3d40.7028009!4d-74.013395!16s%2Fg%2F11mvq0_035!19sChIJKR7RgQhbwokRnB74um53v_g,https://www.facebook.com/ShulmanHillNYLegal,https://www.instagram.com/shulmanhill_law/,https://www.linkedin.com/company/shulman-&-hill/,,,https://www.youtube.com/@ShulmanHillLaw,Alex Shulman,Founding Partner & General Counsel,https://www.linkedin.com/in/alex-shulman-9a24b44b/,Alex Shulman;J.J. Hill;David Schleider,Alex Shulman,https://www.linkedin.com/in/alex-shulman-9a24b44b/
A,Arthur Lebedin,new york,Lebedin Kofman LLP,info@lebedinkofmanlaw.com,info@lebedinkofmanlaw.com,+1 646-663-4430,https://www.lebedinkofman.com,"26 Broadway 3rd floor, New York, NY 10004, United States",https://www.google.com/maps/place/Lebedin+Kofman+LLP/data=!4m7!3m6!1s0x89c25a16ed8593df:0x79c4a1a5eb39e2bd!8m2!3d40.7052301!4d-74.0131831!16s%2Fg%2F12ll5gh55!19sChIJ35OF7RZawokRveI566WhxHk,https://web.facebook.com/LebedinKofmanLLP/timeline?_rdc=1&_rdr#,,,,,,Arthur Lebedin,Founding Partner,https://www.linkedin.com/in/arthur-lebedin-32a3ba30/,Arthur Lebedin;Russ Kofman;New York,Arthur Lebedin,https://www.linkedin.com/in/arthur-lebedin-32a3ba30/
A,Inna Fershteyn,new york,"Law Office of Inna Fershteyn and Associates, P.C.",,,+1 718-333-2394,https://brooklyntrustandwill.com/estate-planning,"1517 Voorhies Ave 4th Floor, Brooklyn, NY 11235, United States","https://www.google.com/maps/place/Law+Office+of+Inna+Fershteyn+and+Associates,+P.C./data=!4m7!3m6!1s0x89c245062635ab61:0xbd0157967345020c!8m2!3d40.5859537!4d-73.9531868!16s%2Fg%2F1vmr28mn!19sChIJYas1JgZFwokRDAJFc5ZXAb0",https://www.facebook.com/advancedlegal/,https://www.instagram.com/fershteyn.law/;https://www.instagram.com/fershteynlaw/,https://www.linkedin.com/in/inna-fershteyn-7b827616;https://www.linkedin.com/in/inna-fershteyn-7b827616/,,,https://www.youtube.com/user/innafershteyn,Inna Fershteyn,Principal Attorney,https://www.linkedin.com/in/inna-fershteyn-7b827616,Inna Fershteyn;New York,Inna Fershteyn,https://www.linkedin.com/in/inna-fershteyn-7b827616
A,Jack Tuckner,new york,"Tuckner, Sipser, Weinstock & Sipser, LLP",ccrider@womensrightsny.com,ccrider@womensrightsny.com;dmirabilerafal@womensrightsny.com;dorell@womensrightsny.com;gcarmi@womensrightsny.com;ideleonibus@womensrightsny.com;info@womensrightsny.com;jcoulter@womensrightsny.com;jtuckner@womensrightsny.com;kswadosh@womensrightsny.com;mmetzger@womensrightsny.com;spattanayak@womensrightsny.com;wsipser@womensrightsny.com,+1 212-766-9100,https://womensrightsny.com,"535 5th Ave 4th floor, New York, NY 10017, United States","https://www.google.com/maps/place/Tuckner,+Sipser,+Weinstock+%26+Sipser,+LLP/data=!4m7!3m6!1s0x89c25a176bb283a7:0x635fa62841d842b7!8m2!3d40.7548364!4d-73.9794103!16s%2Fg%2F1tdskq09!19sChIJp4OyaxdawokRt0LYQSimX2M",https://www.facebook.com/Tuckner-Sipser-Weinstock-Sipser-LLP-171890449792/timeline/,https://www.instagram.com/womensrightsny/,https://www.linkedin.com/company/tuckner-sipser-weinstock-&-sipser-llp/,,https://www.tiktok.com/@womensrightsny,https://www.youtube.com/user/womensrightsny/featured,Jack Tuckner,Founding Partner,https://www.linkedin.com/in/jacktuckner,Catherine Crider;Jack Tuckner;William J. Sipser;Deborah O'Rell;Diane Mirabile Rafal;Gat Carmi;Isabelle De Leonibus;New York;Diane Mirabile,Jack Tuckner,https://www.linkedin.com/in/jacktuckner
A,Gregory Hach,new york,"Hach & Rose, LLP",,,+1 646-663-3012,https://www.unionlawfirm.com,"112 Madison Ave 10th floor, New York, NY 10016, United States","https://www.google.com/maps/place/Hach+%26+Rose,+LLP/data=!4m7!3m6!1s0x89c259077ea4c269:0xbf5f8f348b8f6a20!8m2!3d40.745176!4d-73.985161!16s%2Fg%2F1td9x0rg!19sChIJacKkfgdZwokRIGqPizSPX78",https://www.facebook.com/HachRoseLaw/,https://www.instagram.com/hachroselaw/,https://www.linkedin.com/company/hach-&-rose/,,,https://www.youtube.com/channel/UCKZT-xnXtVttMT4GeRWnBSg,Gregory Hach,Founding Partner,https://www.linkedin.com/in/gregoryhach/,Michael Rose;Gregory Hach;Michael A. Rose;American Association;Personal Injury,Gregory Hach,https://www.linkedin.com/in/gregoryhach/
A,Yandy Reyes,new york,ReYes Law PLLC,estateplanningreyes@gmail.com,estateplanningreyes@gmail.com,+1 646-577-9022,http://www.estateplanningreyes.com,"118-35 Queens Blvd #400, Forest Hills, NY 11375, United States",https://www.google.com/maps/place/ReYes+Law+PLLC/data=!4m7!3m6!1s0x89c25f581f5777f7:0xbaae479a5d76acb7!8m2!3d40.7148274!4d-73.831194!16s%2Fg%2F11m_fkktv3!19sChIJ93dXH1hfwokRt6x2XZpHrro,https://www.facebook.com/LawyerForPlanners/,https://instagram.com/lawyerforplanners?igshid=19tsynxz2snlr,https://www.linkedin.com/company/re-yes-law-pllc/?viewAsMember=true,,,,Yandy Reyes,Owner / CEO Lawyer,https://www.linkedin.com/in/yandy-reyes-4a65111ab,Yandy Reyes,Yandy Reyes,https://www.linkedin.com/in/yandy-reyes-4a65111ab
A,Roman Aminov,new york,Roman Aminov Estate Law firm of Queens,info@aminovlaw.com,info@aminovlaw.com,+1 347-766-2685,https://www.aminovlaw.com,"147-17 Union Tpke, Kew Gardens Hills, NY 11367, United States",https://www.google.com/maps/place/Roman+Aminov+Estate+Law+firm+of+Queens/data=!4m7!3m6!1s0x89c260ec4c4dd631:0xba098b390fe25620!8m2!3d40.718472!4d-73.814808!16s%2Fg%2F1hc119h_6!19sChIJMdZNTOxgwokRIFbiDzmLCbo,https://www.facebook.com/AminovLaw/,,https://www.linkedin.com/authwall?trk=gf&trkInfo=AQF7tqPNkXTfLQAAAXcTp9hYcR0UagkEqt7XSGldXjX6WAzR6xYJVD_0W0jcU9OLm2V-zdlc4YmR8YrX7A2-AFpR4LuFSAxGt69mpjKBJ6rbI0FJ-R9tCFXezKyIyJrhDJG2cYs=&originalReferer=&sessionRedirect=https%3A%2F%2Fwww.linkedin.com%2Fin%2Faminovlaw;https://www.linkedin.com/authwall?trk=gf&trkInfo=AQFMipT2ZAjvQgAAAXcJljlA6L4kErUGXZGXRIIpP9l0MGjBKmWSBYPzwJfQc70g0_PeUFlK0dP7y1B0VAotMdX913-RoDfbs2NFuYVQFE3MBW0cn4-gHR0XOBiMLAaSCSTz-9s=&originalReferer=http://localhost/&sessionRedirect=https%3A%2F%2Fwww.linkedin.com%2Fin%2Faminovlaw;https://www.linkedin.com/in/aminovlaw,,,,Roman Aminov,Founder / Managing Partner,https://www.linkedin.com/in/aminovlaw/,Roman Aminov,Roman Aminov,https://www.linkedin.com/in/aminovlaw/
A,Greg C. Gorodetsky,new york,Gorodetsky Law Group,springweal@aol.com,springweal@aol.com;glaw@gorodetsky-law.com,+1 917-865-5740,http://www.gorodetsky-law.com,"1723 E 12th St, Brooklyn, NY 11229, United States",https://www.google.com/maps/place/Gorodetsky+Law+Group/data=!4m7!3m6!1s0x89c244ecbf3b8729:0xb1262d164293ca8c!8m2!3d40.607358!4d-73.960664!16s%2Fg%2F11bwymyrt7!19sChIJKYc7v-xEwokRjMqTQhYtJrE,https://www.facebook.com/gorodetskylaw/,,,https://www.yelp.com/biz/gorodetsky-law-group-brooklyn,,,Greg C. Gorodetsky,Founder / Principal Attorney,https://www.linkedin.com/in/gregcgorodetsky/,Greg C. Gorodetsky;Michael A. Gorodetsky,Greg C. Gorodetsky,https://www.linkedin.com/in/gregcgorodetsky/
A,Jimmy Solomos,new york,"Queens Family Lawyers & Divorce Lawyers / Solomos & Storms, PLLC",,,+1 718-278-5900,https://solomosstorms.com,"33-08 Broadway, New York, NY 11106, United States","https://www.google.com/maps/place/Queens+Family+Lawyers+%26+Divorce+Lawyers+%2F+Solomos+%26+Storms,+PLLC/data=!4m7!3m6!1s0x89c25f3a04d69387:0x8925322187c54f98!8m2!3d41.0695032!4d-73.8536114!16s%2Fg%2F1vfzg24v!19sChIJh5PWBDpfwokRmE_FhyEyJYk",,,,,,,Jimmy Solomos,"Founding Partner, Attorney at Law",https://www.linkedin.com/in/jimmy-solomos-esq-93227a263/,Jimmy Solomos;Derrick Storms,Jimmy Solomos,https://www.linkedin.com/in/jimmy-solomos-esq-93227a263/
A,Maria Teresa Mateo,new york,Maria Mateo PC,mariamateolaw@gmail.com,mariamateolaw@gmail.com,+1 718-268-0384,https://mariamateolaw.com,"125-10 Queens Blvd Ste 320, Kew Gardens, NY 11415, United States",https://www.google.com/maps/place/Maria+Mateo+PC/data=!4m7!3m6!1s0x89c25e20d3ed9fef:0xca4fd058f294d90c!8m2!3d40.7119138!4d-73.8263637!16s%2Fg%2F1td2159q!19sChIJ75_t0yBewokRDNmU8ljQT8o,https://www.facebook.com/mariamateolaw/;https://www.facebook.com/mariamateolaw/reviews/,https://www.instagram.com/maria.mateolaw/,https://www.linkedin.com/in/maria-mateo-b67126150/,https://www.yelp.com/biz/maria-mateo-law-kew-gardens,https://www.tiktok.com/@mariamateolaw,https://www.youtube.com/channel/UCP-g_y4I0honbwxs4viortA/videos;https://www.youtube.com/watch?v=YOFYXZyco1A,Maria Teresa Mateo,Founder / Owner,https://www.linkedin.com/in/maria-mateo-b67126150/,Maria Teresa Mateo;Get Free,Maria Teresa Mateo,https://www.linkedin.com/in/maria-mateo-b67126150/
A,Karra L. Kingston,new york,Karra L. Kingston Esq.,karra@klkbankruptcylawyer.com,karra@klkbankruptcylawyer.com,+1 973-979-9078,https://bankruptcylawnynj.com,"3710 John F. Kennedy Blvd, Union City, NJ 07087, United States",https://www.google.com/maps/place/Karra+L.+Kingston+Esq./data=!4m7!3m6!1s0x89c258275205e8af:0x9175c172a8dc105c!8m2!3d40.7762052!4d-74.0293038!16s%2Fg%2F11c45lqm58!19sChIJr-gFUidYwokRXBDcqHLBdZE,https://www.facebook.com/bankruptcyattorney110290;https://www.facebook.com/bankruptcyattorney110290/,https://www.instagram.com/karra_l_kingston_esq/,http://linkedin.com/in/karra-kingston-esq-728053172;https://www.linkedin.com/in/bonomo-bonomo-728053172/,https://www.yelp.com/biz/karra-l-kingston-esq-staten-island,,,Karra L. Kingston,Founder / Managing Attorney,https://www.linkedin.com/in/bonomo-bonomo-728053172/,Karra L. Kingston,Karra L. Kingston,https://www.linkedin.com/in/bonomo-bonomo-728053172/
A,David S. Levy,new york,"LEVY & BORUKH, PLLC",Levy-Borukh-Law-Icon-BLK@2x-150x150.png,Levy-Borukh-Law-Icon-BLK@2x-150x150.png;Levy-Borukh-Law-Logo-Horizontal@2x-480x116.png;levy-borukh-law-icon-blk@2x-150x150.png;levy-borukh-law-logo-horizontal@2x-480x116.png,+1 888-529-1911,https://levyborukhlaw.com,"105-52 Cross Bay Blvd, Ozone Park, NY 11417, United States","https://www.google.com/maps/place/LEVY+%26+BORUKH,+PLLC/data=!4m7!3m6!1s0x89c25f8415175cfb:0x8a285bac5bc1240b!8m2!3d40.6788763!4d-73.8446852!16s%2Fg%2F11sks8ssv3!19sChIJ-1wXFYRfwokRCyTBW6xbKIo",https://www.facebook.com/LEVYBORUKHLAW,https://www.instagram.com/levyborukhlaw/,https://www.linkedin.com/company/levy-borukh-pllc,,,,David S. Levy,Name Partner,https://www.linkedin.com/in/david-s-levy-esq-58806941,David S. Levy;Moshe Borukh;Daniel M. Akilov;Levy Borukh,David S. Levy,https://www.linkedin.com/in/david-s-levy-esq-58806941
A,Vincent P. White,new york,Law Office of Vincent P. White,,,+1 646-698-8990,https://www.nycjobattorney.com,"757 3rd Ave 20th Floor, New York, NY 10017, United States",https://www.google.com/maps/place/Law+Office+of+Vincent+P.+White/data=!4m7!3m6!1s0x89c258fcc16f59ad:0xc0027188d7b601e0!8m2!3d40.7557918!4d-73.9702492!16s%2Fg%2F11c70h0_gm!19sChIJrVlvwfxYwokR4AG214hxAsA,,,,,,,Vincent P. White,Founding Partner,https://www.linkedin.com/in/nycemploymentattorney/,Vincent P. White;Michael P. Hilferty,Vincent P. White,https://www.linkedin.com/in/nycemploymentattorney/
A,John R. Merlino Jr.,new york,Merlino & Gonzalez,info@realestateplanninglaw.com,info@realestateplanninglaw.com,+1 718-698-2200,http://realestateplanninglaw.com,"394 Manor Rd, Staten Island, NY 10314, United States",https://www.google.com/maps/place/Merlino+%26+Gonzalez/data=!4m7!3m6!1s0x89c3cbca4f25012b:0x21f4731f466fd9e3!8m2!3d40.6182315!4d-74.1238698!16s%2Fg%2F126406njx!19sChIJKwElT8rLw4kR49lvRh9z9CE,https://www.facebook.com/MerlinoGonzalez/?view_public_for=162434263774583,,https://www.linkedin.com/company/the-law-firm-of-merlino-and-gonzalez?trk=biz-companies-cym,,,,John R. Merlino Jr.,Partner & Co-Founder,https://www.linkedin.com/in/john-r-merlino-jr-99385057,John R. Merlino Jr.;Kenneth A. Gonzalez,John R. Merlino Jr.,https://www.linkedin.com/in/john-r-merlino-jr-99385057
A,Jeffrey B. Peltz,new york,"Jeffrey B. Peltz, P.C.",,,+1 718-625-0800,https://www.aaalawyer.com,"225 Broadway #1900, New York, NY 10007, United States","https://www.google.com/maps/place/Jeffrey+B.+Peltz,+P.C./data=!4m7!3m6!1s0x89c25a4916262c47:0x12414772a0de7223!8m2!3d40.7117496!4d-74.0086667!16s%2Fg%2F1v3lqwm5!19sChIJRywmFklawokRI3LeoHJHQRI",https://www.facebook.com/JeffreyBPeltzPC,,https://www.linkedin.com/in/jeffreypeltz,,,,Jeffrey B. Peltz,Founder / Principal Attorney,https://www.linkedin.com/in/jeffreypeltz/,Jeffrey B. Peltz;New York;Living Will,Jeffrey B. Peltz,https://www.linkedin.com/in/jeffreypeltz/
A,Gregory D. Stone,new york,"Fisher Stone, P.C.",,,+1 212-256-1877,https://fisherstonelaw.com,"42 Broadway #1744, BOWLING GREEN, NY 10004, United States","https://www.google.com/maps/place/Fisher+Stone,+P.C./data=!4m7!3m6!1s0x89c25900c690a93f:0x3229764e28d304cf!8m2!3d40.7059768!4d-74.0126087!16s%2Fg%2F1ptwh9471!19sChIJP6mQxgBZwokRzwTTKE52KTI",https://www.facebook.com/fisherstonelaw/,https://www.instagram.com/fisherstonelaw/,https://www.linkedin.com/company/fisher-stone-law/,,https://www.tiktok.com/@fisherstonelaw,https://www.youtube.com/channel/UCT2N5Ai4y55_91eMfs8ptiw,Gregory D. Stone,Co-Founder / Founding Partner,https://www.linkedin.com/in/fsgregorystone/,Lowrance Fisher;Gregory D. Stone;Gregory Stone;Jessica Yakubov,Gregory D. Stone,https://www.linkedin.com/in/fsgregorystone/
A,Michael V. Kaplen,new york,"De Caro & Kaplen, LLP",help@brainlaw.com,help@brainlaw.com,+1 212-732-2262,http://www.brainlaw.com,"228 E 45th St Ste 1100, New York, NY 10017, United States","https://www.google.com/maps/place/De+Caro+%26+Kaplen,+LLP/data=!4m7!3m6!1s0x89c2bee315a67961:0x94b4109952c361ff!8m2!3d40.7519151!4d-73.9718282!16s%2Fg%2F1vxzbk94!19sChIJYXmmFeO-wokR_2HDUpkQtJQ",https://www.facebook.com/brainlaw,,https://www.linkedin.com/company/the-brain-injury-law-firm/,,,https://www.youtube.com/@decarokaplenllp3391/videos;https://www.youtube.com/channel/UCz8lYsztM1xERBsMSM-hccg;https://www.youtube.com/watch?v=nS0F_k4GT9Y;https://www.youtube.com/watch?v=sKNBeMiapuA,Michael V. Kaplen,Senior Partner / Name Partner,https://www.linkedin.com/in/michaelkaplen,Shana De Caro;Michael V. Kaplen,Michael V. Kaplen,https://www.linkedin.com/in/michaelkaplen
A,Jules Martin Haas,new york,Jules Martin Haas Attorney at Law,jules.haas@verizon.net,jules.haas@verizon.net,+1 212-355-2575,http://www.juleshaasattorney.com,"488 Madison Ave #1120, New York, NY 10022, United States",https://www.google.com/maps/place/Jules+Martin+Haas+Attorney+at+Law/data=!4m7!3m6!1s0x89c258e33e439397:0xfbd795d8ef54fb15!8m2!3d40.7588751!4d-73.9752505!16s%2Fg%2F1vqmk8kg!19sChIJl5NDPuNYwokRFftU79iV1_s,https://www.facebook.com/Jules-Martin-Haas-Attorney-at-Law-471869906192544/,,https://www.linkedin.com/in/julesmhaas,,,,Jules Martin Haas,Owner / Attorney at Law,https://www.linkedin.com/in/julesmhaas,Jules Martin Haas;New York,Jules Martin Haas,https://www.linkedin.com/in/julesmhaas
A,"Judy S. Mock, Esq.",new york,The Law Office of Judy S. Mock P.C,judy@judymocklaw.com,judy@judymocklaw.com,+1 718-490-7177,http://judymocklaw.com,"26 Court St #711, Brooklyn, NY 11242, United States",https://www.google.com/maps/place/The+Law+Office+of+Judy+S.+Mock+P.C/data=!4m7!3m6!1s0x89c25a4917a15647:0x593f32603b020ecf!8m2!3d40.6933449!4d-73.9909706!16s%2Fg%2F11c3tpms7x!19sChIJR1ahF0lawokRzw4CO2AyP1k,https://www.facebook.com/profile.php?id=100095515927616%20,https://www.instagram.com/judymocklaw,https://www.linkedin.com/in/judy-mock-32458628/%20%20%20,,,,"Judy S. Mock, Esq.",Founder / Owner,https://www.linkedin.com/in/judy-mock-32458628/,"Judy S. Mock, Esq.","Judy S. Mock, Esq.",https://www.linkedin.com/in/judy-mock-32458628/
A,Joseph F. Sullivan,new york,Sullivan Brill Personal Injury Attorneys,,,+1 212-566-1000,https://www.sullivanbrillfirm.com,"110 E 59th St Fl 23, New York, NY 10022, United States",https://www.google.com/maps/place/Sullivan+Brill+Personal+Injury+Attorneys/data=!4m7!3m6!1s0x89c25a174229ec47:0xd658df794326f709!8m2!3d40.7623565!4d-73.9693611!16s%2Fg%2F1v6qjjt4!19sChIJR-wpQhdawokRCfcmQ3nfWNY,https://www.facebook.com/sullivanbrill,,https://www.linkedin.com/in/joseph-sullivan-b499546/,,,,Joseph F. Sullivan,Founding Partner,https://www.linkedin.com/in/joseph-sullivan-b499546/,Joseph F. Sullivan;Steven Brill;James Healy;Joseph Sullivan,Joseph F. Sullivan,https://www.linkedin.com/in/joseph-sullivan-b499546/
A,George Gilmer,new york,"The Gilmer Law Firm, PLLC",gilmerlawfirmpllc@gmail.com,gilmerlawfirmpllc@gmail.com,+1 718-864-2011,http://gilmerlegal.com,"15 MetroTech Center 7th fl, Brooklyn, NY 11201, United States","https://www.google.com/maps/place/The+Gilmer+Law+Firm,+PLLC/data=!4m7!3m6!1s0x89c25a49164285e5:0x21a73dc632dfd5ca!8m2!3d40.6939701!4d-73.9843873!16s%2Fg%2F11b62scf2c!19sChIJ5YVCFklawokRytXfMsY9pyE",https://www.facebook.com/people/Law-Office-of-George-M-Gilmer-Esq/100066598787065/,,https://www.linkedin.com/in/gilmerlaw,,,,George Gilmer,Attorney,https://www.linkedin.com/in/gilmerlaw,George Gilmer,George Gilmer,https://www.linkedin.com/in/gilmerlaw
A,Keetick L. Sanchez,new york,"K L Sanchez Law Office, P.C. | Construction Accident Attorney and Car Accident Lawyer",accidentlawny1@gmail.com,accidentlawny1@gmail.com,+1 646-701-7990,https://accidentlawyer-queens.com,"37-06 82nd St #304, Jackson Heights, NY 11372, United States","https://www.google.com/maps/place/K+L+Sanchez+Law+Office,+P.C.+%7C+Construction+Accident+Attorney+and+Car+Accident+Lawyer/data=!4m7!3m6!1s0x89c25f9c6f513ef3:0x25e1ac4370377370!8m2!3d40.7494319!4d-73.8845903!16s%2Fg%2F11pv28q70n!19sChIJ8z5Rb5xfwokRcHM3cEOs4SU",,,,,,,Keetick L. Sanchez,Founder / Principal Attorney,https://www.linkedin.com/in/keetick-l-sanchez-esq-2960a368,Keetick L. Sanchez,Keetick L. Sanchez,https://www.linkedin.com/in/keetick-l-sanchez-esq-2960a368
A,Joseph D. Nohavicka,new york,Pardalis & Nohavicka Lawyers,,,+1 718-777-0400,http://pnlawyers.com,"29-20 23rd Ave 4th floor, Astoria, NY 11105, United States",https://www.google.com/maps/place/Pardalis+%26+Nohavicka+Lawyers/data=!4m7!3m6!1s0x89c25f3a38370e83:0x980ebbf6d0ea0b22!8m2!3d40.7745521!4d-73.9133463!16s%2Fg%2F12jm5kk7n!19sChIJgw43ODpfwokRIgvq0Pa7Dpg,https://www.facebook.com/newyorkcitylawyers/;https://www.facebook.com/pg/newyorkcitylawyers/reviews,https://www.instagram.com/pnlawyers/,https://www.linkedin.com/company/pnlawyers,https://www.yelp.com/biz/pardalis-and-nohavicka-lawyers-manhattan-new-york,,https://www.youtube.com/c/PardalisNohavickaLLPNewYork/videos;https://www.youtube.com/channel/UCKVJaAah_yqySws0hmgXlcA,Joseph D. Nohavicka,Founding Partner,https://www.linkedin.com/in/joseph-d-nohavicka-b812276/,Joseph D. Nohavicka;Taso Pardalis;Todd Sherman,Joseph D. Nohavicka,https://www.linkedin.com/in/joseph-d-nohavicka-b812276/
A,Brandon J. Broderick,new york,"Brandon J. Broderick, Personal Injury Attorney at Law",,,+1 877-239-5098,https://www.brandonjbroderick.com/brooklyn-office,"6400 18th Ave second floor, Brooklyn, NY 11204, United States","https://www.google.com/maps/place/Brandon+J.+Broderick,+Personal+Injury+Attorney+at+Law/data=!4m7!3m6!1s0x89c2455fac4a0d9f:0xc36275afeeb81e52!8m2!3d40.6197829!4d-73.9898715!16s%2Fg%2F11s18h9p_r!19sChIJnw1KrF9FwokRUh647q91YsM",https://www.facebook.com/BrandonJBroderick,https://www.instagram.com/brandonjbroderick/,,,,https://www.youtube.com/channel/UCY-8Vsul9WFmV98Obh5CxRQ,Brandon J. Broderick,Founder / Owner (Founding Attorney),https://www.linkedin.com/in/brandon-j-broderick-a3582667/,Brandon J. Broderick;Matthew Broderick,Brandon J. Broderick,https://www.linkedin.com/in/brandon-j-broderick-a3582667/
A,Joseph Miklos,new york,"Silberstein & Miklos, P.C. | Personal Injury Attorneys",,,+1 718-204-8000,https://ask4sam.net/queens-personal-injury-attorney,"118-35 Queens Blvd Ste 400, Forest Hills, NY 11375, United States","https://www.google.com/maps/place/Silberstein+%26+Miklos,+P.C.+%7C+Personal+Injury+Attorneys/data=!4m7!3m6!1s0x89c26727fcb7b9b7:0x6d57b9fe5b3764b6!8m2!3d40.7153495!4d-73.830525!16s%2Fg%2F11f6113cqw!19sChIJt7m3_CdnwokRtmQ3W_65V20",https://www.facebook.com/Ask4Sam.net,,https://www.linkedin.com/company/silberstein-awad-&-miklos-p-c-/,,,,Joseph Miklos,Senior Partner / Name Partner,https://www.linkedin.com/in/ask4sam,Joseph Miklos;Robert A. Miklos,Joseph Miklos,https://www.linkedin.com/in/ask4sam
A,Kenneth Eiges,new york,"Eiges & Orgel, PLLC",,,+1 347-848-1850,https://www.divorcelawfirmnewyork.com/brooklyn-family-law-attorney,"233 Broadway #2205, New York, NY 10279, United States","https://www.google.com/maps/place/Eiges+%26+Orgel,+PLLC/data=!4m7!3m6!1s0x89c25a1858bf530b:0x3f2a9fcb00026c54!8m2!3d40.7124145!4d-74.0081262!16s%2Fg%2F1tdf28fg!19sChIJC1O_WBhawokRVGwCAMufKj8",https://www.facebook.com/people/Eiges-Orgel-PLLC/100040334874581/,,https://www.linkedin.com/company/eiges-&-orgel/about/,https://www.yelp.com/biz/eiges-and-orgel-new-york-3,,,Kenneth Eiges,Founding Partner,https://www.linkedin.com/in/kenneth-eiges-14075848/,Kenneth Eiges;Scott I. Orgel,Kenneth Eiges,https://www.linkedin.com/in/kenneth-eiges-14075848/
A,Tony Mirvis,new york,"The Mirvis Law Firm, P.C",impallari@gmail.com,impallari@gmail.com;team@latofonts.com,+1 718-300-1678,https://www.mirvislaw.com,"28 Dooley St 3rd Fl, Brooklyn, NY 11235, United States","https://www.google.com/maps/place/The+Mirvis+Law+Firm,+P.C/data=!4m7!3m6!1s0x89c2458298a4791d:0x7de44cf1212ec103!8m2!3d40.5843681!4d-73.9453045!16s%2Fg%2F1260j2281!19sChIJHXmkmIJFwokRA8EuIfFM5H0",,,,,,,Tony Mirvis,Owner / Founder,https://www.linkedin.com/in/tony-mirvis-212a094/,Tony Mirvis,Tony Mirvis,https://www.linkedin.com/in/tony-mirvis-212a094/
A,Deborah G. Fiss,new york,"Deborah G. Fiss, Esq. Law Office",fisslaw@aol.com,fisslaw@aol.com,+1 718-898-0088,http://deborahgfiss.com,"37-06 82nd St Ste 202, Jackson Heights, NY 11372, United States","https://www.google.com/maps/place/Deborah+G.+Fiss,+Esq.+Law+Office/data=!4m7!3m6!1s0x89c25fa8c2279015:0xbfb063e97a58e48c!8m2!3d40.7494439!4d-73.8845587!16s%2Fg%2F1tm69w5x!19sChIJFZAnwqhfwokRjORYeuljsL8",,,,,,,Deborah G. Fiss,Owner / Principal Attorney (Family & Divorce Law),https://www.linkedin.com/in/deborah-g-fiss-42119010,Deborah G. Fiss,Deborah G. Fiss,https://www.linkedin.com/in/deborah-g-fiss-42119010
A,Alex Shulman,new york,Shulman & Hill - Bronx Personal Injury Lawyer,,,+1 917-905-2659,https://shulman-hill.com/bronx/personal-injury-lawyer,"1200 Waters Pl Ste 306, Bronx, NY 10461, United States",https://www.google.com/maps/place/Shulman+%26+Hill+-+Bronx+Personal+Injury+Lawyer/data=!4m7!3m6!1s0x89c2f335080c3fb5:0x47323ef66e3db5d8!8m2!3d40.8528373!4d-73.837068!16s%2Fg%2F11hzd046wc!19sChIJtT8MCDXzwokR2LU9bvY-Mkc,https://www.facebook.com/ShulmanHillNYLegal,https://www.instagram.com/shulmanhill_law/,https://www.linkedin.com/company/shulman-&-hill/,,,https://www.youtube.com/@ShulmanHillLaw,Alex Shulman,Founding Partner and General Counsel,https://www.linkedin.com/in/alex-shulman-9a24b44b/,Alex Shulman;JJ Hill,Alex Shulman,https://www.linkedin.com/in/alex-shulman-9a24b44b/
A,Robert B. Rampulla,new york,Rampulla & Newstad LLP,,,+1 718-668-6800,http://www.rampullanewstad.com,"2675 Hylan Blvd, Staten Island, NY 10306, United States",https://www.google.com/maps/place/Rampulla+%26+Newstad+LLP/data=!4m7!3m6!1s0x89c249503dd6d561:0xfa88471ab6e5adb3!8m2!3d40.5671039!4d-74.1136041!16s%2Fg%2F1tf0rjfm!19sChIJYdXWPVBJwokRs63lthpHiPo,,,,,,,Robert B. Rampulla,Managing Partner (real estate),https://www.linkedin.com/in/robert-rampulla-1a10b330/,Robert B. Rampulla;William J. Newstad,Robert B. Rampulla,https://www.linkedin.com/in/robert-rampulla-1a10b330/
A,Patrick Binakis,new york,"The Law Offices of Patrick Binakis, P.C.",binakisp@gmail.com,binakisp@gmail.com,+1 718-626-2853,https://www.nystateforeclosuredefense.com,"28-60 31st St, Astoria, NY 11102, United States","https://www.google.com/maps/place/The+Law+Offices+of+Patrick+Binakis,+P.C./data=!4m7!3m6!1s0x89c25f12e3c993ed:0x552fca407575c126!8m2!3d40.7671605!4d-73.9213919!16s%2Fg%2F11c2l9mlhr!19sChIJ7ZPJ4xJfwokRJsF1dUDKL1U",https://www.facebook.com/lawofficesofpatrickbinakis,,https://www.linkedin.com/in/patrick-binakis-a682996b,,,,Patrick Binakis,President / Founder,https://www.linkedin.com/in/patrick-binakis-a682996b,Patrick Binakis,Patrick Binakis,https://www.linkedin.com/in/patrick-binakis-a682996b
A,Donald Scarinci,new york,Scarinci Hollenbeck,hbader@sh-law.com,hbader@sh-law.com;abomser@sh-law.com;dbrecher@sh-law.com;bfeffer@sh-law.com;jgiampolo@sh-law.com;khollenbeck@sh-law.com;skoop@sh-law.com;akronemeyer@sh-law.com;ckruk@sh-law.com;okryvenko@sh-law.com;elamons@sh-law.com;rmiller@sh-law.com;msheppeard@sh-law.com;aturiano@sh-law.com;info@sh-law.com,+1 212-286-0747,https://scarincihollenbeck.com/location/new-york,"519 8th Ave 25th Floor, New York, NY 10018, United States",https://www.google.com/maps/place/Scarinci+Hollenbeck/data=!4m7!3m6!1s0x89c25b3ece78827b:0x5fce79b498d5da0f!8m2!3d40.7533311!4d-73.9931825!16s%2Fg%2F11qn88wkb0!19sChIJe4J4zj5bwokRD9rVmLR5zl8,https://www.facebook.com/ScarinciHollenbeck,,https://www.linkedin.com/company/scarinci-hollenbeck-llc/;https://www.linkedin.com/in/hbader/,,,,Donald Scarinci,Founding & Managing Partner,https://www.linkedin.com/in/donaldscarinci/,Howard D. Bader;Anne H. Bomser;Dan Brecher;Bruce Feffer;John D. Giampolo;Kenneth J. Hollenbeck;Scott E. Koop;Amanda M. Kronemeyer;Carolyn E. Kruk;Oleksandr Kryvenko;Eric B. LaMons;Ryan O. Miller;Michael J. Sheppeard;Angela A. Turiano;Donald Scarinci,Donald Scarinci,https://www.linkedin.com/in/donaldscarinci/
A,Joseph Kornfeld,new york,Kornfeld Law Firm - Estate Planning Division,jason@kornfeldlawfirm.com,jason@kornfeldlawfirm.com;joekorlaw@gmail.com,+1 347-560-5678,http://www.kornfeldlawfirm.com,"1377 E 4th St Fl 3, Brooklyn, NY 11230, United States",https://www.google.com/maps/place/Kornfeld+Law+Firm+-+Estate+Planning+Division/data=!4m7!3m6!1s0x89c244c2d4a96ea9:0x26551c4e0e6753f5!8m2!3d40.6171284!4d-73.9712258!16s%2Fg%2F11f3_68ysm!19sChIJqW6p1MJEwokR9VNnDk4cVSY,https://www.facebook.com/KornfeldLawFirmEstatePlanning/,,https://www.linkedin.com/company/kornfeld-law-firm-estateplanning/,,,,Joseph Kornfeld,Founding Partner / Real Estate Attorney,,Joseph Kornfeld;Jason Kornfeld;Sam Stein,Joseph Kornfeld,https://www.facebook.com/KornfeldLawFirmEstatePlanning/
A,Jack Stern,new york,"STERN, STERN & FRUCHTMAN PC",attorney@ssflegal.com,attorney@ssflegal.com,+1 718-448-6767,https://ssflegal.com,"1189 Forest Ave, Staten Island, NY 10310, United States","https://www.google.com/maps/place/STERN,+STERN+%26+FRUCHTMAN+PC/data=!4m7!3m6!1s0x89c24dd74da1b221:0x50f7aa914f3aefd2!8m2!3d40.626713!4d-74.129669!16s%2Fg%2F1tv3plkt!19sChIJIbKhTddNwokR0u86T5Gq91A",https://www.facebook.com/SSFLEGAL;https://www.facebook.com/jack.stern.351,https://www.instagram.com/garrettfruchtmanesq/?hl=en,https://www.linkedin.com/company/jack-stern-attorney-at-law/about/;https://www.linkedin.com/in/garrett-m-fruchtman-29908527/;https://www.linkedin.com/in/michael-tannousis,,,,Jack Stern,Partner,,Jack Stern;Marissa J. Stern;Garrett M. Fruchtman,Jack Stern,https://www.linkedin.com/company/jack-stern-attorney-at-law/about/
A,Ismail Sinan Sekendiz,new york,"Sekendiz Law Group PC, Sexual harassment, Employment Discrimination and unpaid overtime lawyers",info@discriminationsexualharassmentattorneys.com,info@discriminationsexualharassmentattorneys.com,+1 212-380-8087,https://discriminationsexualharassmentattorneys.com,"45 Broadway Ste 1420, New York, NY 10006, United States","https://www.google.com/maps/place/Sekendiz+Law+Group+PC,+Sexual+harassment,+Employment+Discrimination+and+unpaid+overtime+lawyers/data=!4m7!3m6!1s0x89c25a1137700001:0x72e1d9ccaea80da5!8m2!3d40.7064585!4d-74.0131963!16s%2Fg%2F11ggs_lwb_!19sChIJAQBwNxFawokRpQ2orszZ4XI",,,https://www.linkedin.com/in/ismail-sinan-sekendiz-278b7830,,,,Ismail Sinan Sekendiz,Founding / Managing Partner,https://www.linkedin.com/in/ismail-sinan-sekendiz-278b7830/,Ismail Sinan Sekendiz,Ismail Sinan Sekendiz,https://www.linkedin.com/in/ismail-sinan-sekendiz-278b7830/
A,Anthony S. Danna,new york,Danna & Associates,,,+1 718-273-0300,https://dannalaw.com,"406 Forest Ave, Staten Island, NY 10301, United States",https://www.google.com/maps/place/Danna+%26+Associates/data=!4m7!3m6!1s0x89c24dd766a752ad:0xc310c7aba31bd4e7!8m2!3d40.630668!4d-74.102847!16s%2Fg%2F1tgc0ph1!19sChIJrVKnZtdNwokR59Qbo6vHEMM,https://www.facebook.com/dannaassociatespc,,https://www.linkedin.com/in/dannaassociatespc,,,,Anthony S. Danna,Founder / Principal Attorney,https://www.linkedin.com/in/dannaassociatespc/,Anthony S. Danna,Anthony S. Danna,https://www.linkedin.com/in/dannaassociatespc/
A,Peter Martin,new york,"Martin & Martin, PLLC",info@mlattorneys.com,info@mlattorneys.com,+1 718-979-7114,http://www.mlattorneys.com,"274 Watchogue Rd, Staten Island, NY 10314, United States","https://www.google.com/maps/place/Martin+%26+Martin,+PLLC/data=!4m7!3m6!1s0x89c24c3254fbee67:0xc89d2d6eb95215b8!8m2!3d40.6160228!4d-74.1384674!16s%2Fg%2F1tk8d0dq!19sChIJZ-77VDJMwokRuBVSuW4tncg",,,,,,,Peter Martin,Partner,https://www.linkedin.com/in/peter-martin-ab544523/,Peter Martin;Graig Martin,Peter Martin,https://www.linkedin.com/in/peter-martin-ab544523/
A,Manmeet Singh,new york,"Law Offices Of Manmeet Singh, P.C.",2062d0a4929b45348643784b5cb39c36@sentry.wixpress.com,2062d0a4929b45348643784b5cb39c36@sentry.wixpress.com;8c30b2581acc426badc414e8a5dc04ef@sentry.wixpress.com;attorneymanmeet@gmail.com;info@attorneymanmeet.com,+1 718-374-3633,http://www.attorneymanmeet.com,"115-01 Atlantic Ave, Richmond Hill, NY 11418, United States","https://www.google.com/maps/place/Law+Offices+Of+Manmeet+Singh,+P.C./data=!4m7!3m6!1s0x89c260983f06355d:0x566054ed0cfa1a5b!8m2!3d40.6933312!4d-73.8312753!16s%2Fg%2F11ddx871fv!19sChIJXTUGP5hgwokRWxr6DO1UYFY",https://www.facebook.com/manmeetsinghattorney/,,https://www.linkedin.com/in/manmeet-singh-esq-75164720/,,,,Manmeet Singh,Founder / Owner,https://www.linkedin.com/in/manmeet-singh-esq-75164720/,Manmeet Singh,Manmeet Singh,https://www.linkedin.com/in/manmeet-singh-esq-75164720/
A,Gina M. Wicik,new york,Law Office of Gina M. Wicik,wiciklaw@gmail.com,wiciklaw@gmail.com,+1 516-253-4278,https://wiciklaw.com,"325 Broadway Suite 406, New York, NY 10007, United States",https://www.google.com/maps/place/Law+Office+of+Gina+M.+Wicik/data=!4m7!3m6!1s0x89c3b18dc8ca3573:0x3162bf876648f08c!8m2!3d40.716076!4d-74.004925!16s%2Fg%2F11pgc3knjv!19sChIJczXKyI2xw4kRjPBIZoe_YjE,https://www.facebook.com/wiciklaw/,,,https://www.yelp.com/biz/law-office-of-gina-m-wicik-new-york,,,Gina M. Wicik,Founder / Owner / Criminal Defense Attorney,https://www.linkedin.com/in/gina-m-d-17032b115/,Gina M. Wicik,Gina M. Wicik,https://www.linkedin.com/in/gina-m-d-17032b115/
A,Stephen Z. Starr,new york,"Starr & Starr, PLLC",info@starrandstarr.com,info@starrandstarr.com,+1 888-867-8165,https://www.starrandstarr.com,"260 Madison Ave, New York, NY 10016, United States","https://www.google.com/maps/place/Starr+%26+Starr,+PLLC/data=!4m7!3m6!1s0x89c25900c6949153:0x5b59513b0a62856c!8m2!3d40.7507435!4d-73.9812423!16s%2Fg%2F1tdjs1bk!19sChIJU5GUxgBZwokRbIViCjtRWVs",https://www.facebook.com/starrandstarr,,https://www.linkedin.com/in/stephenstarr,,,,Stephen Z. Starr,Founding Partner,https://www.linkedin.com/in/stephenstarr/,Stephen Z. Starr;Vildan E. Starr,Stephen Z. Starr,https://www.linkedin.com/in/stephenstarr/
A,Mahmoud R. Rabah,new york,Law Office of Mahmoud R. Rabah,rabahdefense@gmail.com,rabahdefense@gmail.com,+1 917-525-2515,http://rabahdefense.com,"118-35 Queens Blvd #1220, Forest Hills, NY 11375, United States",https://www.google.com/maps/place/Law+Office+of+Mahmoud+R.+Rabah/data=!4m7!3m6!1s0x89c25b74dba04af9:0x92735c1cd0dc8c16!8m2!3d40.7148414!4d-73.831084!16s%2Fg%2F12mm84n7v!19sChIJ-Uqg23RbwokRFozc0Bxcc5I,,,,,,,Mahmoud R. Rabah,"Founder / Owner, The Law Office of Mahmoud R. Rabah",https://www.linkedin.com/in/mahmoud-rabah-3350a191/,Mahmoud R. Rabah,Mahmoud R. Rabah,https://www.linkedin.com/in/mahmoud-rabah-3350a191/
A,Michael Boland,new york,NYC Injury Attorneys P.C.,nycinjuryattorneys@gmail.com,nycinjuryattorneys@gmail.com;nnycinjuryattorneys@gmail.com,+1 646-452-3663,https://nyc-injury-attorneys.com,"140 Broadway 46th Floor, PMB 300, New York, NY 10005, United States",https://www.google.com/maps/place/NYC+Injury+Attorneys+P.C./data=!4m7!3m6!1s0x89c25b7de0b2d8f5:0x66584249d86995e6!8m2!3d40.711964!4d-74.0085268!16s%2Fg%2F11q7b8804c!19sChIJ9diy4H1bwokR5pVp2ElCWGY,https://www.facebook.com/nycinjuryattorneys/,https://www.instagram.com/nycinjuryattorneys/,https://www.linkedin.com/company/79626206/,https://www.yelp.com/biz/nyc-injury-attorneys-pc-new-york,https://www.tiktok.com/@nycinjuryattorneys?lang=en,,Michael Boland,Founder,,Michael Boland;NYC Personal;Best Personal;Personal Injury,Michael Boland,nycinjuryattorneys@gmail.com
A,Richard Roman Shum,new york,"Law Office of Richard Roman Shum, Esq | Divorce Lawyer",richard@romanshum.com,richard@romanshum.com,+1 646-259-3416,https://www.romanshum.com,"20 Clinton St FRNT 5D, New York, NY 10002, United States","https://www.google.com/maps/place/Law+Office+of+Richard+Roman+Shum,+Esq+%7C+Divorce+Lawyer/data=!4m7!3m6!1s0x89c25976f1060929:0x31ec55d6bd591131!8m2!3d40.7206124!4d-73.984057!16s%2Fg%2F11k3ssdlvz!19sChIJKQkG8XZZwokRMRFZvdZV7DE",https://www.facebook.com/romanshumesq/,,https://www.linkedin.com/in/rrshumesq,,,,Richard Roman Shum,Founder / Principal Attorney,https://www.linkedin.com/in/rrshumesq/,Richard Roman Shum,Richard Roman Shum,https://www.linkedin.com/in/rrshumesq/
A,Michael M. Walsh,new york,Michael M. Walsh Attorney at Law,,,+1 718-442-3900,http://www.mmwalshlaw.com,"1688 Victory Blvd #200, Staten Island, NY 10314, United States",https://www.google.com/maps/place/Michael+M.+Walsh+Attorney+at+Law/data=!4m7!3m6!1s0x89c24e8110a48b13:0x8fbe4b85939adcfe!8m2!3d40.6130261!4d-74.1200222!16s%2Fg%2F11b75f8kb9!19sChIJE4ukEIFOwokR_tyak4VLvo8,,,,,,,Michael M. Walsh,Owner / Attorney at Law,https://www.linkedin.com/in/michael-marrin-walsh-esq-a103b346/,Michael M. Walsh,Michael M. Walsh,https://www.linkedin.com/in/michael-marrin-walsh-esq-a103b346/
A,Richard Kistnen,new york,Law Office of Richard Kistnen - Bankruptcy Attorney,info@lork.nyc,info@lork.nyc,+1 718-738-2324,https://lork.nyc,"128-22 Rockaway Blvd, Jamaica, NY 11420, United States",https://www.google.com/maps/place/Law+Office+of+Richard+Kistnen+-+Bankruptcy+Attorney/data=!4m7!3m6!1s0x89c2673c8d1b9b37:0xa262ac3b1c5ca49a!8m2!3d40.6748281!4d-73.808986!16s%2Fg%2F1tcyybrz!19sChIJN5sbjTxnwokRmqRcHDusYqI,https://facebook.com/kistnenlaw,,https://linkedin.com/in/lorknyc,,,,Richard Kistnen,Founder / Attorney,https://www.linkedin.com/in/lorknyc,Richard Kistnen;James Mays;Jason Edison;Denny Tejada,Richard Kistnen,https://www.linkedin.com/in/lorknyc
A,Renata Landskind,new york,"Landskind & Ricaforte Law Group, P.C.",,,+1 718-333-5007,https://www.ricafortelaw.com,"269 86th St, Brooklyn, NY 11209, United States","https://www.google.com/maps/place/Landskind+%26+Ricaforte+Law+Group,+P.C./data=!4m7!3m6!1s0x89c24ff586d0ffed:0xfbda2df6dd3d8bba!8m2!3d40.62377!4d-74.031571!16s%2Fg%2F11gh04rjbw!19sChIJ7f_QhvVPwokRuos93fYt2vs",,,,,,,Renata Landskind,Co-Founder / Partner,https://www.linkedin.com/in/renata-landskind-1a5828157/,Renata Landskind;Terence J. Ricaforte,Renata Landskind,https://www.linkedin.com/in/renata-landskind-1a5828157/
A,Jason W. Stern,new york,The Law Offices of Jason W. Stern & Associates,j1stern@aol.com,j1stern@aol.com;jasonwstern@queensestatelaw.com,+1 718-261-2444,https://www.queensestatelaw.com,"71-01 Austin St #203, Forest Hills, NY 11375, United States",https://www.google.com/maps/place/The+Law+Offices+of+Jason+W.+Stern+%26+Associates/data=!4m7!3m6!1s0x89c25e2730747d75:0xf310bdb433a149fe!8m2!3d40.7199861!4d-73.8438166!16s%2Fg%2F1tklrgt6!19sChIJdX10MCdewokR_kmhM7S9EPM,,,,,,,Jason W. Stern,Founding Partner / Principal Attorney,https://www.linkedin.com/in/jason-stern-559b743/,Jason W. Stern;Matt Hunter,Jason W. Stern,https://www.linkedin.com/in/jason-stern-559b743/
A,Galen J. Criscione,new york,"Criscione Ravala, LLP",info@lawcrt.com,info@lawcrt.com,+1 800-583-1780,https://www.lawcrt.com,"100 Park Ave 16th floor, New York, NY 10017, United States","https://www.google.com/maps/place/Criscione+Ravala,+LLP/data=!4m7!3m6!1s0x89c259013c53365f:0x97c1ee04bb0999aa!8m2!3d40.752103!4d-73.978666!16s%2Fg%2F124szhs02!19sChIJXzZTPAFZwokRqpkJuwTuwZc",,,,,,,Galen J. Criscione,Founding Partner,https://www.linkedin.com/in/galen-criscione-2714502/,Galen J. Criscione;M. Salman Ravala,Galen J. Criscione,https://www.linkedin.com/in/galen-criscione-2714502/
A,S. Thomas Lee,new york,"S. Thomas Lee, Esq. 李兆忠離婚律師",s.thomas.lee.esq@gmail.com,s.thomas.lee.esq@gmail.com,+1 929-232-2802,http://www.stomlee.com,"6410 8th Ave Ste 2b, Brooklyn, NY 11220, United States","https://www.google.com/maps/place/S.+Thomas+Lee,+Esq.+%E6%9D%8E%E5%85%86%E5%BF%A0%E9%9B%A2%E5%A9%9A%E5%BE%8B%E5%B8%AB/data=!4m7!3m6!1s0x89c259b884bc533b:0xa55e149c306faa3a!8m2!3d40.633129!4d-74.012347!16s%2Fg%2F11hdngk7cl!19sChIJO1O8hLhZwokROqpvMJwUXqU",,,,,,,S. Thomas Lee,Attorney / Sole Practitioner (Divorce),https://www.linkedin.com/in/s-thomas-lee-5b6b76174/,S. Thomas Lee,S. Thomas Lee,https://www.linkedin.com/in/s-thomas-lee-5b6b76174/
A,Ronald Nir,new york,"Law Office of Ronald Nir, Criminal Defense",nircrimlaw@gmail.com,nircrimlaw@gmail.com,+1 347-494-8509,http://www.nycriminallawattorney.com,"123-60 83rd Ave Ste 2R, Kew Gardens, NY 11415, United States","https://www.google.com/maps/place/Law+Office+of+Ronald+Nir,+Criminal+Defense/data=!4m7!3m6!1s0x89c260bd9c0e5b85:0x4f6bde3873a6cd45!8m2!3d40.711554!4d-73.825891!16s%2Fg%2F1thfgc7p!19sChIJhVsOnL1gwokRRc2mczjea08",https://www.facebook.com/NirCriminalDefense/;https://www.facebook.com/NirCriminalDefense/%20,https://www.instagram.com/ronald.nir/;https://www.instagram.com/ronald.nir/%20,https://www.linkedin.com/in/ronaldnir/,,,,Ronald Nir,Founder / Criminal Defense Attorney,https://www.linkedin.com/in/ronaldnir/,Ronald Nir,Ronald Nir,https://www.linkedin.com/in/ronaldnir/
A,Laura Rosenberg,new york,Rosenberg and Rodriguez Personal Injury Lawyers – Brooklyn Injury and Accident Lawyers,laura@rosenbergfirm.com,laura@rosenbergfirm.com,+1 516-604-5278,http://www.rosenbergfirm.com,"1411 President St 3rd floor, Brooklyn, NY 11212, United States",https://www.google.com/maps/place/Rosenberg+and+Rodriguez+Personal+Injury+Lawyers+%E2%80%93+Brooklyn+Injury+and+Accident+Lawyers/data=!4m7!3m6!1s0x89c245551b696573:0xa9aac6a5530f3bc!8m2!3d40.667789!4d-73.942146!16s%2Fg%2F11rgy2mv98!19sChIJc2VpG1VFwokRvPMwVWqsmgo,https://www.facebook.com/RosenbergandRodriguez/,https://www.instagram.com/rosenbergandrodriguez/,https://www.linkedin.com/in/laura-rosenberg-69605396/,,,https://www.youtube.com/user/RosenbergnRodriguez,Laura Rosenberg,Founding Partner,https://www.linkedin.com/in/laura-rosenberg-69605396/,Laura Rosenberg;Ivan J. Rodriguez,Laura Rosenberg,https://www.linkedin.com/in/laura-rosenberg-69605396/
A,Adam C. Freedman,new york,"Law Office of Adam C. Freedman, PLLC",acf-home-img02@2x-814x500.jpg.webp,acf-home-img02@2x-814x500.jpg.webp;acf-home-img03@2x-814x500.jpg.webp;acf-home-img04@2x-814x500.jpg.webp;acf-about-img01@2x-scaled.jpg;acf-about-img01@2x-scaled.jpg.webp;acf-contact-img@2x-scaled.jpg;acf-contact-img@2x-scaled.jpg.webp;adam@acfreedmanlaw.com,+1 929-489-0262,http://acfreedmanlaw.com,"223 Bedford Ave Ste. A #2005, Brooklyn, NY 11211, United States","https://www.google.com/maps/place/Law+Office+of+Adam+C.+Freedman,+PLLC/data=!4m7!3m6!1s0x89c259a561a35f53:0x7e6acd76d3ea4cc0!8m2!3d40.7163146!4d-73.9590577!16s%2Fg%2F11dxbr00xf!19sChIJU1-jYaVZwokRwEzq03bNan4",,https://instagram.com/spaceyacht;https://www.instagram.com/acfreedmanlaw/;https://www.instagram.com/blankemusic/;https://www.instagram.com/djacslater/;https://www.instagram.com/levelupdub;https://www.instagram.com/primeculture_/;https://www.instagram.com/subtronics/,https://www.linkedin.com/in/adamcolefreedman/,,,,Adam C. Freedman,Founder / Attorney,https://www.linkedin.com/in/adamcolefreedman,Adam C. Freedman,Adam C. Freedman,https://www.linkedin.com/in/adamcolefreedman
A,Russel Morgan,new york,Morgan Legal Group | Trusts & Estate Planning Bronx,contact@morganlegalny.com,contact@morganlegalny.com;info@morganlegalny.com,+1 718-233-2825,https://www.morganlegalny.com,"1200 Waters Pl Ste 105, Bronx, NY 10461, United States",https://www.google.com/maps/place/Morgan+Legal+Group+%7C+Trusts+%26+Estate+Planning+Bronx/data=!4m7!3m6!1s0x89c28b7c7104fbb5:0xc0a2c7b39368b1c5!8m2!3d40.8526606!4d-73.8371063!16s%2Fg%2F11nn3fstjr!19sChIJtfsEcXyLwokRxbFok7PHosA,https://www.facebook.com/morganlegalgroupPC,https://www.instagram.com/morganlegalny766/,https://www.linkedin.com/company/28588722/;https://www.linkedin.com/in/russel-morgan-esq-b21621126,,,https://www.youtube.com/channel/UCTgCF5f91xmC6PPsFEmNycA;https://www.youtube.com/playlist?list=PL7uIi1SpUUgHqaI5DtRgK78uetmQcHp8W,Russel Morgan,Founder / Principal Attorney,https://www.linkedin.com/in/russel-morgan-esq-b21621126/,Russel Morgan;Guy Chirico;Alan Vaitzman;Staten Island;Rockland County,Russel Morgan,https://www.linkedin.com/in/russel-morgan-esq-b21621126/
A,Benjamin Haber,new york,"Benjamin Haber, Staten Island Divorce Lawyers",benhaber@gmail.com,benhaber@gmail.com,+1 718-442-0960,https://benhaber.com,"36 Richmond Ter Ste 301, Staten Island, NY 10301, United States","https://www.google.com/maps/place/Benjamin+Haber,+Staten+Island+Divorce+Lawyers/data=!4m7!3m6!1s0x89c24fd3491daff3:0xc25a20ff07cb20d6!8m2!3d40.6438031!4d-74.0767556!16s%2Fg%2F1tl_02ks!19sChIJ868dSdNPwokR1iDLB_8gWsI",,,https://www.linkedin.com/in/benhaber/,,,,Benjamin Haber,Owner / Founder (Divorce & Family Law Attorney),https://www.linkedin.com/in/benhaber/,Benjamin Haber,Benjamin Haber,https://www.linkedin.com/in/benhaber/
A,Kevin Jay Kohn,new york,Kohn Law Firm,,,+1 718-409-1200,https://www.bronxpersonalinjurylawyers.net,"1200 Morris Park Ave, Bronx, NY 10461, United States",https://www.google.com/maps/place/Kohn+Law+Firm/data=!4m7!3m6!1s0x89c2f4a966bd7f0f:0x240e50d5eebce95d!8m2!3d40.8509407!4d-73.8481856!16s%2Fg%2F1tdn0fsd!19sChIJD3-9Zqn0wokRXem87tVQDiQ,,,,,,,Kevin Jay Kohn,Partner / Owner,https://www.linkedin.com/in/kevin-jay-kohn-bb97aa89/,Kevin Jay Kohn;Louis J. Russo III,Kevin Jay Kohn,https://www.linkedin.com/in/kevin-jay-kohn-bb97aa89/
A,David Mejia Colgan,new york,"David Mejia Colgan, Esq.",david.m.colgan@gmail.com,david.m.colgan@gmail.com,+1 718-484-8820,https://dmclawny.com,"910 Grand Concourse Ste 1F, Bronx, NY 10451, United States","https://www.google.com/maps/place/David+Mejia+Colgan,+Esq./data=!4m7!3m6!1s0x89c2f539cadbc5a1:0x91244cbfd9bbbe3a!8m2!3d40.8277891!4d-73.9217005!16s%2Fg%2F11yxypswtm!19sChIJocXbyjn1wokROr672b9MJJE",https://web.facebook.com/profile.php?id=61587269296133,,https://www.linkedin.com/in/david-mejia-colgan-48b485203/,,,https://www.youtube.com/@DavidMejiaColganESQ,David Mejia Colgan,Criminal Defense Attorney / Owner,https://www.linkedin.com/in/david-mejia-colgan-48b485203/,David Mejia Colgan,David Mejia Colgan,https://www.linkedin.com/in/david-mejia-colgan-48b485203/
A,Kiva Vera Waters,new york,Waters Law Group,2062d0a4929b45348643784b5cb39c36@sentry.wixpress.com,2062d0a4929b45348643784b5cb39c36@sentry.wixpress.com;271e9fa3230b4eec94b02bf95780f5f2@sentry.wixpress.com;460ff4620fa44cba8df530afde949785@sentry.wixpress.com;5d1795a2db124a268f1e1bd88f503500@sentry.wixpress.com;9a65e97ebe8141fca0c4fd686f70996b@sentry.wixpress.com;c183baa23371454f99f417f6616b724d@sentry.wixpress.com;dd0a55ccb8124b9c9d938e3acf41f8aa@sentry.wixpress.com;ed436f5053144538958ad06a5005e99a@sentry.wixpress.com;hello@debt-destroyer.com;kivaverawaters@gmail.com,+1 929-308-6086,https://debt-destroyer.com,"195 Montague St 12 FL, Brooklyn, NY 11201, United States",https://www.google.com/maps/place/Waters+Law+Group/data=!4m7!3m6!1s0x89c25b0d8594df15:0x7f4f3ee1e9657c2e!8m2!3d40.6942585!4d-73.9915455!16s%2Fg%2F11vlb1c43c!19sChIJFd-UhQ1bwokRLnxl6eE-T38,https://www.facebook.com/profile.php?id=100071434726523,https://www.instagram.com/waterslawgroup/;https://www.instagram.com/waterslawgroup/?utm_source=ig_web_button_share_sheet&igshid=YzAwZjE1ZTI0Zg==,https://www.linkedin.com/in/kiva-vera-waters-esq-178835b/,,,,Kiva Vera Waters,Founder / Managing Attorney,https://www.linkedin.com/in/kiva-vera-waters-esq-178835b/,Kiva Vera Waters,Kiva Vera Waters,https://www.linkedin.com/in/kiva-vera-waters-esq-178835b/
A,Jimmy Wagner,new york,Law Office of Jimmy Wagner,jimmy013@gmail.com,jimmy013@gmail.com,+1 929-477-8889,https://www.jwagnerlegal.com,"2055 Flatbush Ave, Brooklyn, NY 11234, United States",https://www.google.com/maps/place/Law+Office+of+Jimmy+Wagner/data=!4m7!3m6!1s0x89c24ff8a068f21b:0xc83e938affa7fdb1!8m2!3d40.61981!4d-73.9334218!16s%2Fg%2F119vzvt3h!19sChIJG_JooPhPwokRsf2n_4qTPsg,,,,,,,Jimmy Wagner,Attorney / Owner,https://www.linkedin.com/in/jimmy-wagner-56843b202/,Real Estate;Jimmy Wagner,Jimmy Wagner,https://www.linkedin.com/in/jimmy-wagner-56843b202/
A,Bryan S. Arcé,new york,"Arcé Law Group - Sexual Harassment, Discrimination, & Employment Lawyers",,,+1 866-589-2644,https://www.arcelawgroup.com,"45 Broadway #2810, New York, NY 10006, United States","https://www.google.com/maps/place/Arc%C3%A9+Law+Group+-+Sexual+Harassment,+Discrimination,+%26+Employment+Lawyers/data=!4m7!3m6!1s0x89c25a113bd6a97b:0xceaa18f038c1179e!8m2!3d40.7066302!4d-74.0130765!16s%2Fg%2F11c6ljrygl!19sChIJe6nWOxFawokRnhfBOPAYqs4",https://www.facebook.com/people/Arc%C3%A9-Law-Group-PC/61574916953088/,https://www.instagram.com/arcelawgroup/,https://www.linkedin.com/in/arc%C3%A9-law-group-076394359/,,,,Bryan S. Arcé,Founder,https://www.linkedin.com/in/bryan-arce-0736341a,Bryan S. Arcé;Gregory Kirschenbaum;Jesse S. Weinstein,Bryan S. Arcé,https://www.linkedin.com/in/bryan-arce-0736341a
A,Joseph D'Amico,new york,D'Amico Law,joseph@damicolawfirm.net,joseph@damicolawfirm.net,+1 718-984-3100,https://www.damicolawfirm.net,"114 Seguine Ave, Staten Island, NY 10309, United States",https://www.google.com/maps/place/D%27Amico+Law/data=!4m7!3m6!1s0x89c24abeac60baeb:0x8bd260d1e118432c!8m2!3d40.523637!4d-74.20012!16s%2Fg%2F1tjz8vzv!19sChIJ67pgrL5KwokRLEMY4dFg0os,,,https://www.linkedin.com/in/joe-d-amico-08539728b/overlay/about-this-profile/,,,,Joseph D'Amico,Founder / Managing Partner,https://www.linkedin.com/in/joe-d-amico-08539728b,Joseph D'Amico,Joseph D'Amico,https://www.linkedin.com/in/joe-d-amico-08539728b
A,Randy C. Schustal,new york,"Randy C Schustal Esq : Schustal & Weiner, LLP",randycslaw@gmail.com,randycslaw@gmail.com,+1 718-238-1400,http://randycschustal.com,"151 Richmond Hill Rd, Staten Island, NY 10314, United States","https://www.google.com/maps/place/Randy+C+Schustal+Esq+:+Schustal+%26+Weiner,+LLP/data=!4m7!3m6!1s0x89c245a782b1e4f3:0x1495e8d91bc51fd0!8m2!3d40.5866238!4d-74.1631267!16s%2Fg%2F1tfrc2dn!19sChIJ8-SxgqdFwokR0B_FG9nolRQ",,,https://www.linkedin.com/in/randy-schustal-0a61299b/,,,,Randy C. Schustal,Attorney / Solo Practitioner,https://www.linkedin.com/in/randy-schustal-0a61299b/,Randy C. Schustal,Randy C. Schustal,https://www.linkedin.com/in/randy-schustal-0a61299b/
A,Vernita Charles,new york,Law Office of Vernita Charles,vernitacharlesesq@gmail.com,vernitacharlesesq@gmail.com,+1 718-802-9749,https://www.vernitacharles.com,"44 Court St #910, Brooklyn, NY 11201, United States",https://www.google.com/maps/place/Law+Office+of+Vernita+Charles/data=!4m7!3m6!1s0x89c25a493c619aa5:0xefb59692a072cd09!8m2!3d40.6927256!4d-73.9911246!16s%2Fg%2F1vtqx06j!19sChIJpZphPElawokRCc1yoJKWte8,,,https://linkedin.com/in/vernita-charles-bbb24797,,,,Vernita Charles,Founder / Attorney,https://linkedin.com/in/vernita-charles-bbb24797,Vernita Charles;AnnSonia Walkes,Vernita Charles,https://linkedin.com/in/vernita-charles-bbb24797
A,Adam J. Stein,new york,The Stein Law Group,steinlawgroup@gmail.com,steinlawgroup@gmail.com,+1 516-928-6919,https://thesteinlawgroup.com/concourse-village-personal-injury-lawyer,"846 Gerard Ave, Bronx, NY 10451, United States",https://www.google.com/maps/place/The+Stein+Law+Group/data=!4m7!3m6!1s0x89c2f5a4d719d07d:0xb5b84eee5bab401!8m2!3d40.8268029!4d-73.9252329!16s%2Fg%2F11gk64rffj!19sChIJfdAZ16T1wokRAbS65e6EWws,,,,,,,Adam J. Stein,Founder and Managing Director,https://www.linkedin.com/in/adam-stein-98bbb44/,Adam J. Stein;Ryan Klein;Concourse Village,Adam J. Stein,https://www.linkedin.com/in/adam-stein-98bbb44/
A,Crystal Guiga,new york,Guiga Law PLLC | Estate Planning & Elder Law,2062d0a4929b45348643784b5cb39c36@sentry.wixpress.com,2062d0a4929b45348643784b5cb39c36@sentry.wixpress.com;271e9fa3230b4eec94b02bf95780f5f2@sentry.wixpress.com;460ff4620fa44cba8df530afde949785@sentry.wixpress.com;5d1795a2db124a268f1e1bd88f503500@sentry.wixpress.com;79baaa8e09c746d2b7401643b99792e0@sentry.wixpress.com;c183baa23371454f99f417f6616b724d@sentry.wixpress.com;dd0a55ccb8124b9c9d938e3acf41f8aa@sentry.wixpress.com;ed436f5053144538958ad06a5005e99a@sentry.wixpress.com;info@guigalaw.com,+1 929-415-8700,http://www.guigalaw.com,"1682 Victory Blvd, Staten Island, NY 10314, United States",https://www.google.com/maps/place/Guiga+Law+PLLC+%7C+Estate+Planning+%26+Elder+Law/data=!4m7!3m6!1s0x89c24ffceffbb759:0x2db3a4d9bd26fe95!8m2!3d40.6131064!4d-74.1196429!16s%2Fg%2F11p6xpcw40!19sChIJWbf77_xPwokRlf4mvdmksy0,http://www.facebook.com/guigalawpllc,https://www.instagram.com/guigalawpllc/,http://www.linkedin.com/in/crystalguiga,,,,Crystal Guiga,Founder / Managing Attorney / CEO,https://www.linkedin.com/in/crystalguiga,Crystal Guiga;Paul Martin,Crystal Guiga,https://www.linkedin.com/in/crystalguiga
A,Sanjay Sukhdeo,new york,Law Offices of Sanjay Sukhdeo,sanjay.sukhdeo@aol.com,sanjay.sukhdeo@aol.com,+1 718-913-4416,https://thesukhdeofirm.com,,https://www.google.com/maps/place/Law+Offices+of+Sanjay+Sukhdeo/data=!4m7!3m6!1s0x89c25f2ae55628f5:0x1ee2aa3bf0f19e67!8m2!3d40.7015204!4d-73.7964209!16s%2Fg%2F11yrtw5gbr!19sChIJ9ShW5SpfwokRZ57x8Duq4h4,https://www.facebook.com/p/The-Law-Office-of-Sanjay-Sukhdeo-61582755658475/,,https://www.linkedin.com/in/sanjay-sukhdeo-esq-a51938135,,,,Sanjay Sukhdeo,Founder / Attorney,https://www.linkedin.com/in/sanjay-sukhdeo-esq-a51938135,Sanjay Sukhdeo,Sanjay Sukhdeo,https://www.linkedin.com/in/sanjay-sukhdeo-esq-a51938135
A,Mark J. Fonte,new york,Fonte & Gelormino Legal Group,,,+1 917-968-1619,https://www.fglegalgroup.com,"2550 Victory Blvd, Staten Island, NY 10314, United States",https://www.google.com/maps/place/Fonte+%26+Gelormino+Legal+Group/data=!4m7!3m6!1s0x89c24d8d44c82759:0xae028250e1ea5d88!8m2!3d40.6095905!4d-74.1485397!16s%2Fg%2F11p5gh8tyl!19sChIJWSfIRI1NwokRiF3q4VCCAq4,,,,,,,Mark J. Fonte,Founding Partner / Criminal Defense Attorney,https://www.linkedin.com/in/mark-fonte-698683314/,Mark J. Fonte;Louis Gelormino,Mark J. Fonte,https://www.linkedin.com/in/mark-fonte-698683314/
A,George Bassias,new york,George Bassias Attorney LLC,gbassias@bassiaslaw.com,gbassias@bassiaslaw.com;gbassias@yahoo.com,+1 718-721-4441,https://www.bassiaslaw.com,"21-83 Steinway St, Astoria, NY 11105, United States",https://www.google.com/maps/place/George+Bassias+Attorney+LLC/data=!4m7!3m6!1s0x89c25f6f4f6b6335:0x4c0bf8b65ce2d041!8m2!3d40.7728097!4d-73.9056784!16s%2Fg%2F1xn_p95g!19sChIJNWNrT29fwokRQdDiXLb4C0w,,,https://www.linkedin.com/company/wix-com,,,,George Bassias,"Founder / Attorney (Personal Injury, Bankruptcy, Real Estate)",https://www.linkedin.com/in/george-bassias-70b29a100/,George Bassias,George Bassias,https://www.linkedin.com/in/george-bassias-70b29a100/
B,Matthew J. Weiss,new york,"Weiss & Associates, PC",gcd@nytrafficticket.com,gcd@nytrafficticket.com;gcd@weissandassociatespc.com;info@nytrafficticket.com;jlo@nytrafficticket.com;jlo@weissandassociatespc.com;jmh@nytrafficticket.com;jmh@weissandassociatespc.com;jsr@nytrafficticket.com;jsr@weissandassociatespc.com;lawyer@nytrafficticket.com;mjw@nytrafficticket.com;rcm@nytrafficticket.com;rcm@weissandassociatespc.com,+1 212-683-7373,https://nytrafficticket.com,"2 Park Ave Ste 2058, New York, NY 10016, United States","https://www.google.com/maps/place/Weiss+%26+Associates,+PC/data=!4m7!3m6!1s0x89c259a7f3d39f93:0xf267dcad4b86d1da!8m2!3d40.7462222!4d-73.9823298!16s%2Fg%2F1vg4kqn8!19sChIJk5_T86dZwokR2tGGS63cZ_I",https://www.facebook.com/888redlight,,https://www.linkedin.com/in/matthewweiss,https://www.yelp.com/biz/weiss-and-associates-pc-new-york-2,,,Matthew J. Weiss,Founding Attorney,,Matthew J. Weiss;John Hermanowski,Matthew J. Weiss,mjw@nytrafficticket.com
B,Davida S. Perry,new york,Schwartz Perry & Heller LLP,,,+1 212-889-6565,https://www.schwartzandperry.com,"3 Park Ave Ste 2700, New York, NY 10016, United States",https://www.google.com/maps/place/Schwartz+Perry+%26+Heller+LLP/data=!4m7!3m6!1s0x89c2590105c607cb:0xc3cc071b3eb4287d!8m2!3d40.7465167!4d-73.9812217!16s%2Fg%2F1vpfkfxf!19sChIJywfGBQFZwokRfSi0PhsHzMM,https://www.facebook.com/New.York.Employment.Lawyer,,https://www.linkedin.com/company/schwartz-&-perry-llp/,,,https://www.youtube.com/channel/UCjT1Fng23ovPxM5OdHo8zkw,Davida S. Perry,Co-Founding & Managing Partner,https://www.linkedin.com/in/davidaperry/,Davida S. Perry;Brian Heller,Davida S. Perry,https://www.linkedin.com/in/davidaperry/
B,Cornelius Redmond,new york,"Redmond Law Firm, PLLC",credmond@redmondfirm.com,credmond@redmondfirm.com,+1 646-285-7115,https://redmondfirm.com,"206 Livingston St, Brooklyn, NY 11201, United States","https://www.google.com/maps/place/Redmond+Law+Firm,+PLLC/data=!4m7!3m6!1s0x89c25a16557702b5:0xb99f1794523b903d!8m2!3d40.6895384!4d-73.9860449!16s%2Fg%2F1yf_9rpzr!19sChIJtQJ3VRZawokRPZA7UpQXn7k",https://www.facebook.com/Redmondlawfirm,,https://www.linkedin.com/in/cornelius-redmond/,,https://www.tiktok.com/@conny591a,https://www.youtube.com/@Redmondlawfirm;https://www.youtube.com/embed/BBuG9oXhmj4?feature=oembed?playlist=BBuG9oXhmj4&mute=0&autoplay=0&loop=no&controls=0&start=0&end=;https://www.youtube.com/embed/pr70oH0jEa0?feature=oembed?playlist=pr70oH0jEa0&mute=0&autoplay=0&loop=no&controls=0&start=0&end=,Cornelius Redmond,Founder / Attorney,https://www.linkedin.com/in/cornelius-redmond/,Cornelius Redmond,Cornelius Redmond,https://www.linkedin.com/in/cornelius-redmond/
B,Alla Kachan,new york,The Law Offices of Alla Kachan,alla@kachanlaw.com,alla@kachanlaw.com,+1 718-513-3145,https://kachanlaw.com,"2799 Coney Island Ave Ste 202, Brooklyn, NY 11235, United States",https://www.google.com/maps/place/The+Law+Offices+of+Alla+Kachan/data=!4m7!3m6!1s0x89c245e4d763df07:0xdf1df336dd788343!8m2!3d40.5883263!4d-73.9600686!16s%2Fg%2F11yj2z2k41!19sChIJB99j1-RFwokRQ4N43TbzHd8,,,,,,,Alla Kachan,Founder / President,https://www.linkedin.com/in/alla-kachan-01477939/,Alla Kachan,Alla Kachan,https://www.linkedin.com/in/alla-kachan-01477939/
B,Yakov Mushiyev,new york,Yakov Mushiyev & Associates P.C.,info@mushiyevlaw.com,info@mushiyevlaw.com;webmaster@mushiyevlaw.com,+1 718-775-3110,https://mushiyevlaw.com,"1 Cross Is Plz Ste 325, Rosedale, NY 11422, United States",https://www.google.com/maps/place/Yakov+Mushiyev+%26+Associates+P.C./data=!4m7!3m6!1s0x89c2653cfb2c052f:0x116c5dfee3a98931!8m2!3d40.6743506!4d-73.7318845!16s%2Fg%2F11f6nrhwjh!19sChIJLwUs-zxlwokRMYmp4_5dbBE,,,,,,https://www.youtube.com/watch?v=J8vRwto8sgE,Yakov Mushiyev,Founder / Managing Attorney,https://www.linkedin.com/in/yakov-mushiyev-04b34b143/,Yakov Mushiyev;Eduard Tamma;Gabriel Borokhov,Yakov Mushiyev,https://www.linkedin.com/in/yakov-mushiyev-04b34b143/
B,Michael Dreishpoon,new york,Law Offices Of Michael Dreishpoon,favicon-Artboard-1@4x-100-scaled.jpg,favicon-Artboard-1@4x-100-scaled.jpg;u00a0md@dreisghpoon.com;favicon-Artboard-1@4x-100-1024x1024.jpg;favicon-artboard-1@4x-100-1024x1024.jpg;favicon-artboard-1@4x-100-scaled.jpg;md@dreisghpoon.com;md@dreishpoon.com,+1 718-793-5555,https://www.dreishpoon.com,"118-35 Queens Blvd Ste. 1500, Forest Hills, NY 11375, United States",https://www.google.com/maps/place/Law+Offices+Of+Michael+Dreishpoon/data=!4m7!3m6!1s0x89c26098166991e3:0x62c2d247c73a062d!8m2!3d40.715227!4d-73.8308144!16s%2Fg%2F1tsr43p1!19sChIJ45FpFphgwokRLQY6x0fSwmI,,,https://www.linkedin.com/in/michael-dreishpoon-33688914/,,,https://www.youtube.com/channel/UCZKSM80UYCU-5Yemi2Qs86w;https://www.youtube.com/watch?v=Nco_HZX6BF4&t=45s,Michael Dreishpoon,Owner / Founding Attorney,,Michael Dreishpoon,Michael Dreishpoon,https://www.linkedin.com/in/michael-dreishpoon-33688914/
B,Chrissy Grigoropoulos,new york,Grigor Law Injury & Car Accident Lawyers,chrissygrigor@gmail.com,chrissygrigor@gmail.com;lucas@rocketpilots.com,+1 718-690-3237,https://grigorlaw.com/ridgewood-personal-injury-lawyer,"60-88 Myrtle Ave, Ridgewood, NY 11385, United States",https://www.google.com/maps/place/Grigor+Law+Injury+%26+Car+Accident+Lawyers/data=!4m7!3m6!1s0x89c25c29872486dd:0x441f21e3b8684573!8m2!3d40.700547!4d-73.894936!16s%2Fg%2F11cm3gxdyx!19sChIJ3YYkhylcwokRc0VouOMhH0Q,https://www.facebook.com/grigorlawgroup,https://www.instagram.com/grigorlaw/#,https://www.linkedin.com/company/grigorlawgroup/,,https://www.tiktok.com/@grigorlaw,,Chrissy Grigoropoulos,Founding Partner and Managing Attorney,,Chrissy Grigoropoulos;Cynthia Attard;Anthony Lategano,Chrissy Grigoropoulos,chrissygrigor@gmail.com
B,Shua Gelbstein,new york,"Gelbstein & Associates, PLLC",,,+1 718-276-9000,https://gelbstein.com,"2607 Nostrand Ave, Brooklyn, NY 11210, United States","https://www.google.com/maps/place/Gelbstein+%26+Associates,+PLLC/data=!4m7!3m6!1s0x89c24585e5448259:0x91ff981af947c943!8m2!3d40.6209722!4d-73.9454653!16s%2Fg%2F11jmzgkm5k!19sChIJWYJE5YVFwokRQ8lH-RqY_5E",,,,,,,Shua Gelbstein,Founder / Principal (former senior judge),https://www.linkedin.com/in/shua-gelbstein-320b6142/,Shua Gelbstein,Shua Gelbstein,https://www.linkedin.com/in/shua-gelbstein-320b6142/
B,Mark E. Seitelman,new york,Mark E. Seitelman Law Offices - Accident & Injury Attorneys,annette@seitelman.com,annette@seitelman.com;elina@seitelman.com;julia@seitelman.com;krishna@seitelman.com;mark@seitelman.com;michael@seitelman.com;minna@seitelman.com;mirsade@seitelman.com;montfort@seitelman.com;natalya@seitelman.com;nick@seitelman.com;sherry@seitelman.com;sonia@seitelman.com,+1 332-244-1106,https://seitelman.com,"111 Broadway, New York, NY 10006, United States",https://www.google.com/maps/place/Mark+E.+Seitelman+Law+Offices+-+Accident+%26+Injury+Attorneys/data=!4m7!3m6!1s0x89c25bdf276d001b:0x34caae701617aaf1!8m2!3d40.7086853!4d-74.0115487!16s%2Fg%2F1tdq215g!19sChIJGwBtJ99bwokR8aoXFnCuyjQ,https://www.facebook.com/Mark-E-Seitelman-Law-Offices-PC-171876999597671/,,https://www.linkedin.com/company/mark-e.-seitelman-law-offices-p.c.,,,https://www.youtube.com/channel/UCVhDFqPYTw1H6fQSIMcotdA,Mark E. Seitelman,Founder / Managing Attorney,https://www.linkedin.com/in/markseitelman,Mark E. Seitelman,Mark E. Seitelman,https://www.linkedin.com/in/markseitelman
B,Michael Paul,new york,"Michael Paul, Attorney at Law",mp@crimnyc.com,mp@crimnyc.com,+1 718-793-7285,https://criminaldefenselawnyc.com,"3507 90th Street Lower Level Left, Jackson Heights, NY 11372, United States","https://www.google.com/maps/place/Michael+Paul,+Attorney+at+Law/data=!4m7!3m6!1s0x89c25fbb2a0942f9:0xd5f0847a48987e87!8m2!3d40.7523578!4d-73.8768793!16s%2Fg%2F1tcx7yjr!19sChIJ-UIJKrtfwokRh36YSHqE8NU",https://www.facebook.com/criminaldefenselawnyc?fref=ts,,https://www.linkedin.com/in/michaelpaulesq,,,,Michael Paul,Owner (Criminal Defense Attorney),https://www.linkedin.com/in/michaelpaulesq,Michael Paul,Michael Paul,https://www.linkedin.com/in/michaelpaulesq
B,Orin J. Cohen,new york,Orin Cohen Law,orin@orincohenlaw.com,orin@orincohenlaw.com,+1 718-448-2889,https://statenislandesq.com,"1162 Victory Blvd, Staten Island, NY 10301, United States",https://www.google.com/maps/place/Orin+Cohen+Law/data=!4m7!3m6!1s0x89c24e60f0b01765:0x7d77f108ba6b8a20!8m2!3d40.616531!4d-74.102658!16s%2Fg%2F1tdwldyn!19sChIJZRew8GBOwokRIIprugjxd30,,,,,,,Orin J. Cohen,Founding Attorney / Owner,https://www.linkedin.com/in/orin-cohen-3043a210/,Orin J. Cohen,Orin J. Cohen,https://www.linkedin.com/in/orin-cohen-3043a210/
B,Miguel A. Terc Jr.,new york,"Terc Law Offices, P.C.",m.terc@terclaw.com,m.terc@terclaw.com,+1 917-341-0926,https://www.terclaw.com,"31-87 Steinway St Ste 2, Astoria, NY 11103, United States","https://www.google.com/maps/place/Terc+Law+Offices,+P.C./data=!4m7!3m6!1s0x89c25fa93dda7647:0x94bcfe0db66e050b!8m2!3d40.7591715!4d-73.9186253!16s%2Fg%2F1tddt3d7!19sChIJR3baPalfwokRCwVutg3-vJQ",https://www.facebook.com/TercLawOfficePC/,,https://www.linkedin.com/in/miguel-a-terc-jr-65189673/,https://www.yelp.com/biz/terc-law-office-astoria,,,Miguel A. Terc Jr.,Founder / Attorney,https://www.linkedin.com/in/miguel-a-terc-jr-65189673/,Miguel A. Terc Jr.,Miguel A. Terc Jr.,https://www.linkedin.com/in/miguel-a-terc-jr-65189673/
B,John Troy,new york,"Troy Law, PLLC",TroyLaw@TroyPllc.com,TroyLaw@TroyPllc.com;aaronschweitzer@troypllc.com;dthomas@troypllc.com;johntroy@troypllc.com;tiffanytroy@troypllc.com;troylaw@troypllc.com,+1 718-762-1324,http://www.troypllc.com,"41-25 Kissena Blvd #110, Flushing, NY 11355, United States","https://www.google.com/maps/place/Troy+Law,+PLLC/data=!4m7!3m6!1s0x89c260118cb74cdf:0xa517e3bc371b8143!8m2!3d40.7582225!4d-73.8284963!16s%2Fg%2F1td9rfsp!19sChIJ30y3jBFgwokRQ4EbN7zjF6U",https://www.facebook.com/troypllc,,https://www.linkedin.com/in/johntroylaw,,,,John Troy,Founder / Managing Attorney,https://www.linkedin.com/in/johntroylaw,John Troy;Aaron Schweitzer;Tiffany Troy,John Troy,https://www.linkedin.com/in/johntroylaw
B,Daniel T. Leav,new york,"Leav & Steinberg, LLP",akran@lstriallaw.com,akran@lstriallaw.com;dtl@lstriallaw.com;eas@lstriallaw.com;eborovinskiy@lstriallaw.com;elove@lstriallaw.com;gcilea@lstriallaw.com;henriquesd@lstriallaw.com;jembden@lstriallaw.com;jwhite@lstriallaw.com;lawyers@lstriallaw.com;pdouglas@lstriallaw.com;pschultze@lstriallaw.com;rdavidoff@lstriallaw.com;rgurfein@lstriallaw.com;rkoyfman@lstriallaw.com;rmartinez@lstriallaw.com,+1 212-766-5222,https://www.nyaccidentlawyer.com/office-locations/manhattan-office,"75 Broad St #1601, New York, NY 10004, United States","https://www.google.com/maps/place/Leav+%26+Steinberg,+LLP/data=!4m7!3m6!1s0x89c25a176debd91f:0xafcbfe652338b192!8m2!3d40.7046519!4d-74.0112472!16s%2Fg%2F1tknlc3q!19sChIJH9nrbRdawokRkrE4I2X-y68",https://www.facebook.com/leavandsteinberg,https://www.instagram.com/leavsteinbergllp/?hl=en,https://www.linkedin.com/company/leav-&-steinberg-llp,,,,Daniel T. Leav,Founding Partner (name partner),,Cody Cifelli;Daniel T. Leav;Edward A. Steinberg;Daniel Leav,Daniel T. Leav,https://www.linkedin.com/company/leav-&-steinberg-llp
B,Douglas Lipsky,new york,Lipsky Lowe LLP,doug@lipskylowe.com,doug@lipskylowe.com;header-xl@2x-1.jpg;header-xl@2x-1-1920x790.jpg;header@2x-575x360.jpg;Superlawyers@2x.png.webp;superlawyers@2x.png.webp,+1 212-392-4772,https://lipskylowe.com,"420 Lexington Ave Ste 1830, New York, NY 10170, United States",https://www.google.com/maps/place/Lipsky+Lowe+LLP/data=!4m7!3m6!1s0x89c259039475bfbf:0x63fae05fe55e002b!8m2!3d40.7527814!4d-73.9759322!16s%2Fg%2F11b5qvt400!19sChIJv791lANZwokRKwBe5V_g-mM,https://www.facebook.com/LipskyLowe/,https://www.instagram.com/lipskylowellp/,https://www.linkedin.com/company/lipsky-lowe-llp/,,https://www.tiktok.com/@nycemployment.lawyer,,Douglas Lipsky,Co-Founding Partner,https://www.linkedin.com/in/doug-lipsky-54309026/,Douglas Lipsky;Christopher Lowe;American Bar,Douglas Lipsky,https://www.linkedin.com/in/doug-lipsky-54309026/
B,Robert M. Fox,new york,The Law Offices of Robert M. Fox,robert@rfoxlaw.com,robert@rfoxlaw.com,+1 212-867-9595,https://www.rfoxlaw.com,"630 3rd Ave, New York, NY 10017, United States",https://www.google.com/maps/place/The+Law+Offices+of+Robert+M.+Fox/data=!4m7!3m6!1s0x89c259039475bfbf:0x9e172bc0d75285f5!8m2!3d40.7499691!4d-73.9754314!16s%2Fg%2F1vd3wqg5!19sChIJv791lANZwokR9YVS18ArF54,https://www.facebook.com/RFoxLaw-147418278641631/,,,https://www.yelp.com/biz/the-law-offices-of-robert-m-fox-new-york,,https://www.youtube.com/channel/UC588FuVkmvVlYkdNuPXks4A,Robert M. Fox,Founder / Attorney,https://www.linkedin.com/in/robert-fox-law/,Robert M. Fox;Susan Adler;Top Bankruptcy,Robert M. Fox,https://www.linkedin.com/in/robert-fox-law/
B,Marc S. Albert,new york,Law Offices of Marc S. Albert,info@msainjurylaw.com,info@msainjurylaw.com;malbert@msainjurylaw.com,+1 347-472-5080,https://www.msainjurylaw.com,"32-72 Steinway St, Astoria, NY 11103, United States",https://www.google.com/maps/place/Law+Offices+of+Marc+S.+Albert/data=!4m7!3m6!1s0x89c25f3b22903a53:0x54dfd6c5f80efd0b!8m2!3d40.7572887!4d-73.9205807!16s%2Fg%2F1hc3bkwl8!19sChIJUzqQIjtfwokRC_0O-MXW31Q,https://www.facebook.com/lawofficesofmarcsalbert,https://www.instagram.com/lawofficeofmarcalbert/,https://www.linkedin.com/in/marc-albert-6199b4a5/,https://www.yelp.com/biz/law-offices-of-marc-albert-astoria,,,Marc S. Albert,Lead Attorney / Owner,https://www.linkedin.com/in/marc-albert-6199b4a5/,Marc S. Albert;Ramy Aqel,Marc S. Albert,https://www.linkedin.com/in/marc-albert-6199b4a5/
B,Akram Louis,new york,"The Louis Law Firm, PLLC",akram@lmlawny.com,akram@lmlawny.com,+1 718-865-1414,https://lmdivorcelawyers.com,"26 Court St #1707, Brooklyn, NY 11242, United States","https://www.google.com/maps/place/The+Louis+Law+Firm,+PLLC/data=!4m7!3m6!1s0x89c25bc0699e0dd9:0x18ecca8e9128e972!8m2!3d40.6933449!4d-73.9909707!16s%2Fg%2F11hz5vx9_j!19sChIJ2Q2eacBbwokRcukokY7K7Bg",https://www.facebook.com/louislawny/%20,https://www.instagram.com/louis_law_firm/?igshid=1w3myjfucyp0q,https://www.linkedin.com/company/40733887/,,,,Akram Louis,Founder / Attorney,https://www.linkedin.com/in/akram-louis-26050636/,Akram Louis,Akram Louis,https://www.linkedin.com/in/akram-louis-26050636/
B,Jay S. Fleischman,new york,Fleischman Consumer Law Center,jay@moneywiselaw.com,jay@moneywiselaw.com,+1 646-722-8649,https://www.moneywiselaw.com,"228 Park Ave S #47620, New York, NY 10003, United States",https://www.google.com/maps/place/Fleischman+Consumer+Law+Center/data=!4m7!3m6!1s0x89c259a9b3117469:0x4a86bb3cb3547280!8m2!3d40.7377146!4d-73.9886277!16s%2Fg%2F1trxfm4s!19sChIJaXQRs6lZwokRgHJUszy7hko,https://www.facebook.com/MoneyWiseLaw,https://www.instagram.com/MoneyWiseLaw,,,https://www.tiktok.com/@moneywiselawyer,,Jay S. Fleischman,Founder & Managing Attorney,https://www.linkedin.com/in/jayfleischman/,Jay S. Fleischman,Jay S. Fleischman,https://www.linkedin.com/in/jayfleischman/
B,"Regina Kiperman, Esq.",new york,"Regina Kiperman, Esq., RK Law PC",Rkiperman@rklawny.com,Rkiperman@rklawny.com;asset-7@2x-copy-1024x1006.webp;asset-8@2x-copy-1024x1006.webp;asset-8@2x-copy-300x295.webp;asset-8@2x-copy-768x754.webp;asset-8@2x-copy.webp;rkiperman@rklawny.com,+1 917-261-4514,https://rklawny.com,"40 Wall St Ste 2508, New York, NY 10005, United States","https://www.google.com/maps/place/Regina+Kiperman,+Esq.,+RK+Law+PC/data=!4m7!3m6!1s0x89c25a17c9092f75:0x5d004367534aaa7c!8m2!3d40.7069605!4d-74.0098527!16s%2Fg%2F11c0vbx4qd!19sChIJdS8JyRdawokRfKpKU2dDAF0",https://www.facebook.com/RKLawPc,,https://www.linkedin.com/in/regina-kiperman/,,,https://www.youtube.com/channel/UCxLqhPVgq8SZ_Q0RYmdrPwA/videos?view=0&sort=p,"Regina Kiperman, Esq.",Founder / Owner,https://www.linkedin.com/in/regina-kiperman/,"Regina Kiperman, Esq.;Ada Chan, Esq.;Anne Littwin, Esq.","Regina Kiperman, Esq.",https://www.linkedin.com/in/regina-kiperman/
B,Paul E. Rudder,new york,"Paul E Rudder, Esq - Divorce Lawyer NYC",paul@paulrudderlaw.com,paul@paulrudderlaw.com,+1 212-826-9900,https://www.divorcelawyersnyc.org,"950 3rd Ave 11th floor, New York, NY 10022, United States","https://www.google.com/maps/place/Paul+E+Rudder,+Esq+-+Divorce+Lawyer+NYC/data=!4m7!3m6!1s0x89c258e566a85c31:0x65252e4655d30df4!8m2!3d40.7601916!4d-73.9679144!16s%2Fg%2F1tdfjlpx!19sChIJMVyoZuVYwokR9A3TVUYuJWU",http://www.facebook.com/PaulEricRudderESQ/,https://www.instagram.com/divorcelawyersnyc/,https://www.linkedin.com/in/paul-e-rudder-divorce-lawyer/,,,,Paul E. Rudder,Founder / Principal Attorney,https://www.linkedin.com/in/paul-e-rudder-divorce-lawyer/,Paul E. Rudder,Paul E. Rudder,https://www.linkedin.com/in/paul-e-rudder-divorce-lawyer/
B,Greg Mansell,new york,Mansell Law,greg@manselllawllc.com,greg@manselllawllc.com,+1 646-921-8900,https://www.newyorkcity-employmentlawyer.com,"85 8th Ave #6M, New York, NY 10011, United States",https://www.google.com/maps/place/Mansell+Law/data=!4m7!3m6!1s0x89c2590122daaaab:0xd16f4361a0a330b4!8m2!3d40.7403739!4d-74.0024304!16s%2Fg%2F11gfgxkmwd!19sChIJq6raIgFZwokRtDCjoGFDb9E,https://www.facebook.com/MansellLawllc,https://www.instagram.com/overtime_lawyers/,https://www.linkedin.com/in/gregmansell22,,,,Greg Mansell,Founding Partner / Lead Attorney,https://www.linkedin.com/in/gregmansell22,Greg Mansell;Carrie Dyer;NYC Employment,Greg Mansell,https://www.linkedin.com/in/gregmansell22
B,Gabrielle Hartley,new york,"Gabrielle Hartley, Esq.",Asset-131@3x-300x36.png,Asset-131@3x-300x36.png;Asset-29@3x-300x79.png;Asset-31@3x-300x51.png;Asset-32@3x-300x86.png;asset-131@3x-300x36.png;asset-29@3x-300x79.png;asset-31@3x-300x51.png;asset-32@3x-300x86.png,+1 212-320-8197,https://www.gabriellehartley.com,"266 Smith St, Brooklyn, NY 11231, United States","https://www.google.com/maps/place/Gabrielle+Hartley,+Esq./data=!4m7!3m6!1s0x89e6d74151604b19:0x631df02fd51fb165!8m2!3d40.6827873!4d-73.9933519!16s%2Fg%2F11b6glh5pt!19sChIJGUtgUUHX5okRZbEf1S_wHWM",https://www.facebook.com/gabriellehartleyesq/,https://www.instagram.com/gabriellehartleyesq/,https://www.linkedin.com/in/gabrielle-hartley-esq-0b43139/,,,https://www.youtube.com/watch?v=RtwFjL4Jr3A;https://www.youtube.com/watch?v=Uq-2ARYXyOM;https://www.youtube.com/watch?v=kaN_M0iBhVk&t=2s,Gabrielle Hartley,Owner / Founder (Attorney & Divorce Mediator),https://www.linkedin.com/in/gabrielle-hartley-esq-0b43139/,Gabrielle Hartley,Gabrielle Hartley,https://www.linkedin.com/in/gabrielle-hartley-esq-0b43139/
B,Marc S. Albert,new york,Law Offices of Marc S. Albert,info@msainjurylaw.com,info@msainjurylaw.com;malbert@msainjurylaw.com,+1 347-472-5080,https://msainjurylaw.com,"7113 5th Ave, Brooklyn, NY 11209, United States",https://www.google.com/maps/place/Law+Offices+of+Marc+S.+Albert/data=!4m7!3m6!1s0x89c25b521d242ff3:0x419daf215ee51d9!8m2!3d40.6320995!4d-74.0212514!16s%2Fg%2F11kfc9t97h!19sChIJ8y8kHVJbwokR2VHuFfLaGQQ,https://www.facebook.com/lawofficesofmarcsalbert,https://www.instagram.com/lawofficeofmarcalbert/,https://www.linkedin.com/in/marc-albert-6199b4a5/,https://www.yelp.com/biz/law-offices-of-marc-albert-astoria,,,Marc S. Albert,Founding Attorney (personal injury & medical malpractice),https://www.linkedin.com/in/marc-albert-6199b4a5/,Marc S. Albert;Ramy Aqel,Marc S. Albert,https://www.linkedin.com/in/marc-albert-6199b4a5/
B,Elena Fast,new york,"The Fast Law Firm, P.C.",10best@2x.png.webp,10best@2x.png.webp;4ny@2x.png.webp;abcnews@2x.png.webp;america-100@2x.png.webp;ap@2x.png.webp;avoo@2x.png.webp;cbs@2x.png.webp;cnn@2x.png.webp;daily-news@2x.png.webp;distinction@2x.png.webp;expertise@2x.png.webp;forbes@2x.png.webp;fox@2x.png.webp;frame-3@0.5x-1.png.webp;guardian@2x.png.webp;lod@2x.png.webp;marquis@2x.png.webp;msn@2x.png.webp;nadc@2x.png.webp;national-trial-lawyers-top100@2x.png.webp;news12@2x.png.webp;newyorkpost@2x.png.webp;nty@2x.png.webp;patch@2x.png.webp;pbs@2x.png.webp;reuters@2x.png.webp;rt@2x.png.webp;super@2x.png.webp;thesun@2x.png.webp;top40@2x.png.webp;vf@2x.png.webp;voa@2x.png.webp;westfair@2x.png.webp;yahoo@2x.png.webp,+1 212-817-4411,https://fastlawpc.com,"521 5th Ave 17th floor, New York, NY 10175, United States","https://www.google.com/maps/place/The+Fast+Law+Firm,+P.C./data=!4m7!3m6!1s0x89c25b456fe9c90f:0x14cc3bbb5d857a7e!8m2!3d40.7541557!4d-73.9799115!16s%2Fg%2F11mvwgtr87!19sChIJD8npb0VbwokRfnqFXbs7zBQ",https://www.facebook.com/fastlawpc/,https://www.instagram.com/fastlawpc/,,,https://www.tiktok.com/@fastlawpc,https://www.youtube.com/channel/UCegJGR4ScGlqevS_eCYHX9Q,Elena Fast,Founder / Managing Partner,https://www.linkedin.com/in/elena-fast-a319272b/,Elena Fast;Best Criminal,Elena Fast,https://www.linkedin.com/in/elena-fast-a319272b/
B,Elazar (Elie) Aryeh,new york,"Law Offices of Elazar Aryeh, PC. (Aryeh Law)",elie@aryehlaw.com,elie@aryehlaw.com,+1 718-261-0210,https://aryehlaw.com,"110-20 71st Rd Ste 110, Forest Hills, NY 11375, United States","https://www.google.com/maps/place/Law+Offices+of+Elazar+Aryeh,+PC.+%28Aryeh+Law%29/data=!4m7!3m6!1s0x89c26109bbb00505:0xf810472c28311a2e!8m2!3d40.7215952!4d-73.841023!16s%2Fg%2F11fl9nxp2w!19sChIJBQWwuwlhwokRLhoxKCxHEPg",https://www.facebook.com/boldthemes/;https://www.facebook.com/eliearyehlaw/,,https://www.linkedin.com/in/elazar-aryeh-14246319,,,,Elazar (Elie) Aryeh,Founder and CEO,https://www.linkedin.com/in/elazar-aryeh-14246319,Elazar (Elie) Aryeh;Mordy Aryeh,Elazar (Elie) Aryeh,https://www.linkedin.com/in/elazar-aryeh-14246319
B,Peter (Pete) Weinman,new york,"Peter J. Weinman, Esq.",Weinman@StatenIslandLaw.com,Weinman@StatenIslandLaw.com;weinman@statenislandlaw.com,+1 718-442-2010,http://www.statenislandlaw.com,"260 Christopher Ln Ste 201, Staten Island, NY 10314, United States","https://www.google.com/maps/place/Peter+J.+Weinman,+Esq./data=!4m7!3m6!1s0x89c24c7f0ff6aaff:0x148fdffaebea5bbc!8m2!3d40.612896!4d-74.1568152!16s%2Fg%2F1wbg09sh!19sChIJ_6r2D39MwokRvFvq6_rfjxQ",https://www.facebook.com/share/16sB8L42UE/,,https://www.linkedin.com/in/statenislandlaw/,,,,Peter (Pete) Weinman,"Founder / Owner, Real Estate Attorney",https://www.linkedin.com/in/statenislandlaw/,Peter Weinman;Peter (Pete) Weinman;Pete Weinman,Peter (Pete) Weinman,https://www.linkedin.com/in/statenislandlaw/
B,Adelola Sheralynn Dow,new york,Dow Divorce Law,clientcarespecialist@adelolalaw.com,clientcarespecialist@adelolalaw.com,+1 347-273-1285,https://www.adelolalaw.com,"900 South Ave Suite 5, Staten Island, NY 10314, United States",https://www.google.com/maps/place/Dow+Divorce+Law/data=!4m7!3m6!1s0x89c24c67428119ff:0xd85b56b761e86745!8m2!3d40.6171198!4d-74.1727097!16s%2Fg%2F1tgs1vjt!19sChIJ_xmBQmdMwokRRWfoYbdWW9g,https://www.facebook.com/DowDivorceLawyers,https://www.instagram.com/dowdivorcelawyers/,https://www.linkedin.com/in/adelola-sheralynn-dow-7556a812,,https://www.tiktok.com/@dowdivorcelaw,https://www.youtube.com/user/Adelola11126,Adelola Sheralynn Dow,Founding Attorney / Owner,https://www.linkedin.com/in/adelola-sheralynn-dow-7556a812,Adelola Sheralynn Dow;Loui-Ann MacKnight;Nicole Goncalves-Krysinski,Adelola Sheralynn Dow,https://www.linkedin.com/in/adelola-sheralynn-dow-7556a812
B,Jana Gouchev,new york,Gouchev Law,legal@thebusinesslawfirm.com,legal@thebusinesslawfirm.com,+1 212-537-9209,https://gouchevlaw.com,"45 Rockefeller Plaza, New York, NY 10111, United States",https://www.google.com/maps/place/Gouchev+Law/data=!4m7!3m6!1s0x89c258feac584531:0x519bc9380de6e39c!8m2!3d40.7588063!4d-73.9788317!16s%2Fg%2F11b6ljf8ps!19sChIJMUVYrP5YwokRnOPmDTjJm1E,https://www.facebook.com/gouchevlaw,,https://www.linkedin.com/company/gouchev-law-pllc,,,https://www.youtube.com/channel/UCjGAzKpZzNhw2ySrBi72itw,Jana Gouchev,Founder / Managing Partner,https://www.linkedin.com/in/jana-gouchev/,Jana Gouchev,Jana Gouchev,https://www.linkedin.com/in/jana-gouchev/
B,Michael Gunzburg,new york,"Michael Gunzburg, P.C.",michael@gunzburglaw.com,michael@gunzburglaw.com,+1 212-725-8500,https://www.gunzburglaw.com/personal-injury-attorney-nyc/pedestrian-accident,"950 3rd Ave, New York, NY 10022, United States","https://www.google.com/maps/place/Michael+Gunzburg,+P.C./data=!4m7!3m6!1s0x89c258e566a842ed:0xd3ba873df4a9d97b!8m2!3d40.7602438!4d-73.9679468!16s%2Fg%2F12hk1d__2!19sChIJ7UKoZuVYwokRe9mp9D2HutM",https://www.facebook.com/Gunzburglaw/,https://www.instagram.com/michaelgunzburg/,https://www.linkedin.com/in/michael-gunzburg-b922438/,,,,Michael Gunzburg,Founder / Owner,https://www.linkedin.com/in/michael-gunzburg-b922438/,Michael Gunzburg,Michael Gunzburg,https://www.linkedin.com/in/michael-gunzburg-b922438/
B,Mark I. Cohen,new york,"Mark I. Cohen, ESQ",mcohen@cfrlaw.net,mcohen@cfrlaw.net,+1 212-732-0002,https://www.markicohenattorneynyc.com,"20 Vesey St #1200, New York, NY 10007, United States","https://www.google.com/maps/place/Mark+I.+Cohen,+ESQ/data=!4m7!3m6!1s0x89c25a190033f9e7:0x2d048ea3ca7cae18!8m2!3d40.7120157!4d-74.0096116!16s%2Fg%2F11gdf83zvf!19sChIJ5_kzABlawokRGK58yqOOBC0",https://www.facebook.com/Mark-I-Cohen-107950293872068/?ref=bookmarks,,https://www.linkedin.com/in/mark-i-cohen-874b022a/,,,,Mark I. Cohen,Founder / Managing Attorney,https://www.linkedin.com/in/mark-i-cohen-874b022a/,NYC Criminal;Mark I. Cohen;Gillian M. Feehan,Mark I. Cohen,https://www.linkedin.com/in/mark-i-cohen-874b022a/
B,Michael E. Greenspan,new york,Greenspan & Greenspan Injury Lawyers | Bronx Personal Injury Lawyer,mike@greenspans-law.com,mike@greenspans-law.com,+1 929-493-4667,https://www.greenspans-law.com/bronx-personal-injury-lawyer,"2929 3rd Ave 4th Floor, Bronx, NY 10455, United States",https://www.google.com/maps/place/Greenspan+%26+Greenspan+Injury+Lawyers+%7C+Bronx+Personal+Injury+Lawyer/data=!4m7!3m6!1s0x89c2f5b7c24d3e3d:0x6cc87f22dfb4b0b7!8m2!3d40.8176278!4d-73.915836!16s%2Fg%2F11ww9b83v2!19sChIJPT5Nwrf1wokRt7C03yJ_yGw,https://www.facebook.com/GreenspanandGreenspan/,,https://www.linkedin.com/company/greenspan-&-greenspan,,https://www.tiktok.com/@greenspans_law,https://www.youtube.com/channel/UCk1w89AhFSXcy3rTJ_oqaYQ,Michael E. Greenspan,Partner / Senior Attorney,https://www.linkedin.com/in/mikegreenspan/,Michael E. Greenspan;Michael R. DeAngelo;Allegra P. Beals,Michael E. Greenspan,https://www.linkedin.com/in/mikegreenspan/
B,Richard S. Jaffe,new york,Law Office Of Cohen & Jaffe - Queens Personal Injury Lawyers,mask-group-21@2x-scaled.jpg,mask-group-21@2x-scaled.jpg;mask-group-22@2x-scaled.jpg,+1 718-606-4945,https://www.cohenjaffe.com/personal-injury-lawyer-queens,"82-11 37th Ave Ste LL14, Jackson Heights, NY 11372, United States",https://www.google.com/maps/place/Law+Office+Of+Cohen+%26+Jaffe+-+Queens+Personal+Injury+Lawyers/data=!4m7!3m6!1s0x89c25f351945a095:0xa3f4ffd20eb65a42!8m2!3d40.7500058!4d-73.8838809!16s%2Fg%2F11t54_s4g6!19sChIJlaBFGTVfwokRQlq2DtL_9KM,http://www.facebook.com/lcjlawfirm,https://www.instagram.com/cohenjaffe/,https://www.linkedin.com/company/law-office-of-cohen-&-jaffe-llp/,https://www.yelp.com/biz/law-office-of-cohen-and-jaffe-llp-new-hyde-park,https://www.tiktok.com/@richardsjjaffe,https://www.youtube.com/channel/UCpn-ymWt173grog83cb0RtQ,Richard S. Jaffe,Co-Founding Partner,https://www.linkedin.com/in/richardsjaffe/,Richard S. Jaffe;Stephen M. Cohen;Stephen B. Tiger,Richard S. Jaffe,https://www.linkedin.com/in/richardsjaffe/
B,Michael E. Vitaliano,new york,"The Vitaliano Law Firm, PLLC",michael@vitalianolawfirm.com,michael@vitalianolawfirm.com,+1 718-273-7800,https://www.vitalianolaw.com,"1492 Victory Blvd, Staten Island, NY 10301, United States","https://www.google.com/maps/place/The+Vitaliano+Law+Firm,+PLLC/data=!4m7!3m6!1s0x89c24f4aded7fdc9:0xd347fe4f5408382b!8m2!3d40.6136308!4d-74.1129618!16s%2Fg%2F11sq25x05s!19sChIJyf3X3kpPwokRKzgIVE_-R9M",https://www.facebook.com/p/The-Vitaliano-Law-Firm-100075949250380/,,https://www.linkedin.com/company/the-vitaliano-law-firm/,,,,Michael E. Vitaliano,Founder and Principal Attorney,https://www.linkedin.com/in/michael-vitaliano-ab5378222/,Michael Vitaliano;Michael E. Vitaliano,Michael E. Vitaliano,https://www.linkedin.com/in/michael-vitaliano-ab5378222/
B,Rovshan Sharifov,new york,"Sharifov & Associates, PLLC",sharifovR@LawfirmSR.com,sharifovR@LawfirmSR.com;logo300new@2x-80x80.jpg;sharifovr@lawfirmsr.com,+1 718-368-2800,https://lawfirmsr.com/nyc-criminal-defense-lawyer,"1629 Sheepshead Bay Rd, Brooklyn, NY 11235, United States","https://www.google.com/maps/place/Sharifov+%26+Associates,+PLLC/data=!4m7!3m6!1s0x89c244646aea7b0f:0x88c3be2d45983ca!8m2!3d40.5869371!4d-73.9525074!16s%2Fg%2F1tmy5z92!19sChIJD3vqamREwokRyoNZ1OI7jAg",https://www.facebook.com/Sharifov-Associates-PLLC-324590924314294/?hc_ref=PAGES_TIMELINE;https://www.facebook.com/sharifovlaw/,,https://www.linkedin.com/company/sharifov-associates-pllc,,,,Rovshan Sharifov,Founder / Managing Partner,https://www.linkedin.com/in/rovshan-sharifov-45384b1/,Victor Shulov,Rovshan Sharifov,https://www.linkedin.com/in/rovshan-sharifov-45384b1/
B,Cheryl Stein,new york,Law & Mediation Offices of Cheryl Stein - Divorce Lawyer NYC,cheryl@cherylsteinesq.com,cheryl@cherylsteinesq.com,+1 646-884-2324,http://www.cherylsteinesq.com,"745 5th Ave #500, New York, NY 10151, United States",https://www.google.com/maps/place/Law+%26+Mediation+Offices+of+Cheryl+Stein+-+Divorce+Lawyer+NYC/data=!4m7!3m6!1s0x89c258fa9c7deadd:0x543dfedcbb0cf8ee!8m2!3d40.7632066!4d-73.9735451!16s%2Fg%2F11b6cwn99j!19sChIJ3ep9nPpYwokR7vgMu9z-PVQ,,,,,,,Cheryl Stein,Owner / Principal Attorney (Divorce Lawyer & Mediator),https://www.linkedin.com/in/cheryl-stein-esq-6a588974/,Cheryl Stein,Cheryl Stein,https://www.linkedin.com/in/cheryl-stein-esq-6a588974/
B,Joseph A. Carofano,new york,LAW OFFICE OF JOSEPH A. CAROFANO P.C,jac@carofanolaw.com,jac@carofanolaw.com;vp@carofanolaw.com;mmr@carofanolaw.com;ammc@carofanolaw.com,+1 718-678-8900,http://www.carofanolaw.com,"3867 E Tremont Ave, Bronx, NY 10465, United States",https://www.google.com/maps/place/LAW+OFFICE+OF+JOSEPH+A.+CAROFANO+P.C/data=!4m7!3m6!1s0x89c28b3ed11aa435:0xf0c27bef8213705b!8m2!3d40.8235905!4d-73.8195062!16s%2Fg%2F1tf3pv2s!19sChIJNaQa0T6LwokRW3ATgu97wvA,https://www.facebook.com/carofanolaw,https://www.instagram.com/carofanolaw/,https://www.linkedin.com/in/joseph-a-carofano-esq-b966466/,,,,Joseph A. Carofano,Founding Partner,https://www.linkedin.com/in/joseph-a-carofano-esq-b966466/,Joseph A. Carofano;Margie M. Rivera;Virginia Petrie,Joseph A. Carofano,https://www.linkedin.com/in/joseph-a-carofano-esq-b966466/
B,Lonny R. Levitz,new york,"Kuharski, Levitz & Giovinazzo, Esq.",consult@KLGLawyer.com,consult@KLGLawyer.com;consult@klglawyer.com,+1 718-448-1600,https://www.klawnyc.com,"176 Hart Blvd, Staten Island, NY 10301, United States","https://www.google.com/maps/place/Kuharski,+Levitz+%26+Giovinazzo,+Esq./data=!4m7!3m6!1s0x89c24e6a810def17:0x9ee9406397757e4c!8m2!3d40.630972!4d-74.1007436!16s%2Fg%2F1tl9ngx9!19sChIJF-8NgWpOwokRTH51l2NA6Z4",https://www.facebook.com/kuharskilevitzgiovinazzo/,,https://www.linkedin.com/in/kuharskilevitzgiovinazzo,,,https://www.youtube.com/@Klawnycattorneys/,Lonny R. Levitz,Founding Partner,,Lonny R. Levitz;Michael J. Kuharski;Lisa E. Giovinazzo,Lonny R. Levitz,LLevitz@KLGlawyer.com
B,Natalie Rios,new york,Brooklyn Law Office of Natalie Rios PLLC,nrios@natalierioslaw.com,nrios@natalierioslaw.com,+1 347-352-6052,https://www.natalierioslaw.com,"240 Kent Ave, Brooklyn, NY 11249, United States",https://www.google.com/maps/place/Brooklyn+Law+Office+of+Natalie+Rios+PLLC/data=!4m7!3m6!1s0x89c25917c4dfa5bf:0xaa55ef6221a0a07a!8m2!3d40.7170066!4d-73.9656929!16s%2Fg%2F11l308lj0y!19sChIJv6XfxBdZwokReqCgIWLvVao,https://www.facebook.com/natalie.rios.372661,https://www.instagram.com/natalierioslaw/,https://www.linkedin.com/in/natalie-rios-esq-52616b231/,,,,Natalie Rios,Founder & Lead Attorney,https://www.linkedin.com/in/natalie-rios-esq-52616b231/,Natalie Rios,Natalie Rios,https://www.linkedin.com/in/natalie-rios-esq-52616b231/
B,Daniel A. McGuinness,new york,Law Offices of Daniel McGuinness,dan@legalmcg.com,dan@legalmcg.com,+1 646-360-0436,https://newyorklegaldefense.com,"353 Lexington Ave Ste 900, New York, NY 10016, United States",https://www.google.com/maps/place/Law+Offices+of+Daniel+McGuinness/data=!4m7!3m6!1s0x89c25900c6949153:0xf6e54b855f3838bb!8m2!3d40.7499411!4d-73.976866!16s%2Fg%2F1tdlj675!19sChIJU5GUxgBZwokRuzg4X4VL5fY,https://www.facebook.com/McGuinnessLaw/,,https://www.linkedin.com/in/daniel-a-mcguinness-b85046b,,,,Daniel A. McGuinness,Founder / Managing Partner,https://www.linkedin.com/in/daniel-a-mcguinness-b85046b,Daniel A. McGuinness,Daniel A. McGuinness,https://www.linkedin.com/in/daniel-a-mcguinness-b85046b
B,Jacqueline Newman,new york,Berkman Bottger Newman & Schein,,,+1 212-867-9123,https://www.berkbot.com,"10 E 40th St 24th Floor, New York, NY 10016, United States",https://www.google.com/maps/place/Berkman+Bottger+Newman+%26+Schein/data=!4m7!3m6!1s0x89c25901d24b9655:0x7a376312fa75c31f!8m2!3d40.7516892!4d-73.98125!16s%2Fg%2F1tdkb_2x!19sChIJVZZL0gFZwokRH8N1-hJjN3o,https://www.facebook.com/BerkmanBottgerNewmanScheinLLP,https://www.instagram.com/BBNSFamilyLaw/,https://www.linkedin.com/company/berkman-bottger-newman-schein-llp,,,,Jacqueline Newman,Managing Partner,https://www.linkedin.com/in/jacqueline-lipson-newman-8425366/,Jacqueline Newman;Barry Berkman;Evan D. Schein,Jacqueline Newman,https://www.linkedin.com/in/jacqueline-lipson-newman-8425366/
B,Donald Drew Goldberg,new york,Goldberg & Chase LLP,dgoldberg@goldbergchase.com,dgoldberg@goldbergchase.com;mchase@goldbergchase.com,+1 718-304-0550,http://www.wcmplaw.com,"26 Court St Ste 1503, Brooklyn, NY 11242, United States",https://www.google.com/maps/place/Goldberg+%26+Chase+LLP/data=!4m7!3m6!1s0x89c25a4916262c47:0xe23e8665fcc4a6c7!8m2!3d40.6932699!4d-73.9907202!16s%2Fg%2F1vqthq34!19sChIJRywmFklawokRx6bE_GWGPuI,https://www.facebook.com/WCMP-Law-647618592004623/,,https://www.linkedin.com/in/marc-chase-112b0033,,,,Donald Drew Goldberg,Name Partner,,Donald Drew Goldberg;Marc J. Chase,Donald Drew Goldberg,https://www.linkedin.com/in/marc-chase-112b0033
B,Juan P. Luciano,new york,Juan Luciano Divorce Lawyer - Bronx,juan@divorcelawfirmnyc.com,juan@divorcelawfirmnyc.com,+1 718-519-8336,https://divorcelawfirmnyc.com/bronx-divorce-lawyer,"187 E 163rd St, Bronx, NY 10451, United States",https://www.google.com/maps/place/Juan+Luciano+Divorce+Lawyer+-+Bronx/data=!4m7!3m6!1s0x89c2f433b18cf015:0xa970007faf1531c1!8m2!3d40.8283366!4d-73.9205923!16s%2Fg%2F11gj4q03jn!19sChIJFfCMsTP0wokRwTEVr38AcKk,https://www.facebook.com/juanlucianodivorcelawyer,,https://www.linkedin.com/in/juan-luciano-08986191/,,,https://www.youtube.com/@juanlucianodivorcelawyer5490,Juan P. Luciano,Founding Attorney / Owner,https://www.linkedin.com/in/juan-luciano-08986191/,Juan P. Luciano;John Teufel,Juan P. Luciano,https://www.linkedin.com/in/juan-luciano-08986191/
B,Rachel L. Kaylie,new york,"Law Offices of Rachel L Kaylie, PC",rachel@kaylielaw.com,rachel@kaylielaw.com,+1 718-615-9000,https://kaylielaw.com,"1702 Avenue Z, Brooklyn, NY 11235, United States","https://www.google.com/maps/place/Law+Offices+of+Rachel+L+Kaylie,+PC/data=!4m7!3m6!1s0x89c244638d524ed3:0x386d58a5324d99ec!8m2!3d40.5880556!4d-73.9521311!16s%2Fg%2F11f2_m2wn3!19sChIJ005SjWNEwokR7JlNMqVYbTg",https://www.facebook.com/rachelkaylielaw/,,https://www.linkedin.com/company/law-offices-of-rachel-kaylie/?viewAsMember=true;https://www.linkedin.com/in/rachel-kaylie-b0a3085/;https://www.linkedin.com/shareArticle?mini=true&url=https%3A%2F%2Fkaylielaw.com%2F&title=Home&summary=&source=Law%20Office%20of%20Rachel%20Kaylie;https://www.linkedin.com/shareArticle?mini=true&url=https%3A%2F%2Fkaylielaw.com%2Fcontact-sheepshead-bay-brooklyn-new-york%2F&title=Contact&summary=&source=Law%20Office%20of%20Rachel%20Kaylie,https://www.yelp.com/biz/law-office-of-rachel-kaylie-brooklyn-3/,,,Rachel L. Kaylie,Founding Partner,https://www.linkedin.com/in/rachel-kaylie-b0a3085/,Rachel L. Kaylie,Rachel L. Kaylie,https://www.linkedin.com/in/rachel-kaylie-b0a3085/
B,Daniel Timins,new york,Timins Law Group,client@timinslaw.com,client@timinslaw.com,+1 212-683-3560,http://www.timinslaw.com,"477 Madison Ave #240, New York, NY 10022, United States",https://www.google.com/maps/place/Timins+Law+Group/data=!4m7!3m6!1s0x89c259ac21735707:0xb320af4befb87ad2!8m2!3d40.7586068!4d-73.9745807!16s%2Fg%2F11bc7rtjm9!19sChIJB1dzIaxZwokR0nq470uvILM,https://www.facebook.com/timinslawgroup/,,https://www.linkedin.com/in/danieltimins,,,https://www.youtube.com/channel/UCC03pJl2VEfejxkbGQwV1PQ/featured;https://www.youtube.com/channel/UCC03pJl2VEfejxkbGQwV1PQ/featuredy,Daniel Timins,"Founding Partner / Attorney (Esq., CFP)",https://www.linkedin.com/in/danieltimins,Daniel Timins;Judith Volkmann;Brian J. Zimmet,Daniel Timins,https://www.linkedin.com/in/danieltimins
B,Paul Roitshtein,new york,"Law Office of Paul Roitshtein, Esq.",paul@roitshtein.com,paul@roitshtein.com,+1 646-389-1512,https://www.roitshtein.com,"31-08 Broadway #204, Astoria, NY 11106, United States","https://www.google.com/maps/place/Law+Office+of+Paul+Roitshtein,+Esq./data=!4m7!3m6!1s0x89c25f374d27c693:0x309e1d2bf618bb03!8m2!3d40.761727!4d-73.925136!16s%2Fg%2F11f01vkt6q!19sChIJk8YnTTdfwokRA7sY9isdnjA",https://www.facebook.com/PRNYLaw/,https://www.instagram.com/prnylaw/,https://www.linkedin.com/in/prnylaw/,,,,Paul Roitshtein,Founder / Owner (Attorney),,Paul Roitshtein,Paul Roitshtein,paul@roitshtein.com
B,Mary Katherine Brown,new york,Law Office Of Mary Katherine Brown,mkb@mkblawgroup.com,mkb@mkblawgroup.com,+1 718-878-6886,https://brooklynfamilydivorce.lawyer,"147 Prince St, Brooklyn, NY 11201, United States",https://www.google.com/maps/place/Law+Office+Of+Mary+Katherine+Brown/data=!4m7!3m6!1s0x89c25bb4d1082839:0xf4f8b702f6484f22!8m2!3d40.692777!4d-73.9823271!16s%2Fg%2F1pv6z023h!19sChIJOSgI0bRbwokRIk9I9gK3-PQ,https://facebook.com/;https://www.facebook.com/NYfamilydivorcelawyer,,https://www.linkedin.com/,,,,Mary Katherine Brown,Owner / Principal Attorney,https://www.linkedin.com/in/mary-katherine-brown-a3b8081a,Mary Katherine Brown,Mary Katherine Brown,https://www.linkedin.com/in/mary-katherine-brown-a3b8081a
B,Juan P. Luciano,new york,Juan Luciano Divorce Lawyer - Manhattan,juan@divorcelawfirmnyc.com,juan@divorcelawfirmnyc.com,+1 212-537-5859,https://divorcelawfirmnyc.com,"347 5th Ave Ste 1003, New York, NY 10016, United States",https://www.google.com/maps/place/Juan+Luciano+Divorce+Lawyer+-+Manhattan/data=!4m7!3m6!1s0x89c259a9b53eaaab:0x37cd1e8511fc43d8!8m2!3d40.7480107!4d-73.9845338!16s%2Fg%2F11ghr0lf1v!19sChIJq6o-talZwokR2EP8EYUezTc,https://www.facebook.com/juanlucianodivorcelawyer,,https://www.linkedin.com/in/juan-luciano-08986191/,,,https://www.youtube.com/@juanlucianodivorcelawyer5490,Juan P. Luciano,Founder / Lead Attorney,https://www.linkedin.com/in/juan-luciano-08986191/,Juan P. Luciano;John Teufel,Juan P. Luciano,https://www.linkedin.com/in/juan-luciano-08986191/
B,Danielle Terese Montalto-Bly,new york,DMB Matrimonial & Family Law,danielle@montaltobly.com,danielle@montaltobly.com,+1 718-689-2900,http://lovelawny.com,"118-35 Queens Blvd #400, Forest Hills, NY 11375, United States",https://www.google.com/maps/place/DMB+Matrimonial+%26+Family+Law/data=!4m7!3m6!1s0x89c25f67e08b301b:0xa0d175f0c969ea7e!8m2!3d40.7148274!4d-73.831194!16s%2Fg%2F11j2w6qm7v!19sChIJGzCL4GdfwokRfuppyfB10aA,https://www.facebook.com/montaltoblyfamilylaw/,https://www.instagram.com/lovelawny/,https://www.linkedin.com/in/danielle-montalto-bly-esq-05817526,,,,Danielle Terese Montalto-Bly,Founder / Owner,https://www.linkedin.com/in/danielle-montalto-bly-esq-05817526,Danielle Terese Montalto-Bly;Right Divorce;Get Free,Danielle Terese Montalto-Bly,https://www.linkedin.com/in/danielle-montalto-bly-esq-05817526
B,James H. Thomson,new york,"Thomson Law, PLLC",jt@nynj.law,jt@nynj.law,+1 718-345-0100,http://nynj.law,"682 Forest Ave, Staten Island, NY 10310, United States","https://www.google.com/maps/place/Thomson+Law,+PLLC/data=!4m7!3m6!1s0x89c24dfdce38da79:0x841c6e049b9193e0!8m2!3d40.6292904!4d-74.1117688!16s%2Fg%2F11r111tg9c!19sChIJedo4zv1NwokR4JORmwRuHIQ",https://www.facebook.com/Thomson-Law-PLLC-11164024119348;https://www.facebook.com/Thomson-Law-PLLC-111640241193486/,https://www.instagram.com/nynj.law/,https://www.linkedin.com/in/jamesthomsonesq/,,,,James H. Thomson,Attorney / Founder,https://www.linkedin.com/in/jamesthomsonesq/,James H. Thomson;Karalyn P. Buono;Rachael Fundaro,James H. Thomson,https://www.linkedin.com/in/jamesthomsonesq/
B,Stefan Resnick,new york,Zeus Estate Planning PLLC,sr@zeusestateplanning.com,sr@zeusestateplanning.com,+1 917-515-1825,https://zeusestateplanning.com,"1002 Dean St, Brooklyn, NY 11238, United States",https://www.google.com/maps/place/Zeus+Estate+Planning+PLLC/data=!4m7!3m6!1s0x89c25b2c6e818ebf:0x278c38796722fac1!8m2!3d40.6777024!4d-73.9573889!16s%2Fg%2F11w80x0kyr!19sChIJv46BbixbwokRwfoiZ3k4jCc,https://www.facebook.com/profile.php?id=61564937633135,https://www.instagram.com/zeus_estate_planning/,https://www.linkedin.com/company/zeus-estate-planning?trk=profile-position,,https://www.tiktok.com/@zeusestateplanning?_t=ZP-90HDiJJ4f1D&_r=1,https://m.youtube.com/channel/UC125p5KJmq2ECYGo8-NRc8A,Stefan Resnick,Managing Partner / Founder,https://www.linkedin.com/in/stefanresnick/,Stefan Resnick,Stefan Resnick,https://www.linkedin.com/in/stefanresnick/
B,James F. Woods,new york,Woods Lonergan: An Elite Commercial Litigation Firm,info@woodslaw.com,info@woodslaw.com;nancy.byrne@woodslaw.com,+1 332-378-5080,https://www.woodslaw.com,"60 E 42nd St #1410, New York, NY 10165, United States",https://www.google.com/maps/place/Woods+Lonergan:+An+Elite+Commercial+Litigation+Firm/data=!4m7!3m6!1s0x89c25900fde72093:0x9a2a0f3fc380dbd1!8m2!3d40.7521673!4d-73.9787184!16s%2Fg%2F1vm7ccjr!19sChIJkyDn_QBZwokR0duAwz8PKpo,https://www.facebook.com/woodslonerganpllc,,https://www.linkedin.com/company/woods-lonergan-llp,,,,James F. Woods,Managing Partner / Founder,https://www.linkedin.com/in/james-woods-esq/,James F. Woods;Lawrence R. Lonergan,James F. Woods,https://www.linkedin.com/in/james-woods-esq/
B,Jacob Braude,new york,"BRAUDE INJURY LAWYERS BROOKLYN | PERSONAL INJURY LAWYERS BROOKLYN, NY",,,+1 718-871-4311,https://findinjurylaw.com,"4410, 3904 15th Ave, Brooklyn, NY 11218, United States","https://www.google.com/maps/place/BRAUDE+INJURY+LAWYERS+BROOKLYN+%7C+PERSONAL+INJURY+LAWYERS+BROOKLYN,+NY/data=!4m7!3m6!1s0x89c25b2a9a710e2d:0x85b5eb762222654c!8m2!3d40.637965!4d-73.9822591!16s%2Fg%2F1tflh46c!19sChIJLQ5xmipbwokRTGUiInbrtYU",,,,,,,Jacob Braude,Founder & CEO / Principal Attorney,https://www.linkedin.com/in/jacob-braude-esq-638018154/,Jacob Braude,Jacob Braude,https://www.linkedin.com/in/jacob-braude-esq-638018154/
B,Orin Kurtz,new york,Orin Kurtz - Employment Attorney,orin@orinkurtz.com,orin@orinkurtz.com,+1 917-627-2840,https://www.orinkurtz.com,,https://www.google.com/maps/place/Orin+Kurtz+-+Employment+Attorney/data=!4m7!3m6!1s0xadc1684a4637913f:0xe7ca4dffa7589003!8m2!3d42.7462215!4d-75.7700406!16s%2Fg%2F11x96_gmd2!19sChIJP5E3Rkpowa0RA5BYp_9Nyuc,,,,,,,Orin Kurtz,Founder / Employment Attorney,https://www.linkedin.com/in/orin-kurtz-93a7336,Orin Kurtz,Orin Kurtz,https://www.linkedin.com/in/orin-kurtz-93a7336
B,Kamilla Mishiyeva,new york,Mishiyeva Law Bankruptcy Law Firm,KAMILLA@MISHIYEVALAW.COM,KAMILLA@MISHIYEVALAW.COM;kamilla@mishiyevalaw.com,+1 646-736-6328,http://kmbankruptcylawyerny.com,"80 Wall St, New York, NY 10005, United States",https://www.google.com/maps/place/Mishiyeva+Law+Bankruptcy+Law+Firm/data=!4m7!3m6!1s0x89c25a163e812f7b:0xb3e02103a6535897!8m2!3d40.7055735!4d-74.0076329!16s%2Fg%2F11b7cbsqsg!19sChIJey-BPhZawokRl1hTpgMh4LM,http://www.facebook.com/Mishiyeva-Law-Probate-Lawyer-NYC-1462396214056639/?ref=hl,,,,,,Kamilla Mishiyeva,"Founder / Attorney (Bankruptcy, Estate & Probate)",https://www.linkedin.com/in/kamilla-mishiyeva-17186066,Kamilla Mishiyeva;NYC Bankruptcy,Kamilla Mishiyeva,https://www.linkedin.com/in/kamilla-mishiyeva-17186066
B,Derek T. Smith,new york,"Derek Smith Law Group, PLLC",derek@dereksmithlaw.com,derek@dereksmithlaw.com,+1 800-807-2209,https://discriminationandsexualharassmentlawyers.com/new-york-city,"The Nelson Tower, 450 7th Ave 30th Floor, New York, NY 10123, United States","https://www.google.com/maps/place/Derek+Smith+Law+Group,+PLLC/data=!4m7!3m6!1s0x89c25a16c7d34709:0x8e699f9cf5dfa9e1!8m2!3d40.7513168!4d-73.9906115!16s%2Fg%2F1tg9jghx!19sChIJCUfTxxZawokR4anf9ZyfaY4",https://www.facebook.com/New.York.City.Employment.Lawyer,https://www.instagram.com/dereksmithlawgroup_/,https://www.linkedin.com/company/derek-smith-law-group-pllc?trk=extra_biz_viewers_viewed,,,https://www.youtube.com/@dereksmithlawgrouppllc,Derek T. Smith,Founder / Principal,https://www.linkedin.com/in/derek-t-smith-esq-48688017/,Derek T. Smith;Zack Holzberg;Caroline H. Miller,Derek T. Smith,https://www.linkedin.com/in/derek-t-smith-esq-48688017/
B,Emma C. Robison,new york,Robison Lemon Law Group LLC,emma@lemonlawcar.com,emma@lemonlawcar.com,+1 833-422-7529,https://lemonlawcar.com/new-york,"276 5th Ave Ste 704-767, New York, NY 10001, United States",https://www.google.com/maps/place/Robison+Lemon+Law+Group+LLC/data=!4m7!3m6!1s0x89c2596091e1da8f:0xff4961de0b62fe18!8m2!3d40.745964!4d-73.986906!16s%2Fg%2F11gmbj3st1!19sChIJj9rhkWBZwokRGP5iC95hSf8,https://www.facebook.com/RobisonLemonLaw/,https://www.instagram.com/robisonlemonlaw/,https://www.linkedin.com/company/robison-lemon-law/,,,https://www.youtube.com/channel/UCGRHC5DixE2bIWqGE31mmsw,Emma C. Robison,Founder / Managing Partner,https://www.linkedin.com/in/emma-chiampou-robison-98013717/,Emma Robison;Emma C. Robison;Stephen Hegedus;Courtney Sofia,Emma C. Robison,https://www.linkedin.com/in/emma-chiampou-robison-98013717/
B,Lee Friedland,new york,Friedland Law,myattorney@friedlandlaw.com,myattorney@friedlandlaw.com,+1 800-210-4878,https://yourfightourbattle.com,"50 Broad St #1502, New York, NY 10004, United States",https://www.google.com/maps/place/Friedland+Law/data=!4m7!3m6!1s0x89c25bccb415a81b:0x28de6cdaeb1bfbb9!8m2!3d40.7056253!4d-74.0116234!16s%2Fg%2F11vkjbjn7f!19sChIJG6gVtMxbwokRufsb69ps3ig,https://www.facebook.com/p/Friedland-Associates-100054487149201/,https://www.instagram.com/friedlandlaw/?hl=en,https://www.linkedin.com/company/friedland-associates-pa,,,,Lee Friedland,Founder / Managing Partner,https://www.linkedin.com/in/lee-friedland-83584a40/,Lee Friedland;Mirelly Friedland,Lee Friedland,https://www.linkedin.com/in/lee-friedland-83584a40/
B,David Kirsch,new york,"David J Kirsch, P.C.",davidkirschlaw@gmail.com,davidkirschlaw@gmail.com;david@davidkirschdefense.com,+1 516-805-6475,https://davidkirschdefense.com,"180 E 162nd St Ste 1cd, Bronx, NY 10451, United States","https://www.google.com/maps/place/David+J+Kirsch,+P.C./data=!4m7!3m6!1s0x89e829d54b130e43:0x19c9c23c6f7bb1e6!8m2!3d40.8272406!4d-73.9213776!16s%2Fg%2F11wbdspvp7!19sChIJQw4TS9Up6IkR5rF7bzzCyRk",https://www.facebook.com/DavidKirschLaw,https://www.instagram.com/davidkirschlaw/,,,,,David Kirsch,Founding Attorney,,David Kirsch;Get Free,David Kirsch,davidkirschlaw@gmail.com
B,Vlad Portnoy,new york,"Law Offices of Vlad Portnoy, P.C.",devteam@robertgerov.com,devteam@robertgerov.com,+1 516-518-8586,https://nywillsandestates.com,"450 7th Ave #1500, New York, NY 10123, United States","https://www.google.com/maps/place/Law+Offices+of+Vlad+Portnoy,+P.C./data=!4m7!3m6!1s0x89c259009684199d:0x4a78eda26fd8492d!8m2!3d40.7514408!4d-73.990675!16s%2Fg%2F125_zj7vd!19sChIJnRmElgBZwokRLUnYb6LteEo",https://www.facebook.com/NYWillsandEstates,https://www.instagram.com/nywillsandestates/,https://www.linkedin.com/company/nywillsandestates/,,https://www.tiktok.com/tag/newyorktrusts,https://www.youtube.com/@nywillsandestates1/featured;https://www.youtube.com/watch?v=57nuIrPbmks,Vlad Portnoy,Founder / Managing Attorney (Estate Planning & Elder Law),https://www.linkedin.com/in/nywillsandestates/,Vlad Portnoy,Vlad Portnoy,https://www.linkedin.com/in/nywillsandestates/
B,Natalia A. Sishodia,new york,Sishodia PLLC | Real Estate Attorney and Estate Planning Lawyer,natalia@sishodialaw.com,natalia@sishodialaw.com;ad5tiadt22f6aqfrpl61ue8nik@group.calendar.google.com;info@sishodialaw.com,+1 833-616-4646,https://sishodia.com,"600 3rd Ave 2nd floor, New York, NY 10016, United States",https://www.google.com/maps/place/Sishodia+PLLC+%7C+Real+Estate+Attorney+and+Estate+Planning+Lawyer/data=!4m7!3m6!1s0x89c259c6a38e2729:0xacc931b9c25bc204!8m2!3d40.7493063!4d-73.9759128!16s%2Fg%2F11n12j92s0!19sChIJKSeOo8ZZwokRBMJbwrkxyaw,https://www.facebook.com/1031attorney,https://www.instagram.com/sishodia_pllc/,https://www.linkedin.com/company/sishodia-pllc,,,,Natalia A. Sishodia,Founder / Managing Attorney (Real Estate & Estate Planning),https://www.linkedin.com/in/natalia-s-132736110/,Natalia Aleksandrovna Sishodia;Natalia A. Sishodia,Natalia A. Sishodia,https://www.linkedin.com/in/natalia-s-132736110/
B,Subhan Tariq,new york,"Credit Report Lawyers & Credit Card Debt Collection Defense & Identity Theft Recovery FCRA FDCPA EFTA FCBA - Tariq Law, PC.",intake@tariqlaw.com,intake@tariqlaw.com;info@tariqlaw.com;subhan@tariqlaw.com,+1 866-885-8529,http://www.tariqlaw.com,"99 Park Ave Ste 1530, New York, NY 10016, United States","https://www.google.com/maps/place/Credit+Report+Lawyers+%26+Credit+Card+Debt+Collection+Defense+%26+Identity+Theft+Recovery+FCRA+FDCPA+EFTA+FCBA+-+Tariq+Law,+PC./data=!4m7!3m6!1s0x89c26118aade51d3:0x897183333814ca29!8m2!3d40.7501698!4d-73.9786884!16s%2Fg%2F11clsrnv74!19sChIJ01HeqhhhwokRKcoUODODcYk",https://www.facebook.com/TariqLawPC/,https://www.instagram.com/creditreportlawyers/;https://www.instagram.com/tariqlawpc/,https://www.linkedin.com/company/tariqlawfirm/,,,https://www.youtube.com/@TariqLawPC;https://www.youtube.com/c/TariqLawPC,Subhan Tariq,Founder / Consumer Rights Attorney,https://www.linkedin.com/in/subhantariq/,Subhan Tariq,Subhan Tariq,https://www.linkedin.com/in/subhantariq/
B,Brian J. O'Connor,new york,O'Connor Injury Law,,,+1 866-945-4749,https://www.oconnorlawfirm.net,"651 Willowbrook Rd Ste 104, Staten Island, NY 10314, United States",https://www.google.com/maps/place/O%27Connor+Injury+Law/data=!4m7!3m6!1s0x89c24bb80ef7c5e1:0x4daf12db2f0dc4de!8m2!3d40.6089717!4d-74.1468882!16s%2Fg%2F1tf3295t!19sChIJ4cX3DrhLwokR3sQNL9sSr00,https://www.facebook.com/OConnorInjuryLaw/,https://www.instagram.com/oconnorinjurylaw/,https://www.linkedin.com/company/oconnor-injury-law,,,https://www.youtube.com/channel/UC0i2K3YVLwr1AV63aLof2vA;https://www.youtube.com/channel/UC0i2K3YVLwr1AV63aLof2vA?sub_confirmation=1,Brian J. O'Connor,Founder / Owner / Lead Attorney,https://www.linkedin.com/in/brian-j-o-connor-a8b22b15/,Brian J. O'Connor,Brian J. O'Connor,https://www.linkedin.com/in/brian-j-o-connor-a8b22b15/
B,Laura Rosenberg,new york,Rosenberg and Rodriguez Personal Injury Lawyers – Bronx Injury and Accident Lawyers,laura@rosenbergfirm.com,laura@rosenbergfirm.com,+1 516-309-4885,https://rosenbergfirm.com,"1500 Astor Ave 2ND FLOOR, Bronx, NY 10469, United States",https://www.google.com/maps/place/Rosenberg+and+Rodriguez+Personal+Injury+Lawyers+%E2%80%93+Bronx+Injury+and+Accident+Lawyers/data=!4m7!3m6!1s0x89c28b30b5756a69:0x1fd7b7a340ebaa02!8m2!3d40.8596627!4d-73.8424669!16s%2Fg%2F11q7c_dx_p!19sChIJaWp1tTCLwokRAqrrQKO31x8,https://www.facebook.com/RosenbergandRodriguez/,https://www.instagram.com/rosenbergandrodriguez/,https://www.linkedin.com/in/laura-rosenberg-69605396/,,,https://www.youtube.com/user/RosenbergnRodriguez,Laura Rosenberg,Founding Partner,https://www.linkedin.com/in/laura-rosenberg-69605396/,Laura Rosenberg;Ivan J. Rodriguez;Robin R. Halstrom,Laura Rosenberg,https://www.linkedin.com/in/laura-rosenberg-69605396/
B,Ralph J. Andrews,new york,Andrews & Leung,closing@lawyer.com,closing@lawyer.com,+1 888-202-2285,http://www.alclosings.com,"1855 Victory Blvd, Staten Island, NY 10314, United States",https://www.google.com/maps/place/Andrews+%26+Leung/data=!4m7!3m6!1s0x89c24e81b9d2fa61:0xeb169f55836574ce!8m2!3d40.613142!4d-74.12536!16s%2Fg%2F11bvt56w__!19sChIJYfrSuYFOwokRznRlg1WfFus,https://www.facebook.com/RJAlawyer/;https://www.facebook.com/stephen.leung.5,https://www.instagram.com/alclosings/?hl=en,https://www.linkedin.com/in/ralph-j-andrews-13304844/,,,,Ralph J. Andrews,Partner / Attorney,https://www.linkedin.com/in/ralph-j-andrews-13304844/,Reasons You;Ralph J. Andrews;Stephen S. Leung,Ralph J. Andrews,https://www.linkedin.com/in/ralph-j-andrews-13304844/
B,Alberto A. Ebanks,new york,New York City Criminal Defense Attorney at Law Alberto Ebanks,alberto@ebankslawfirm.com,alberto@ebankslawfirm.com,+1 518-765-7560,https://www.ebankslawfirm.com,"20 Vesey St #500, New York, NY 10007, United States",https://www.google.com/maps/place/New+York+City+Criminal+Defense+Attorney+at+Law+Alberto+Ebanks/data=!4m7!3m6!1s0x89c25a1900381b53:0x4c3761c93ee7430!8m2!3d40.7120417!4d-74.0095194!16s%2Fg%2F1th5dh0_!19sChIJUxs4ABlawokRMHTukxx2wwQ,https://facebook.com/The-Ebanks-Law-Firm-PLLC-100154564931332,https://instagram.com/ebankslawfirm,https://linkedin.com/in/ebankslawfirm,,https://www.tiktok.com/@ebanks.law.firm,https://youtube.com/channel/UCfjimd0AYKs48KiRB9FiXIg,Alberto A. Ebanks,Founder / Criminal Defense Attorney,https://linkedin.com/in/ebankslawfirm,Alberto A. Ebanks,Alberto A. Ebanks,https://linkedin.com/in/ebankslawfirm
B,Joseph Z. Amsel,new york,"Law Offices of Joseph Z. Amsel, PLLC",2062d0a4929b45348643784b5cb39c36@sentry.wixpress.com,2062d0a4929b45348643784b5cb39c36@sentry.wixpress.com;5d1795a2db124a268f1e1bd88f503500@sentry.wixpress.com;c183baa23371454f99f417f6616b724d@sentry.wixpress.com;dd0a55ccb8124b9c9d938e3acf41f8aa@sentry.wixpress.com;jzamsel@amsellaw.com,+1 888-558-7425,http://www.amsellaw.com,"118-21 Queens Blvd #606, Forest Hills, NY 11375, United States","https://www.google.com/maps/place/Law+Offices+of+Joseph+Z.+Amsel,+PLLC/data=!4m7!3m6!1s0x89c2593f8d01347f:0x2a9b364f4afbffb1!8m2!3d40.7151033!4d-73.831504!16s%2Fg%2F11kws_hr_n!19sChIJfzQBjT9ZwokRsf_7Sk82myo",https://www.facebook.com/AmselLaw,https://www.instagram.com/nylawguru/,https://www.linkedin.com/in/joseph-z-amsel-b7b4323a/,,,,Joseph Z. Amsel,Founding Attorney / Owner,https://www.linkedin.com/in/joseph-z-amsel-b7b4323a/,Joseph Z. Amsel,Joseph Z. Amsel,https://www.linkedin.com/in/joseph-z-amsel-b7b4323a/
B,Stephen Bilkis,new york,"Stephen Bilkis & Associates, PLLC",,,+1 718-767-1700,https://criminaldefense.1800nynylaw.com,"80-02 Kew Gardens Rd #600, Kew Gardens, NY 11415, United States","https://www.google.com/maps/place/Stephen+Bilkis+%26+Associates,+PLLC/data=!4m7!3m6!1s0x89c260bd9c0e5b85:0x8b077455c4ab43d7!8m2!3d40.7136461!4d-73.8312349!16s%2Fg%2F1hc371wnv!19sChIJhVsOnL1gwokR10OrxFV0B4s",https://www.facebook.com/New.York.Criminal.Lawyer,,https://www.linkedin.com/company/law-offices-of-stephen-bilkis-&-associates;https://www.linkedin.com/in/stephen-bilkis-0b533427,,,,Stephen Bilkis,Founding Attorney / Lead Counsel,,Stephen Bilkis;New York,Stephen Bilkis,https://www.linkedin.com/company/law-offices-of-stephen-bilkis-&-associates
B,Michael S. Lamonsoff,new york,"The Law Offices of Michael S. Lamonsoff, PLLC",,,+1 212-962-1020,https://www.msllegal.com,"32 Old Slip, New York, NY 10005, United States","https://www.google.com/maps/place/The+Law+Offices+of+Michael+S.+Lamonsoff,+PLLC/data=!4m7!3m6!1s0x89c25a17cf5696eb:0x27c28a1d9b84b09c!8m2!3d40.7037845!4d-74.0080471!16s%2Fg%2F1wn_7073!19sChIJ65ZWzxdawokRnLCEmx2Kwic",https://www.facebook.com/msllegal/,https://www.instagram.com/msllegal/,https://www.linkedin.com/company/law-offices-of-michael-s--lamonsoff/,,,https://www.youtube.com/user/msllegal,Michael S. Lamonsoff,Founder / Managing Attorney,https://www.linkedin.com/in/michael-lamonsoff-72036121,Michael S. Lamonsoff;Jerome Bivona;New York,Michael S. Lamonsoff,https://www.linkedin.com/in/michael-lamonsoff-72036121
B,Eric D. Subin,new york,Subin Law - Personal Injury Lawyer,,,+1 212-529-1954,https://www.subin.com,"150 Broadway Floor 16, New York, NY 10038, United States",https://www.google.com/maps/place/Subin+Law+-+Personal+Injury+Lawyer/data=!4m7!3m6!1s0x89c25a21e6309f49:0x9f93de2861dcce3c!8m2!3d40.7092447!4d-74.0101195!16s%2Fg%2F1tl1jtjf!19sChIJSZ8w5iFawokRPM7cYSjek58,https://www.facebook.com/subinllp,https://www.instagram.com/subin.llp/,https://www.linkedin.com/company/subinlaw/,,,,Eric D. Subin,Lead Trial Attorney / Principal,https://www.linkedin.com/in/eric-subin-016744185/,Eric D. Subin;Marc S. Subin,Eric D. Subin,https://www.linkedin.com/in/eric-subin-016744185/
B,Edgar N. Romano,new york,Pasternack Tilker Ziegler Walsh Stanton & Romano L.L.P.,,,+1 718-395-5056,https://www.workerslaw.com/brooklyn-ny-lawyers,"180 Livingston St Ste 2, Brooklyn, NY 11201, United States",https://www.google.com/maps/place/Pasternack+Tilker+Ziegler+Walsh+Stanton+%26+Romano+L.L.P./data=!4m7!3m6!1s0x89c25a4ea6c40963:0x1fc7c1027aafc894!8m2!3d40.689717!4d-73.9869212!16s%2Fg%2F1tyyy0r8!19sChIJYwnEpk5awokRlMivegLBxx8,https://www.facebook.com/workerscompensationattorneys/,https://www.instagram.com/workerslaw/,https://www.linkedin.com/company/2051234?trk=tyah,,,https://www.youtube.com/channel/UCWmcULGqu5FiQUU6sVIcleA,Edgar N. Romano,Managing Partner,https://www.linkedin.com/in/edgar-romano-5933136/,Edgar N. Romano;Catherine M. Stanton,Edgar N. Romano,https://www.linkedin.com/in/edgar-romano-5933136/
B,Robert Tsigler,new york,"Law Offices of Robert Tsigler, PLLC",,,+1 718-690-3834,https://www.tsiglerlaw.com,"299 Broadway #1400, New York, NY 10007, United States","https://www.google.com/maps/place/Law+Offices+of+Robert+Tsigler,+PLLC/data=!4m7!3m6!1s0x89c25a21dd503e69:0xcb17c1d090cd0c4e!8m2!3d40.715054!4d-74.00582!16s%2Fg%2F11bwh5bgk8!19sChIJaT5Q3SFawokRTgzNkNDBF8s",https://www.facebook.com/Tsiglerlaw/,https://www.instagram.com/tsiglerlaw/,https://www.linkedin.com/in/robert-tsigler-3813a53a/,https://www.yelp.com/biz/law-offices-of-robert-tsigler-new-york,,https://www.youtube.com/@TsiglerLaw,Robert Tsigler,Founding Attorney,https://www.linkedin.com/in/robert-tsigler-3813a53a/,Robert Tsigler;Michael Zigismund;Scott E. Migden;New York;Aila Logo;Nysba Logo,Robert Tsigler,https://www.linkedin.com/in/robert-tsigler-3813a53a/
B,Alex Shulman,new york,Shulman & Hill - Brooklyn Personal Injury Lawyer,,,+1 917-793-0637,https://shulman-hill.com/brooklyn/personal-injury-lawyer,"26 Court St #2216, Brooklyn, NY 11242, United States",https://www.google.com/maps/place/Shulman+%26+Hill+-+Brooklyn+Personal+Injury+Lawyer/data=!4m7!3m6!1s0x89c25a49253016ed:0xd34e03bf1e2c2e91!8m2!3d40.6934484!4d-73.9908189!16s%2Fg%2F1pp2vcvvp!19sChIJ7RYwJUlawokRkS4sHr8DTtM,https://www.facebook.com/ShulmanHillNYLegal,https://www.instagram.com/shulmanhill_law/,https://www.linkedin.com/company/shulman-&-hill/,,,https://www.youtube.com/@ShulmanHillLaw,Alex Shulman,Founding Partner / General Counsel,https://www.linkedin.com/in/alex-shulman-9a24b44b/,Alex Shulman;JJ Hill;David Schleider,Alex Shulman,https://www.linkedin.com/in/alex-shulman-9a24b44b/
B,Affar Baksh,new york,Law Office of Affar Baksh,info@bakshlaw.com,info@bakshlaw.com,+1 718-848-8515,https://www.bakshlaw.com,"146-06 Hillside Ave., Jamaica, NY 11435, United States",https://www.google.com/maps/place/Law+Office+of+Affar+Baksh/data=!4m7!3m6!1s0x89c260c36391d265:0xc174446167e8b6dc!8m2!3d40.705388!4d-73.81022!16s%2Fg%2F1tf3cg9_!19sChIJZdKRY8NgwokR3LboZ2FEdME,,,,,,,Affar Baksh,Founder / Owner Attorney,https://www.linkedin.com/in/affar-baksh-esq-a3554a45/,Affar Baksh,Affar Baksh,https://www.linkedin.com/in/affar-baksh-esq-a3554a45/
B,Robert J. Greenstein,new york,"Greenstein & Pittari, LLP",greensteinmilbauersocial@gmail.com,greensteinmilbauersocial@gmail.com;info@nyclawfirm.com,+1 212-685-8500,https://www.nyclawfirm.com/nyc-personal-injury-lawyer,"1825 Park Ave, New York, NY 10035, United States","https://www.google.com/maps/place/Greenstein+%26+Pittari,+LLP/data=!4m7!3m6!1s0x89c2f60a53eec2fd:0x7c7fd0ce110c0c4c!8m2!3d40.805205!4d-73.9386147!16s%2Fg%2F1tzgkkzw!19sChIJ_cLuUwr2wokRTAwMEc7Qf3w",https://www.facebook.com/GreensteinPittari,,https://www.linkedin.com/company/greenstein-&-milbauer-personal-injury-attorneys/,,,https://www.youtube.com/channel/UCed2VH384AQn8UA9HELCipA,Robert J. Greenstein,Name Partner / Founding Partner,,Robert J. Greenstein;Bartolomeo Andrew Pittari,Robert J. Greenstein,https://www.linkedin.com/company/greenstein-&-milbauer-personal-injury-attorneys/
B,Desiree Marie Claudio,new york,"Claudio & Associates, Attorneys at Law",contact@claudioandassociates.com,contact@claudioandassociates.com;u0022contact@claudioandassociates.com;dclaudio@claudioandassociates.com;u0022dclaudio@claudioandassociates.com,+1 718-847-0050,https://www.claudioandassociates.com,"89-36 Sutphin Blvd Ste 301-305, Jamaica, NY 11435, United States","https://www.google.com/maps/place/Claudio+%26+Associates,+Attorneys+at+Law/data=!4m7!3m6!1s0x89c2674c69fad1cf:0x7eec1e648be91186!8m2!3d40.7030448!4d-73.8086222!16s%2Fg%2F1q6j72gld!19sChIJz9H6aUxnwokRhhHpi2Qe7H4",,,,,,,Desiree Marie Claudio,Principal Attorney & Founder,https://www.linkedin.com/in/desireeclaudioattorney/,Desiree Marie Claudio;Desiree Marie,Desiree Marie Claudio,https://www.linkedin.com/in/desireeclaudioattorney/
B,Paula Collins,new york,"Law Office of Paula Collins, PLLC",paula@paulacollinslaw.com,paula@paulacollinslaw.com;paulacollinsjd@gmail.com;u003epaula@paulacollinslaw.com,+1 646-467-4646,http://www.paulacollinslaw.com,"251 W 30th St, New York, NY 10001, United States","https://www.google.com/maps/place/Law+Office+of+Paula+Collins,+PLLC/data=!4m7!3m6!1s0x89c2593fef7a992f:0xb1838a8b76be49f5!8m2!3d40.7493629!4d-73.9942691!16s%2Fg%2F11ll_g_f3_!19sChIJL5l67z9ZwokR9Um-douKg7E",,,,,,,Paula Collins,Founding Attorney / Owner,,Paula Collins,Paula Collins,paula@paulacollinslaw.com
B,Daniel Yaniv,new york,"Yaniv & Associates, PC",,,+1 646-395-9100,https://www.yanivlaw.com,"1345 6th Ave Fl 33, New York, NY 10105, United States","https://www.google.com/maps/place/Yaniv+%26+Associates,+PC/data=!4m7!3m6!1s0x89c259a9b3117469:0x63c85fdfb83f4b2e!8m2!3d40.7629637!4d-73.9790126!16s%2Fg%2F1th0cb_h!19sChIJaXQRs6lZwokRLks_uN9fyGM",https://www.facebook.com/yanivlaw/,https://www.instagram.com/yanivassociates/,,,,https://www.youtube.com/user/yanivlaw,Daniel Yaniv,Founder / Managing Partner,https://www.linkedin.com/in/daniel-yaniv-24150910/,Daniel Yaniv;Jaclyn Zackowitz;John Teufel,Daniel Yaniv,https://www.linkedin.com/in/daniel-yaniv-24150910/
B,Tonino Sacco,new york,Sacco & Fillas LLP,mattkim@saccofillas.com,mattkim@saccofillas.com,+1 718-746-3440,https://www.saccofillas.com,"31-19 Newtown Ave, Seventh Floor, Astoria, NY 11102, United States",https://www.google.com/maps/place/Sacco+%26+Fillas+LLP/data=!4m7!3m6!1s0x89c25f465a0bb991:0x2e5cc7b641ef47a6!8m2!3d40.7671267!4d-73.9202598!16s%2Fg%2F1262x6l_f!19sChIJkbkLWkZfwokRpkfvQbbHXC4,https://www.facebook.com/pages/Sacco-Fillas-LLP/359454350777730,https://www.instagram.com/saccofillas/,,,,,Tonino Sacco,Co-Founder / Managing Partner,,Tonino Sacco;Elias N. Fillas;Joseph Katz,Tonino Sacco,https://www.facebook.com/pages/Sacco-Fillas-LLP/359454350777730
B,Gary C. Angiuli,new york,"Angiuli & Gentile, LLP",,,+1 718-550-0466,https://www.aglawnyc.com?npcmp=dir%3Alocal%3A2030602%3A10305,"1493 Hylan Blvd, Staten Island, NY 10305, United States","https://www.google.com/maps/place/Angiuli+%26+Gentile,+LLP/data=!4m7!3m6!1s0x89c24fd2bea778e7:0xdf933024e363d16f!8m2!3d40.5920005!4d-74.087808!16s%2Fg%2F1t_wq803!19sChIJ53invtJPwokRb9Fj4yQwk98",https://www.facebook.com/AGLawFirmNYC,https://www.instagram.com/angiuliandgentilellp,https://www.linkedin.com/company/352385,,,https://www.youtube.com/@AngiuliGentile,Gary C. Angiuli,Managing Partner / Founder,https://www.linkedin.com/in/garyangiuli,Gary C. Angiuli;Annamarie G. Gentile,Gary C. Angiuli,https://www.linkedin.com/in/garyangiuli
B,Robert J. Nahoum,new york,"The Law Offices of Robert J. Nahoum, P.C.",,,+1 718-514-6026,http://bronxdebtdefense.com,"4137 White Plains Rd 2nd floor, Bronx, NY 10466, United States","https://www.google.com/maps/place/The+Law+Offices+of+Robert+J.+Nahoum,+P.C./data=!4m7!3m6!1s0x89c2f396fa9cf129:0x6f1154e855c0a1cb!8m2!3d40.8918111!4d-73.8585834!16s%2Fg%2F11bbt4b4w6!19sChIJKfGc-pbzwokRy6HAVehUEW8",,,,,,,Robert J. Nahoum,Founder / Owner,https://www.linkedin.com/in/robertnahoum,Robert J. Nahoum,Robert J. Nahoum,https://www.linkedin.com/in/robertnahoum
B,Dennis Carrion,new york,Carrion Accident & Injury Attorneys,,,+1 718-550-7701,https://carrionesq.com/queens-personal-injury-lawyer,"74-09 37th Ave #301A, Jackson Heights, NY 11372, United States",https://www.google.com/maps/place/Carrion+Accident+%26+Injury+Attorneys/data=!4m7!3m6!1s0x89c2599f4323eb69:0x5c321700fde2756e!8m2!3d40.7491243!4d-73.8914027!16s%2Fg%2F11gsn5y51_!19sChIJaesjQ59ZwokRbnXi_QAXMlw,https://www.facebook.com/212carrion/,https://www.instagram.com/212carrion/,https://www.linkedin.com/in/dennis-carrion-personal-injury-lawyer/,,https://www.tiktok.com/@dennisthelawyer,https://www.youtube.com/@212CARRION;https://www.youtube.com/watch?v=4REz85h47GY&time_continue=2&source_ve_path=MjE0Mjgz&embeds_referring_euri=https%3A%2F%2Fcarrionesq.com%2F;https://www.youtube.com/watch?v=TRyKIhCxpLk&source_ve_path=MjE0Mjgz&embeds_referring_euri=https%3A%2F%2Fcarrionesq.com%2F;https://www.youtube.com/watch?v=sU7q_Lo5ZZU&t=3s,Dennis Carrion,Founder / Attorney,https://www.linkedin.com/in/dennis-carrion-personal-injury-lawyer/,Dennis Carrion,Dennis Carrion,https://www.linkedin.com/in/dennis-carrion-personal-injury-lawyer/
B,Benedict P. Morelli,new york,Morelli Law Firm,bmorelli@morellilaw.com,bmorelli@morellilaw.com,+1 646-762-5221,https://www.morellilaw.com,"777 3rd Ave 38th Floor, New York, NY 10017, United States",https://www.google.com/maps/place/Morelli+Law+Firm/data=!4m7!3m6!1s0x89c258e45456c4d5:0x9529b75c0021709a!8m2!3d40.7546905!4d-73.9711154!16s%2Fg%2F1th5kcf_!19sChIJ1cRWVORYwokRmnAhAFy3KZU,https://www.facebook.com/morellilawfirm/,https://www.instagram.com/morellilawfirm/,https://www.linkedin.com/company/morellilawfirm/,,,,Benedict P. Morelli,Founding Partner,https://www.linkedin.com/in/benedict-p-morelli-esq-a03855191/,Benedict P. Morelli;Alexander R. Morelli;David T. Sirotkin,Benedict P. Morelli,https://www.linkedin.com/in/benedict-p-morelli-esq-a03855191/
B,Peter W. Kolp,new york,"KOLPLAW, Law Office of Peter W. Kolp, P.C.",,,+1 646-801-7850,https://kolplaw.com,"26 Court St Ste 1714, Brooklyn, NY 11242, United States","https://www.google.com/maps/place/KOLPLAW,+Law+Office+of+Peter+W.+Kolp,+P.C./data=!4m7!3m6!1s0x89c25a4f7701cc0f:0xdf8d785c1db65779!8m2!3d40.6933254!4d-73.9909517!16s%2Fg%2F11c1v1xpxw!19sChIJD8wBd09awokReVe2HVx4jd8",,,,,,,Peter W. Kolp,Founder / Attorney,https://www.linkedin.com/in/peter-kolp-1255b712,Peter W. Kolp,Peter W. Kolp,https://www.linkedin.com/in/peter-kolp-1255b712
B,Michael Cohan,new york,Cohan Law Firm - New York City Injury & Accident Lawyer,,,+1 212-601-2693,https://www.cohanlegal.com,"401 Park Avenue South 10th Floor, New York, NY 10016, United States",https://www.google.com/maps/place/Cohan+Law+Firm+-+New+York+City+Injury+%26+Accident+Lawyer/data=!4m7!3m6!1s0x89c259a79d0d4a0b:0x1b24939d19a6c90e!8m2!3d40.7429491!4d-73.983881!16s%2Fg%2F11cmg8yv0d!19sChIJC0oNnadZwokRDsmmGZ2TJBs,https://www.facebook.com/cohanlaw,https://www.instagram.com/injurylawyersny/,https://www.linkedin.com/in/michael-cohan-9a904644,https://www.yelp.com/biz/cohan-law-firm-new-york,,https://www.youtube.com/@CohanLawFirm,Michael Cohan,Founder / Attorney at Law,https://www.linkedin.com/in/michael-cohan-9a904644,Michael Cohan;Doug Kaplan,Michael Cohan,https://www.linkedin.com/in/michael-cohan-9a904644
B,James J. DeCristofaro,new york,James J. DeCristofaro,,,+1 212-500-1891,https://thelawyerjames.com,"485 Madison Ave Fl 7, New York, NY 10022, United States",https://www.google.com/maps/place/James+J.+DeCristofaro/data=!4m7!3m6!1s0x89c259ba9c75d7db:0x857b0296cc8c3927!8m2!3d40.7589575!4d-73.9745896!16s%2Fg%2F12hkdx3x1!19sChIJ29d1nLpZwokRJzmMzJYCe4U,https://www.facebook.com/DCLfirm/,,,,,https://www.youtube.com/channel/UCJZY4sQlLV4vnCFOsJyPV8g?view_as=subscriber,James J. DeCristofaro,Founder / Business & Real Estate Attorney,https://www.linkedin.com/in/jamesdecristofaro/,James J. DeCristofaro;New York;One Sheet,James J. DeCristofaro,https://www.linkedin.com/in/jamesdecristofaro/
B,Jose Xavier Orochena,new york,Orochena Law Office,,,+1 646-580-9692,http://www.defenselaw.nyc,"5606 Broadway 2nd fl suite 1, Bronx, NY 10463, United States",https://www.google.com/maps/place/Orochena+Law+Office/data=!4m7!3m6!1s0x89c2f39655d0de49:0xbd2959ff04166d99!8m2!3d40.8796149!4d-73.9040348!16s%2Fg%2F11b8vcd46y!19sChIJSd7QVZbzwokRmW0WBP9ZKb0,,,,,,,Jose Xavier Orochena,Founder / Managing Attorney,https://www.linkedin.com/in/jose-xavier-orochena-00711a10a/,Jose Xavier Orochena,Jose Xavier Orochena,https://www.linkedin.com/in/jose-xavier-orochena-00711a10a/
B,Gregory C. Ward,new york,"The Ward Law Group, PLLC",,,+1 646-956-2797,https://www.855dolor55.com/new-york,"535 5th Ave Suite 2600, New York, NY 10017, United States","https://www.google.com/maps/place/The+Ward+Law+Group,+PLLC/data=!4m7!3m6!1s0x89c259fea008c2c3:0x173a402e57c1c1b9!8m2!3d40.7548367!4d-73.9793987!16s%2Fg%2F11tgcw6qxr!19sChIJw8IIoP5ZwokRucHBVy5AOhc",https://www.facebook.com/AbogadaJanyMWard,https://www.instagram.com/janymartinezward/,https://www.linkedin.com/in/jany-martinez-ward-esq-22821942/,,https://www.tiktok.com/@janymartinezward,https://www.youtube.com/@janymartinezward,Gregory C. Ward,Founding Partner / Co-Founder,,Gregory C. Ward;Jany Martinez-Ward,Gregory C. Ward,https://www.linkedin.com/in/jany-martinez-ward-esq-22821942/
B,Brian A. Stark,new york,Stark Law PLLC,info@starklawpllc.com,info@starklawpllc.com,+1 718-792-1200,http://starklawpllc.com/landlord-tenant-law-nyc,"1325 Castle Hill Ave, Bronx, NY 10462, United States",https://www.google.com/maps/place/Stark+Law+PLLC/data=!4m7!3m6!1s0x89c2f4c821d167bd:0x704e4e10e1b6b68d!8m2!3d40.834938!4d-73.8523!16s%2Fg%2F1tg16np8!19sChIJvWfRIcj0wokRjba24RBOTnA,https://www.facebook.com/StarkLawPLLC/,,https://www.linkedin.com/company/stark-law-pllc/,https://www.yelp.com/biz/stark-law-bronx?hrid=OuJ2HWiar-r9FUitHDA_FQ,,,Brian A. Stark,Managing Partner / Founding Attorney,https://www.linkedin.com/in/brian-stark-3ba39a3a/,Brian A. Stark;Vadim Goldshteyn;Jackie McIntosh,Brian A. Stark,https://www.linkedin.com/in/brian-stark-3ba39a3a/
B,Stephen Bilkis,new york,"Stephen Bilkis & Associates, PLLC",,,+1 212-254-6800,https://familylawyer.1800nynylaw.com,"100 Park Ave 16th floor, New York, NY 10017, United States","https://www.google.com/maps/place/Stephen+Bilkis+%26+Associates,+PLLC/data=!4m7!3m6!1s0x89c2590113846057:0xd970c2c7e26b7f5e!8m2!3d40.7515507!4d-73.978922!16s%2Fg%2F1tjhyksb!19sChIJV2CEEwFZwokRXn9r4sfCcNk",https://www.facebook.com/New.York.Criminal.Lawyer,,https://www.linkedin.com/company/law-offices-of-stephen-bilkis-&-associates,,,,Stephen Bilkis,Founder / Managing Partner,https://www.linkedin.com/in/stephenbilkis,New York;Stephen Bilkis,Stephen Bilkis,https://www.linkedin.com/in/stephenbilkis
B,Joam Alisme,new york,Alisme Law LLC,info@alismelaw.com,info@alismelaw.com,+1 917-540-6067,http://www.alismelaw.com,"15 MetroTech Center 7th Floor, Brooklyn, NY 11201, United States",https://www.google.com/maps/place/Alisme+Law+LLC/data=!4m7!3m6!1s0x89c25a49065670fb:0x2528883e491a1ade!8m2!3d40.6939649!4d-73.9843387!16s%2Fg%2F11nnwgky_m!19sChIJ-3BWBklawokR3hoaST6IKCU,https://www.facebook.com/nybusinesslitigator/,https://www.instagram.com/nybusinesslitigator/,https://www.linkedin.com/company/alismelawllc,,,,Joam Alisme,Founder / Managing Attorney,https://www.linkedin.com/in/joam-alisme-7984b355/,Joam Alisme,Joam Alisme,https://www.linkedin.com/in/joam-alisme-7984b355/
B,Ruben Davidoff,new york,Queens Personal Injury Lawyer Ruben Davidoff,,,+1 718-612-7198,https://www.lawfirmdavidoff.com,"108-18 Queens Blvd, Forest Hills, NY 11375, United States",https://www.google.com/maps/place/Queens+Personal+Injury+Lawyer+Ruben+Davidoff/data=!4m7!3m6!1s0x89c25e27376a3ac3:0x8fb3b5c8d6afee39!8m2!3d40.7208319!4d-73.8439449!16s%2Fg%2F11_v9613c!19sChIJwzpqNydewokROe6v1si1s48,https://www.facebook.com/DavidoffLawFirm/;https://www.facebook.com/profile.php?id=61565608134526,https://www.instagram.com/davidofflaw/,https://www.linkedin.com/company/the-law-firm-of-davidoff-&-associates/,,https://www.tiktok.com/@davidofflaw,,Ruben Davidoff,Founder / Managing Attorney,https://www.linkedin.com/in/ruben-davidoff-7287a736/,Ruben Davidoff;Pryanka Arora;Mark Getzoni,Ruben Davidoff,https://www.linkedin.com/in/ruben-davidoff-7287a736/
B,Mary Ellen O'Connor,new york,O'Connor Law PLLC,,,+1 646-699-8378,https://www.nyworkerslaw.com/bronx/workers-compensation-lawyer,"626 City Island Ave Ste A, Bronx, NY 10464, United States",https://www.google.com/maps/place/O%27Connor+Law+PLLC/data=!4m7!3m6!1s0x89c28d47babb7ca1:0x84ff5b7eb8d1bb1a!8m2!3d40.8552017!4d-73.7910468!16s%2Fg%2F11tgd4pxx5!19sChIJoXy7ukeNwokRGrvRuH5b_4Q,https://www.facebook.com/OCLawNY,https://www.instagram.com/oclawny/,,,,https://www.youtube.com/channel/UCQzBeZDEX3mKp3wjUSAImOg,Mary Ellen O'Connor,Founder / Principal Attorney,https://www.linkedin.com/in/mary-ellen-o-connor-961789115/,Mary Ellen O'Connor;Vanessa Noel;John Talbot;New York,Mary Ellen O'Connor,https://www.linkedin.com/in/mary-ellen-o-connor-961789115/
B,Craig D. Rosenbaum,new york,Rosenbaum Meier Personal Injury Lawyers,marketing@rosenbaumnylaw.com,marketing@rosenbaumnylaw.com,+1 212-514-5007,https://www.rosenbaumnylaw.com,"100 Wall St 24th floor, New York, NY 10005, United States",https://www.google.com/maps/place/Rosenbaum+Meier+Personal+Injury+Lawyers/data=!4m7!3m6!1s0x89c25a161d5f989d:0x87d5cb4744d8327c!8m2!3d40.7051415!4d-74.0067386!16s%2Fg%2F1tlvqfz7!19sChIJnZhfHRZawokRfDLYREfL1Yc,https://www.facebook.com/Rosenbaumny/,,https://www.linkedin.com/company/rosenbaum-&-rosenbaum-p-c-/,,,,Craig D. Rosenbaum,Founder / Senior Partner,https://www.linkedin.com/in/craig-rosenbaum-18a7a16/,Craig D. Rosenbaum;Andrew G. Meier;Erica M. Martini;AVVO Rating,Craig D. Rosenbaum,https://www.linkedin.com/in/craig-rosenbaum-18a7a16/
B,Kevin B. Zazzera,new york,"Law Office of Kevin Zazzera, Esq.",,,+1 718-987-2700,https://www.bankruptcylawyerinstatenisland.com,"182 Rose Ave, Staten Island, NY 10306, United States","https://www.google.com/maps/place/Law+Office+of+Kevin+Zazzera,+Esq./data=!4m7!3m6!1s0x89c249539124a2a5:0x93e06ae255c57dfb!8m2!3d40.5726035!4d-74.1171828!16s%2Fg%2F1tfsnxhl!19sChIJpaIkkVNJwokR-33FVeJq4JM",,,,,,,Kevin B. Zazzera,Owner / Attorney at Law,https://www.linkedin.com/in/kevin-zazzera-a5aa3417/,Kevin B. Zazzera,Kevin B. Zazzera,https://www.linkedin.com/in/kevin-zazzera-a5aa3417/
B,Abdul Karim Hassan,new york,"Abdul Hassan Law Group, PLLC",legal@abdulhassan.com,legal@abdulhassan.com;nylaborlawyer@gmail.com,+1 718-740-1000,http://www.nylaborlawyer.com,"215-28 Hillside Ave., Queens Village, NY 11427, United States","https://www.google.com/maps/place/Abdul+Hassan+Law+Group,+PLLC/data=!4m7!3m6!1s0x89c2622d00000001:0xfdff54fbab9bee5b!8m2!3d40.727072!4d-73.748912!16s%2Fg%2F1tjs5w3n!19sChIJAQAAAC1iwokRW-6bq_tU__0",,,,,,,Abdul Karim Hassan,Founder / Principal Attorney,,Abdul Karim Hassan,Abdul Karim Hassan,
B,Darren T. Moore,new york,MooreJustice New York City Accident & Injury Lawyers,info@injurylawatty.com,info@injurylawatty.com,+1 917-993-5116,https://www.injurylawatty.com,"171 Madison Ave Ste 305, New York, NY 10016, United States",https://www.google.com/maps/place/MooreJustice+New+York+City+Accident+%26+Injury+Lawyers/data=!4m7!3m6!1s0x89c25bd70f8e73e9:0x7f15e383c214195f!8m2!3d40.7472033!4d-73.9831256!16s%2Fg%2F11fkk_lrfk!19sChIJ6XOOD9dbwokRXxkUwoPjFX8,https://www.facebook.com/injurylawatty/?eid=ARC-RzFvgSP0cIGZi9kSYFoIPGq2lr9j-MuxtuSKvvBnUowQ1EEutr9WRz7zHdSTAHsLK92IeTgl3csV,https://www.instagram.com/moorejustice_law/,,,,,Darren T. Moore,Founding Attorney / Owner,https://www.linkedin.com/in/darren-moore-57339a18/,Darren T. Moore;Nicholas Blatti,Darren T. Moore,https://www.linkedin.com/in/darren-moore-57339a18/
B,Scott Grauman,new york,Grauman Law P.C.,,,+1 718-554-1616,https://www.graumanlaw.com,"125-16 Queens Blvd, Kew Gardens, NY 11415, United States",https://www.google.com/maps/place/Grauman+Law+P.C./data=!4m7!3m6!1s0x89c260bd90691ae9:0x7d4c4c8de86e1f05!8m2!3d40.7120573!4d-73.8265996!16s%2Fg%2F1yg6nq7b_!19sChIJ6RppkL1gwokRBR9u6I1MTH0,https://www.facebook.com/GraumanLawPC/,https://www.instagram.com/suitedscott/,,,https://www.tiktok.com/@suitedscott,https://www.youtube.com/@suitedscott,Scott Grauman,Founder / Managing Attorney,https://www.linkedin.com/in/scott-grauman-302625111/,Scott Grauman;Alex Freundlich;Sean McNicholas,Scott Grauman,https://www.linkedin.com/in/scott-grauman-302625111/
B,Roberto Pagan Lopez,new york,Pagan Lopez Law Office,info@paganlopezlaw.com,info@paganlopezlaw.com,+1 646-216-8881,http://www.paganlopezlaw.com,"96-04 Northern Blvd, Corona, NY 11368, United States",https://www.google.com/maps/place/Pagan+Lopez+Law+Office/data=!4m7!3m6!1s0x89c258d524e40001:0xefed3c7061a77f20!8m2!3d40.7567387!4d-73.871976!16s%2Fg%2F11hbw40sn7!19sChIJAQDkJNVYwokRIH-nYXA87e8,https://www.facebook.com/paganlopezlawofficial?mibextid=LQQJ4d,https://www.instagram.com/paganlopezlawofficial/?hl=es-la,,,,https://www.youtube.com/@Paganlopezlaw,Roberto Pagan Lopez,Founder / Attorney,https://www.linkedin.com/in/roberto-pagan-lopez-5b402236a/,Roberto Pagan Lopez,Roberto Pagan Lopez,https://www.linkedin.com/in/roberto-pagan-lopez-5b402236a/
B,Ryan J. Walsh,new york,The Law Firm of Walsh & Gilad,,,+1 718-793-2488,https://walshgiladlaw.com,"125-10 Queens Blvd #222, Kew Gardens, NY 11415, United States",https://www.google.com/maps/place/The+Law+Firm+of+Walsh+%26+Gilad/data=!4m7!3m6!1s0x89c25e212fb05dcf:0xcee4912144ce8142!8m2!3d40.7119297!4d-73.826361!16s%2Fg%2F1tql5py0!19sChIJz12wLyFewokRQoHORCGR5M4,,,,,,,Ryan J. Walsh,Partner / Name Partner,https://www.linkedin.com/in/ryan-walsh-9956a04/,Ryan J. Walsh;Samuel Gilad,Ryan J. Walsh,https://www.linkedin.com/in/ryan-walsh-9956a04/
B,Theodore Alatsas,new york,Alatsas Law Firm,,,+1 718-233-2903,https://www.alatsaslawfirm.com,"2115 Avenue U, Brooklyn, NY 11229, United States",https://www.google.com/maps/place/Alatsas+Law+Firm/data=!4m7!3m6!1s0x89c2448fa7922fa1:0xdd1a3109e85d6f57!8m2!3d40.5997841!4d-73.9498495!16s%2Fg%2F11c3196k9v!19sChIJoS-Sp49EwokRV29d6AkxGt0,https://www.facebook.com/TedAlatsasEsq/,https://www.instagram.com/tedalatsas/,https://www.linkedin.com/in/theodore-alatsas-7361275/,,,https://www.youtube.com/channel/UC4bhPkoiE3f_qP_WgdVZiVw;https://www.youtube.com/channel/UC4bhPkoiE3f_qP_WgdVZiVw?sub_confirmation=1,Theodore Alatsas,Founder / Managing Partner,https://www.linkedin.com/in/theodore-alatsas-7361275/,Theodore Alatsas;Danielle Mezzatesta,Theodore Alatsas,https://www.linkedin.com/in/theodore-alatsas-7361275/
B,"Louis ""Lou"" Pechman",new york,Pechman Law Group PLLC,info@pechmanlaw.com,info@pechmanlaw.com,+1 212-583-9500,https://pechmanlaw.com,"488 Madison Ave Suite 1704, New York, NY 10022, United States",https://www.google.com/maps/place/Pechman+Law+Group+PLLC/data=!4m7!3m6!1s0x89c258fc77c0637d:0x1bc18b1cb939e71!8m2!3d40.7589103!4d-73.9751974!16s%2Fg%2F1tdv_t1h!19sChIJfWPAd_xYwokRcZ6Ty7EYvAE,https://www.facebook.com/abogadoslaboralesny/,,https://www.linkedin.com/company/9280657/,,,,"Louis ""Lou"" Pechman",Founder / Principal Attorney,https://www.linkedin.com/in/louispechman,"Louis ""Lou"" Pechman;New York","Louis ""Lou"" Pechman",https://www.linkedin.com/in/louispechman
B,Svetlana Prizant,new york,Prizant Law - Immigration Lawyer NYC,sprizant@prizant-law.com,sprizant@prizant-law.com,+1 718-407-0871,https://www.prizant-law.com,"118-21 Queens Blvd #507, Forest Hills, NY 11375, United States",https://www.google.com/maps/place/Prizant+Law+-+Immigration+Lawyer+NYC/data=!4m7!3m6!1s0x89c260986a6723d3:0xc09923dbb258f50b!8m2!3d40.7150909!4d-73.831523!16s%2Fg%2F11b5yqnk4y!19sChIJ0yNnaphgwokRC_VYstsjmcA,https://www.facebook.com/prizantlaw/,,https://www.linkedin.com/company/prizant-law,,,,Svetlana Prizant,Founding & Managing Attorney,https://www.linkedin.com/in/svetlana-prizant-0979b363,Svetlana Prizant,Svetlana Prizant,https://www.linkedin.com/in/svetlana-prizant-0979b363
B,Joseph D. Nohavicka,new york,Pardalis and Nohavicka Lawyers,,,+1 212-213-8511,https://pnlawyers.com,"950 3rd Ave 11th floor, New York, NY 10022, United States",https://www.google.com/maps/place/Pardalis+and+Nohavicka+Lawyers/data=!4m7!3m6!1s0x89c258e32e3f2751:0xb463a10a805fe02d!8m2!3d40.7602219!4d-73.9680614!16s%2Fg%2F11c0v8fylh!19sChIJUSc_LuNYwokRLeBfgAqhY7Q,https://www.facebook.com/newyorkcitylawyers/;https://www.facebook.com/pg/newyorkcitylawyers/reviews,https://www.instagram.com/pnlawyers/,https://www.linkedin.com/company/pnlawyers,https://www.yelp.com/biz/pardalis-and-nohavicka-lawyers-manhattan-new-york,,https://www.youtube.com/c/PardalisNohavickaLLPNewYork/videos;https://www.youtube.com/channel/UCKVJaAah_yqySws0hmgXlcA,Joseph D. Nohavicka,Founding Partner,https://www.linkedin.com/in/joseph-d-nohavicka-b812276/,Joseph D. Nohavicka;Taso Pardalis,Joseph D. Nohavicka,https://www.linkedin.com/in/joseph-d-nohavicka-b812276/
B,Joseph G. Macaluso,new york,"Macaluso & Fafinski, P.C.",contact@lawyers24-7.com,contact@lawyers24-7.com,+1 718-364-4000,https://lawyers24-7.com,"1 Fordham Plaza #1002, Bronx, NY 10458, United States","https://www.google.com/maps/place/Macaluso+%26+Fafinski,+P.C./data=!4m7!3m6!1s0x89c2f47ff5ad922b:0x2fdec24d93001690!8m2!3d40.8604502!4d-73.8898253!16s%2Fg%2F1ttq30r5!19sChIJK5Kt9X_0wokRkBYAk03C3i8",https://www.facebook.com/macalusofafinskibronxny,,https://www.linkedin.com/in/joseph-macaluso-73a54b15;https://www.linkedin.com/shareArticle?mini=true&url=&title=dtest&summary=&source=https://www.lawyers24-7.com/;https://www.linkedin.com/shareArticle?mini=true&url=&title=dtest&summary=&source=https://www.lawyers24-7.com/attorney/;https://www.linkedin.com/shareArticle?mini=true&url=&title=dtest&summary=&source=https://www.lawyers24-7.com/contact-us/,,,,Joseph G. Macaluso,Founder / Partner,https://www.linkedin.com/in/joseph-macaluso-73a54b15,Joseph G. Macaluso;Bronx Personal,Joseph G. Macaluso,https://www.linkedin.com/in/joseph-macaluso-73a54b15
B,Nick Russo,new york,Morgan & Morgan,,,+1 212-845-2800,https://www.forthepeople.com/office-locations/new-york-state/bronx,"1500 Astor Ave 2ND FLOOR, Bronx, NY 10469, United States",https://www.google.com/maps/place/Morgan+%26+Morgan/data=!4m7!3m6!1s0x89c2f3fac6142f69:0xd83c3bbda323dcff!8m2!3d40.8596627!4d-73.8424669!16s%2Fg%2F11y3b4q4rf!19sChIJaS8UxvrzwokR_9wjo707PNg,https://www.facebook.com/MMForthePeople,https://www.instagram.com/forthepeople/,https://www.linkedin.com/company/morgan-&-morgan-llc,,,https://www.youtube.com/user/mmforthepeople,Nick Russo,Co-Managing Partner (NY/NJ),https://www.linkedin.com/in/nick-russo520,,Nick Russo,https://www.linkedin.com/in/nick-russo520
B,Ross Pitcoff,new york,"Pitcoff Law Group, PC",info@pitcofflawgroup.com,info@pitcofflawgroup.com,+1 646-859-6264,http://www.pitcofflawgroup.com,"230 Park Ave 3rd Floor West, New York, NY 10169, United States","https://www.google.com/maps/place/Pitcoff+Law+Group,+PC/data=!4m7!3m6!1s0x89c259a79e1d5e6f:0x1ffab9f6bd1d175e!8m2!3d40.7544726!4d-73.9759622!16s%2Fg%2F11f1wlyll2!19sChIJb14dnqdZwokRXhcdvfa5-h8",https://www.facebook.com/pitcofflawgroup,https://www.instagram.com/pitcofflawgroup/,,,,https://www.youtube.com/channel/UCnTunXpdLfXyWbqxkSFC71g,Ross Pitcoff,Founder / Managing Partner,,Ross Pitcoff;Sean M. Holas,Ross Pitcoff,https://www.facebook.com/pitcofflawgroup/
B,Daniel M. Katzner,new york,"The Law Offices of Daniel M. Katzner, P.C.",danielkatzner@yahoo.com,danielkatzner@yahoo.com,+1 718-589-3999,http://www.katznerlaw.com,"1025 Longwood Ave, Bronx, NY 10459, United States","https://www.google.com/maps/place/The+Law+Offices+of+Daniel+M.+Katzner,+P.C./data=!4m7!3m6!1s0x89c2f5ae9f603d43:0x7f96bd8dcc31466d!8m2!3d40.8166521!4d-73.8964199!16s%2Fg%2F1tr7dqtc!19sChIJQz1gn671wokRbUYxzI29ln8",https://facebook.com/bronxbankruptcyattorney,,https://www.linkedin.com/pub/daniel-m-katzner/48/a49/111?trk=shareTw,,,,Daniel M. Katzner,Founding Attorney,,Daniel M. Katzner;Bronx Bankruptcy,Daniel M. Katzner,danielkatzner@yahoo.com
B,Vincent A. Cavallo,new york,Cavallo & Cavallo,,,+1 718-822-2203,https://www.cavallolawyers.com,"3453 E Tremont Ave, Bronx, NY 10465, United States",https://www.google.com/maps/place/Cavallo+%26+Cavallo/data=!4m7!3m6!1s0x89c28b47b93dae31:0xfdb6e562fc6873cf!8m2!3d40.8323096!4d-73.8272833!16s%2Fg%2F1vfwdsll!19sChIJMa49uUeLwokRz3No_GLltv0,https://www.facebook.com/Cavallo-Cavallo-103832241518905,,https://www.linkedin.com/company/cavallo-&-cavallo-attorneys,,,,Vincent A. Cavallo,Founding Partner,https://www.linkedin.com/in/vincent-cavallo-18897a18/,Westchester Estate;Vincent A. Cavallo;Orlando A. Cavallo;Westchester Wills,Vincent A. Cavallo,https://www.linkedin.com/in/vincent-cavallo-18897a18/
B,Steven Mitchell Sack,new york,Steven Mitchell Sack Attorney,,,+1 917-371-8000,http://theemployeeslawyer.com,"70 E 55th St 10th floor, New York, NY 10022, United States",https://www.google.com/maps/place/Steven+Mitchell+Sack+Attorney/data=!4m7!3m6!1s0x89c258e566a85c31:0x7cbb75f07c1df764!8m2!3d40.7603918!4d-73.9725644!16s%2Fg%2F1tgz6d0g!19sChIJMVyoZuVYwokRZPcdfPB1u3w,,,,,,,Steven Mitchell Sack,"Founder / Attorney (""The Employee's Lawyer"")",https://www.linkedin.com/in/steven-mitchell-sack-esq-32b5872a5/,Steven Mitchell Sack;Andrew Sack,Steven Mitchell Sack,https://www.linkedin.com/in/steven-mitchell-sack-esq-32b5872a5/
B,Diron Rutty,new york,"The Law Offices of Diron, Rutty, LLC",info@dironruttyllc.com,info@dironruttyllc.com,+1 718-324-0404,https://www.dironruttyllc.com/the-bronx,"1500 Astor Ave, Bronx, NY 10469, United States","https://www.google.com/maps/place/The+Law+Offices+of+Diron,+Rutty,+LLC/data=!4m7!3m6!1s0x89c28cd795a0595d:0x98a1dcde3897ccd2!8m2!3d40.8596627!4d-73.8424669!16s%2Fg%2F1trxl64g!19sChIJXVmgldeMwokR0syXON7coZg",https://www.facebook.com/dironslaw/,https://www.instagram.com/dironruttyllc,https://www.linkedin.com/in/diron-rutty-1960b949,,,,Diron Rutty,Founder / Managing Attorney,https://www.linkedin.com/in/diron-rutty-1960b949,Diron Rutty,Diron Rutty,https://www.linkedin.com/in/diron-rutty-1960b949
B,Jeffrey A. Block,new york,Block O'Toole & Murphy,,,+1 212-736-5300,https://www.blockotoole.com?npcmp=dir%3Alocal%3A1992942%3A10119,"1 Pennsylvania Plaza Suite 4850, New York, NY 10119, United States",https://www.google.com/maps/place/Block+O%27Toole+%26+Murphy/data=!4m7!3m6!1s0x89c259ae62779285:0x4671fcf24338c38b!8m2!3d40.7513859!4d-73.9924627!16s%2Fg%2F1thvz5rm!19sChIJhZJ3Yq5ZwokRi8M4Q_L8cUY,https://www.facebook.com/pages/Law-Offices-of-Block-OToole-Murphy/205117332862015,,https://www.linkedin.com/company/block-o'toole-&-murphy-llp,,,https://www.youtube.com/channel/UCiBwNe8dswfdtjdw_Jk1jLg/,Jeffrey A. Block,Founding Partner,https://www.linkedin.com/in/jeffrey-block-551a1011/,Jeffrey A. Block;Daniel P. O'Toole,Jeffrey A. Block,https://www.linkedin.com/in/jeffrey-block-551a1011/
B,Paul Koenigsberg,new york,Koenigsberg & Associates Law Offices,,,+1 718-690-3132,https://www.kalawyer.com,"1213 Avenue U, Brooklyn, NY 11229, United States",https://www.google.com/maps/place/Koenigsberg+%26+Associates+Law+Offices/data=!4m7!3m6!1s0x89c244f35465771d:0x46a27fb418da7947!8m2!3d40.598628!4d-73.959762!16s%2Fg%2F1tfsj9n7!19sChIJHXdlVPNEwokRR3naGLR_okY,https://www.facebook.com/LawKoenigsberg/,https://www.instagram.com/koenigsberglawoffices/,,,,https://www.youtube.com/@KALawyer,Paul Koenigsberg,Managing Partner / Founder,https://www.linkedin.com/in/paul-koenigsberg-15514445/,Paul Koenigsberg;Robert Rosenberg,Paul Koenigsberg,https://www.linkedin.com/in/paul-koenigsberg-15514445/
B,Edmond J. Hakimian,new york,"Law Offices of Edmond J. Hakimian, PC.",,,+1 718-362-3180,https://hakimianlaw.com,"75-01 31st Avenue Lower Level, East Elmhurst, NY 11370, United States","https://www.google.com/maps/place/Law+Offices+of+Edmond+J.+Hakimian,+PC./data=!4m7!3m6!1s0x89c25fa738d0abef:0x84ae66cf90f90c3b!8m2!3d40.7587306!4d-73.8921831!16s%2Fg%2F11gh04btv2!19sChIJ76vQOKdfwokROwz5kM9mroQ",https://www.facebook.com/HakimianLaw/,,https://www.linkedin.com/in/edmond-hakimian/,https://www.yelp.com/biz/law-offices-of-edmond-j-hakimian-p-c-jackson-heights,,,Edmond J. Hakimian,Founder / Workers' Compensation Attorney,https://www.linkedin.com/in/edmond-hakimian/,Edmond J. Hakimian,Edmond J. Hakimian,https://www.linkedin.com/in/edmond-hakimian/
B,"Russel Morgan, Esq.",new york,Morgan Legal Group I Estate Planning & Probate Attorney New York City,contact@morganlegalny.com,contact@morganlegalny.com;info@morganlegalny.com,+1 212-561-4299,https://www.morganlegalny.com,"15 Maiden Ln #905, New York, NY 10038, United States",https://www.google.com/maps/place/Morgan+Legal+Group+I+Estate+Planning+%26+Probate+Attorney+New+York+City/data=!4m7!3m6!1s0x89c259231d9dd219:0x23ab0dcdff89c65b!8m2!3d40.7096169!4d-74.0093747!16s%2Fg%2F11fjmvfhcv!19sChIJGdKdHSNZwokRW8aJ_80NqyM,https://www.facebook.com/morganlegalgroupPC,https://www.instagram.com/morganlegalny766/,https://www.linkedin.com/company/28588722/;https://www.linkedin.com/in/russel-morgan-esq-b21621126,,,https://www.youtube.com/channel/UCTgCF5f91xmC6PPsFEmNycA;https://www.youtube.com/playlist?list=PL7uIi1SpUUgHqaI5DtRgK78uetmQcHp8W,"Russel Morgan, Esq.",Founding Partner / Principal,https://www.linkedin.com/in/russel-morgan-esq-b21621126,"Russel Morgan, Esq.;Guy Chirico;Sofia Cristando, Esq.;Staten Island;Rockland County","Russel Morgan, Esq.",https://www.linkedin.com/in/russel-morgan-esq-b21621126
B,Samuel Meirowitz,new york,"Meirowitz & Wasserberg, LLP",,,+1 646-760-8958,https://www.samndan.com/bronx-injury,"332 E 149th St Ste 201, Bronx, NY 10451, United States","https://www.google.com/maps/place/Meirowitz+%26+Wasserberg,+LLP/data=!4m7!3m6!1s0x89c2f59474b2ad25:0xa6febaac5bc7a66c!8m2!3d40.8166283!4d-73.9203104!16s%2Fg%2F11sfbvd7_3!19sChIJJa2ydJT1wokRbKbHW6y6_qY",,,,,,,Samuel Meirowitz,Founding Partner,https://www.linkedin.com/in/mwinjurylaw/,Samuel Meirowitz;Daniel Wasserberg,Samuel Meirowitz,https://www.linkedin.com/in/mwinjurylaw/
B,Vladimir Nikhman,new york,"Nikhman, Nikhman & Associates, PLLC",staff@inklawgroup.com,staff@inklawgroup.com,+1 718-554-0523,https://nikhmanlaw.com,"2903 Ocean Ave, Brooklyn, NY 11235, United States","https://www.google.com/maps/place/Nikhman,+Nikhman+%26+Associates,+PLLC/data=!4m7!3m6!1s0x89c24462e99f2c1f:0x896d6e998b90b291!8m2!3d40.5904285!4d-73.9494145!16s%2Fg%2F12lvfqkcb!19sChIJHyyf6WJEwokRkbKQi5lubYk",,,,,,,Vladimir Nikhman,Partner / Co-Founder,https://www.linkedin.com/in/vladimir-nikhman-82391417/,Vladimir Nikhman;Boris Nikhman,Vladimir Nikhman,https://www.linkedin.com/in/vladimir-nikhman-82391417/
B,Scott G. Cerbin,new york,Scott Cerbin Criminal Defense,info@cerbindefense.com,info@cerbindefense.com,+1 718-596-1829,https://cerbindefense.com,"254 36th St Ste C659, Brooklyn, NY 11232, United States",https://www.google.com/maps/place/Scott+Cerbin+Criminal+Defense/data=!4m7!3m6!1s0x89c25a4916262c47:0xaf0c02b6494c58e4!8m2!3d40.6560789!4d-74.0078174!16s%2Fg%2F1td2vtns!19sChIJRywmFklawokR5FhMSbYCDK8,https://www.facebook.com/CerbinDefense,,https://www.linkedin.com/company/law-office-of-scott-g-cerbin-esq-pllc/about/,https://www.yelp.com/biz/scott-cerbin-criminal-defense-brooklyn#reviews,,,Scott G. Cerbin,Founder / Principal Attorney,https://www.linkedin.com/in/scott-cerbin-5810b311,Scott G. Cerbin;New York,Scott G. Cerbin,https://www.linkedin.com/in/scott-cerbin-5810b311
B,Neil Kalra,new york,Kalra Law Firm Construction Accident Lawyers,,,+1 718-897-2211,https://www.unionlawyer.com,"100-15 Queens Blvd #203, Forest Hills, NY 11375, United States",https://www.google.com/maps/place/Kalra+Law+Firm+Construction+Accident+Lawyers/data=!4m7!3m6!1s0x89c25e2ff7687db3:0xbab81a7e43447e78!8m2!3d40.7271054!4d-73.853047!16s%2Fg%2F12hn3kl1r!19sChIJs31o9y9ewokReH5EQ34auLo,,,,,,,Neil Kalra,Founder / Lead Attorney,https://www.linkedin.com/in/neil-kalra-84794b9,Neil Kalra;Mark Gertler;Injured Construction,Neil Kalra,https://www.linkedin.com/in/neil-kalra-84794b9
B,Michael J. Greenberg,new york,"Michael J. Greenberg, P.C. - Estate Planning & Elder Law",2062d0a4929b45348643784b5cb39c36@sentry.wixpress.com,2062d0a4929b45348643784b5cb39c36@sentry.wixpress.com;8eb368c655b84e029ed79ad7a5c1718e@sentry.wixpress.com;michael@mjglawyers.com,+1 212-401-5750,https://www.mjglawyers.com,"515 Madison Ave 31st Floor, New York, NY 10022, United States","https://www.google.com/maps/place/Michael+J.+Greenberg,+P.C.+-+Estate+Planning+%26+Elder+Law/data=!4m7!3m6!1s0x89c258fdf6dc2eff:0x7f8dadcd4003edac!8m2!3d40.7596596!4d-73.9737276!16s%2Fg%2F11g7ztt5_n!19sChIJ_y7c9v1YwokRrO0DQM2tjX8",,,,,,,Michael J. Greenberg,Founder / Principal Attorney,https://www.linkedin.com/in/michaeljgreenberg/,Michael J. Greenberg,Michael J. Greenberg,https://www.linkedin.com/in/michaeljgreenberg/
B,Peter Zinkovetsky,new york,Avenue Law Firm,peter@avenuelawfirm.com,peter@avenuelawfirm.com,+1 212-729-4090,https://avenuelawfirm.com,"505 Park Ave #1201, New York, NY 10022, United States",https://www.google.com/maps/place/Avenue+Law+Firm/data=!4m7!3m6!1s0x89c258ff9a64027b:0xc562f426d9e34ef0!8m2!3d40.76294!4d-73.96928!16s%2Fg%2F124yfgsl2!19sChIJewJkmv9YwokR8E7j2Sb0YsU,https://www.facebook.com/theavenuelawfirm/,https://www.instagram.com/avenuelawfirm/?igshid=YmMyMTA2M2Y=,https://www.linkedin.com/company/avenue-law-firm/about/,,,,Peter Zinkovetsky,Managing Partner,https://www.linkedin.com/in/zinkovetsky/,Peter Zinkovetsky;Michael J. Fichera,Peter Zinkovetsky,https://www.linkedin.com/in/zinkovetsky/
B,Andrew L. Jaloza,new york,The Estate Planning & Elder Law Group,info@aljlaw.com,info@aljlaw.com,+1 718-514-2066,http://www.aljlaw.com,"71-27 Myrtle Ave, Glendale, NY 11385, United States",https://www.google.com/maps/place/The+Estate+Planning+%26+Elder+Law+Group/data=!4m7!3m6!1s0x89c25e7843c53d77:0x13d5eb639dfcf597!8m2!3d40.7022522!4d-73.8791271!16s%2Fg%2F1tdpbjnz!19sChIJdz3FQ3hewokRl_X8nWPr1RM,https://www.facebook.com/EstatePlanningWithPurpose,https://www.instagram.com/estateplanningandelderlawgroup/,http://www.linkedin.com/in/andrewljalozaassociates,,,https://www.youtube.com/@askandyandrewl.jalozaassoc8204,Andrew L. Jaloza,Founder / Principal Attorney,http://www.linkedin.com/in/andrewljalozaassociates,Andrew L. Jaloza;Andrew Jaloza;NAELA Member,Andrew L. Jaloza,http://www.linkedin.com/in/andrewljalozaassociates
B,Mohammed Gangat,new york,LAWYERFORWORKERS,info@lawyerforworkers.com,info@lawyerforworkers.com,+1 718-831-6508,https://www.lawyerforworkers.com,"675 3rd Ave #1810, New York, NY 10017, United States",https://www.google.com/maps/place/LAWYERFORWORKERS/data=!4m7!3m6!1s0x89c259374c78ef67:0x9348273e055c08fe!8m2!3d40.751077!4d-73.9738022!16s%2Fg%2F11rc64nrrx!19sChIJZ-94TDdZwokR_ghcBT4nSJM,https://facebook.com/LawyerforWorkers/,https://instagram.com/lawyerforworkers/,,,https://www.tiktok.com/@lawyerforworkers,https://youtube.com/channel/UCHfyf0zUCTbANYFwYEt279g,Mohammed Gangat,Founder / Attorney at Law,https://www.linkedin.com/in/mohammed-gangat-15866356/,Mohammed Gangat;Joshua Nessen,Mohammed Gangat,https://www.linkedin.com/in/mohammed-gangat-15866356/
B,David Resnick,new york,"David Resnick & Associates, P.C. - New York City Accident & Injury Lawyers",,,+1 347-474-0230,https://www.injuryclaimnyclaw.com,"450 7th Ave #409, New York, NY 10123, United States","https://www.google.com/maps/place/David+Resnick+%26+Associates,+P.C.+-+New+York+City+Accident+%26+Injury+Lawyers/data=!4m7!3m6!1s0x89c259ac204698ab:0xd015a1b3591e3084!8m2!3d40.7514255!4d-73.9905632!16s%2Fg%2F1tt0s0x8!19sChIJq5hGIKxZwokRhDAeWbOhFdA",https://www.facebook.com/DavidResnickLaw/,,https://www.linkedin.com/company/play4autism-foundation/;https://www.linkedin.com/in/nyinjuryattorney,,,https://www.youtube.com/user/DavidResnickLaw;https://www.youtube.com/watch?v=RrPYInsucsM,David Resnick,Founding Attorney,https://www.linkedin.com/in/nyinjuryattorney,David Resnick;Philip Monier;Gary Morgenstern,David Resnick,https://www.linkedin.com/in/nyinjuryattorney
B,Jeffrey Chabrowe,new york,The Law Office of Jeffrey Chabrowe,,,+1 212-235-1510,https://www.chabrowe.com?npcmp=dir%3Alocal%3A4951082%3A10175,"521 5th Ave Suite 1729, New York, NY 10175, United States",https://www.google.com/maps/place/The+Law+Office+of+Jeffrey+Chabrowe/data=!4m7!3m6!1s0x89c25900da7d168f:0x2355a230a70d0dcc!8m2!3d40.7541602!4d-73.9797975!16s%2Fg%2F11b7h9y2m8!19sChIJjxZ92gBZwokRzA0NpzCiVSM,,,,,,,Jeffrey Chabrowe,Founder / Owner (Criminal Defense Attorney),https://www.linkedin.com/in/jeffrey-chabrowe/,Jeffrey Chabrowe,Jeffrey Chabrowe,https://www.linkedin.com/in/jeffrey-chabrowe/
B,Craig Delsack,new york,"Law Offices of Craig Delsack, LLC",,,+1 212-688-8944,http://www.nyccounsel.com,"Columbus Cir, New York, NY 10107, United States","https://www.google.com/maps/place/Law+Offices+of+Craig+Delsack,+LLC/data=!4m7!3m6!1s0x89c258fabb2200ef:0x6008219083817d20!8m2!3d40.7662767!4d-73.9825212!16s%2Fg%2F1tgdpglv!19sChIJ7wAiu_pYwokRIH2Bg5AhCGA",https://www.facebook.com/NYCCounsel,,https://www.linkedin.com/in/craigdelsack/,,,https://www.youtube.com/watch?v=YivrHhQiDoE,Craig Delsack,Owner / Principal Attorney,https://www.linkedin.com/in/craigdelsack/,New York;Craig Delsack,Craig Delsack,https://www.linkedin.com/in/craigdelsack/
B,Ryan Besinque,new york,The Law Office of Ryan Besinque | Divorce Attorney and Family Law Firm | Prenuptial Agreements - Manhattan,ryan@besinquelaw.com,ryan@besinquelaw.com,+1 929-251-4477,https://www.besinquelaw.com,"115 W 25th St 4th floor, New York, NY 10001, United States",https://www.google.com/maps/place/The+Law+Office+of+Ryan+Besinque+%7C+Divorce+Attorney+and+Family+Law+Firm+%7C+Prenuptial+Agreements+-+Manhattan/data=!4m7!3m6!1s0x89c25b59bd0525ed:0x2f80e7b494fc2600!8m2!3d40.7447673!4d-73.992445!16s%2Fg%2F11j0whd3vp!19sChIJ7SUFvVlbwokRACb8lLTngC8,,,,,,,Ryan Besinque,Founder / Owner,https://www.linkedin.com/in/ryan-besinque-6aa8385b/,Ryan Besinque,Ryan Besinque,https://www.linkedin.com/in/ryan-besinque-6aa8385b/
B,Brian D. Perskin,new york,Brian D. Perskin & Associates | Manhattan,,,+1 212-355-0887,https://newyorkdivorceattorney.com/locations/manhattan,"122 E 42nd St 4th Floor, New York, NY 10168, United States",https://www.google.com/maps/place/Brian+D.+Perskin+%26+Associates+%7C+Manhattan/data=!4m7!3m6!1s0x89c25903cfdf9ad9:0x2b2ad5585905dcd8!8m2!3d40.7513991!4d-73.9763861!16s%2Fg%2F1tpn3g_5!19sChIJ2ZrfzwNZwokR2NwFWVjVKis,https://www.facebook.com/BrianDPerskin,,https://www.linkedin.com/in/brianperskin/,,,https://www.youtube.com/channel/UCRDk7o4DXCCIROXSeL9vrEQ,Brian D. Perskin,Founder / Principal Attorney,,Brian D. Perskin,Brian D. Perskin,https://www.linkedin.com/in/brianperskin/
B,Alexander Karasik,new york,Karasik Law Group,,,+1 929-444-4444,https://www.karasiklawyers.com,"3374 Shore Pkwy Floor 1, Brooklyn, NY 11235, United States",https://www.google.com/maps/place/Karasik+Law+Group/data=!4m7!3m6!1s0x89c244645f7c2cc9:0xde6b64f7ba670d31!8m2!3d40.5842854!4d-73.951135!16s%2Fg%2F1261bmd0c!19sChIJySx8X2REwokRMQ1nuvdka94,https://www.facebook.com/KarasikLawGroup,,https://www.linkedin.com/company/karasik-law-group,,,,Alexander Karasik,Founder / Lead Trial Attorney,https://www.linkedin.com/in/alexander-karasik-2525b668/,Alexander Karasik;Yelena Kozlova,Alexander Karasik,https://www.linkedin.com/in/alexander-karasik-2525b668/
B,Troy Rosasco,new york,"Hansen & Rosasco, LLP",info@911victimlawyer.com,info@911victimlawyer.com,+1 929-492-2595,https://www.911victimlawyer.com,"1725 Richmond Rd, Staten Island, NY 10306, United States","https://www.google.com/maps/place/Hansen+%26+Rosasco,+LLP/data=!4m7!3m6!1s0x89c2876f51d5e537:0xad5822234a43a431!8m2!3d40.5882099!4d-74.1031428!16s%2Fg%2F11pwvp2q90!19sChIJN-XVUW-HwokRMaRDSiMiWK0",https://www.facebook.com/911CancerCompensationClaims,https://www.instagram.com/911cancerclaim/,https://www.linkedin.com/company/hansenandrosasco911cancervictimslawyers/,,,,Troy Rosasco,911 Victim Compensation Attorney,https://www.linkedin.com/in/911lawyer/,Troy Rosasco;Daniel J. Hansen;Dan Hansen,Troy Rosasco,https://www.linkedin.com/in/911lawyer/
B,Brian M. Mittman,new york,"Markhoff & Mittman, P.C.",info@disabilityguys.com,info@disabilityguys.com;info@thedisabilityguys.com;info@thedisabilityguys.com.for,+1 212-897-9004,http://thedisabilityguys.com/workers-compensation/new-york-city-workers-compensation-lawyers,"1825 Park Ave #901, New York, NY 10035, United States","https://www.google.com/maps/place/Markhoff+%26+Mittman,+P.C./data=!4m7!3m6!1s0x89c2f60a53eec2fd:0xbb1ae4eb24071a67!8m2!3d40.8050545!4d-73.9386297!16s%2Fg%2F11cn9kxmwd!19sChIJ_cLuUwr2wokRZxoHJOvkGrs",https://www.facebook.com/disabilitylawyers/,,,,,https://www.youtube.com/channel/UCnHVhbmOLRQkfVB0cDsYGRQ,Brian M. Mittman,Owner,https://www.linkedin.com/in/brianmittman/,Brian M. Mittman,Brian M. Mittman,https://www.linkedin.com/in/brianmittman/
B,Alex A. Omrani,new york,"The Law Offices of Omrani & Taub, P.C.",,,+1 718-714-1515,http://www.omranitaub.com,"80-01 Broadway, Elmhurst, NY 11373, United States","https://www.google.com/maps/place/The+Law+Offices+of+Omrani+%26+Taub,+P.C./data=!4m7!3m6!1s0x89c25fab9881382b:0xe8fdf33211a98987!8m2!3d40.7440318!4d-73.8848988!16s%2Fg%2F12hth0ykv!19sChIJKziBmKtfwokRh4mpETLz_eg",https://www.facebook.com/omraniandtaub/,https://www.instagram.com/omraniandtaub/,https://www.linkedin.com/company/omrani-&-taub-p-c-/,,,,Alex A. Omrani,Co-Founding / Name Partner,https://www.linkedin.com/in/alex-omrani-b26a0237/,Alex A. Omrani;Michael A. Taub;New York,Alex A. Omrani,https://www.linkedin.com/in/alex-omrani-b26a0237/
B,Alexander Sanchez,new york,"Alexander Sanchez, Bronx Criminal Lawyer",lawyersanchez@yahoo.com,lawyersanchez@yahoo.com,+1 718-665-0112,http://www.alexander-sanchez-bronx-criminal-lawyer.com,"860 Grand Concourse, Bronx, NY 10451, United States","https://www.google.com/maps/place/Alexander+Sanchez,+Bronx+Criminal+Lawyer/data=!4m7!3m6!1s0x89c2f432b730b94d:0x93decafb1ce9319d!8m2!3d40.826071!4d-73.922373!16s%2Fg%2F1tf25044!19sChIJTbkwtzL0wokRnTHpHPvK3pM",,,,,,,Alexander Sanchez,Owner / Criminal Defense Attorney,,Alexander Sanchez,Alexander Sanchez,lawyersanchez@yahoo.com
B,Anne-Louise DePalo,new york,"Anne-Louise DePalo, Esq.",,,+1 718-351-3748,http://www.depalolawfirm.com,"94 Hancock St, Staten Island, NY 10305, United States","https://www.google.com/maps/place/Anne-Louise+DePalo,+Esq./data=!4m7!3m6!1s0x89c24ec135e000bd:0x8e106f9e849fe4d7!8m2!3d40.5883869!4d-74.0962877!16s%2Fg%2F1tvtc7pg!19sChIJvQDgNcFOwokR1-SfhJ5vEI4",https://www.facebook.com/depalolawfirm?fref=ts,,,,,,Anne-Louise DePalo,Founder / Family Law Attorney,https://www.linkedin.com/in/anne-louise-depalo-7127883a/,Anne-Louise DePalo;Joanna De Lauro,Anne-Louise DePalo,https://www.linkedin.com/in/anne-louise-depalo-7127883a/
B,"Cornelius (""Neil"") J. O'Reilly",new york,Summit Estate Planning Group,,,+1 332-456-0500,https://www.cjorlaw.com,"900 South Ave Ste 104, Staten Island, NY 10314, United States",https://www.google.com/maps/place/Summit+Estate+Planning+Group/data=!4m7!3m6!1s0x89c24d37bce628ef:0x93db1e199ac8be60!8m2!3d40.6169666!4d-74.1727132!16s%2Fg%2F11nmrgv82z!19sChIJ7yjmvDdNwokRYL7Imhke25M,https://www.facebook.com/SummitEstatePlanningGroup/,https://www.instagram.com/summitestateplanning/,https://www.linkedin.com/company/summitestateplanninggroup/,,,https://www.youtube.com/@summitestateplanninggroup,"Cornelius (""Neil"") J. O'Reilly",Managing Partner / Attorney,https://www.linkedin.com/in/cornelius-o-reilly-5a93798/,"Cornelius (""Neil"") J. O'Reilly","Cornelius (""Neil"") J. O'Reilly",https://www.linkedin.com/in/cornelius-o-reilly-5a93798/
B,Roland G. Ottley,new york,"The Ottley Law Firm, PC",office@theottleylawfirm.com,office@theottleylawfirm.com,+1 718-221-2162,https://theottleylawfirm.com,"1063 Winthrop St, Brooklyn, NY 11212, United States","https://www.google.com/maps/place/The+Ottley+Law+Firm,+PC/data=!4m7!3m6!1s0x89c25c858c72e337:0x62d7657786546bc8!8m2!3d40.6612971!4d-73.924628!16s%2Fg%2F1tdv_t7x!19sChIJN-NyjIVcwokRyGtUhndl12I",https://www.facebook.com/;https://www.facebook.com/rolandottley;https://www.facebook.com/theottleylawfirm/,,https://www.linkedin.com/in/roland-ottley-70b30863/,,,,Roland G. Ottley,Founder / Principal Attorney,,Roland G. Ottley;Roland Ottley,Roland G. Ottley,https://twitter.com/tolfpc
B,Erin K. Colgan,new york,"Erin K. Colgan, P.C.",,,+1 718-981-5505,http://www.erincolganlaw.com,"290 Garretson Ave, Staten Island, NY 10305, United States","https://www.google.com/maps/place/Erin+K.+Colgan,+P.C./data=!4m7!3m6!1s0x89c24c2e2201a6e7:0xa28e736499723e56!8m2!3d40.5872468!4d-74.0923279!16s%2Fg%2F1x6q2nnk!19sChIJ56YBIi5MwokRVj5ymWRzjqI",https://www.facebook.com/AGLawFirmNYC,https://www.instagram.com/angiuliandgentilellp,https://www.linkedin.com/company/352385,,,https://www.youtube.com/@AngiuliGentile,Erin K. Colgan,"Owner / Founding Attorney (Erin K. Colgan, P.C.); now Senior Partner at Angiuli & Gentile, LLP",https://www.linkedin.com/in/erin-kathleen-norris-colgan-a7144923/,Erin K. Colgan;Gary C. Angiuli;Annamarie G. Gentile,Erin K. Colgan,https://www.linkedin.com/in/erin-kathleen-norris-colgan-a7144923/
B,Irina Yadgarova,new york,Estate & Elder Law Solutions,,,+1 347-699-5529,http://www.yadgarovalaw.com,"63-50 Wetherole St, Rego Park, NY 11374, United States",https://www.google.com/maps/place/Estate+%26+Elder+Law+Solutions/data=!4m7!3m6!1s0x89c25e38216cd9f3:0xe2f59866cb57dabc!8m2!3d40.7279352!4d-73.864127!16s%2Fg%2F11c3k54vzb!19sChIJ89lsIThewokRvNpXy2aY9eI,https://www.facebook.com/YadgarovaLaw/,https://www.instagram.com/p/CQi2P91jT6Y/,,https://www.yelp.com/biz/law-offices-of-irina-yadgarova-rego-park,,https://www.youtube.com/channel/UClGx1LMPe4J0jM908I-MTig/videos,Irina Yadgarova,Founder / Principal Attorney (estate planning & elder law),https://www.linkedin.com/in/irina-yadgarova-esq-1b540412,Irina Yadgarova;Kimvalrie S. Neal,Irina Yadgarova,https://www.linkedin.com/in/irina-yadgarova-esq-1b540412
B,Lee A. Koch,new york,"Koch Law, PLLC",,,+1 929-822-7778,https://www.nydefensecounsel.com,"521 5th Ave 17th Floor Suite 1712, New York, NY 10175, United States","https://www.google.com/maps/place/Koch+Law,+PLLC/data=!4m7!3m6!1s0x89c258fe28b8aaa1:0x5ad317b2c40861e4!8m2!3d40.7542443!4d-73.9801271!16s%2Fg%2F11c6zz3081!19sChIJoaq4KP5YwokR5GEIxLIX01o",https://www.facebook.com/KochLawNY/,,,,,,Lee A. Koch,Managing Partner,https://www.linkedin.com/in/lee-a-koch-b48352135,Lee A. Koch;New York,Lee A. Koch,https://www.linkedin.com/in/lee-a-koch-b48352135
B,Daniella Levi,new york,"Daniella Levi & Associates, P.C.",,,+1 718-790-4966,https://levilawny.com/locations/the-bronx-pelham-pkwy,"788 Morris Park Ave, Bronx, NY 10462, United States","https://www.google.com/maps/place/Daniella+Levi+%26+Associates,+P.C./data=!4m7!3m6!1s0x89c2f4bd26fc8031:0x3e4272bcdefcda1d!8m2!3d40.8457183!4d-73.8627036!16s%2Fg%2F11bycgmddt!19sChIJMYD8Jr30wokRHdr83rxyQj4",https://www.facebook.com/levilawny/,https://www.instagram.com/levilawny/?hl=en,https://www.linkedin.com/in/daniella-levi-34509420/,,,https://www.youtube.com/channel/UCakWl9ZsTlU85Wo4j7r8W7w,Daniella Levi,Founding Partner,https://www.linkedin.com/in/daniella-levi-34509420/,Daniella Levi;Eliyahu Levi;Steven Sonkin,Daniella Levi,https://www.linkedin.com/in/daniella-levi-34509420/
B,Kamilla Mishiyeva,new york,Mishiyeva Law PLLC,kamilla@mishiyevalaw.com,kamilla@mishiyevalaw.com,+1 646-233-0826,https://nycprobatelawyer.com,"85 Broad St 18th floor, New York, NY 10004, United States",https://www.google.com/maps/place/Mishiyeva+Law+PLLC/data=!4m7!3m6!1s0x89c25a11670c5c23:0xceb580b41dbb83f9!8m2!3d40.7040391!4d-74.0111754!16s%2Fg%2F11bv2ltdsn!19sChIJI1wMZxFawokR-YO7HbSAtc4,,,,,,,Kamilla Mishiyeva,Founder / Attorney,https://www.linkedin.com/in/kamilla-mishiyeva-17186066,,Kamilla Mishiyeva,https://www.linkedin.com/in/kamilla-mishiyeva-17186066
B,Mark Bratkovsky,new york,"Law Offices of Mark Bratkovsky, PC",legal@mblawny.com,legal@mblawny.com,+1 718-891-0564,http://www.mblawny.com,"2652 Coney Island Ave, Brooklyn, NY 11223, United States","https://www.google.com/maps/place/Law+Offices+of+Mark+Bratkovsky,+PC/data=!4m7!3m6!1s0x89c2445fc6d1ca2f:0x5c6936febf2763ae!8m2!3d40.5918793!4d-73.9609863!16s%2Fg%2F1ttdzbyg!19sChIJL8rRxl9EwokRrmMnv_42aVw",,,,,,,Mark Bratkovsky,Founder / Owner,https://www.linkedin.com/in/mark-bratkovsky-b7778530/,Mark Bratkovsky,Mark Bratkovsky,https://www.linkedin.com/in/mark-bratkovsky-b7778530/
B,Christopher Q. Davis,new york,Working Solutions Law Firm,,,+1 646-480-2291,http://www.workingsolutionsnyc.com,"11 Grand Central East Fl 16, New York, NY 10017, United States",https://www.google.com/maps/place/Working+Solutions+Law+Firm/data=!4m7!3m6!1s0x89c259a2dd9f8a83:0xb79aba552a80f620!8m2!3d40.752908!4d-73.9725477!16s%2Fg%2F11bbyftpw4!19sChIJg4qf3aJZwokRIPaAKlW6mrc,https://www.facebook.com/workingsolutionsnyc,https://www.instagram.com/workingsolutionsnyc/,https://www.linkedin.com/company/the-law-office-of-christopher-q-davis/,,,,Christopher Q. Davis,Founder & Managing Partner,https://www.linkedin.com/in/christopherdavis5/,Christopher Q. Davis;Rachel Haskell,Christopher Q. Davis,https://www.linkedin.com/in/christopherdavis5/
B,Joseph Miklos,new york,"Silberstein & Miklos, P.C.",,,+1 718-204-8000,https://ask4sam.net/bronx,"2825 3rd Ave Ste 301, Bronx, NY 10455, United States","https://www.google.com/maps/place/Silberstein+%26+Miklos,+P.C./data=!4m7!3m6!1s0x89c2f584e8b17ab3:0xd5c563d50be2e609!8m2!3d40.8157649!4d-73.9186492!16s%2Fg%2F11nmt7v9nm!19sChIJs3qx6IT1wokRCebiC9VjxdU",https://www.facebook.com/Ask4Sam.net,,https://www.linkedin.com/company/silberstein-awad-&-miklos-p-c-/,,,,Joseph Miklos,Senior Partner,https://www.linkedin.com/in/ask4sam,Joseph Miklos;Robert A. Miklos;Daniel P. Miklos,Joseph Miklos,https://www.linkedin.com/in/ask4sam
B,Jayson Lutzky,new york,Law Offices of Jayson Lutzky,,,+1 718-329-9500,https://www.mynewyorkcitylawyer.com,"1740 Hone Ave, Bronx, NY 10461, United States",https://www.google.com/maps/place/Law+Offices+of+Jayson+Lutzky/data=!4m7!3m6!1s0x89c2f525798bd1d9:0x24843372687fb62c!8m2!3d40.8486426!4d-73.8543823!16s%2Fg%2F11vz0xkp88!19sChIJ2dGLeSX1wokRLLZ_aHIzhCQ,https://www.facebook.com/JaysonLutzkyPC/,,,https://www.yelp.com/biz/jayson-lutzky-pc-bronx-5,,,Jayson Lutzky,Founder / Managing Attorney,https://www.linkedin.com/in/jayson-lutzky-17353615/,Jayson Lutzky,Jayson Lutzky,https://www.linkedin.com/in/jayson-lutzky-17353615/
B,Pablo E. Bustos,new york,Pablo Bustos Esq. & Associates,,,+1 646-588-5066,https://www.bustosassociates.com?lang=en,"70 W 40th St, New York, NY 10018, United States",https://www.google.com/maps/place/Pablo+Bustos+Esq.+%26+Associates/data=!4m7!3m6!1s0x89c258514b6a65c7:0x8e3e0a0044c7cbed!8m2!3d40.7531498!4d-73.9846279!16s%2Fg%2F1tfq5kn4!19sChIJx2VqS1FYwokR7cvHRAAKPo4,,,,,,,Pablo E. Bustos,Founder / Attorney at Law,https://www.linkedin.com/in/pablo-bustos-824a078/,Pablo E. Bustos,Pablo E. Bustos,https://www.linkedin.com/in/pablo-bustos-824a078/
B,Brian M. Mittman,new york,"Markhoff & Mittman, P.C.",info@disabilityguys.com,info@disabilityguys.com;info@thedisabilityguys.com;info@thedisabilityguys.com.for,+1 718-509-3599,http://thedisabilityguys.com/workers-compensation/brooklyn-workers-compensation-lawyer,"Room 12071, 300 Cadman Plz W 12th floor, Brooklyn, NY 11201, United States","https://www.google.com/maps/place/Markhoff+%26+Mittman,+P.C./data=!4m7!3m6!1s0x89c25a4929fbf0ff:0xe35ab741b47651e5!8m2!3d40.6950851!4d-73.9912685!16s%2Fg%2F11cllvrwwq!19sChIJ__D7KUlawokR5VF2tEG3WuM",https://www.facebook.com/disabilitylawyers/,,,,,https://www.youtube.com/channel/UCnHVhbmOLRQkfVB0cDsYGRQ,Brian M. Mittman,Owner,https://www.linkedin.com/in/brianmittman/,Brian M. Mittman,Brian M. Mittman,https://www.linkedin.com/in/brianmittman/
B,Alexander Paykin,new york,Paykin Law,contact@paykinlaw.net,contact@paykinlaw.net,+1 212-858-9112,https://www.paykinlaw.net,"45 Rockefeller Plaza 20th Floor, New York, NY 10111, United States",https://www.google.com/maps/place/Paykin+Law/data=!4m7!3m6!1s0x89c259a9a93ba655:0x306876f7f18d5371!8m2!3d40.7592015!4d-73.9778103!16s%2Fg%2F11xj28ct1!19sChIJVaY7qalZwokRcVON8fd2aDA,https://www.google.com/url?q=https%3A%2F%2Fwww.facebook.com%2FPaykinlaw&sa=D&sntz=1&usg=AOvVaw2S8LwpXljeEnD8Lc2J2dsO,https://www.google.com/url?q=https%3A%2F%2Fwww.instagram.com%2Fpaykinlaw%2F&sa=D&sntz=1&usg=AOvVaw24ztaTVTWBZ4SYgKBMYQ5L,https://www.google.com/url?q=https%3A%2F%2Fwww.linkedin.com%2Fcompany%2F10270711%2F&sa=D&sntz=1&usg=AOvVaw0hUs8VoaiBiyAoLy9EozD4,,,,Alexander Paykin,Managing Director / Sole Owner,https://www.linkedin.com/in/alexanderpaykin/,Alexander Paykin;Lorenzo Rovini,Alexander Paykin,https://www.linkedin.com/in/alexanderpaykin/
B,David J. Doyaga Sr.,new york,"David J. Doyaga, Attorneys at Law",2062d0a4929b45348643784b5cb39c36@sentry.wixpress.com,2062d0a4929b45348643784b5cb39c36@sentry.wixpress.com;david.doyaga.sr@gmail.com,+1 718-488-7500,http://www.doyagalawfirm.com,"26 Court St suite 1803, Brooklyn, NY 11242, United States","https://www.google.com/maps/place/David+J.+Doyaga,+Attorneys+at+Law/data=!4m7!3m6!1s0x89c25bc3be376f79:0x8a83101c327c4f90!8m2!3d40.6933254!4d-73.9909517!16s%2Fg%2F1thl1sk1!19sChIJeW83vsNbwokRkE98MhwQg4o",,,,,,,David J. Doyaga Sr.,Founder and Principal Attorney,,David J. Doyaga Sr.,David J. Doyaga Sr.,david.doyaga.sr@gmail.com
B,Brooklyn Personal,new york,"Brooklyn Injury Attorneys, P.C.",brooklyninjurylaw@gmail.com,brooklyninjurylaw@gmail.com,+1 929-285-3825,https://brooklyn-injury-attorneys.com,"147 Prince St #100, Brooklyn, NY 11201, United States","https://www.google.com/maps/place/Brooklyn+Injury+Attorneys,+P.C./data=!4m7!3m6!1s0x89c25b22b557a529:0x73abfe320973c087!8m2!3d40.6926939!4d-73.9824707!16s%2Fg%2F11pkqj7dv2!19sChIJKaVXtSJbwokRh8BzCTL-q3M",https://www.facebook.com/BrooklynInjuryAttorneys/,https://www.instagram.com/brooklyninjurylaw/,https://www.linkedin.com/company/brooklyn-injury-attorneys/,https://www.yelp.com/biz/brooklyn-injury-attorneys-p-c-brooklyn-2,https://www.tiktok.com/@brooklyninjurylawyers,,Brooklyn Personal,,,Brooklyn Personal,Brooklyn Personal,https://www.linkedin.com/company/brooklyn-injury-attorneys/
B,Harold S. Entes,new york,"Harold S. Entes, Esq.",,,+1 718-828-3070,http://www.hentesbronxwestchesterlaw.com,"1103 E Gun Hill Rd, Bronx, NY 10469, United States","https://www.google.com/maps/place/Harold+S.+Entes,+Esq./data=!4m7!3m6!1s0x89c2f4a7dff68f83:0x699d47ea22035aab!8m2!3d40.8740423!4d-73.8551912!16s%2Fg%2F1tyyy15p!19sChIJg4_236f0wokRq1oDIupHnWk",,,,,,,Harold S. Entes,Attorney / Owner,,Harold S. Entes,Harold S. Entes,henteslaw@gmail.com
B,Sadatu Salami-Oyakhilome,new york,"Law Offices of Salami-Oyakhilome, P.C.",,,+1 718-298-6029,http://www.salamioyakhlaw.com,"147-26 Hillside Ave., Jamaica, NY 11435, United States","https://www.google.com/maps/place/Law+Offices+of+Salami-Oyakhilome,+P.C./data=!4m7!3m6!1s0x89c260c36391d265:0xd65d3fbb6510197e!8m2!3d40.7058415!4d-73.8086118!16s%2Fg%2F1tffkpz3!19sChIJZdKRY8NgwokRfhkQZbs_XdY",,,,,,,Sadatu Salami-Oyakhilome,Founder / Principal Attorney,https://www.linkedin.com/in/sadatu-salami-oyakhilome-6b3485a5/,Sadatu Salami-Oyakhilome,Sadatu Salami-Oyakhilome,https://www.linkedin.com/in/sadatu-salami-oyakhilome-6b3485a5/
B,Jose Xavier Orochena,new york,Abogado de Bancarrota Orochena,,,+1 646-580-9692,https://www.defenselaw.nyc/abogado-de-bancarrota-nueva-york,"5606 Broadway Fl 2, Bronx, NY 10463, United States",https://www.google.com/maps/place/Abogado+de+Bancarrota+Orochena/data=!4m7!3m6!1s0x89c258ff9fdfdb61:0xf9d3a1c6835fee28!8m2!3d40.8795661!4d-73.9040709!16s%2Fg%2F11c1s3qsrj!19sChIJYdvfn_9YwokRKO5fg8ah0_k,,,,,,,Jose Xavier Orochena,Managing Attorney / Founder,https://www.linkedin.com/in/jose-xavier-orochena-00711a10a/,Jose Xavier Orochena,Jose Xavier Orochena,https://www.linkedin.com/in/jose-xavier-orochena-00711a10a/
B,Jeffrey E. Goldman,new york,J Goldman Law,kaktitam@gmail.com,kaktitam@gmail.com,+1 212-983-8999,https://jgoldmanlaw.com,"260 Madison Ave Fl. 15, New York, NY 10016, United States",https://www.google.com/maps/place/J+Goldman+Law/data=!4m7!3m6!1s0x89c259004f6b8d6f:0xa82599f280912857!8m2!3d40.7507653!4d-73.9812668!16s%2Fg%2F1tqygdzh!19sChIJb41rTwBZwokRVyiRgPKZJag,https://www.facebook.com/The-Law-Offices-of-Jeffrey-E-Goldman-660303947405310/,,https://www.linkedin.com/company/the-law-offices-of-jeffrey-e--goldman/,,,,Jeffrey E. Goldman,Founder / Principal Attorney,,Jeffrey E. Goldman,Jeffrey E. Goldman,https://www.facebook.com/The-Law-Offices-of-Jeffrey-E-Goldman-660303947405310/
B,Joseph A. Ledwidge,new york,Ledwidge Estate & Probate Lawyer Queens,,,+1 929-470-7576,https://ledlawyers.com,"170-26 Cedarcroft Rd, Jamaica, NY 11432, United States",https://www.google.com/maps/place/Ledwidge+Estate+%26+Probate+Lawyer+Queens/data=!4m7!3m6!1s0x89c2611ef5579687:0x573438f05a7a3ad2!8m2!3d40.711773!4d-73.791821!16s%2Fg%2F1tdc1kmn!19sChIJh5ZX9R5hwokR0jp6WvA4NFc,https://www.facebook.com/profile.php?id=61558122968739,https://www.instagram.com/ledlawyers_queens/,https://www.linkedin.com/company/ledwidge-estate-probate-lawyer-queens/about/?viewAsMember=true,,,https://www.youtube.com/channel/UCM10Atico96YgEMHJU3VppQ,Joseph A. Ledwidge,Owner / Founding Attorney,https://www.linkedin.com/in/joseph-ledwidge-47153a4/,Joseph A. Ledwidge;Estate Planning,Joseph A. Ledwidge,https://www.linkedin.com/in/joseph-ledwidge-47153a4/
B,Jeffrey D. Cohen,new york,Cohen's Law Firm - Law Offices of Jeffrey D. Cohen,,,+1 718-275-5900,https://cohenslawfirm.com,"125-10 Queens Blvd #323, Kew Gardens, NY 11415, United States",https://www.google.com/maps/place/Cohen%27s+Law+Firm+-+Law+Offices+of+Jeffrey+D.+Cohen/data=!4m7!3m6!1s0x89c27e90bfe15cbd:0x765475fe200ae26!8m2!3d40.7121103!4d-73.826838!16s%2Fg%2F1jgltktv0!19sChIJvVzhv5B-wokRJq4A4l9HZQc,https://www.facebook.com/CohensLawFirm;https://www.facebook.com/jeffreyDCohenESQ,,,,,,Jeffrey D. Cohen,Founder / Principal Attorney,https://www.linkedin.com/in/jeffrey-cohen-a6a45022/,Jeffrey D. Cohen,Jeffrey D. Cohen,https://www.linkedin.com/in/jeffrey-cohen-a6a45022/
B,Biana Borukhovich,new york,"Law Office of Biana Borukhovich, PLLC - Fashion Lawyer NYC - Trademark Attorney New York",info@bb-lawfirm.com,info@bb-lawfirm.com,+1 347-450-1811,https://borukhovichlaw.com,"1460 Broadway, New York, NY 10036, United States","https://www.google.com/maps/place/Law+Office+of+Biana+Borukhovich,+PLLC+-+Fashion+Lawyer+NYC+-+Trademark+Attorney+New+York/data=!4m7!3m6!1s0x89c244ea7c4aed87:0xada040efc12cd3f6!8m2!3d40.755106!4d-73.986209!16s%2Fg%2F1hc2mpfzd!19sChIJh-1KfOpEwokR9tMswe9AoK0",https://www.facebook.com/The-Law-Office-of-Biana-Borukhovich-302448456441259/,,https://www.linkedin.com/in/bianaborukhovich,https://www.yelp.com/biz/the-law-office-of-biana-borukhovich-new-york-2,,,Biana Borukhovich,Founder,https://www.linkedin.com/in/bianaborukhovich,Biana Borukhovich,Biana Borukhovich,https://www.linkedin.com/in/bianaborukhovich
B,Daniel R. Miller,new york,Miller & Miller Law Group PLLC,info@nycelderlawyers.com,info@nycelderlawyers.com,+1 718-875-2191,http://www.nycelderlawyers.com,"365 Bridge St #7pro, Brooklyn, NY 11201, United States",https://www.google.com/maps/place/Miller+%26+Miller+Law+Group+PLLC/data=!4m7!3m6!1s0x89c25a4916262c47:0x99b22b8aedfc7365!8m2!3d40.6925905!4d-73.9849373!16s%2Fg%2F1tdc646l!19sChIJRywmFklawokRZXP87Yorspk,https://www.facebook.com/nycelderlawyers,https://www.instagram.com/millerandmillerlaw/,https://www.linkedin.com/company/miller-miller-law-group-pllc/,,,https://www.youtube.com/@millermillerlawgrouppllc7045,Daniel R. Miller,Managing Attorney / Partner,https://www.linkedin.com/in/daniel-r-miller-esq-3850b4229/,Daniel R. Miller;Ira Miller,Daniel R. Miller,https://www.linkedin.com/in/daniel-r-miller-esq-3850b4229/
B,Thomas J. Lavin,new york,The Law Offices of Thomas J. Lavin,Contact@lawlavin.com,Contact@lawlavin.com;contact@lawlavin.com,+1 718-957-8695,https://www.lawlavin.com,"3559 E Tremont Ave, Bronx, NY 10465, United States",https://www.google.com/maps/place/The+Law+Offices+of+Thomas+J.+Lavin/data=!4m7!3m6!1s0x89c28b46dfdc2ae5:0x178edf4504baf7f2!8m2!3d40.8300527!4d-73.825284!16s%2Fg%2F1tdskq8g!19sChIJ5Src30aLwokR8ve6BEXfjhc,https://www.facebook.com/BronxpersonalinjurylawyerThomasJLavin,,https://www.linkedin.com/company/the-law-offices-of-thomas-j-lavin/,,,https://www.youtube.com/channel/UCK7_5DhP0m8gHXVg0Al6bTA/videos,Thomas J. Lavin,Founder,https://www.linkedin.com/in/thomasjlavin,Thomas J. Lavin;John O'Halloran,Thomas J. Lavin,https://www.linkedin.com/in/thomasjlavin
B,Samantha Kucher,new york,Kucher Law Group,contact@rrklawgroup.com,contact@rrklawgroup.com,+1 929-563-6780,https://www.rrklawgroup.com,"463 Pulaski St #1c, Brooklyn, NY 11221, United States",https://www.google.com/maps/place/Kucher+Law+Group/data=!4m7!3m6!1s0x89c25dda8209d987:0x4f54ad6908bc0dc5!8m2!3d40.6945484!4d-73.9319233!16s%2Fg%2F11tfkt834f!19sChIJh9kJgtpdwokRxQ28CGmtVE8,,,,,,,Samantha Kucher,Owner,https://www.linkedin.com/in/samantha-kucher-634411a5/,Samantha Kucher;Michael Roitman;Alex Rybakov;Trust Analytica;New York,Samantha Kucher,https://www.linkedin.com/in/samantha-kucher-634411a5/
B,Anthony Como,new york,Law Offices of Anthony Como: Anthony Como,hello@anthonycomolaw.com,hello@anthonycomolaw.com,+1 718-459-8700,https://anthonycomolaw.com,"125-10 Queens Blvd #320, Kew Gardens, NY 11415, United States",https://www.google.com/maps/place/Law+Offices+of+Anthony+Como:+Anthony+Como/data=!4m7!3m6!1s0x89c260bd9742ff29:0x7c30ba19f0367399!8m2!3d40.7123527!4d-73.825558!16s%2Fg%2F11cnd5ymdw!19sChIJKf9Cl71gwokRmXM28Bm6MHw,,,,,,,Anthony Como,Founder / Principal Attorney,https://www.linkedin.com/in/anthony-como-esq-4974622b9/,Anthony Como,Anthony Como,https://www.linkedin.com/in/anthony-como-esq-4974622b9/
B,Edward Held,new york,Held Held and Held - Car Accident Lawyer & Personal Injury Attorney,,,+1 718-236-2323,https://heldheldandheld.com,"6920 Bay Pkwy, Brooklyn, NY 11204, United States",https://www.google.com/maps/place/Held+Held+and+Held+-+Car+Accident+Lawyer+%26+Personal+Injury+Attorney/data=!4m7!3m6!1s0x89c2451de7d2cd4f:0x965c27f101ef2754!8m2!3d40.6113229!4d-73.9843797!16s%2Fg%2F11g8lpfdn5!19sChIJT83S5x1FwokRVCfvAfEnXJY,https://www.facebook.com/heldheldandheld,,https://www.linkedin.com/in/held-held-held-67625782,,,https://www.youtube.com/watch?v=WjRCyPMY4Rs,Edward Held,Founding Partner,,Edward Held;Alyssa Held;Jennifer Held,Edward Held,https://www.facebook.com/heldheldandheld
B,Chaim Steinberger,new york,"Chaim Steinberger, P.C.",,,+1 212-964-6100,https://www.manhattan-law.com,"150 E 58th St #2701, New York, NY 10155, United States","https://www.google.com/maps/place/Chaim+Steinberger,+P.C./data=!4m7!3m6!1s0x89c25901bfc224bf:0xff0b9101c01c9b91!8m2!3d40.761052!4d-73.968031!16s%2Fg%2F11b6lpd4nr!19sChIJvyTCvwFZwokRkZscwAGRC_8",https://www.facebook.com/tnydl/,,https://www.linkedin.com/in/chaimsteinberger,,,https://www.youtube.com/user/csteinberger1,Chaim Steinberger,Founder / Principal Attorney,https://www.linkedin.com/in/chaimsteinberger,Chaim Steinberger;Top Divorce;New York,Chaim Steinberger,https://www.linkedin.com/in/chaimsteinberger
B,Lee Alan Coppage,new york,Law Office of Lee Coppage PC,,,+1 347-384-5534,http://www.leecoppagelaw.com,"800 Grand Concourse Office 7/8, Bronx, NY 10451, United States",https://www.google.com/maps/place/Law+Office+of+Lee+Coppage+PC/data=!4m7!3m6!1s0x89c2f5dc9ed8f957:0x191db77cedfaad!8m2!3d40.8249121!4d-73.9226176!16s%2Fg%2F11j9cl5s7m!19sChIJV_nYntz1wokRrfrtfLcdGQA,,,,,,,Lee Alan Coppage,Founder / Attorney,https://www.linkedin.com/in/lee-coppage-a930123a/,Lee Alan Coppage,Lee Alan Coppage,https://www.linkedin.com/in/lee-coppage-a930123a/
B,Andrea Vacca,new york,Vacca Family Law Group,,,+1 212-768-1115,https://www.vaccalaw.com,"One Grand Central Place, 60 E 42nd St #700, New York, NY 10165, United States",https://www.google.com/maps/place/Vacca+Family+Law+Group/data=!4m7!3m6!1s0x89c258558bc90af9:0x1ccac13e7aae3988!8m2!3d40.7524116!4d-73.9787419!16s%2Fg%2F1tfrsv9r!19sChIJ-QrJi1VYwokRiDmuej7Byhw,https://www.facebook.com/VaccaFamilyLaw,https://www.instagram.com/vaccafamilylawgroup,https://www.linkedin.com/company/vacca-family-law-group/,,,https://www.youtube.com/channel/UChIbG7DkEZwKRiuy_ci4OuA,Andrea Vacca,Founding Attorney,https://www.linkedin.com/in/andreavacca/,Andrea Vacca;Marcos Fernandez;Jonathan D. Le,Andrea Vacca,https://www.linkedin.com/in/andreavacca/
B,Marc R. Thompson,new york,"Pulvers, Pulvers & Thompson | Personal Injury & Accident Attorneys in NYC, Bronx, Brooklyn, Queens",hthompson@pulversthompson.com,hthompson@pulversthompson.com,+1 212-257-3046,https://pulversthompson.com,"950 3rd Ave #1100, New York, NY 10022, United States","https://www.google.com/maps/place/Pulvers,+Pulvers+%26+Thompson+%7C+Personal+Injury+%26+Accident+Attorneys+in+NYC,+Bronx,+Brooklyn,+Queens/data=!4m7!3m6!1s0x89c258e566a85c31:0xd6b829c5a7d852bb!8m2!3d40.7601706!4d-73.9679394!16s%2Fg%2F1v16r6fx!19sChIJMVyoZuVYwokRu1LYp8UpuNY",https://www.facebook.com/PulversPulversThompson/,https://www.instagram.com/pulvers_thompson/,,,,,Marc R. Thompson,Senior Partner,https://www.linkedin.com/in/marc-thompson-83a16128/,Marc R. Thompson;Harlan B. Thompson;Andrew Wiese,Marc R. Thompson,https://www.linkedin.com/in/marc-thompson-83a16128/
B,"Delmas A. Costin, Jr.",new york,"The Law Office of Delmas A. Costin, Jr.",,,+1 718-841-0084,https://dacostinlaw.com,"930 Grand Concourse suite 1b, Bronx, NY 10451, United States","https://www.google.com/maps/place/The+Law+Office+of+Delmas+A.+Costin,+Jr./data=!4m7!3m6!1s0x89c2f5fe112b33cd:0x7c225cb662856fc4!8m2!3d40.8282657!4d-73.9213716!16s%2Fg%2F11jtblv6ky!19sChIJzTMrEf71wokRxG-FYrZcInw",,,,,,https://www.youtube.com/watch?v=yDenaNYSQxU,"Delmas A. Costin, Jr.",Owner / Employment & Immigration Attorney,https://www.linkedin.com/in/delmas-a-costin-jr-a5b713/,"Delmas A. Costin, Jr.;Dawn Levy-Weinstein","Delmas A. Costin, Jr.",https://www.linkedin.com/in/delmas-a-costin-jr-a5b713/
B,Keith M. Casella,new york,"The Law Office of Keith M. Casella, P.C.",,,+1 718-557-9137,https://www.casellalaw.com,"1200 South Ave Ste 201, Staten Island, NY 10314, United States","https://www.google.com/maps/place/The+Law+Office+of+Keith+M.+Casella,+P.C./data=!4m7!3m6!1s0x89c24cf3e10214a5:0xc360164f0ffddb95!8m2!3d40.6098582!4d-74.179327!16s%2Fg%2F1tx16817!19sChIJpRQC4fNMwokRldv9D08WYMM",https://www.facebook.com/Casella-Casella-LLP-1646335555690630/,,https://www.linkedin.com/in/keith-casella-3ba2bb17,,,,Keith M. Casella,Founding Attorney,https://www.linkedin.com/in/keith-casella-3ba2bb17,Keith M. Casella,Keith M. Casella,https://www.linkedin.com/in/keith-casella-3ba2bb17
B,Michael F. Kanzer,new york,Michael F. Kanzer & Associates,wpagencyapi@gmail.com,wpagencyapi@gmail.com,+1 718-769-7200,https://kanzerlaw.com,"2214 Kimball St, Brooklyn, NY 11234, United States",https://www.google.com/maps/place/Michael+F.+Kanzer+%26+Associates/data=!4m7!3m6!1s0x89c2448f07dc25e1:0x24327a911b25c25f!8m2!3d40.6079286!4d-73.9245948!16s%2Fg%2F1thd7lfk!19sChIJ4SXcB49EwokRX8IlG5F6MiQ,https://www.facebook.com/pages/Michael-F-Kanzer-Associates-PC/152792478095369,,,,,,Michael F. Kanzer,Founder / Principal Attorney,,Michael F. Kanzer,Michael F. Kanzer,https://www.facebook.com/pages/Michael-F-Kanzer-Associates-PC/152792478095369
B,Jason A. Steinberger,new york,"Law Offices of Jason A. Steinberger, LLC",,,+1 646-256-1007,https://arrestedinny.com,"505 8th Ave #701, New York, NY 10018, United States","https://www.google.com/maps/place/Law+Offices+of+Jason+A.+Steinberger,+LLC/data=!4m7!3m6!1s0x89c259adb9390477:0xefaaf75b84635247!8m2!3d40.954672!4d-74.0903327!16s%2Fg%2F12j5xnngs!19sChIJdwQ5ua1ZwokRR1JjhFv3qu8",https://www.facebook.com/Law-offices-of-Jason-A-Steinberger-112819866768596/,,https://www.linkedin.com/in/arrestedinny/,,,,Jason A. Steinberger,"Owner / Founder, Criminal Defense Attorney",https://www.linkedin.com/in/arrestedinny/,Jason A. Steinberger,Jason A. Steinberger,https://www.linkedin.com/in/arrestedinny/
B,Matthew A. Dolman,new york,"Dolman Law Group Accident Injury Lawyers, PA - Bronx",,,+1 718-550-3471,https://www.dolmanlaw.com/personal-injury-lawyer/new-york/bronx,"3250 Westchester Ave Suite 200A/B, Bronx, NY 10461, United States","https://www.google.com/maps/place/Dolman+Law+Group+Accident+Injury+Lawyers,+PA+-+Bronx/data=!4m7!3m6!1s0x89c28d69ad95dff7:0x8ed3e5e7e63a7c47!8m2!3d40.8519708!4d-73.8282369!16s%2Fg%2F11m_g48p5d!19sChIJ99-VrWmNwokRR3w65ufl044",https://www.facebook.com/Dolman-Law-Group-Accident-Injury-Lawyers-PA-102197802513455/,https://www.instagram.com/dolmanlawgroup_/,https://www.linkedin.com/company/dolman-law-group/,,https://www.tiktok.com/@mattthelawyer?lang=en,https://www.youtube.com/@dolmanlaw;https://www.youtube.com/watch?v=tUDEyjYUPls,Matthew A. Dolman,Founder,https://www.linkedin.com/in/matthew-dolman-14730517/,Matthew A. Dolman,Matthew A. Dolman,https://www.linkedin.com/in/matthew-dolman-14730517/
B,Yonatan Levoritz,new york,Levoritz Law Firm | Manhattan Divorce Lawyer,,,+1 718-942-4004,https://www.levoritzlaw.com,"200 Vesey St 24th floor, New York, NY 10281, United States",https://www.google.com/maps/place/Levoritz+Law+Firm+%7C+Manhattan+Divorce+Lawyer/data=!4m7!3m6!1s0x89c25a13a1bd7959:0x47b9bc4ba2222b35!8m2!3d40.7135213!4d-74.015072!16s%2Fg%2F11c48nkrc_!19sChIJWXm9oRNawokRNSsioku8uUc,https://www.facebook.com/LevoritzLawGroup/;https://www.facebook.com/TheLevoritzLawFirm/,https://www.instagram.com/levoritz,https://www.linkedin.com/company/the-levoritz-law-firm,,,https://www.youtube.com/channel/UCs_6i9OEB9aI2aWm1FL6pXw/videos,Yonatan Levoritz,Founding Attorney,https://www.linkedin.com/in/yonatan-levoritz-04b53aa/,,Yonatan Levoritz,https://www.linkedin.com/in/yonatan-levoritz-04b53aa/
B,Julio E. Portilla,new york,"Law Office of Julio E. Portilla, P.C.",,,+1 917-924-9790,https://www.julioportillalaw.com,"380 Lexington Ave Ste 446, New York, NY 10168, United States","https://www.google.com/maps/place/Law+Office+of+Julio+E.+Portilla,+P.C./data=!4m7!3m6!1s0x89c25a1746173077:0x1480526a836b4584!8m2!3d40.7511387!4d-73.9764263!16s%2Fg%2F12hwvw_bx!19sChIJdzAXRhdawokRhEVrg2pSgBQ",https://www.facebook.com/people/Law-Office-of-Julio-E-Portilla-PC/100063985157740/,,,,,,Julio E. Portilla,Founding Attorney / Owner,https://www.linkedin.com/in/julio-e-portilla-ba72782/,Julio E. Portilla,Julio E. Portilla,https://www.linkedin.com/in/julio-e-portilla-ba72782/
B,William V. DeCandido,new york,DeCandido & Azachi,,,+1 347-808-5746,https://www.decandidoazachi.com,"71-50 Austin St St 206, Forest Hills, NY 11375, United States",https://www.google.com/maps/place/DeCandido+%26+Azachi/data=!4m7!3m6!1s0x89c25e20bf18d1cb:0x1bd3e164b30195fe!8m2!3d40.719355!4d-73.8433037!16s%2Fg%2F1tdx0gfy!19sChIJy9EYvyBewokR_pUBs2Th0xs,https://www.facebook.com/profile.php?id=61555830027331,,https://www.linkedin.com/company/decandido-azachi-pllc/,https://www.yelp.com/biz/decandido-and-azachi-forest-hills-5,,,William V. DeCandido,Founding Partner,https://www.linkedin.com/in/william-decandido-7562616/,William V. DeCandido;Phillip D. Azachi,William V. DeCandido,https://www.linkedin.com/in/william-decandido-7562616/
B,BRONX PERSONAL,new york,Bronx Injury Lawyers P.C.,Bronxinjurylawyers@gmail.com,Bronxinjurylawyers@gmail.com;bronxinjurylawyers@gmail.com,+1 718-993-3303,https://bronx-injury-lawyers.com,"1500 Astor Ave 2nd Floor Suite A, Bronx, NY 10469, United States",https://www.google.com/maps/place/Bronx+Injury+Lawyers+P.C./data=!4m7!3m6!1s0x89c28bcce4f3ea5f:0xcd0be0932c597c9c!8m2!3d40.8596627!4d-73.8424669!16s%2Fg%2F11ry3jvh8v!19sChIJX-rz5MyLwokRnHxZLJPgC80,https://www.facebook.com/Bronx-Injury-Lawyers-106925658361454,https://www.instagram.com/bronxinjurylawyers/,https://www.linkedin.com/company/bronx-injury-lawyers-p-c/,https://www.yelp.com/biz/bronx-injury-lawyers-the-bronx-4,https://www.tiktok.com/@bronxinjurylawyers?lang=en,,BRONX PERSONAL,,,,BRONX PERSONAL,https://www.linkedin.com/company/bronx-injury-lawyers-p-c/
B,Robert Tsigler,new york,"Law Offices of Robert Tsigler, PLLC",,,+1 718-395-3694,https://www.tsiglerlaw.com,"2677 Coney Island Ave, Brooklyn, NY 11235, United States","https://www.google.com/maps/place/Law+Offices+of+Robert+Tsigler,+PLLC/data=!4m7!3m6!1s0x89c2445fcd91d64b:0xacb3a8072a31b3a3!8m2!3d40.5913575!4d-73.9604847!16s%2Fg%2F11bw3d57hl!19sChIJS9aRzV9EwokRo7MxKgeos6w",https://www.facebook.com/Tsiglerlaw/,https://www.instagram.com/tsiglerlaw/,https://www.linkedin.com/in/robert-tsigler-3813a53a/,https://www.yelp.com/biz/law-offices-of-robert-tsigler-new-york,,https://www.youtube.com/@TsiglerLaw,Robert Tsigler,Founding Attorney / Managing Partner,https://www.linkedin.com/in/robert-tsigler-3813a53a/,Robert Tsigler;New York;Aila Logo;Nysba Logo,Robert Tsigler,https://www.linkedin.com/in/robert-tsigler-3813a53a/
B,John Cassisi,new york,The Cassisi Law Firm PC,info@cassisilawfirm.com,info@cassisilawfirm.com,+1 718-441-5050,http://cassisilawfirm.com,"102-08 101st Ave, Ozone Park, NY 11416, United States",https://www.google.com/maps/place/The+Cassisi+Law+Firm+PC/data=!4m7!3m6!1s0x89c267578b791675:0x5da720c673694cf3!8m2!3d40.6857557!4d-73.8403538!16s%2Fg%2F1tjt2w41!19sChIJdRZ5i1dnwokR80xpc8Ygp10,https://www.facebook.com/John-Cassisi-Law-Firm-1599648513587041/,,https://www.linkedin.com/in/john-cassisi-764a20b8/,https://www.yelp.com/biz/the-cassisi-law-firm-queens,,,John Cassisi,Founding Attorney,,John Cassisi;QUEENS INJURY;Richard Janowitz,John Cassisi,info@cassisilawfirm.com
B,George K. Fuiaxis,new york,The Law Office of George K. Fuiaxis,gfuiaxis@fuiaxislaw.com,gfuiaxis@fuiaxislaw.com,+1 718-777-0223,http://www.fuiaxislaw.com,"32-02 30th Ave. #200, Astoria, NY 11102, United States",https://www.google.com/maps/place/The+Law+Office+of+George+K.+Fuiaxis/data=!4m7!3m6!1s0x89c25f476522659d:0x884b2755653a0dee!8m2!3d40.7661763!4d-73.9206756!16s%2Fg%2F11cjk5x8hb!19sChIJnWUiZUdfwokR7g06ZVUnS4g,,,https://www.linkedin.com/in/georgekfuiaxisattorney,https://www.yelp.com/biz/the-law-office-of-george-k-fuiaxis-astoria,,,George K. Fuiaxis,Founder / Principal Attorney,https://www.linkedin.com/in/georgekfuiaxisattorney,George K. Fuiaxis,George K. Fuiaxis,https://www.linkedin.com/in/georgekfuiaxisattorney
B,Fatos Dervishi,new york,"Dervishi Law Group, P.C.",fdervishi@dervishilaw.com,fdervishi@dervishilaw.com,+1 718-484-4757,https://dervishilaw.com,"2322 Arthur Ave #203, Bronx, NY 10458, United States","https://www.google.com/maps/place/Dervishi+Law+Group,+P.C./data=!4m7!3m6!1s0x89c2f487601f9c1f:0xac582a4923a98a06!8m2!3d40.8539668!4d-73.8891796!16s%2Fg%2F1hm5s0rx2!19sChIJH5wfYIf0wokRBoqpI0kqWKw",https://www.facebook.com/DervishiLawGroupPC%20,https://www.instagram.com/dervishilawgroup_pc/,,,,,Fatos Dervishi,Founder / Lead Attorney,https://www.linkedin.com/in/fatosdervishiesq/,,Fatos Dervishi,https://www.linkedin.com/in/fatosdervishiesq/
B,Laura E. Cowan,new york,Law Office of Laura E. Cowan PLLC,,,+1 212-760-2956,http://www.lauraecowanlaw.com,"125 Park Ave 25th floor, New York, NY 10017, United States",https://www.google.com/maps/place/Law+Office+of+Laura+E.+Cowan+PLLC/data=!4m7!3m6!1s0x89c259af29cff08b:0x739aed6cbbb9923f!8m2!3d40.751679!4d-73.977318!16s%2Fg%2F11g72y2n81!19sChIJi_DPKa9ZwokRP5K5u2ztmnM,,,,,,,Laura E. Cowan,"Founder / Attorney (Esq., CPA)",https://www.linkedin.com/in/lauraecowanlaw/,Laura E. Cowan,Laura E. Cowan,https://www.linkedin.com/in/lauraecowanlaw/
B,Neil Fridman,new york,Fridman Law Firm PLLC,,,+1 212-262-9823,https://www.fridmanlawfirm.com,"251 W 30th St Ste 604, New York, NY 10001, United States",https://www.google.com/maps/place/Fridman+Law+Firm+PLLC/data=!4m7!3m6!1s0x89c25907bfd1f95b:0x33d5357283d9d49b!8m2!3d40.7493629!4d-73.9942691!16s%2Fg%2F11frtg7cbx!19sChIJW_nRvwdZwokRm9TZg3I11TM,https://www.facebook.com/fridmanlawfirm,https://www.instagram.com/fridmanlawfirm/,https://www.linkedin.com/company/fridmanlawfirm/,,,https://www.youtube.com/@fridmanlawfirm9135,Neil Fridman,Managing Partner / Founder,https://www.linkedin.com/in/neilfridman/,Neil Fridman;Carmelo Chimera;Thomas Seaman,Neil Fridman,https://www.linkedin.com/in/neilfridman/
B,Charles Joseph,new york,"Charles Joseph, Employment Lawyer",info@workingnowandthen.com,info@workingnowandthen.com,+1 212-651-4238,https://www.workingnowandthen.com,"45 Broadway #320, New York, NY 10006, United States","https://www.google.com/maps/place/Charles+Joseph,+Employment+Lawyer/data=!4m7!3m6!1s0x89c25b2f1cd96d27:0x752dff607f7642e8!8m2!3d40.706523!4d-74.0132724!16s%2Fg%2F11f7hdhmbf!19sChIJJ23ZHC9bwokR6EJ2f2D_LXU",https://www.facebook.com/workingnowandthen/,,https://www.linkedin.com/in/charles-joseph-2878686/,,,,Charles Joseph,Founding Partner / Employment Lawyer,https://www.linkedin.com/in/charles-joseph-2878686/,Charles Joseph;New York,Charles Joseph,https://www.linkedin.com/in/charles-joseph-2878686/
B,Seth I. Koslow,new york,Seth I. Koslow of SIK Law,,,+1 347-754-6267,http://siklaw.com,"125-10 Queens Blvd #323, Kew Gardens, NY 11415, United States",https://www.google.com/maps/place/Seth+I.+Koslow+of+SIK+Law/data=!4m7!3m6!1s0x89c260983f06355d:0x1eedbc6c52a30274!8m2!3d40.7119297!4d-73.826361!16s%2Fg%2F11xb5pjhp!19sChIJXTUGP5hgwokRdAKjUmy87R4,,,,,,,Seth I. Koslow,Founder / Principal Attorney,https://www.linkedin.com/in/seth-i-koslow-esq-7a7b062/,Seth I. Koslow,Seth I. Koslow,https://www.linkedin.com/in/seth-i-koslow-esq-7a7b062/
B,Solomon Aminov,new york,Law Offices of Solomon Aminov PC,info@salawny.com,info@salawny.com,+1 212-725-2969,http://www.salawny.com,"147-17 Union Tpke, Flushing, NY 11367, United States",https://www.google.com/maps/place/Law+Offices+of+Solomon+Aminov+PC/data=!4m7!3m6!1s0x89c258e56f35a871:0xa57156b34bc52d26!8m2!3d40.7185756!4d-73.8147681!16s%2Fg%2F11f4r9kmhr!19sChIJcag1b-VYwokRJi3FS7NWcaU,,,,,,,Solomon Aminov,Founder / Principal Attorney,https://www.linkedin.com/in/solomon-aminov-pc/,Solomon Aminov,Solomon Aminov,https://www.linkedin.com/in/solomon-aminov-pc/
B,Glenn Busch,new york,Law Offices of Glenn Busch P.C.,info@buschlegal.com,info@buschlegal.com;gbusch@buschlegal.com,+1 212-661-3600,https://buschlegal.com/madison-avenue-estate-planning-office,"260 Madison Ave, New York, NY 10016, United States",https://www.google.com/maps/place/Law+Offices+of+Glenn+Busch+P.C./data=!4m7!3m6!1s0x89c25900e042e4eb:0xd2aab63a0359e5d7!8m2!3d40.7506831!4d-73.9811226!16s%2Fg%2F1262fw9v9!19sChIJ6-RC4ABZwokR1-VZAzq2qtI,https://www.facebook.com/Law-Offices-of-Glenn-Busch-PC-1433730640244013/,,https://www.linkedin.com/in/glenn-busch-a54011a,,,,Glenn Busch,Owner / Attorney,https://www.linkedin.com/in/glenn-busch-a54011a,Glenn Busch,Glenn Busch,https://www.linkedin.com/in/glenn-busch-a54011a
B,Nicholas M. Moccia,new york,"Law Office of Nicholas M. Moccia, P.C.",2062d0a4929b45348643784b5cb39c36@sentry.wixpress.com,2062d0a4929b45348643784b5cb39c36@sentry.wixpress.com,+1 718-701-5772,http://www.nicholasmoccialaw.com,"57 Beach St 3rd floor, Staten Island, NY 10304, United States","https://www.google.com/maps/place/Law+Office+of+Nicholas+M.+Moccia,+P.C./data=!4m7!3m6!1s0x89c24fd2bba0e5c1:0xde3c5c8b547ff487!8m2!3d40.6282263!4d-74.0779737!16s%2Fg%2F11cs12_j3w!19sChIJweWgu9JPwokRh_R_VItcPN4",https://www.facebook.com/Law-Office-of-Nicholas-M-Moccia-PC-Staten-Island-Brooklyn-Manhattan-183138431724689/?fref=ts,,https://www.linkedin.com/in/statenislandevictions/,,,,Nicholas M. Moccia,Owner / Attorney,https://www.linkedin.com/in/statenislandevictions/,Nicholas M. Moccia;Staten Island;Landlord Eviction;Mechanic Liens,Nicholas M. Moccia,https://www.linkedin.com/in/statenislandevictions/
B,Steven M. Raiser,new york,"Raiser Kenniff & Lonstein, Attorneys at Law",,,+1 212-529-1500,https://www.rkl.law,"99 Park Ave Ste 1530, New York, NY 10016, United States","https://www.google.com/maps/place/Raiser+Kenniff+%26+Lonstein,+Attorneys+at+Law/data=!4m7!3m6!1s0x89c2598a7196824f:0x7eb66d31178ba639!8m2!3d40.7501698!4d-73.9786884!16s%2Fg%2F1tp285ds!19sChIJT4KWcYpZwokROaaLFzFttn4",https://www.facebook.com/nyccriminallawyers/,,https://www.linkedin.com/company/raiser-&-kenniff-p-c-,https://www.yelp.com/biz/raiser-and-kenniff-new-york,,https://www.youtube.com/channel/UC7UK-u3_3LGRiSa4v2dV5cw,Steven M. Raiser,Founding Partner,https://www.linkedin.com/in/steveraiser,Steven M. Raiser;Thomas A. Kenniff;Alexander Lonstein,Steven M. Raiser,https://www.linkedin.com/in/steveraiser
B,Nicole Israel O'Reilly,new york,"The Law Office of Nicole Israel , PLLC",info@nicoleisraellaw.com,info@nicoleisraellaw.com,+1 917-719-6406,https://nicoleisraellaw.com,"11 Broadway #615, New York, NY 10004, United States","https://www.google.com/maps/place/The+Law+Office+of+Nicole+Israel+,+PLLC/data=!4m7!3m6!1s0x89c2595dbf4c9425:0x585e3beba3373b13!8m2!3d40.7521681!4d-73.9787183!16s%2Fg%2F11qqqbzkn8!19sChIJJZRMv11ZwokREzs3o-s7Xlg",,https://instagram.com/nicoleisraelesq,https://www.linkedin.com/in/nicole-i-22437b2/,,,https://www.youtube.com/channel/UCMvhcCn_K_is-jr-h4-hGbw,Nicole Israel O'Reilly,Founder / Trusts & Estates Attorney,https://www.linkedin.com/in/nicole-i-22437b2/,Nicole Israel O'Reilly,Nicole Israel O'Reilly,https://www.linkedin.com/in/nicole-i-22437b2/
B,David Epstein,new york,"Epstein & Conroy, P.C.",,,+1 718-852-6763,http://www.epsteinconroylaw.com,"335 Adams St #2703, Brooklyn, NY 11201, United States","https://www.google.com/maps/place/Epstein+%26+Conroy,+P.C./data=!4m7!3m6!1s0x89c25bb86eeca6d3:0x55a10444b63a898f!8m2!3d40.693463!4d-73.988245!16s%2Fg%2F1vfwdscq!19sChIJ06bsbrhbwokRj4k6tkQEoVU",https://www.facebook.com/Epstein-Conroy-104603626271924/,,https://www.linkedin.com/company/epstein-&-conroy-p.c.,,,,David Epstein,Owner / Founding Partner,https://www.linkedin.com/in/david-epstein-54596526/,David Epstein;Gary R. Conroy,David Epstein,https://www.linkedin.com/in/david-epstein-54596526/
B,Joseph Tacopina,new york,Tacopina Seigel & DeOreo - Criminal Lawyers in NYC,info@tacopinalaw.com,info@tacopinalaw.com,+1 212-227-8877,https://www.tacopinalaw.com,"275 Madison Ave Ste 3500, New York, NY 10016, United States",https://www.google.com/maps/place/Tacopina+Seigel+%26+DeOreo+-+Criminal+Lawyers+in+NYC/data=!4m7!3m6!1s0x89c259011e131cb9:0xe2d0fcf4f9b968b3!8m2!3d40.7512691!4d-73.9799887!16s%2Fg%2F1thd7lmq!19sChIJuRwTHgFZwokRs2i5-fT80OI,https://www.facebook.com/tacopinalawfirm,https://www.instagram.com/tacopinalaw/?hl=en,https://www.linkedin.com/company/law-offices-of-tacopina-seigel-&-turano-p-c-/,,,https://www.youtube.com/embed/l7I3jCsu_aU,Joseph Tacopina,"Founding/Senior Partner, Lead Trial Attorney",https://www.linkedin.com/in/josephtacopina,Joseph Tacopina;Chad Seigel;Matthew DeOreo,Joseph Tacopina,https://www.linkedin.com/in/josephtacopina
B,Russel Morgan,new york,Estate Planning Attorney Brooklyn | Morgan Legal Group,contact@morganlegalny.com,contact@morganlegalny.com;info@morganlegalny.com,+1 212-561-4299,https://www.morganlegalny.com,"300 Cadman Plz W 12th fl, Brooklyn, NY 11201, United States",https://www.google.com/maps/place/Estate+Planning+Attorney+Brooklyn+%7C+Morgan+Legal+Group/data=!4m7!3m6!1s0x89c25badcb962487:0x99c13145fd30a92b!8m2!3d40.6951041!4d-73.9911169!16s%2Fg%2F11j03plf5n!19sChIJhySWy61bwokRK6kw_UUxwZk,https://www.facebook.com/morganlegalgroupPC,https://www.instagram.com/morganlegalny766/,https://www.linkedin.com/company/28588722/;https://www.linkedin.com/in/russel-morgan-esq-b21621126,,,https://www.youtube.com/channel/UCTgCF5f91xmC6PPsFEmNycA;https://www.youtube.com/playlist?list=PL7uIi1SpUUgHqaI5DtRgK78uetmQcHp8W,Russel Morgan,CEO & Founder / Principal,https://www.linkedin.com/in/russel-morgan-esq-b21621126,Russel Morgan;Guy Chirico;Staten Island;Rockland County,Russel Morgan,https://www.linkedin.com/in/russel-morgan-esq-b21621126
B,Emiliano Perez,new york,Law Office of Emiliano Perez,info@eperezlegal.com,info@eperezlegal.com,+1 718-440-9214,http://www.eperezlegal.com,"34-18 Northern Blvd, Long Island City, NY 11101, United States",https://www.google.com/maps/place/Law+Office+of+Emiliano+Perez/data=!4m7!3m6!1s0x89c25f073d0c6177:0xbb11ac27e895ae32!8m2!3d40.7517984!4d-73.9291393!16s%2Fg%2F11b6dqpycz!19sChIJd2EMPQdfwokRMq6V6CesEbs,https://www.facebook.com/LawOfficeofEmilianoPerez/,https://www.instagram.com/law_office_emiliano_perez/,https://www.linkedin.com/in/emiliano-perez-0b809960/,,,,Emiliano Perez,Founding Partner / Attorney,https://www.linkedin.com/in/emiliano-perez-0b809960/,Emiliano Perez,Emiliano Perez,https://www.linkedin.com/in/emiliano-perez-0b809960/
B,William W. Waldner,new york,Law Offices of William Waldner,info@midtownbankruptcy.com,info@midtownbankruptcy.com,+1 347-391-7786,http://www.midtownbankruptcy.com,"732 E 204th St Ste 2D, Bronx, NY 10467, United States",https://www.google.com/maps/place/Law+Offices+of+William+Waldner/data=!4m7!3m6!1s0x89c2f315848c9125:0x5e2d1a2ed51d9cf4!8m2!3d40.8705407!4d-73.8764818!16s%2Fg%2F11r474q1h6!19sChIJJZGMhBXzwokR9Jwd1S4aLV4,https://www.facebook.com/midtownbankruptcy,,https://www.linkedin.com/in/william-waldner-38960829/,https://www.yelp.com/biz/law-office-of-william-waldner-new-york,,,William W. Waldner,Founder / Bankruptcy Attorney,https://www.linkedin.com/in/william-waldner-38960829/,William W. Waldner,William W. Waldner,https://www.linkedin.com/in/william-waldner-38960829/
B,Leo Jacobs,new york,Jacobs P.C.,info@jacobspc.com,info@jacobspc.com;leo@jacobspc.com;adam@jacobspc.com;wayne@jacobspc.com;linda@jacobspc.com;laura@jacobspc.com;aaron@jacobspc.com;david@jacobspc.com;stefany@jacobspc.com;tiffany@jacobspc.com;keziah@jacobspc.com;pr@jacobspc.com;amy@rarepublicrelations.com;namy@rarepublicrelations.com,+1 212-229-0476,https://www.jacobspc.com,"717 5th Ave Floor 17, New York, NY 10022, United States",https://www.google.com/maps/place/Jacobs+P.C./data=!4m7!3m6!1s0x89c25952abef17db:0x5dab71ce15579652!8m2!3d40.761728!4d-73.9739659!16s%2Fg%2F11tcfl0w94!19sChIJ2xfvq1JZwokRUpZXFc5xq10,https://www.facebook.com/jacobspcny,,https://www.linkedin.com/company/jacobspc/,,,,Leo Jacobs,Founder / Chairman,https://www.linkedin.com/in/leojacobs,Leo Jacobs;Adam Sherman,Leo Jacobs,https://www.linkedin.com/in/leojacobs
B,Cliff S. Schneider,new york,"Cohen Schneider Law, P.C.",info@cohenschneider.com,info@cohenschneider.com,+1 212-365-8600,https://cohenschneider.com,"275 Madison Ave 32nd Floor, New York, NY 10016, United States","https://www.google.com/maps/place/Cohen+Schneider+Law,+P.C./data=!4m7!3m6!1s0x89c259011e131cb9:0xd7cc85ecb78577fa!8m2!3d40.7512803!4d-73.9800024!16s%2Fg%2F1tj74j4d!19sChIJuRwTHgFZwokR-neFt-yFzNc",https://www.facebook.com/CohenSchneiderLaw/,https://www.instagram.com/cohenschneiderlaw,https://www.linkedin.com/company/2676107,,,https://www.youtube.com/@cohenschneiderlaw2862,Cliff S. Schneider,Managing Partner,https://www.linkedin.com/in/cliffschneider,Cliff S. Schneider;Susan R. Briggs,Cliff S. Schneider,https://www.linkedin.com/in/cliffschneider
B,Lisa Beth Older,new york,Law Offices of Lisa Beth Older,,,+1 212-786-0901,https://nycdivorcelawyer.net,"48 Wall St Ste 1100, New York, NY 10005, United States",https://www.google.com/maps/place/Law+Offices+of+Lisa+Beth+Older/data=!4m7!3m6!1s0x89c25a112a4017c3:0xa9fb28f88fc114d2!8m2!3d40.7062898!4d-74.0092529!16s%2Fg%2F1v_0knpk!19sChIJwxdAKhFawokR0hTBj_go-6k,,,,,,,Lisa Beth Older,Founder / Owner (Divorce & Family Law Attorney),https://www.linkedin.com/in/lawofficesoflisabetholder/,Lisa Beth Older,Lisa Beth Older,https://www.linkedin.com/in/lawofficesoflisabetholder/
B,Leo Krymkier,new york,Krymkier Law,460ff4620fa44cba8df530afde949785@sentry.wixpress.com,460ff4620fa44cba8df530afde949785@sentry.wixpress.com;78f7996315bc402f9dcb8a2f974b82d1@sentry.wixpress.com;9a65e97ebe8141fca0c4fd686f70996b@sentry.wixpress.com;c183baa23371454f99f417f6616b724d@sentry.wixpress.com;contact@krymkierlaw.com;dd0a55ccb8124b9c9d938e3acf41f8aa@sentry.wixpress.com,+1 646-397-3640,https://www.frenchamericanlawyer.com,"1270 6th Ave Fl 7, New York, NY 10020, United States",https://www.google.com/maps/place/Krymkier+Law/data=!4m7!3m6!1s0x89c258f8daefc7b3:0x138b2f4cdabaa1c0!8m2!3d40.7600664!4d-73.9798152!16s%2Fg%2F11b5wlq0vc!19sChIJs8fv2vhYwokRwKG62kwvixM,https://www.facebook.com/krymkierlaw/,,https://www.linkedin.com/company/5280643,,,,Leo Krymkier,Founder,https://www.linkedin.com/in/leo-krymkier-182a63/,Leo Krymkier,Leo Krymkier,https://www.linkedin.com/in/leo-krymkier-182a63/
B,Steve N. Okasi,new york,Okasi & Okasi PC Attorneys at Law,info@okasilaw.com,info@okasilaw.com,+1 718-822-6800,http://okasilawny.com,"1106 White Plains Rd, Bronx, NY 10472, United States",https://www.google.com/maps/place/Okasi+%26+Okasi+PC+Attorneys+at+Law/data=!4m7!3m6!1s0x89c2f4c376bd36ad:0x575119163c131e29!8m2!3d40.8287359!4d-73.8605704!16s%2Fg%2F1tfsjbfj!19sChIJrTa9dsP0wokRKR4TPBYZUVc,https://www.facebook.com/bronximmigrationlawyer/,,http://www.linkedin.com/shareArticle?mini=true&url=https://www.okasilawny.com/&title=Share%20Us;http://www.linkedin.com/shareArticle?mini=true&url=https://www.okasilawny.com/attorney-profiles&title=Share%20Us;https://www.linkedin.com/in/steve-okasi-1a44b345,,,,Steve N. Okasi,Partner,https://www.linkedin.com/in/steve-okasi-1a44b345,Steve N. Okasi;Brenda P. Okasi,Steve N. Okasi,https://www.linkedin.com/in/steve-okasi-1a44b345
B,Jason A. Steinberger,new york,"Law Offices of Jason A. Steinberger, LLC",,,+1 718-585-2833,https://arrestedinny.com,"888 Grand Concourse #1H, Bronx, NY 10451, United States","https://www.google.com/maps/place/Law+Offices+of+Jason+A.+Steinberger,+LLC/data=!4m7!3m6!1s0x89c2f432f8412115:0x1bcb4b848af3b0f!8m2!3d40.8264752!4d-73.9223875!16s%2Fg%2F12cpj3pwv!19sChIJFSFB-DL0wokRDzuvSLi0vAE",https://www.facebook.com/Law-offices-of-Jason-A-Steinberger-112819866768596/,,https://www.linkedin.com/in/arrestedinny/,,,,Jason A. Steinberger,Founding Attorney / Owner,https://www.linkedin.com/in/arrestedinny/,Jason A. Steinberger,Jason A. Steinberger,https://www.linkedin.com/in/arrestedinny/
B,Bonnie Mohr Jan,new york,New York Family Law & Mediation PLLC,office@mohresq.com,office@mohresq.com,+1 646-783-9613,http://nyfamily.law,"118-35 Queens Blvd #1220, Forest Hills, NY 11375, United States",https://www.google.com/maps/place/New+York+Family+Law+%26+Mediation+PLLC/data=!4m7!3m6!1s0x89c259baa40b07d1:0x66c31d84291632e6!8m2!3d40.7148579!4d-73.8311108!16s%2Fg%2F1tv251jp!19sChIJ0QcLpLpZwokR5jIWKYQdw2Y,https://www.facebook.com/1716993455241574,https://www.instagram.com/bmjlawpllc/,https://www.linkedin.com/in/bonniemohrjan/,,,,Bonnie Mohr Jan,Founder / Attorney at Law,https://www.linkedin.com/in/bonniemohrjan/,Sassy Dumornay;Bonnie Mohr;Bonnie Mohr Jan;Celene Cardenas,Bonnie Mohr Jan,https://www.linkedin.com/in/bonniemohrjan/
B,William Bendix,new york,Bendix Law,8eb368c655b84e029ed79ad7a5c1718e@sentry.wixpress.com,8eb368c655b84e029ed79ad7a5c1718e@sentry.wixpress.com;william@bendixlaw.com,+1 718-388-2225,https://www.bendixlaw.com,"692 Grand St 2nd Floor, Brooklyn, NY 11211, United States",https://www.google.com/maps/place/Bendix+Law/data=!4m7!3m6!1s0x89c25957b5349239:0x8e3cc702c01ba624!8m2!3d40.7113681!4d-73.9449021!16s%2Fg%2F1tggbw_5!19sChIJOZI0tVdZwokRJKYbwALHPI4,https://www.facebook.com/bendixlaw,,https://www.linkedin.com/in/william-bendix-b47a9425/,https://www.yelp.com/biz/bendix-law-brooklyn,,,William Bendix,Owner / Managing Partner,https://www.linkedin.com/in/william-bendix-b47a9425/,William Bendix,William Bendix,https://www.linkedin.com/in/william-bendix-b47a9425/
B,Todd A. Spodek,new york,Spodek Law Group P.C.,info@spodeklawgroup.com,info@spodeklawgroup.com,+1 347-897-0214,https://www.nyccriminalattorneys.com/best-brooklyn-criminal-defense-lawyers-and-brooklyn-criminal-attorneys,"195 Montague St 14th floor, Brooklyn, NY 11201, United States",https://www.google.com/maps/place/Spodek+Law+Group+P.C./data=!4m7!3m6!1s0x89c25a49ae06f9db:0x1bd1d28b8940f144!8m2!3d40.6949334!4d-73.9912496!16s%2Fg%2F1jkvx_pyw!19sChIJ2_kGrklawokRRPFAiYvS0Rs,,,,,,https://www.youtube.com/@SpodekLawnyc;https://www.youtube.com/watch?v=2O1KxasoSOI;https://www.youtube.com/watch?v=65xa8TG2G8o;https://www.youtube.com/watch?v=Cj3M4k1Aw9g;https://www.youtube.com/watch?v=Ein35muWle4;https://www.youtube.com/watch?v=Qo6CuGjrhrQ;https://www.youtube.com/watch?v=YTGvT93SurE;https://www.youtube.com/watch?v=gZoMNxEiUbE;https://www.youtube.com/watch?v=hRv71xJqLaw;https://www.youtube.com/watch?v=q9-nA93Bnbs;https://www.youtube.com/watch?v=uiwhRmdqZLo;https://www.youtube.com/watch?v=zOKoBVKCTcY,Todd A. Spodek,Managing Partner / Founder,https://www.linkedin.com/in/todd-spodek-01919184/,"Ralph P. Franco, Jr.",Todd A. Spodek,https://www.linkedin.com/in/todd-spodek-01919184/
B,Manuel Portela,new york,"The Portela Law Firm, P.C.",,,+1 718-424-5000,http://www.portelalaw.com,"37-06 82nd St #306, Jackson Heights, NY 11372, United States","https://www.google.com/maps/place/The+Portela+Law+Firm,+P.C./data=!4m7!3m6!1s0x89c25fa8c2279015:0x8b7965cc99c35d8c!8m2!3d40.7494319!4d-73.8845903!16s%2Fg%2F1wz53mnj!19sChIJFZAnwqhfwokRjF3DmcxleYs",https://www.facebook.com/portelalaw,https://www.instagram.com/portelalawfirm/,https://www.linkedin.com/in/portelalaw,,https://www.tiktok.com/@nyctoplawyer?lang=en,https://www.youtube.com/channel/UCOoFtxNKqCwwWXaXVQwqC0A;https://www.youtube.com/watch?v=ixvm5mDCyTc&t=48s,Manuel Portela,Principal Attorney / Owner,https://www.linkedin.com/in/portelalaw,Manuel Portela;Susan Friedland;Egi Deromemaj,Manuel Portela,https://www.linkedin.com/in/portelalaw
B,Matthew J. Turturro,new york,"Turturro Law, P.C.",8c30b2581acc426badc414e8a5dc04ef@sentry.wixpress.com,8c30b2581acc426badc414e8a5dc04ef@sentry.wixpress.com;natraj@turturrolawpc.com;office@turturrolawpc.com;turturrolawpc@gmail.com,+1 718-384-2323,http://www.turturrolawpc.com,"1361 N Railroad Ave, Staten Island, NY 10306, United States","https://www.google.com/maps/place/Turturro+Law,+P.C./data=!4m7!3m6!1s0x89c259439fdc9745:0x454b0ca5440dc75e!8m2!3d40.5750356!4d-74.1158179!16s%2Fg%2F11b6srm_g4!19sChIJRZfcn0NZwokRXscNRKUMS0U",,,,,,,Matthew J. Turturro,Founder,,Matthew J. Turturro;Natraj S. Bhushan,Matthew J. Turturro,turturrolawpc@gmail.com
B,,new york,"Staten Island Accident Lawyers, P.C.",statenislandaccidentlawyers@gmail.com,statenislandaccidentlawyers@gmail.com,+1 917-722-0676,https://staten-island-accident-lawyers.com,"1110 South Ave Ste 85, Staten Island, NY 10314, United States","https://www.google.com/maps/place/Staten+Island+Accident+Lawyers,+P.C./data=!4m7!3m6!1s0x89c24dc53bf1517b:0x61564ff88a58f67b!8m2!3d40.6139964!4d-74.1769329!16s%2Fg%2F11mlvlwb78!19sChIJe1HxO8VNwokRe_ZYivhPVmE",https://www.facebook.com/statenislandlawyers/,https://www.instagram.com/siaccidentlawyers/,https://www.linkedin.com/company/staten-island-accident-lawyers,,https://www.tiktok.com/@statenislandaccidentlaw?lang=en,,,,,,,
B,Jacqueline Kafedjian,new york,The Antonious Law Firm,jackie@antoniouslawfirm.com,jackie@antoniouslawfirm.com,+1 718-456-5500,https://www.antoniouslawfirm.com,"70-50 Austin St #112, Forest Hills, NY 11375, United States",https://www.google.com/maps/place/The+Antonious+Law+Firm/data=!4m7!3m6!1s0x89c25c2a5a7ec495:0x3ccd65e08b28c7e0!8m2!3d40.7201809!4d-73.8454165!16s%2Fg%2F1tf7yn4m!19sChIJlcR-WipcwokR4Mcoi-BlzTw,https://www.facebook.com/theantoniouslawfirm,https://www.instagram.com/antoniouslawfirm/,https://www.linkedin.com/in/jacqueline-kafedjian-05b4a8183/,,,,Jacqueline Kafedjian,Principal / Founding Attorney,https://www.linkedin.com/in/jacqueline-kafedjian-05b4a8183/,Jacqueline Kafedjian,Jacqueline Kafedjian,https://www.linkedin.com/in/jacqueline-kafedjian-05b4a8183/
B,Louis Grandelli,new york,Grandelli & Eskenasi,info@grandelli.com,info@grandelli.com,+1 718-477-1919,https://www.grandellilaw.com/staten-island/#utm_source=google&utm_medium=organic&utm_campaign=gbp&utm_content=staten_island,"900 South Ave #55, Staten Island, NY 10314, United States",https://www.google.com/maps/place/Grandelli+%26+Eskenasi/data=!4m7!3m6!1s0x89c24cf8eeed1181:0x517a9c964514f92c!8m2!3d40.6170422!4d-74.1726712!16s%2Fg%2F11b6dfzvx8!19sChIJgRHt7vhMwokRLPkURZacelE,https://www.facebook.com/GrandelliLaw,,https://www.linkedin.com/company/law-offices-of-louis-grandelli/,,,https://www.youtube.com/embed/e1-fj6JLFPg,Louis Grandelli,Founding Partner,https://www.linkedin.com/in/louis-grandelli-a3242918/,Grandelli & Eskenasi Team;Staten Island;Louis Grandelli;Leigh Eskenasi,Louis Grandelli,https://www.linkedin.com/in/louis-grandelli-a3242918/
B,Vlad Portnoy,new york,Estate Planning Queens,info@trustsandestate.com,info@trustsandestate.com,+1 347-809-5201,http://trustsandestate.com,"24-35 77th St, East Elmhurst, NY 11370, United States",https://www.google.com/maps/place/Estate+Planning+Queens/data=!4m7!3m6!1s0x89c25f8f4dbeb077:0x4a5a34dcb494aaaf!8m2!3d40.763426!4d-73.891232!16s%2Fg%2F11ny3__7hz!19sChIJd7C-TY9fwokRr6qUtNw0Wko,https://www.facebook.com/TrustsAndEstate/,,https://www.linkedin.com/company/trustsandestate-com/,,,,Vlad Portnoy,Founder / Managing Attorney,https://www.linkedin.com/in/nywillsandestates/,Vlad Portnoy,Vlad Portnoy,https://www.linkedin.com/in/nywillsandestates/
B,Stephen D. Hans,new york,"Stephen D. Hans & Associates, P.C.",,,+1 718-275-6700,http://www.hansassociates.com,"30-30 Northern Blvd Ste 401, Long Island City, NY 11101, United States","https://www.google.com/maps/place/Stephen+D.+Hans+%26+Associates,+P.C./data=!4m7!3m6!1s0x89c259293dfe111b:0x9021abfcffeee27a!8m2!3d40.7510692!4d-73.9335022!16s%2Fg%2F1vs1sszl!19sChIJGxH-PSlZwokReuLu__yrIZA",https://www.facebook.com/stephen.hans.5,,https://www.linkedin.com/company/stephen-d-hans-&-associates/,,,,Stephen D. Hans,Founder / Attorney,https://www.linkedin.com/in/stephen-d-hans-516a9832/,Stephen D. Hans,Stephen D. Hans,https://www.linkedin.com/in/stephen-d-hans-516a9832/
B,Alex I. Kleyman,new york,"Kleyman Law Group, P.C.",2062d0a4929b45348643784b5cb39c36@sentry.wixpress.com,2062d0a4929b45348643784b5cb39c36@sentry.wixpress.com;5d1795a2db124a268f1e1bd88f503500@sentry.wixpress.com;79baaa8e09c746d2b7401643b99792e0@sentry.wixpress.com;info@klgnylaw.com,+1 212-203-2082,http://www.klgnylaw.com,"1901 Emmons Ave Ste 211, Brooklyn, NY 11235, United States","https://www.google.com/maps/place/Kleyman+Law+Group,+P.C./data=!4m7!3m6!1s0x89c244643880bdbd:0x8f4e6ca06cfbe034!8m2!3d40.583888!4d-73.9491238!16s%2Fg%2F11bydldzxd!19sChIJvb2AOGREwokRNOD7bKBsTo8",,,,,,,Alex I. Kleyman,Founding Partner,https://www.linkedin.com/in/alexkleyman-law/,Alex I. Kleyman,Alex I. Kleyman,https://www.linkedin.com/in/alexkleyman-law/
B,Roman Aminov,new york,Aminov Law,info@aminovlaw.com,info@aminovlaw.com,+1 347-384-6854,https://www.aminovlaw.com/an-elmhurst-ny-estate-lawyer,"54-14 74th St, Elmhurst, NY 11373, United States",https://www.google.com/maps/place/Aminov+Law/data=!4m7!3m6!1s0x89c25f38f8e6ca3d:0xf2229828d06ffeab!8m2!3d40.7296819!4d-73.8877082!16s%2Fg%2F11fmdwtyr1!19sChIJPcrm-DhfwokRq_5v0CiYIvI,https://www.facebook.com/AminovLaw/,,https://www.linkedin.com/authwall?trk=gf&trkInfo=AQF7tqPNkXTfLQAAAXcTp9hYcR0UagkEqt7XSGldXjX6WAzR6xYJVD_0W0jcU9OLm2V-zdlc4YmR8YrX7A2-AFpR4LuFSAxGt69mpjKBJ6rbI0FJ-R9tCFXezKyIyJrhDJG2cYs=&originalReferer=&sessionRedirect=https%3A%2F%2Fwww.linkedin.com%2Fin%2Faminovlaw;https://www.linkedin.com/authwall?trk=gf&trkInfo=AQFMipT2ZAjvQgAAAXcJljlA6L4kErUGXZGXRIIpP9l0MGjBKmWSBYPzwJfQc70g0_PeUFlK0dP7y1B0VAotMdX913-RoDfbs2NFuYVQFE3MBW0cn4-gHR0XOBiMLAaSCSTz-9s=&originalReferer=http://localhost/&sessionRedirect=https%3A%2F%2Fwww.linkedin.com%2Fin%2Faminovlaw;https://www.linkedin.com/in/aminovlaw,,,,Roman Aminov,Founder / Managing Attorney,https://www.linkedin.com/in/aminovlaw,Roman Aminov;Timothy J. Broschardt;Adelina Pinkhasova,Roman Aminov,https://www.linkedin.com/in/aminovlaw
B,Edan C. Darmoni,new york,Darmoni Law,,,+1 212-993-8820,https://darmonilaw.com,"1110 South Ave #100, Staten Island, NY 10314, United States",https://www.google.com/maps/place/Darmoni+Law/data=!4m7!3m6!1s0x89c24d9622bebcdd:0x49f6422dcbd95cc6!8m2!3d40.6140144!4d-74.1769556!16s%2Fg%2F11v3q_bs5z!19sChIJ3by-IpZNwokRxlzZyy1C9kk,,,,,,,Edan C. Darmoni,Founder / Principal Attorney,https://www.linkedin.com/in/edan-c-darmoni-esq-794686ba/,Edan C. Darmoni,Edan C. Darmoni,https://www.linkedin.com/in/edan-c-darmoni-esq-794686ba/
B,Michael Camporeale,new york,The Law Office of Michael Camporeale,,,+1 929-667-6554,http://www.mcamporealelaw.com,"1688 Victory Blvd, Staten Island, NY 10314, United States",https://www.google.com/maps/place/The+Law+Office+of+Michael+Camporeale/data=!4m7!3m6!1s0x89c24e81171eaa85:0xfea24f78f1c9868f!8m2!3d40.6130261!4d-74.1200221!16s%2Fg%2F1tfhh9qx!19sChIJhaoeF4FOwokRj4bJ8XhPov4,https://www.facebook.com/The-Law-Office-of-Michael-Camporeale-173463059366321/,,https://www.linkedin.com/in/michael-camporeale-45b0737/,,,https://www.youtube.com/channel/UCEAsbfk53vuru8wMFKR7g1g,Michael Camporeale,Founder / Principal Attorney,https://www.linkedin.com/in/michael-camporeale-45b0737/,Michael Camporeale;Joseph A. Carofano;Michael J. Palumbo,Michael Camporeale,https://www.linkedin.com/in/michael-camporeale-45b0737/
B,Yaniv Lavy,new york,"Feiner & Lavy,",lavy@fnlpc.com,lavy@fnlpc.com,+1 212-393-9130,https://fight4injury.com,"881 Gerard Ave #200, Bronx, NY 10452, United States","https://www.google.com/maps/place/Feiner+%26+Lavy,/data=!4m7!3m6!1s0x89c2f42d7876c0cb:0x53ca71998d426e9e!8m2!3d40.828236!4d-73.92482!16s%2Fg%2F12hnf4l53!19sChIJy8B2eC30wokRnm5CjZlxylM",,,,,,,Yaniv Lavy,Managing Partner / Name Partner,https://www.linkedin.com/in/yaniv-lavy-esq-87068a20/,Michael Feiner;Richard G. Monaco,Yaniv Lavy,https://www.linkedin.com/in/yaniv-lavy-esq-87068a20/
B,John Wm. Zaccone,new york,Law Office Of John Wm. Zaccone,worldmapscenter@yandex.com,worldmapscenter@yandex.com,+1 718-351-3900,https://rymap.org/business/law-office-of-john-wm-zaccone-r6slnr,"2141 Richmond Rd, Staten Island, NY 10306, United States",https://www.google.com/maps/place/Law+Office+Of+John+Wm.+Zaccone/data=!4m7!3m6!1s0x89c24eae1aba853b:0x9afb3365aadef7f3!8m2!3d40.581128!4d-74.11293!16s%2Fg%2F11b5wrrv5c!19sChIJO4W6Gq5OwokR8_feqmUz-5o,,,,,,,John Wm. Zaccone,Owner / Principal Attorney,,Joey Hood;John Wm. Zaccone;Dennis A Groff;Mark A. Hutson,John Wm. Zaccone,https://www.facebook.com/p/Law-Offices-of-John-Wm-Zaccone-100063788120014/
B,Christopher J. Arrigali,new york,"The Law Office of Christopher J. Arrigali, P.C.",,,+1 718-569-5002,http://carrigalilaw.com,"1110 South Ave #78, Staten Island, NY 10314, United States","https://www.google.com/maps/place/The+Law+Office+of+Christopher+J.+Arrigali,+P.C./data=!4m7!3m6!1s0x89c24cfa076b2beb:0x6d74d9b37fe4f9fc!8m2!3d40.6143583!4d-74.1773124!16s%2Fg%2F11bt_9bwfl!19sChIJ6ytrB_pMwokR_Pnkf7PZdG0",https://www.facebook.com/CarrigaliLaw,,https://www.linkedin.com/in/christopher-arrigali-7768466,,,,Christopher J. Arrigali,Founder / Principal Attorney,https://www.linkedin.com/in/christopher-arrigali-7768466,Christopher J. Arrigali,Christopher J. Arrigali,https://www.linkedin.com/in/christopher-arrigali-7768466
B,Craig D. Rosenbaum,new york,Rosenbaum Meier Personal Injury Lawyers Bronx,marketing@rosenbaumnylaw.com,marketing@rosenbaumnylaw.com,+1 917-905-2339,https://www.rosenbaumnylaw.com/bronx-personal-injury-lawyer,"1578 Williamsbridge Rd Ste 3b, Bronx, NY 10461, United States",https://www.google.com/maps/place/Rosenbaum+Meier+Personal+Injury+Lawyers+Bronx/data=!4m7!3m6!1s0x89c2f505c1d3f869:0xc89b7f848c01ae13!8m2!3d40.8468944!4d-73.8483118!16s%2Fg%2F11y5m2t4q4!19sChIJafjTwQX1wokRE64BjIR_m8g,https://www.facebook.com/Rosenbaumny/,,https://www.linkedin.com/company/rosenbaum-&-rosenbaum-p-c-/,,,,Craig D. Rosenbaum,Founder / Senior Partner (Name Partner),https://www.linkedin.com/in/craig-rosenbaum-18a7a16/,Craig D. Rosenbaum;Andrew G. Meier;Erica M. Martini;AVVO Rating,Craig D. Rosenbaum,https://www.linkedin.com/in/craig-rosenbaum-18a7a16/
B,Roman Aminov,new york,Aminov Law Estate & Probate Lawyer Astoria,info@aminovlaw.com,info@aminovlaw.com,+1 347-391-2658,http://www.aminovlaw.com/astoria-ny-estate-lawyer,"35-37 36th St, Astoria, NY 11106, United States",https://www.google.com/maps/place/Aminov+Law+Estate+%26+Probate+Lawyer+Astoria/data=!4m7!3m6!1s0x89c25f2f93ccf715:0xcab7d074e162729d!8m2!3d40.7551678!4d-73.9251007!16s%2Fg%2F11csqzkwp6!19sChIJFffMky9fwokRnXJi4XTQt8o,https://www.facebook.com/AminovLaw/,,https://www.linkedin.com/authwall?trk=gf&trkInfo=AQF7tqPNkXTfLQAAAXcTp9hYcR0UagkEqt7XSGldXjX6WAzR6xYJVD_0W0jcU9OLm2V-zdlc4YmR8YrX7A2-AFpR4LuFSAxGt69mpjKBJ6rbI0FJ-R9tCFXezKyIyJrhDJG2cYs=&originalReferer=&sessionRedirect=https%3A%2F%2Fwww.linkedin.com%2Fin%2Faminovlaw;https://www.linkedin.com/authwall?trk=gf&trkInfo=AQFMipT2ZAjvQgAAAXcJljlA6L4kErUGXZGXRIIpP9l0MGjBKmWSBYPzwJfQc70g0_PeUFlK0dP7y1B0VAotMdX913-RoDfbs2NFuYVQFE3MBW0cn4-gHR0XOBiMLAaSCSTz-9s=&originalReferer=http://localhost/&sessionRedirect=https%3A%2F%2Fwww.linkedin.com%2Fin%2Faminovlaw;https://www.linkedin.com/in/aminovlaw,,,,Roman Aminov,Founder / Attorney,https://www.linkedin.com/in/aminovlaw,Roman Aminov,Roman Aminov,https://www.linkedin.com/in/aminovlaw
B,Ricky Shah,new york,Criminal Defense Office of Ricky Shah,ricky@rickyshahdefense.com,ricky@rickyshahdefense.com,+1 212-457-9790,https://www.rickyshahdefense.com,"43 W 43rd St Ste 175, New York, NY 10036, United States",https://www.google.com/maps/place/Criminal+Defense+Office+of+Ricky+Shah/data=!4m7!3m6!1s0x89c259e887139bef:0xfdb3c78643c1120a!8m2!3d40.7551989!4d-73.9823197!16s%2Fg%2F11xmfrfw2b!19sChIJ75sTh-hZwokRChLBQ4bHs_0,,,,,,,Ricky Shah,Founder / Criminal Defense Attorney,https://www.linkedin.com/in/ricky-shah-14549b37/,Ricky Shah,Ricky Shah,https://www.linkedin.com/in/ricky-shah-14549b37/
B,Beata Gadek,new york,"Beata Gadek, PLLC",gadeklaw@gmail.com,gadeklaw@gmail.com,+1 347-524-1587,http://www.adwokatgadek.com,"suite 201, 1200 South Ave, Staten Island, NY 10314, United States","https://www.google.com/maps/place/Beata+Gadek,+PLLC/data=!4m7!3m6!1s0x89c24cf17c6b3e43:0x1b570fe112768985!8m2!3d40.6098582!4d-74.179327!16s%2Fg%2F11f4r7l4k8!19sChIJQz5rfPFMwokRhYl2EuEPVxs",https://www.facebook.com/p/Beata-Gadek-Esq-100068094490750/,,,,,,Beata Gadek,Attorney / Owner,,Beata Gadek,Beata Gadek,https://www.facebook.com/p/Beata-Gadek-Esq-100068094490750/
B,Cormac McEnery,new york,The Cormac McEnery Law Firm,cormac@cormacmcenery.com,cormac@cormacmcenery.com;betty@cormacmcenery.com;brian@cormacmcenery.com,+1 718-885-1234,https://www.cormacmcenerylaw.com,"562 City Island Ave, Bronx, NY 10464, United States",https://www.google.com/maps/place/The+Cormac+McEnery+Law+Firm/data=!4m7!3m6!1s0x89c28c7c8ed921f7:0xfef24b8751083f15!8m2!3d40.8536731!4d-73.7899198!16s%2Fg%2F1thtqj4j!19sChIJ9yHZjnyMwokRFT8IUYdL8v4,,,,,,,Cormac McEnery,Principal Attorney / Founder,https://www.linkedin.com/in/cormac-mcenery-62108135/,Cormac McEnery,Cormac McEnery,https://www.linkedin.com/in/cormac-mcenery-62108135/
B,Marianna Schwartsman,new york,Estate Planning Attorney Staten Island,leads@trustsandestate.com,leads@trustsandestate.com,+1 347-919-5154,http://www.probatenewyorklawyers.com,"1138 Castleton Ave Ste 304, Staten Island, NY 10310, United States",https://www.google.com/maps/place/Estate+Planning+Attorney+Staten+Island/data=!4m7!3m6!1s0x89c27b51f9aa3307:0xab054506b6903b90!8m2!3d40.6341847!4d-74.1205178!16s%2Fg%2F1tm13jjx!19sChIJBzOq-VF7wokRkDuQtgZFBas,,,,,,,Marianna Schwartsman,Attorney / Founder (Schwartsman Law Group),https://www.linkedin.com/in/mschwartsman/,Marianna Schwartsman,Marianna Schwartsman,https://www.linkedin.com/in/mschwartsman/
B,Michael E. Cirigliano,new york,"Michael E. Cirigliano, Attorney at Law, P.C.",michael@ciriglianolaw.com,michael@ciriglianolaw.com,+1 718-285-9196,https://www.ciriglianolaw.com,"404 Manor Rd Fl 2, Staten Island, NY 10314, United States","https://www.google.com/maps/place/Michael+E.+Cirigliano,+Attorney+at+Law,+P.C./data=!4m7!3m6!1s0x89c24f5975f13473:0xf281d788fa806a2!8m2!3d40.6178196!4d-74.1239226!16s%2Fg%2F11ypwmk0cm!19sChIJczTxdVlPwokRogaoj3gdKA8",,,,https://www.yelp.com/biz/michael-e-cirigliano-staten-island,,,Michael E. Cirigliano,Principal Attorney / Owner,https://www.linkedin.com/in/michael-cirigliano-55b19649/,Michael E. Cirigliano,Michael E. Cirigliano,https://www.linkedin.com/in/michael-cirigliano-55b19649/
B,Roman Aminov,new york,Roman Aminov Estate Law Brooklyn Esq.,info@aminovlaw.com,info@aminovlaw.com,+1 347-766-2682,http://www.aminovlaw.com,"1600 Avenue M, Brooklyn, NY 11230, United States",https://www.google.com/maps/place/Roman+Aminov+Estate+Law+Brooklyn+Esq./data=!4m7!3m6!1s0x89c244e60cf00f33:0xcf524ac7576399da!8m2!3d40.617974!4d-73.9589544!16s%2Fg%2F12m94v93h!19sChIJMw_wDOZEwokR2pljV8dKUs8,https://www.facebook.com/AminovLaw/,,https://www.linkedin.com/authwall?trk=gf&trkInfo=AQF7tqPNkXTfLQAAAXcTp9hYcR0UagkEqt7XSGldXjX6WAzR6xYJVD_0W0jcU9OLm2V-zdlc4YmR8YrX7A2-AFpR4LuFSAxGt69mpjKBJ6rbI0FJ-R9tCFXezKyIyJrhDJG2cYs=&originalReferer=&sessionRedirect=https%3A%2F%2Fwww.linkedin.com%2Fin%2Faminovlaw;https://www.linkedin.com/authwall?trk=gf&trkInfo=AQFMipT2ZAjvQgAAAXcJljlA6L4kErUGXZGXRIIpP9l0MGjBKmWSBYPzwJfQc70g0_PeUFlK0dP7y1B0VAotMdX913-RoDfbs2NFuYVQFE3MBW0cn4-gHR0XOBiMLAaSCSTz-9s=&originalReferer=http://localhost/&sessionRedirect=https%3A%2F%2Fwww.linkedin.com%2Fin%2Faminovlaw;https://www.linkedin.com/in/aminovlaw,,,,Roman Aminov,Founder / Principal Attorney (Estate Planning & Elder Law),https://www.linkedin.com/in/aminovlaw,Roman Aminov,Roman Aminov,https://www.linkedin.com/in/aminovlaw
B,Mark A. Macron,new york,MARK MACRON,mark@macronlaw.nyc,mark@macronlaw.nyc,+1 917-816-3925,https://macronlaw.nyc,"491 Bard Ave, Staten Island, NY 10310, United States",https://www.google.com/maps/place/MARK+MACRON/data=!4m7!3m6!1s0x89c24e6b77790b11:0x12dd2d9c01917ebd!8m2!3d40.63163!4d-74.10561!16s%2Fg%2F1vd3wq8x!19sChIJEQt5d2tOwokRvX6RAZwt3RI,,,,,,,Mark A. Macron,Founder / Attorney (Criminal Defense & Real Estate),https://www.linkedin.com/in/mark-macron-7bb4a134/,Mark A. Macron,Mark A. Macron,https://www.linkedin.com/in/mark-macron-7bb4a134/
B,Marianna Schwartsman,new york,Guardianship Lawyer Bronx,leads@trustsandestate.com,leads@trustsandestate.com,+1 347-960-3405,http://www.guardianshiplawyernewyork.com,"488 E 163rd St Ste 513, Bronx, NY 10451, United States",https://www.google.com/maps/place/Guardianship+Lawyer+Bronx/data=!4m7!3m6!1s0x89c27ccdca61dd47:0xf02a0ca2027afa4a!8m2!3d40.8242862!4d-73.9098434!16s%2Fg%2F11ghr13gf0!19sChIJR91hys18wokRSvp6AqIMKvA,,,,,,,Marianna Schwartsman,Founder / Estate Planning Attorney,https://www.linkedin.com/in/mschwartsman/,Marianna Schwartsman;Vlad Portnoy,Marianna Schwartsman,https://www.linkedin.com/in/mschwartsman/
B,Robert J. Greenstein,new york,"Greenstein & Pittari, LLP",greensteinmilbauersocial@gmail.com,greensteinmilbauersocial@gmail.com;info@nyclawfirm.com,+1 718-842-8462,https://www.nyclawfirm.com/staten-island-personal-injury-lawyer,"900 South Ave #300, Staten Island, NY 10314, United States","https://www.google.com/maps/place/Greenstein+%26+Pittari,+LLP/data=!4m7!3m6!1s0x89c24d5d80e69ea1:0x4b5b89344a0540e6!8m2!3d40.6170166!4d-74.172638!16s%2Fg%2F11svgl9kby!19sChIJoZ7mgF1NwokR5kAFSjSJW0s",https://www.facebook.com/GreensteinPittari,,https://www.linkedin.com/company/greenstein-&-milbauer-personal-injury-attorneys/,,,https://www.youtube.com/channel/UCed2VH384AQn8UA9HELCipA,Robert J. Greenstein,Founding Partner,,Robert J. Greenstein;Bartolomeo Andrew Pittari,Robert J. Greenstein,https://www.linkedin.com/company/greenstein-&-milbauer-personal-injury-attorneys/
B,Roman Aminov,new york,Aminov Law Estate & Probate Lawyer Forest Hills,info@aminovlaw.com,info@aminovlaw.com,+1 347-694-8856,https://www.aminovlaw.com/forest-hills-ny-estate-lawyer,"118-35 Queens Blvd #35, Forest Hills, NY 11375, United States",https://www.google.com/maps/place/Aminov+Law+Estate+%26+Probate+Lawyer+Forest+Hills/data=!4m7!3m6!1s0x89c260981636a655:0xcfe118785952e8e7!8m2!3d40.7148579!4d-73.8311108!16s%2Fg%2F11c1xfqhk0!19sChIJVaY2FphgwokR5-hSWXgY4c8,https://www.facebook.com/AminovLaw/,,https://www.linkedin.com/authwall?trk=gf&trkInfo=AQF7tqPNkXTfLQAAAXcTp9hYcR0UagkEqt7XSGldXjX6WAzR6xYJVD_0W0jcU9OLm2V-zdlc4YmR8YrX7A2-AFpR4LuFSAxGt69mpjKBJ6rbI0FJ-R9tCFXezKyIyJrhDJG2cYs=&originalReferer=&sessionRedirect=https%3A%2F%2Fwww.linkedin.com%2Fin%2Faminovlaw;https://www.linkedin.com/authwall?trk=gf&trkInfo=AQFMipT2ZAjvQgAAAXcJljlA6L4kErUGXZGXRIIpP9l0MGjBKmWSBYPzwJfQc70g0_PeUFlK0dP7y1B0VAotMdX913-RoDfbs2NFuYVQFE3MBW0cn4-gHR0XOBiMLAaSCSTz-9s=&originalReferer=http://localhost/&sessionRedirect=https%3A%2F%2Fwww.linkedin.com%2Fin%2Faminovlaw;https://www.linkedin.com/in/aminovlaw,,,,Roman Aminov,Founder / Estate & Elder Law Attorney,https://www.linkedin.com/in/aminovlaw,Roman Aminov,Roman Aminov,https://www.linkedin.com/in/aminovlaw
B,"Frank J. Dito, Jr.",new york,"The Law Offices of Frank J. Dito, Jr.",fdito@ditolaw.com,fdito@ditolaw.com,+1 718-701-2776,https://ditolaw.com,"1610 Richmond Rd #200, Staten Island, NY 10304, United States","https://www.google.com/maps/place/The+Law+Offices+of+Frank+J.+Dito,+Jr./data=!4m7!3m6!1s0x89c24ebf62181f3b:0x222df72ef0d19d74!8m2!3d40.5902237!4d-74.1006257!16s%2Fg%2F1tgx2yfp!19sChIJOx8YYr9OwokRdJ3R8C73LSI",,,https://www.linkedin.com/in/frank-dito-jr-88a37b10/,,,,"Frank J. Dito, Jr.",Founding Attorney,https://www.linkedin.com/in/frank-dito-jr-88a37b10/,"Frank J. Dito, Jr.;Very Good","Frank J. Dito, Jr.",https://www.linkedin.com/in/frank-dito-jr-88a37b10/
B,Marianna Schwartsman,new york,Estate Planning Lawyer NYC,leads@trustsandestate.com,leads@trustsandestate.com,+1 212-470-2148,https://www.estateplanningnewyorklawyers.com,"Wall St, New York, NY 10005, United States",https://www.google.com/maps/place/Estate+Planning+Lawyer+NYC/data=!4m7!3m6!1s0x89c25b695b230779:0xe61c700056507d8b!8m2!3d40.7060507!4d-74.0085096!16s%2Fg%2F11ldxkcns3!19sChIJeQcjW2lbwokRi31QVgBwHOY,,,,,,,Marianna Schwartsman,Founder / Principal Attorney,https://www.linkedin.com/in/mschwartsman/,Marianna Schwartsman,Marianna Schwartsman,https://www.linkedin.com/in/mschwartsman/
B,Michael Camporeale,new york,"THE LAW OFFICE OF MICHAEL CAMPOREALE, P.C.",,,+1 929-667-6554,https://www.mcamporealelaw.com,"3867 E Tremont Ave 2ND Floor, Bronx, NY 10465, United States","https://www.google.com/maps/place/THE+LAW+OFFICE+OF+MICHAEL+CAMPOREALE,+P.C./data=!4m7!3m6!1s0x89c28b3d998b9e73:0x8fa02529d22ebd45!8m2!3d40.8235991!4d-73.8195017!16s%2Fg%2F11cjphpsp2!19sChIJc56LmT2LwokRRb0u0ikloI8",https://www.facebook.com/The-Law-Office-of-Michael-Camporeale-173463059366321/,,https://www.linkedin.com/in/michael-camporeale-45b0737/,,,https://www.youtube.com/channel/UCEAsbfk53vuru8wMFKR7g1g,Michael Camporeale,Founder / Principal Attorney,https://www.linkedin.com/in/michael-camporeale-45b0737/,Michael Camporeale;Joseph A. Carofano;Michael J. Palumbo,Michael Camporeale,https://www.linkedin.com/in/michael-camporeale-45b0737/
B,Russel Morgan,new york,Estate Planning Lawyer Bronx,contact@morganlegalny.com,contact@morganlegalny.com;info@morganlegalny.com,+1 888-529-1315,https://www.morganlegalny.com/bronx,"101 E Burnside Ave Ste 205, Bronx, NY 10453, United States",https://www.google.com/maps/place/Estate+Planning+Lawyer+Bronx/data=!4m7!3m6!1s0x89c29520b74ec56f:0xa993c28be6ca86d2!8m2!3d40.8532515!4d-73.9053176!16s%2Fg%2F11h32hh9jb!19sChIJb8VOtyCVwokR0obK5ovCk6k,https://www.facebook.com/morganlegalgroupPC,https://www.instagram.com/morganlegalny766/,https://www.linkedin.com/company/28588722/;https://www.linkedin.com/in/russel-morgan-esq-b21621126,,,https://www.youtube.com/channel/UCTgCF5f91xmC6PPsFEmNycA;https://www.youtube.com/playlist?list=PL7uIi1SpUUgHqaI5DtRgK78uetmQcHp8W,Russel Morgan,Founding / Principal Attorney (Morgan Legal Group PC),,Russel Morgan;Guy Chirico;Alan Vaitzman;Staten Island;Rockland County,Russel Morgan,contact@morganlegalny.com
B,Jonathan Petts,new york,Upsolve,hello@upsolve.org,hello@upsolve.org;claire@upsolve.org;jonathan@upsolve.org;krish@upsolve.org;lauren@upsolve.org;mae@upsolve.org;max@upsolve.org;melissa@upsolve.org;nick@upsolve.org;nickgelinas@upsolve.org;zamonii@upsolve.org,,https://upsolve.org,,https://www.google.com/maps/place/Upsolve/data=!4m7!3m6!1s0x89c25a4fbebde7fd:0x494443fff411eea3!8m2!3d46.423669!4d-129.9427086!16s%2Fg%2F11c594h3t1!19sChIJ_ee9vk9awokRo-4R9P9DREk,https://www.facebook.com/upsolvebankruptcy/,https://www.instagram.com/upsolve/,,,,https://www.youtube.com/upsolve,Jonathan Petts,Education & Content,https://www.linkedin.com/in/jonathanpetts/,"Jonathan Petts;Mark Hansen;Claire Robinson;Max Morlocke;Nick Gelinas;Mae Koppes;Nick Brown;Lauren Brose;Melissa Ingersoll;Krish Sheth;Zamonii Gibbs;Amy Carst;Chiara King;Curtis Lee, JD;Elena Botella;Mark P. Cussen, CMFC;Natasha Wiebusch, J.D.;Rebecca Godbold Shiver",Jonathan Petts,https://www.linkedin.com/in/jonathanpetts/
B,Todd A. Spodek,new york,Spodek Law Group P.C.,info@spodeklawgroup.com,info@spodeklawgroup.com,+1 888-676-0283,https://www.nyccriminalattorneys.com,"The Woolworth Building, 233 Broadway Ste 710, New York, NY 10279, United States",https://www.google.com/maps/place/Spodek+Law+Group+P.C./data=!4m7!3m6!1s0x89c25a191ff4842d:0xffa8968e076afa9f!8m2!3d40.7124624!4d-74.0083772!16s%2Fg%2F1hm48lhs2!19sChIJLYT0HxlawokRn_pqB46WqP8,,,,,,https://www.youtube.com/@SpodekLawnyc;https://www.youtube.com/watch?v=2O1KxasoSOI;https://www.youtube.com/watch?v=65xa8TG2G8o;https://www.youtube.com/watch?v=Cj3M4k1Aw9g;https://www.youtube.com/watch?v=Ein35muWle4;https://www.youtube.com/watch?v=Qo6CuGjrhrQ;https://www.youtube.com/watch?v=YTGvT93SurE;https://www.youtube.com/watch?v=gZoMNxEiUbE;https://www.youtube.com/watch?v=hRv71xJqLaw;https://www.youtube.com/watch?v=q9-nA93Bnbs;https://www.youtube.com/watch?v=uiwhRmdqZLo;https://www.youtube.com/watch?v=zOKoBVKCTcY,Todd A. Spodek,Managing Partner / Founder,https://www.linkedin.com/in/nycriminallawyer/,"Ralph P. Franco, Jr.",Todd A. Spodek,https://www.linkedin.com/in/nycriminallawyer/
B,William K. Phillips,new york,"Phillips & Associates | Sexual Harassment, Discrimination, & Employment Lawyers",,,+1 866-302-3891,https://www.newyorkcitydiscriminationlawyer.com,"45 Broadway 28th Floor, New York, NY 10006, United States","https://www.google.com/maps/place/Phillips+%26+Associates+%7C+Sexual+Harassment,+Discrimination,+%26+Employment+Lawyers/data=!4m7!3m6!1s0x89c25a113986f6b9:0x3b346c39a1a58b8c!8m2!3d40.7064331!4d-74.0129986!16s%2Fg%2F1hdzvqhjn!19sChIJufaGORFawokRjIuloTlsNDs",https://www.facebook.com/PhillipsandAssociatesAttorneysatLaw/,https://www.instagram.com/phillips_and_associates,https://www.linkedin.com/company/phillips-&-phillips-attorneys-at-law,,,https://www.youtube.com/channel/UCVN3U7Q3gAKZeo5y0RM9Zfw,William K. Phillips,Founder & Managing Partner,https://www.linkedin.com/in/bill-phillips-40740050/,William K. Phillips,William K. Phillips,https://www.linkedin.com/in/bill-phillips-40740050/
B,Alex Yadgarov,new york,Alex Yadgarov & Associates,info@yadgarovlaw.com,info@yadgarovlaw.com,+1 866-995-9035,https://accidentnewyork.com,"1 Cross Is Plz #203, Rosedale, NY 11422, United States",https://www.google.com/maps/place/Alex+Yadgarov+%26+Associates/data=!4m7!3m6!1s0x89c263ea653ab293:0x2ace7bd0cfc4e36e!8m2!3d40.6742918!4d-73.7319835!16s%2Fg%2F1td8_0_7!19sChIJk7I6ZepjwokRbuPEz9B7zio,https://www.facebook.com/profile.php?id=100083565190535,https://www.instagram.com/accidentnewyork/,https://www.linkedin.com/in/alex-m-yadgarov-esq-32101b14/,,,,Alex Yadgarov,Founder / Lead Attorney,https://www.linkedin.com/in/alex-m-yadgarov-esq-32101b14/,Alex Yadgarov;Natalia Derin;Robert P. Macchia,Alex Yadgarov,https://www.linkedin.com/in/alex-m-yadgarov-esq-32101b14/
B,Yuriy Moshes,new york,Law Office Of Yuriy Moshes,info@mosheslaw.com,info@mosheslaw.com,+1 888-445-0234,http://www.mosheslaw.com,"517 Brighton Beach Ave Fl 2, Brooklyn, NY 11235, United States",https://www.google.com/maps/place/Law+Office+Of+Yuriy+Moshes/data=!4m7!3m6!1s0x89c244c1bda46a5f:0xc04fd9f1eb742ae4!8m2!3d40.5778151!4d-73.9618358!16s%2Fg%2F11b6xlr169!19sChIJX2qkvcFEwokR5Cp06_HZT8A,https://www.facebook.com/MOSHESLAWPC/,http://instagram.com/mosheslaw,https://www.linkedin.com/company/mosheslaw,,,,Yuriy Moshes,Founding Partner,https://www.linkedin.com/in/yuriymoshes/,Meet team;Yuriy Moshes;Gennady Litvin,Yuriy Moshes,https://www.linkedin.com/in/yuriymoshes/
B,Allen L. Rothenberg,new york,The Rothenberg Law Firm Accident And Injury Lawyers,,,+1 516-715-3658,https://injurylawyer.com/new-york,"450 7th Ave 44th floor, New York, NY 10123, United States",https://www.google.com/maps/place/The+Rothenberg+Law+Firm+Accident+And+Injury+Lawyers/data=!4m7!3m6!1s0x89c259ac20927379:0x2fcfcbe700f8b88b!8m2!3d40.7514675!4d-73.9905644!16s%2Fg%2F1ptyn_p30!19sChIJeXOSIKxZwokRi7j4AOfLzy8,https://www.facebook.com/RothenbergInjuryLaw/,https://www.instagram.com/rothenberglaw/,http://linkedin.com/company/the-rothenberg-law-firm/,,,https://www.youtube.com/user/TheRothenbergLawFirm,Allen L. Rothenberg,Founder,https://www.linkedin.com/in/allen-rothenberg-27979787/,Allen L. Rothenberg;Harry Rothenberg,Allen L. Rothenberg,https://www.linkedin.com/in/allen-rothenberg-27979787/
B,Russell L. Low,new york,Low & Low Bankruptcy Lawyers,info@lowbankruptcy.com,info@lowbankruptcy.com,+1 201-343-4040,http://www.lowbankruptcy.com,"505 Main St #304, Hackensack, NJ 07601, United States",https://www.google.com/maps/place/Low+%26+Low+Bankruptcy+Lawyers/data=!4m7!3m6!1s0x89c2fa0e48684427:0xc145053ad16ce7c7!8m2!3d40.8945553!4d-74.0400114!16s%2Fg%2F1tct9n8t!19sChIJJ0RoSA76wokRx-ds0ToFRcE,https://www.facebook.com/Low-Low-Bankruptcy-Lawyers-128314757225748/,,,,,https://www.youtube.com/channel/UCahINcibtZKw-7sbJAVoSRA;https://www.youtube.com/watch?v=lbhrKNBaTLc&rel=0,Russell L. Low,Attorney / Partner,https://www.linkedin.com/in/russell-low-06082533/,Russell L. Low,Russell L. Low,https://www.linkedin.com/in/russell-low-06082533/
B,Paul Ajlouny,new york,Ajlouny Injury Law,,,+1 516-535-5555,https://www.ajlounyinjurylaw.com/practice-areas/brooklyn-injury-lawyer,"26 Court St #1104, Brooklyn, NY 11242, United States",https://www.google.com/maps/place/Ajlouny+Injury+Law/data=!4m7!3m6!1s0x89c25a4916262c47:0x4cb763a9bda87e24!8m2!3d40.6933297!4d-73.9909485!16s%2Fg%2F1tf5r4b0!19sChIJRywmFklawokRJH6ovaljt0w,https://www.facebook.com/NYInjuryLaw,https://www.instagram.com/nycinjurylawyer/,https://www.linkedin.com/in/ajlounyinjurylaw/?isSelfProfile=false,,,https://www.youtube.com/@Ajlounyinjurylawqueens/videos,Paul Ajlouny,Founder / Managing Partner,,Paul Ajlouny;Michael Levitz,Paul Ajlouny,https://www.instagram.com/nycinjurylawyer/
B,Brandon J. Broderick,new york,"Bronx Personal Injury Attorney at Law, Brandon J. Broderick",,,+1 877-239-5097,https://www.brandonjbroderick.com/new-york/personal-injury-lawyer-bronx,"111 Bruckner Blvd #301, Bronx, NY 10454, United States","https://www.google.com/maps/place/Bronx+Personal+Injury+Attorney+at+Law,+Brandon+J.+Broderick/data=!4m7!3m6!1s0x89c2f5532aa2d8c9:0x92c2b4dcc2f51d13!8m2!3d40.8049964!4d-73.922434!16s%2Fg%2F11k3r5zfd4!19sChIJydiiKlP1wokREx31wty0wpI",https://www.facebook.com/BrandonJBroderick,https://www.instagram.com/brandonjbroderick/,,,,https://www.youtube.com/channel/UCY-8Vsul9WFmV98Obh5CxRQ,Brandon J. Broderick,Founder / Owner,https://www.linkedin.com/in/brandon-j-broderick-a3582667/,Brandon J. Broderick,Brandon J. Broderick,https://www.linkedin.com/in/brandon-j-broderick-a3582667/
B,Robert W. Ottinger Jr.,new york,Ottinger Employment Lawyers,,,+1 866-769-6082,https://www.ottingerlaw.com/new-york-employment-lawyers,"79 Madison Ave, New York, NY 10016, United States",https://www.google.com/maps/place/Ottinger+Employment+Lawyers/data=!4m7!3m6!1s0x89c25a3d1d9c04c9:0x983c7285f8d83906!8m2!3d40.7441619!4d-73.9853125!16s%2Fg%2F1tjl6tyz!19sChIJyQScHT1awokRBjnY-IVyPJg,https://www.facebook.com/employmentlawyersnyc/,,https://www.linkedin.com/in/robertottinger/,,,https://www.youtube.com/channel/UCqOOUQ830S7zDi4EXBdRqEQ,Robert W. Ottinger Jr.,Founder / Head Attorney,https://www.linkedin.com/in/robertottinger/,Robert W. Ottinger Jr.,Robert W. Ottinger Jr.,https://www.linkedin.com/in/robertottinger/
B,Brandon J. Broderick,new york,"New York City Personal Injury Attorney at Law, Brandon J. Broderick",info@brandonjbroderick.com,info@brandonjbroderick.com,+1 866-589-2013,https://www.brandonjbroderick.com/new-york/personal-injury-lawyer-new-york-city,"40 W 37th St #400b, New York, NY 10018, United States","https://www.google.com/maps/place/New+York+City+Personal+Injury+Attorney+at+Law,+Brandon+J.+Broderick/data=!4m7!3m6!1s0x89c2f7b4cb5f7aa7:0xd695fa73cca64ae4!8m2!3d40.7510009!4d-73.9852485!16s%2Fg%2F11k40v45ck!19sChIJp3pfy7T3wokR5EqmzHP6ldY",https://www.facebook.com/BrandonJBroderick,https://www.instagram.com/brandonjbroderick/,,,,https://www.youtube.com/channel/UCY-8Vsul9WFmV98Obh5CxRQ,Brandon J. Broderick,Founder / Owner,https://www.linkedin.com/in/brandon-j-broderick-a3582667/,Brandon J. Broderick,Brandon J. Broderick,https://www.linkedin.com/in/brandon-j-broderick-a3582667/
B,Gus Michael Farinella,new york,Law Offices of Gus Michael Farinella PC,,,+1 516-326-2333,http://www.lawgmf.com,"251-73 Jericho Tpke #203, Bellerose, NY 11426, United States",https://www.google.com/maps/place/Law+Offices+of+Gus+Michael+Farinella+PC/data=!4m7!3m6!1s0x89c2625a2e77bfc3:0xf7eb90cf639e52ef!8m2!3d40.7274239!4d-73.7109219!16s%2Fg%2F11cjs4kcm0!19sChIJw793LlpiwokR71KeY8-Q6_c,,,,,,,Gus Michael Farinella,Founder,,Gus Michael Farinella;Ryan Gentile;Supreet K Parmar,Gus Michael Farinella,help@lawgmf.com
B,Brandon J. Broderick,new york,"Brooklyn Personal Injury Attorney at Law, Brandon J. Broderick",,,+1 866-696-8072,https://www.brandonjbroderick.com/brooklyn-office,"492 Throop Ave #304, Brooklyn, NY 11221, United States","https://www.google.com/maps/place/Brooklyn+Personal+Injury+Attorney+at+Law,+Brandon+J.+Broderick/data=!4m7!3m6!1s0x89c25bff9889feb9:0xb3b6271b33fbef71!8m2!3d40.6867768!4d-73.9420211!16s%2Fg%2F11tn6n1c69!19sChIJuf6JmP9bwokRce_7MxsntrM",https://www.facebook.com/BrandonJBroderick,https://www.instagram.com/brandonjbroderick/,,,,https://www.youtube.com/channel/UCY-8Vsul9WFmV98Obh5CxRQ,Brandon J. Broderick,Owner / Founding Attorney,https://www.linkedin.com/in/brandon-j-broderick-a3582667/,Brandon J. Broderick,Brandon J. Broderick,https://www.linkedin.com/in/brandon-j-broderick-a3582667/
B,Brian D. Perskin,new york,Brian D. Perskin & Associates | Brooklyn,,,+1 866-471-3334,https://newyorkdivorceattorney.com/locations/brooklyn,"44 Court St #810, Brooklyn, NY 11201, United States",https://www.google.com/maps/place/Brian+D.+Perskin+%26+Associates+%7C+Brooklyn/data=!4m7!3m6!1s0x89c25a493c619aa5:0x497dbb33379b374!8m2!3d40.692761!4d-73.9913147!16s%2Fg%2F1td61n98!19sChIJpZphPElawokRdLN5M7PblwQ,https://www.facebook.com/BrianDPerskin,,https://www.linkedin.com/in/brianperskin/,,,https://www.youtube.com/channel/UCRDk7o4DXCCIROXSeL9vrEQ,Brian D. Perskin,Founder,https://www.linkedin.com/in/brianperskin/,Brian D. Perskin,Brian D. Perskin,https://www.linkedin.com/in/brianperskin/
B,John H. Fisher,new york,"The New York Injury & Malpractice Law Firm, P.C.",,,+1 866-934-3753,https://protectingpatientrights.com,"3533 Riverdale Ave, Bronx, NY 10463, United States","https://www.google.com/maps/place/The+New+York+Injury+%26+Malpractice+Law+Firm,+P.C./data=!4m7!3m6!1s0x89c2f35d60fbb1cf:0x43c7d8aee5b80a7!8m2!3d40.8860478!4d-73.9072773!16s%2Fg%2F11wn75d5mm!19sChIJz7H7YF3zwokRp4Bb7op9PAQ",,,,,,,John H. Fisher,Founder / Owner,https://www.linkedin.com/in/protectingpatientrights/,John H. Fisher,John H. Fisher,https://www.linkedin.com/in/protectingpatientrights/
B,Michael A. Schillinger,new york,"Law Office of Michael A. Schillinger, Esq.",,,+1 971-385-5582,http://www.michaelschillinger.com,"21-83 Steinway St, Astoria, NY 11105, United States","https://www.google.com/maps/place/Law+Office+of+Michael+A.+Schillinger,+Esq./data=!4m7!3m6!1s0x89c25f11752c94bb:0xa34b3d33256fa925!8m2!3d40.7728004!4d-73.9057085!16s%2Fg%2F11sf2cxcz2!19sChIJu5QsdRFfwokRJalvJTM9S6M",,,,,,,Michael A. Schillinger,Owner / Solo Attorney (former Queens County Prosecutor),https://www.linkedin.com/in/michael-schillinger-82779a91/,Michael A. Schillinger,Michael A. Schillinger,https://www.linkedin.com/in/michael-schillinger-82779a91/
B,David A. Rosen,new york,Law Offices of David Rosen,,,+1 516-744-0441,http://www.daverosenlaw.com/contact.html,"2511 E Tremont Ave, Bronx, NY 10461, United States",https://www.google.com/maps/place/Law+Offices+of+David+Rosen/data=!4m7!3m6!1s0x89c2f4b1b246ea1f:0x76a834397e3c32b!8m2!3d40.8430177!4d-73.8504672!16s%2Fg%2F11c58pdzj3!19sChIJH-pGsrH0wokRK8Pjl0ODagc,,,,,,,David A. Rosen,Founder / Managing Attorney,https://www.linkedin.com/in/david-rosen-761b4b11/,David A. Rosen;Samantha B. Litt,David A. Rosen,https://www.linkedin.com/in/david-rosen-761b4b11/
B,Charles E. Wisell,new york,"Lipsig, Freund & Wisell, PLLC",,,+1 516-908-5614,https://lipsig.com,"40 Fulton St 24th floor, New York, NY 10038, United States","https://www.google.com/maps/place/Lipsig,+Freund+%26+Wisell,+PLLC/data=!4m7!3m6!1s0x89c25a3d39458305:0x366b6cc4329704e3!8m2!3d40.707891!4d-74.0047163!16s%2Fg%2F1tfc7jm3!19sChIJBYNFOT1awokR4wSXMsRsazY",https://www.facebook.com/LipsigLawFirm,https://www.instagram.com/lipsiglawfirm/,https://www.linkedin.com/company/lipsig-shapey-manus-&-moverman-p.c./?viewAsMember=true,,,,Charles E. Wisell,Managing Partner,https://www.linkedin.com/in/charles-wisell-314a6b57/,Charles E. Wisell;Marc Eli Freund;Matthew J. Peluso,Charles E. Wisell,https://www.linkedin.com/in/charles-wisell-314a6b57/
B,Maggie Hu,new york,"MG Law Group, PLLC",maggie@mglawgp.com,maggie@mglawgp.com,+1 716-293-3449,http://mglawgp.com,"37-01 Main St Ste 309, Flushing, NY 11354, United States","https://www.google.com/maps/place/MG+Law+Group,+PLLC/data=!4m7!3m6!1s0x89c261af30475517:0x3af4acf796e22fc2!8m2!3d40.7615245!4d-73.8308492!16s%2Fg%2F11fsw5zdv1!19sChIJF1VHMK9hwokRwi_ilves9Do",,,,,,,Maggie Hu,Founding Principal & CEO,https://www.linkedin.com/in/maggie-hu-esq-36371574/,Maggie Hu,Maggie Hu,https://www.linkedin.com/in/maggie-hu-esq-36371574/
B,Emre Polat,new york,Emre Polat Employment Attorneys,,,,https://www.emrelaw.com,"45 Broadway #1420, New York, NY 10006, United States",https://www.google.com/maps/place/Emre+Polat+Employment+Attorneys/data=!4m7!3m6!1s0x89c25bd8e0687aa9:0xe3c3e25ac2d60281!8m2!3d40.7066702!4d-74.0132082!16s%2Fg%2F11hbkpj89v!19sChIJqXpo4NhbwokRgQLWwlriw-M,,,,,,,Emre Polat,Founder / Principal Attorney,https://www.linkedin.com/in/emre-polat-89b20322b/,Emre Polat;Grace Hyun,Emre Polat,https://www.linkedin.com/in/emre-polat-89b20322b/
B,Russel Morgan,new york,Morgan Legal Group | Trust & Estate Planning Staten Island NY,contact@morganlegalny.com,contact@morganlegalny.com;info@morganlegalny.com,+1 888-529-1315,https://www.morganlegalny.com,"1510 Hylan Blvd #3, Staten Island, NY 10305, United States",https://www.google.com/maps/place/Morgan+Legal+Group+%7C+Trust+%26+Estate+Planning+Staten+Island+NY/data=!4m7!3m6!1s0x89c24f209fe3c7ff:0x57b00a618ef7dfac!8m2!3d40.5914009!4d-74.0873181!16s%2Fg%2F11trrrf76g!19sChIJ_8fjnyBPwokRrN_3jmEKsFc,https://www.facebook.com/morganlegalgroupPC,https://www.instagram.com/morganlegalny766/,https://www.linkedin.com/company/28588722/;https://www.linkedin.com/in/russel-morgan-esq-b21621126,,,https://www.youtube.com/channel/UCTgCF5f91xmC6PPsFEmNycA;https://www.youtube.com/playlist?list=PL7uIi1SpUUgHqaI5DtRgK78uetmQcHp8W,Russel Morgan,Founder / Principal Attorney (CEO),https://www.linkedin.com/in/russel-morgan-esq-b21621126,Russel Morgan;Staten Island;Rockland County,Russel Morgan,https://www.linkedin.com/in/russel-morgan-esq-b21621126
B,William W. Waldner,new york,"Law Offices of William Waldner, Brooklyn Bankruptcy Attorney",info@midtownbankruptcy.com,info@midtownbankruptcy.com,+1 914-685-8881,https://www.midtownbankruptcy.com/bankruptcy-lawyer-brooklyn,"300 Cadman Plaza West One Pierrpont Plaza 12th Floor, Brooklyn, NY 11201, United States","https://www.google.com/maps/place/Law+Offices+of+William+Waldner,+Brooklyn+Bankruptcy+Attorney/data=!4m7!3m6!1s0x89c25bdbd0c150f5:0x8e172b3bf4a0a607!8m2!3d40.6951041!4d-73.9911169!16s%2Fg%2F11mhfp656n!19sChIJ9VDB0NtbwokRB6ag9DsrF44",https://www.facebook.com/midtownbankruptcy,,https://www.linkedin.com/in/william-waldner-38960829/,https://www.yelp.com/biz/law-office-of-william-waldner-new-york,,,William W. Waldner,Founder / Bankruptcy Attorney,https://www.linkedin.com/in/william-waldner-38960829/,William W. Waldner,William W. Waldner,https://www.linkedin.com/in/william-waldner-38960829/
B,Darren Aronow,new york,Aronow Law P.C. Bankruptcy & Real Estate Attorney,dana@dalawpc.com,dana@dalawpc.com;darren@dalawpc.com;franklin@resourcerealtyny.com;jaime.r@aronowlaw.com;jessica.m@aronowlaw.com;kevin.r@aronowlaw.com;malini.s@aronowlaw.com;site.reports@pageauthority.com,+1 516-852-0216,https://aronowlaw.com,"1704 Flatbush Ave #1, Brooklyn, NY 11210, United States",https://www.google.com/maps/place/Aronow+Law+P.C.+Bankruptcy+%26+Real+Estate+Attorney/data=!4m7!3m6!1s0x89c24576cfbe8dfd:0x9d0f78f29b4a38a6!8m2!3d40.6287344!4d-73.9436853!16s%2Fg%2F11y0shtl0n!19sChIJ_Y2-z3ZFwokRpjhKm_J4D50,https://www.facebook.com/AronowLawPC/,,https://www.linkedin.com/company/aronow-law-p-c/,,,,Darren Aronow,Founder / Principal Attorney,https://www.linkedin.com/in/darren-aronow-17281117/,Darren Aronow,Darren Aronow,https://www.linkedin.com/in/darren-aronow-17281117/
B,Robert H. Solomon,new york,"Robert H. Solomon, PC",,,+1 516-432-1622,https://www.solomonlawyer.com,"49 W 37th St Fl 7, New York, NY 10018, United States","https://www.google.com/maps/place/Robert+H.+Solomon,+PC/data=!4m7!3m6!1s0x89c259e7ad8c51c5:0xa5db31c6d4c1ec81!8m2!3d40.751512!4d-73.9854863!16s%2Fg%2F11gh61_046!19sChIJxVGMredZwokRgezB1MYx26U",https://www.facebook.com/NewYorkAttorneyRobertSolomon,,,,,https://www.youtube.com/channel/UCt4q8tcLKzf1i4-ecwLy4nQ,Robert H. Solomon,Founder / President / Attorney,https://www.linkedin.com/in/robert-solomon-304360b/,Robert H. Solomon;Julianne Robinson,Robert H. Solomon,https://www.linkedin.com/in/robert-solomon-304360b/
B,Wayne M. Greenwald,new york,"Wayne Greenwald, P.C.",,,+1 212-739-7599,http://www.bankruptcystrategies.com,"475 Park Ave S 26th floor, New York, NY 10016, United States","https://www.google.com/maps/place/Wayne+Greenwald,+P.C./data=!4m7!3m6!1s0x89c25920488f0c0b:0x9e35391003ee2975!8m2!3d40.7453718!4d-73.9821073!16s%2Fg%2F1tdl2gsk!19sChIJCwyPSCBZwokRdSnuAxA5NZ4",,,,,,,Wayne M. Greenwald,Founder / Principal Attorney,https://www.linkedin.com/in/wayne-greenwald-57400b1/,Wayne M. Greenwald,Wayne M. Greenwald,https://www.linkedin.com/in/wayne-greenwald-57400b1/
B,Mark Shapiro,new york,Shapiro Legal Group PLLC,,,+1 212-485-9899,https://www.shapirolegalgroup.com,"60 E 42nd St #4600, New York, NY 10165, United States",https://www.google.com/maps/place/Shapiro+Legal+Group+PLLC/data=!4m7!3m6!1s0x89c25901a0f0fc07:0x92079a748998128b!8m2!3d40.7521234!4d-73.9787369!16s%2Fg%2F11cs01jtmx!19sChIJB_zwoAFZwokRixKYiXSaB5I,,,,,,,Mark Shapiro,Founding / Managing Partner,https://www.linkedin.com/in/markshapiro3/,Mark Shapiro,Mark Shapiro,https://www.linkedin.com/in/markshapiro3/
B,Isaac Abraham,new york,Law Office of Isaac Abraham,isaaclabraham@gmail.com,isaaclabraham@gmail.com,+1 646-397-9529,http://www.nystrafficviolations.com,"118-35 Queens Blvd #1205, Forest Hills, NY 11375, United States",https://www.google.com/maps/place/Law+Office+of+Isaac+Abraham/data=!4m7!3m6!1s0x89c26098166991e3:0xd227bf12950a6230!8m2!3d40.7152021!4d-73.8307242!16s%2Fg%2F1tdx0gh6!19sChIJ45FpFphgwokRMGIKlRK_J9I,,,,,,,Isaac Abraham,Founder / Owner,,Isaac Abraham,Isaac Abraham,isaaclabraham@gmail.com
B,Scott Rynecki,new york,Rubenstein & Rynecki,,,+1 718-522-1020,https://rubensteinandrynecki.com,"26 Court St, Brooklyn, NY 11242, United States",https://www.google.com/maps/place/Rubenstein+%26+Rynecki/data=!4m7!3m6!1s0x89c25a49110acb89:0x3b1034ab50949514!8m2!3d40.6933254!4d-73.9909517!16s%2Fg%2F1tvw5vmm!19sChIJicsKEUlawokRFJWUUKs0EDs,,,,,,,Scott Rynecki,Partner (litigation partner / name partner),https://www.linkedin.com/in/scott-rynecki-22213423b/,Scott Rynecki;Sanford Rubenstein;Richard M. Levy,Scott Rynecki,https://www.linkedin.com/in/scott-rynecki-22213423b/
B,Boris Raytsin,new york,"Raytsin Law Firm, P.C.",raytsinlaw@gmail.com,raytsinlaw@gmail.com;info@raytsinlaw.com,+1 718-355-9797,http://www.raytsinlaw.com,"221-10 Jamaica Ave #106, Queens Village, NY 11428, United States","https://www.google.com/maps/place/Raytsin+Law+Firm,+P.C./data=!4m7!3m6!1s0x89c25915964f92d3:0xe321894bdcf857f7!8m2!3d40.7192781!4d-73.7327013!16s%2Fg%2F11fkqx8z1h!19sChIJ05JPlhVZwokR91f43EuJIeM",,,,,,,Boris Raytsin,Founder and Managing Attorney,,Boris Raytsin;Dennis Carrion,Boris Raytsin,info@raytsinlaw.com
B,David J. Bangel,new york,"Bangel, Cohen & Falconetti, LLP",,,+1 718-446-4400,https://www.bcfcomplaw.com?npcmp=dir%3Alocal%3A4898987%3A11373,"91-31 Queens Blvd Ste 400, Elmhurst, NY 11373, United States","https://www.google.com/maps/place/Bangel,+Cohen+%26+Falconetti,+LLP/data=!4m7!3m6!1s0x89c25e4967b4c8f3:0x55060777a4f67ff5!8m2!3d40.7336569!4d-73.8693423!16s%2Fg%2F1trqj403!19sChIJ88i0Z0lewokR9X_2pHcHBlU",,,,,,,David J. Bangel,Founding Partner,,David J. Bangel;Stephen H. Cohen;Christopher M. Falconetti,David J. Bangel,
B,Richard T. Harris,new york,"Harris Firm, LLC",,,+1 718-275-9868,https://www.workerscompensation.nyc,"96-14 63rd Dr #500, Rego Park, NY 11374, United States","https://www.google.com/maps/place/Harris+Firm,+LLC/data=!4m7!3m6!1s0x89c25f134bd65f41:0x945db9cf42aa9921!8m2!3d40.7301397!4d-73.860583!16s%2Fg%2F11fwbnj296!19sChIJQV_WSxNfwokRIZmqQs-5XZQ",https://www.facebook.com/harrisfirmllc,https://www.instagram.com/harrisfirmllc/,https://www.linkedin.com/in/richard-harris-7740a0b,https://www.yelp.com/biz/harris-firm-queens-2,,,Richard T. Harris,Founding Attorney,,Richard T. Harris,Richard T. Harris,https://www.instagram.com/harrisfirmllc
B,Brian J. Levy,new york,"Brian J. Levy & Associates, P.C.",,,+1 718-423-0757,https://www.brianjlevy.com?npcmp=dir%3Alocal%3A5129169%3A10461,"3265 Westchester Ave, Bronx, NY 10461, United States","https://www.google.com/maps/place/Brian+J.+Levy+%26+Associates,+P.C./data=!4m7!3m6!1s0x89c2f5f9fdfd1e07:0x9f11364328cc1883!8m2!3d40.8526261!4d-73.8281748!16s%2Fg%2F11g0g8pvx2!19sChIJBx79_fn1wokRgxjMKEM2EZ8",,,,,,,Brian J. Levy,Founding Attorney,https://www.linkedin.com/in/brian-j-levy-03852ba/,Brian J. Levy,Brian J. Levy,https://www.linkedin.com/in/brian-j-levy-03852ba/
B,Helene Mark,new york,LAW OFFICE OF HELENE MARK,,,+1 718-966-5345,https://www.helenemarkesq.com,"1110 South Ave, Staten Island, NY 10314, United States",https://www.google.com/maps/place/LAW+OFFICE+OF+HELENE+MARK/data=!4m7!3m6!1s0x89c24b04e5e8ec7f:0x54d7fbb93b9cd506!8m2!3d40.613973!4d-74.176963!16s%2Fg%2F1tnjkgvr!19sChIJf-zo5QRLwokRBtWcO7n711Q,,,,,,,Helene Mark,Founding Attorney / Owner,https://www.linkedin.com/in/helene-mark-08203215/,Helene Mark;Paul D. Gentile,Helene Mark,https://www.linkedin.com/in/helene-mark-08203215/
B,Robert Aronov,new york,Aronov Law NY,info@consumerlaw.com,info@consumerlaw.com,+1 718-206-4107,https://www.aronovlawny.com/bankruptcy-attorney-nyc,"1172 Coney Island Ave 2nd floor, Brooklyn, NY 11230, United States",https://www.google.com/maps/place/Aronov+Law+NY/data=!4m7!3m6!1s0x89c2452ab4308c6f:0xa75e9f8e31b72999!8m2!3d40.6290151!4d-73.9661773!16s%2Fg%2F11j21nzpn0!19sChIJb4wwtCpFwokRmSm3MY6fXqc,,,,,,,Robert Aronov,Founding / Managing Partner,https://www.linkedin.com/in/robert-aronov-47233b201,Robert Aronov,Robert Aronov,https://www.linkedin.com/in/robert-aronov-47233b201
B,John Mazzella,new york,Law Office of John Mazzella,john.mazzella.esq@gmail.com,john.mazzella.esq@gmail.com,+1 718-442-3041,http://www.trafficticketsstatenisland.com,"370 St Marks Pl, Staten Island, NY 10301, United States",https://www.google.com/maps/place/Law+Office+of+John+Mazzella/data=!4m7!3m6!1s0x89c24e2d44cfe565:0x143fa1eb87193b21!8m2!3d40.6406031!4d-74.0779764!16s%2Fg%2F11cmz3h3qv!19sChIJZeXPRC1OwokRITsZh-uhPxQ,,,,,,,John Mazzella,Owner / Traffic Attorney,,John Mazzella,John Mazzella,John.Mazzella.Esq@gmail.com
B,Aaron Wallenstein,new york,Law Office of Aaron Wallenstein,,,+1 212-227-7588,https://www.criminaldefenselawyerny.com,"160 Broadway Suite 600, New York, NY 10038, United States",https://www.google.com/maps/place/Law+Office+of+Aaron+Wallenstein/data=!4m7!3m6!1s0x89c25a177e8c27db:0x627cd8a6ac86237e!8m2!3d40.709372!4d-74.009975!16s%2Fg%2F1wfcq1gj!19sChIJ2yeMfhdawokRfiOGrKbYfGI,,,,,,,Aaron Wallenstein,Owner / Attorney,https://www.linkedin.com/in/aaron-wallenstein-54126a65/,Aaron Wallenstein,Aaron Wallenstein,https://www.linkedin.com/in/aaron-wallenstein-54126a65/
B,Tenzin Wangyal,new york,Law Offices of Tenzin Wangyal,tenzin.wangyal.esq@gmail.com,tenzin.wangyal.esq@gmail.com,+1 718-770-7734,http://www.wangyallaw.com,"43-18 Greenpoint Ave, Sunnyside, NY 11104, United States",https://www.google.com/maps/place/Law+Offices+of+Tenzin+Wangyal/data=!4m7!3m6!1s0x89c25f2008035613:0x6e67e144d5316a63!8m2!3d40.7409598!4d-73.9213679!16s%2Fg%2F11qndv4v1r!19sChIJE1YDCCBfwokRY2ox1UThZ24,,,,,,,Tenzin Wangyal,Owner / Founding Attorney,,Tenzin Wangyal,Tenzin Wangyal,
B,Alexander Granovsky,new york,Granovsky & Sundaresh PLLC,,,+1 646-524-6001,http://www.g-s-law.com,"48 Wall St 11th fl, New York, NY 10005, United States",https://www.google.com/maps/place/Granovsky+%26+Sundaresh+PLLC/data=!4m7!3m6!1s0x89c25a1659bc5e6b:0xc1779363385cf176!8m2!3d40.7065569!4d-74.0090492!16s%2Fg%2F11h0jtq2r!19sChIJa168WRZawokRdvFcOGOTd8E,,,,,,,Alexander Granovsky,Founding Partner,https://www.linkedin.com/in/alexgranovsky/,Alexander Granovsky;Neeti Sundaresh;Benjamin Rudolph Delson,Alexander Granovsky,https://www.linkedin.com/in/alexgranovsky/
B,Charles Juntikka,new york,"Charles Juntikka & Associates, LLP",,,+1 212-315-3755,http://www.cjalaw.com,"247 W 30th St 12th Floor, New York, NY 10001, United States","https://www.google.com/maps/place/Charles+Juntikka+%26+Associates,+LLP/data=!4m7!3m6!1s0x89c259a9b3117469:0x13519f202f0830e0!8m2!3d40.7492684!4d-73.9940446!16s%2Fg%2F1tcyybkr!19sChIJaXQRs6lZwokR4DAILyCfURM",https://www.facebook.com/pages/Charles-Juntikka-Associates-LLP/386432991465722?fref=nf,,https://www.linkedin.com/company/charles-juntikka-&-associates-llp,,,,Charles Juntikka,Founder and Managing Attorney,https://www.linkedin.com/in/juntikka/,Charles Juntikka;Hae Won Han,Charles Juntikka,https://www.linkedin.com/in/juntikka/
B,Jacob Silver,new york,"Jacob Silver, Attorney At Law",silverbankruptcy@gmail.com,silverbankruptcy@gmail.com,+1 718-855-3834,http://www.silverbankruptcy.com,"26 Court St #1201, Brooklyn, NY 11242, United States","https://www.google.com/maps/place/Jacob+Silver,+Attorney+At+Law/data=!4m7!3m6!1s0x89c25a4917ad2225:0xded4748aeed3ee17!8m2!3d40.693382!4d-73.990736!16s%2Fg%2F11gzz7v_j!19sChIJJSKtF0lawokRF-7T7op01N4",,,,,,,Jacob Silver,Attorney at Law / Founder,,Jacob Silver,Jacob Silver,
B,Randy S. Alpert,new york,Law Office of Randy S. Alpert,,,+1 718-544-3963,http://www.randyalpertlaw.com,"118-21 Queens Blvd, Forest Hills, NY 11375, United States",https://www.google.com/maps/place/Law+Office+of+Randy+S.+Alpert/data=!4m7!3m6!1s0x89c260983fe5a06f:0x38f81fbf8ad4a785!8m2!3d40.7150877!4d-73.8315038!16s%2Fg%2F1tn06qm3!19sChIJb6DlP5hgwokRhafUir8f-Dg,,,,,,,Randy S. Alpert,Founder / Owner,https://www.linkedin.com/in/randy-alpert-24809927/,Randy S. Alpert,Randy S. Alpert,https://www.linkedin.com/in/randy-alpert-24809927/
B,Stuart M. Kerner,new york,"Kerner Law Group, P.C.",,,+1 718-796-7900,https://yourbronxlawyers.com/riverdale,"269 W 231st St, Bronx, NY 10463, United States","https://www.google.com/maps/place/Kerner+Law+Group,+P.C./data=!4m7!3m6!1s0x89c2f395d25b12d9:0x546bec2cddf55c7d!8m2!3d40.8803106!4d-73.9070233!16s%2Fg%2F1hhgt09m9!19sChIJ2RJb0pXzwokRfVz13Szsa1Q",,,,,,,Stuart M. Kerner,Founder / Principal Attorney,https://www.linkedin.com/in/stu-kerner-87a81a47/,Stuart M. Kerner;Matt Kerner,Stuart M. Kerner,https://www.linkedin.com/in/stu-kerner-87a81a47/
B,Roman M. Avshalumov,new york,"Helen F. Dalton & Associates, P.C.",,,+1 718-263-9591,http://helendalton.com,"80-02 Kew Gardens Rd #601, Kew Gardens, NY 11415, United States","https://www.google.com/maps/place/Helen+F.+Dalton+%26+Associates,+P.C./data=!4m7!3m6!1s0x89c25e240b80c0eb:0xa43a0508f2d29e89!8m2!3d40.713654!4d-73.8312315!16s%2Fg%2F1td3sd_6!19sChIJ68CACyRewokRiZ7S8ggFOqQ",,,,,,,Roman M. Avshalumov,Managing Attorney (leads firm since founder Helen Dalton's death),https://www.linkedin.com/in/roman-avshalumov-6796a561/,Roman M. Avshalumov;Sofya Janashvili,Roman M. Avshalumov,https://www.linkedin.com/in/roman-avshalumov-6796a561/
B,Marc Scolnick,new york,Scolnick Law,office@scolnicklaw.com,office@scolnicklaw.com,+1 718-554-6445,http://www.scolnicklaw.com,"84-03 Cuthbert Rd #1b, Kew Gardens, NY 11415, United States",https://www.google.com/maps/place/Scolnick+Law/data=!4m7!3m6!1s0x89c261a3981c009d:0x7c59a044b3d08c7f!8m2!3d40.7082715!4d-73.8303154!16s%2Fg%2F11hy_43bhc!19sChIJnQAcmKNhwokRf4zQs0SgWXw,https://www.facebook.com/ScolnickLaw,https://www.instagram.com/scolnicklaw,https://www.linkedin.com/company/scolnicklaw,,,,Marc Scolnick,Founder & Attorney,,Marc Scolnick;Scott Scolnick;David Kaiser,Marc Scolnick,office@scolnicklaw.com
B,Neil S. Ruskin,new york,Neil S. Ruskin,,,+1 718-237-1547,http://www.neilruskinlawfirm.com,"188 Montague St Ste 900, Brooklyn, NY 11201, United States",https://www.google.com/maps/place/Neil+S.+Ruskin/data=!4m7!3m6!1s0x89c25a49110acb89:0x68f2294cc6fbcbf3!8m2!3d40.6937899!4d-73.9915027!16s%2Fg%2F1tdl2gxs!19sChIJicsKEUlawokR88v7xkwp8mg,https://www.facebook.com/Neil-S-Ruskin-516653935194327/,,https://www.linkedin.com/in/neil-ruskin-407623101,,,,Neil S. Ruskin,Founder / Criminal Defense Attorney,https://www.linkedin.com/in/neil-ruskin-407623101,Neil S. Ruskin,Neil S. Ruskin,https://www.linkedin.com/in/neil-ruskin-407623101
B,Rachel S. Blumenfeld,new york,Rachel S. Blumenfeld PLLC,,,+1 718-858-9600,https://blumenfeldbankruptcy.com,"26 Court St Suite 814, Brooklyn, NY 11242, United States",https://www.google.com/maps/place/Rachel+S.+Blumenfeld+PLLC/data=!4m7!3m6!1s0x89c25a4916262c47:0x7a75352d444a99d0!8m2!3d40.6933254!4d-73.9909517!16s%2Fg%2F1tyt685p!19sChIJRywmFklawokR0JlKRC01dXo,,,,,,,Rachel S. Blumenfeld,Founding Attorney / Owner,https://www.linkedin.com/in/rachel-blumenfeld-087938125/,Rachel S. Blumenfeld,Rachel S. Blumenfeld,https://www.linkedin.com/in/rachel-blumenfeld-087938125/
B,Heriberto Cabrera,new york,Heriberto Cabrera & Associates,info@gonylaw.com,info@gonylaw.com,+1 718-439-3600,http://gonylaw.com,"480 39th St 2nd Floor, Brooklyn, NY 11232, United States",https://www.google.com/maps/place/Heriberto+Cabrera+%26+Associates/data=!4m7!3m6!1s0x89c25ac70a7795c1:0x1d2f9cf42080a8ca!8m2!3d40.6513251!4d-74.0042825!16s%2Fg%2F1ptzvbfk1!19sChIJwZV3CsdawokRyqiAIPScLx0,,,,,,,Heriberto Cabrera,Founding Attorney / Owner,https://www.linkedin.com/in/heriberto-cabrera-645644a5/,Heriberto Cabrera,Heriberto Cabrera,https://www.linkedin.com/in/heriberto-cabrera-645644a5/
B,Maya Risman,new york,"Risman & Risman, P.C.",info@risman-law.com,info@risman-law.com,+1 212-233-6400,http://www.risman-law.com,"233 Broadway #2707, New York, NY 10279, United States","https://www.google.com/maps/place/Risman+%26+Risman,+P.C./data=!4m7!3m6!1s0x89c25a19071470b9:0x43a731f8d2c197ca!8m2!3d40.7124242!4d-74.0082073!16s%2Fg%2F11xg6y89g!19sChIJuXAUBxlawokRypfB0vgxp0M",,,,,,,Maya Risman,Partner,https://www.linkedin.com/in/maya-risman-62057849/,Maya Risman;Jeffrey Risman,Maya Risman,https://www.linkedin.com/in/maya-risman-62057849/
B,Julie Rendelman,new york,"Law Offices of Julie Rendelman, LLC",,,+1 212-951-1232,https://www.rendelmanlaw.com,"535 5th Ave #2525, New York, NY 10017, United States","https://www.google.com/maps/place/Law+Offices+of+Julie+Rendelman,+LLC/data=!4m7!3m6!1s0x89c25900da7d168f:0xf2a0a28e1fe177db!8m2!3d40.7548348!4d-73.9794009!16s%2Fg%2F11b6hyv5ww!19sChIJjxZ92gBZwokR23fhH46ioPI",,,,,,,Julie Rendelman,Founder / Criminal Defense Attorney,https://www.linkedin.com/in/julie-rendelman-81038b41/,Julie Rendelman;Jenn Peters,Julie Rendelman,https://www.linkedin.com/in/julie-rendelman-81038b41/
B,Boris R. Nektalov,new york,"Boris R Nektalov, Attorney At Law",boris.nektalov@gmail.com,boris.nektalov@gmail.com,+1 347-249-5057,https://crimlawnyc.com,"101-05 Lefferts Blvd Ste 208, South Richmond Hill, NY 11419, United States","https://www.google.com/maps/place/Boris+R+Nektalov,+Attorney+At+Law/data=!4m7!3m6!1s0x89c2674c420a352f:0xf41d892bf5aa33d2!8m2!3d40.6898384!4d-73.8255494!16s%2Fg%2F1tp285nr!19sChIJLzUKQkxnwokR0jOq9SuJHfQ",,,,,,,Boris R. Nektalov,Founding / Managing Attorney,,Boris R. Nektalov,Boris R. Nektalov,boris.nektalov@gmail.com
B,Samuel Meirowitz,new york,"Meirowitz & Wasserberg, LLP",,,+1 646-860-0895,https://www.samndan.com/nyc-injury,"1040 6th Ave 10th Fl, New York, NY 10018, United States","https://www.google.com/maps/place/Meirowitz+%26+Wasserberg,+LLP/data=!4m7!3m6!1s0x89c258e315fdd129:0x6bdc15ccd6eb21dd!8m2!3d40.7530461!4d-73.9850001!16s%2Fg%2F11b7_0pt5x!19sChIJKdH9FeNYwokR3SHr1swV3Gs",,,,,,,Samuel Meirowitz,Founding Partner,https://www.linkedin.com/in/mwinjurylaw/,Samuel Meirowitz;Daniel Wasserberg,Samuel Meirowitz,https://www.linkedin.com/in/mwinjurylaw/
B,Luke Scardigno,new york,Law Office of Luke Scardigno,,,+1 718-414-6186,https://www.lukescardigno.com?npcmp=dir%3Alocal%3A1204325%3A11415,"123-60 83rd Ave Ste 1T, Kew Gardens, NY 11415, United States",https://www.google.com/maps/place/Law+Office+of+Luke+Scardigno/data=!4m7!3m6!1s0x89c260bdbd033999:0x71cccbb13b8158db!8m2!3d40.7115111!4d-73.8260304!16s%2Fg%2F1vv2t4rx!19sChIJmTkDvb1gwokR21iBO7HLzHE,,,,,,,Luke Scardigno,Owner / Founding Attorney,https://www.linkedin.com/in/luke-scardigno-83787313/,Luke Scardigno,Luke Scardigno,https://www.linkedin.com/in/luke-scardigno-83787313/
B,Todd D. Greenberg,new york,Addabbo & Greenberg Law,,,+1 718-268-0400,https://www.addabboandgreenberg.com/attorney/todd-d-greenberg,"118-21 Queens Blvd #306, Forest Hills, NY 11375, United States",https://www.google.com/maps/place/Addabbo+%26+Greenberg+Law/data=!4m7!3m6!1s0x89c260992e43f61b:0x6c996aec2817adb5!8m2!3d40.7151047!4d-73.8314968!16s%2Fg%2F1tjhyl0k!19sChIJG_ZDLplgwokRta0XKOxqmWw,https://www.facebook.com/AddabboGreenberg,,https://www.linkedin.com/in/queenslawyer911/,,,,Todd D. Greenberg,Founding Partner / Name Partner,https://www.linkedin.com/in/queenslawyer911/,Todd D. Greenberg;Dominic L. Addabbo,Todd D. Greenberg,https://www.linkedin.com/in/queenslawyer911/
B,Isaac Abraham,new york,Law Office of Isaac Abraham,isaaclabraham@gmail.com,isaaclabraham@gmail.com,+1 347-353-8299,https://www.nystrafficviolations.com,"694 Nostrand Ave, Brooklyn, NY 11216, United States",https://www.google.com/maps/place/Law+Office+of+Isaac+Abraham/data=!4m7!3m6!1s0x89c25b9cf25f6e35:0x94dadd248883c540!8m2!3d40.6749051!4d-73.9502101!16s%2Fg%2F12hl17_bl!19sChIJNW5f8pxbwokRQMWDiCTd2pQ,,,,,,,Isaac Abraham,Principal / Founding Attorney,,Isaac Abraham,Isaac Abraham,isaaclabraham@gmail.com
B,Ksenia G. Rudyuk,new york,RLF Family Law,,,+1 212-706-2001,https://cadicny.com,"20 Vesey St #400, New York, NY 10007, United States",https://www.google.com/maps/place/RLF+Family+Law/data=!4m7!3m6!1s0x89c25bc371aa6029:0xc0447fcf97f0298e!8m2!3d40.7119922!4d-74.0091053!16s%2Fg%2F11h033nz0r!19sChIJKWCqccNbwokRjinwl89_RMA,https://www.facebook.com/RLFfamilylaw/,https://www.instagram.com/rlffamilylaw,https://www.linkedin.com/company/rlffamilylaw/,,,,Ksenia G. Rudyuk,Founder / Principal Attorney,https://www.linkedin.com/in/ksenia-rudyuk-attorney/,Ksenia G. Rudyuk;Jaclyn Zackowitz;Ksenia G Rudyuk;New York,Ksenia G. Rudyuk,https://www.linkedin.com/in/ksenia-rudyuk-attorney/
B,Melanie M. Marmer,new york,Law Office of Melanie M. Marmer,mmarmeresq@aol.com,mmarmeresq@aol.com,+1 718-403-9629,https://www.mmarmeresq.com?npcmp=dir%3Alocal%3A4815889%3A11201,"44 Court St Ste 917, Brooklyn, NY 11201, United States",https://www.google.com/maps/place/Law+Office+of+Melanie+M.+Marmer/data=!4m7!3m6!1s0x89c25a493c619aa5:0x1e6a1c8bac956aa6!8m2!3d40.692761!4d-73.9913147!16s%2Fg%2F1v_0knqq!19sChIJpZphPElawokRpmqVrIscah4,,,,,,,Melanie M. Marmer,Founder / Attorney,,Melanie M. Marmer,Melanie M. Marmer,mmarmeresq@aol.com
B,Jerrold S. Parker,new york,Parker Waichman LLP - Personal Injury Accident Attorneys,general_info@yourlawyer.com,general_info@yourlawyer.com,+1 718-635-1569,https://www.yourlawyer.com/brooklyn-personal-injury,"One Pierrepont Plaza, 300 Cadman Plz W 12th floor, Brooklyn, NY 11201, United States",https://www.google.com/maps/place/Parker+Waichman+LLP+-+Personal+Injury+Accident+Attorneys/data=!4m7!3m6!1s0x89c25b9d3996cd4b:0xd3b3273f63474e87!8m2!3d40.6952559!4d-73.991344!16s%2Fg%2F11s07j2cc8!19sChIJS82WOZ1bwokRh05HYz8ns9M,https://www.facebook.com/ParkerWaichmanLLP,https://www.instagram.com/parkerwaichman/,https://www.linkedin.com/company/parker-waichman-llp/,,,https://www.youtube.com/@parkerwaichman,Jerrold S. Parker,Founding Partner,https://www.linkedin.com/in/jerrold-parker-b4391815/,Jerrold S. Parker,Jerrold S. Parker,https://www.linkedin.com/in/jerrold-parker-b4391815/
B,William W. Waldner,new york,"Midtown Bankruptcy - Law Offices of William Waldner, PC",info@midtownbankruptcy.com,info@midtownbankruptcy.com,+1 212-244-2882,https://www.midtownbankruptcy.com,"469 7th Ave #1225, New York, NY 10018, United States","https://www.google.com/maps/place/Midtown+Bankruptcy+-+Law+Offices+of+William+Waldner,+PC/data=!4m7!3m6!1s0x89c259ac0e60760f:0x7a1204434f51eb7e!8m2!3d40.7519836!4d-73.9894242!16s%2Fg%2F1tcx_rlw!19sChIJD3ZgDqxZwokRfutRT0MEEno",https://www.facebook.com/midtownbankruptcy,,https://www.linkedin.com/in/william-waldner-38960829/,https://www.yelp.com/biz/law-office-of-william-waldner-new-york,,,William W. Waldner,Founder / Principal Bankruptcy Attorney,https://www.linkedin.com/in/william-waldner-38960829/,William W. Waldner,William W. Waldner,https://www.linkedin.com/in/william-waldner-38960829/
B,Paul W. Matthews,new york,Paul W. Matthews,attorneyinnyc@msn.com,attorneyinnyc@msn.com,+1 347-461-0760,https://affordable-uncontested-divorce.com/experienced-affordable-staten-island-custody-child-support-lawyers,"50 Garretson Ln, Staten Island, NY 10304, United States",https://www.google.com/maps/place/Paul+W.+Matthews/data=!4m7!3m6!1s0x89c25a21c3e21f9d:0xb7bd33fb783ad886!8m2!3d40.6029617!4d-74.0853067!16s%2Fg%2F1wrtds7s!19sChIJnR_iwyFawokRhtg6ePszvbc,,,,,,,Paul W. Matthews,Founder / Attorney,,Paul W. Matthews;Staten Island,Paul W. Matthews,
B,Gregory A. Flood,new york,Gregory Flood Law Office,floodlaw@gmail.com,floodlaw@gmail.com,+1 718-568-3678,http://statenislandbankruptcy.com,"900 South Ave #300, Staten Island, NY 10314, United States",https://www.google.com/maps/place/Gregory+Flood+Law+Office/data=!4m7!3m6!1s0x89c24cf893cd3e79:0x6e4c8b96573cbd76!8m2!3d40.6169861!4d-74.1727059!16s%2Fg%2F1v420c9y!19sChIJeT7Nk_hMwokRdr08V5aLTG4,,,,,,,Gregory A. Flood,Founding / Managing Attorney (bankruptcy & foreclosure defense),,Gregory A. Flood,Gregory A. Flood,FloodLaw@gmail.com
B,David Bliven,new york,Law Offices of David Bliven,,,+1 718-725-9600,http://www.blivenlaw.net,"3190 Riverdale Ave Ste 1, Bronx, NY 10463, United States",https://www.google.com/maps/place/Law+Offices+of+David+Bliven/data=!4m7!3m6!1s0x89c2f3be6b92c497:0x2e0937d33bcbc35d!8m2!3d40.882415!4d-73.908239!16s%2Fg%2F119tcvdq_!19sChIJl8SSa77zwokRXcPLO9M3CS4,,,,,,,David Bliven,Founder / Principal Attorney,https://www.linkedin.com/in/david-bliven-4643a145,David Bliven,David Bliven,https://www.linkedin.com/in/david-bliven-4643a145
B,Robert S. Gershon,new york,"Robert S. Gershon, P.C.",robgershon@gmail.com,robgershon@gmail.com,+1 718-625-3977,https://www.robertgershon.com,"One Pierrepont Plaza, 300 Cadman Plz W 12th floor, Brooklyn, NY 11201, United States","https://www.google.com/maps/place/Robert+S.+Gershon,+P.C./data=!4m7!3m6!1s0x89c25a48b695fdcd:0x3b833d377127e97d!8m2!3d40.6952562!4d-73.9913223!16s%2Fg%2F1tqg17p6!19sChIJzf2VtkhawokRfekncTc9gzs",,,,,,,Robert S. Gershon,Owner / Solo Practitioner,,Robert S. Gershon,Robert S. Gershon,robgershon@gmail.com
B,Michael S. Discioarro,new york,"The Law Offices Of Michael S. Discioarro, LLC",,,+1 917-519-8417,https://nycacslawyer.com,"11 Broadway #615, New York, NY 10018, United States","https://www.google.com/maps/place/The+Law+Offices+Of+Michael+S.+Discioarro,+LLC/data=!4m7!3m6!1s0x89c259ac4d947cef:0xd96b67ebf347a3f0!8m2!3d40.7521236!4d-73.9787747!16s%2Fg%2F1tdzgxnj!19sChIJ73yUTaxZwokR8KNH8-tna9k",,,,,,,Michael S. Discioarro,Founder / Principal Attorney,https://www.linkedin.com/in/michael-s-discioarro-esq-181b1565,Michael S. Discioarro,Michael S. Discioarro,https://www.linkedin.com/in/michael-s-discioarro-esq-181b1565
B,Michael James Prisco,new york,"MJP Injury Law, Michael James Prisco, Esq.",,,+1 718-709-9678,https://www.mjpinjurylaw.com?npcmp=dir%3Alocal%3A5227015%3A10465,"3425 E Tremont Ave Ste 3, Bronx, NY 10465, United States","https://www.google.com/maps/place/MJP+Injury+Law,+Michael+James+Prisco,+Esq./data=!4m7!3m6!1s0x89e82b9b961312f5:0x3ec5708d88ae72ae!8m2!3d40.8329453!4d-73.8278521!16s%2Fg%2F11mk2_2sk2!19sChIJ9RITlpsr6IkRrnKuiI1wxT4",,,,,,,Michael James Prisco,Founder / Personal Injury Attorney,https://www.linkedin.com/in/michaeljamespriscoattorney,Michael James Prisco,Michael James Prisco,https://www.linkedin.com/in/michaeljamespriscoattorney
B,Susan Crumiller,new york,Crumiller P.C.,,,+1 212-390-8480,https://crumiller.com,"16 Court St Ste 2500, Brooklyn, NY 11241, United States",https://www.google.com/maps/place/Crumiller+P.C./data=!4m7!3m6!1s0x89c25a1922c95861:0x369d35646d62e0db!8m2!3d40.6936215!4d-73.9908599!16s%2Fg%2F11cjh_gzxw!19sChIJYVjJIhlawokR2-BibWQ1nTY,,,,,,,Susan Crumiller,Founding Attorney,https://www.linkedin.com/in/susancrumiller/,Susan Crumiller;Hilary J. Orzick,Susan Crumiller,https://www.linkedin.com/in/susancrumiller/
B,Richard A. Rosenzweig,new york,"Richard A. Rosenzweig, Esq. P.C.",RichardARosenzweigEsq@gmail.com,RichardARosenzweigEsq@gmail.com;richardarosenzweigesq@gmail.com,+1 917-301-1868,http://litigationlawyerstatenisland.com/contact,"57 Beach St 3rd floor, Staten Island, NY 10304, United States","https://www.google.com/maps/place/Richard+A.+Rosenzweig,+Esq.+P.C./data=!4m7!3m6!1s0x89c24e4ac4c55555:0xca7d121a4c90d298!8m2!3d40.6281984!4d-74.078002!16s%2Fg%2F11dxnl0vcj!19sChIJVVXFxEpOwokRmNKQTBoSfco",,,,,,,Richard A. Rosenzweig,"Owner / Founder, Richard A. Rosenzweig, Esq. P.C.",,Richard A. Rosenzweig;Staten Island,Richard A. Rosenzweig,RichardARosenzweigEsq@gmail.com
B,Daniel Clement,new york,"The Law Offices of Daniel Clement, P.C. - Divorce Lawyer NYC",,,+1 646-789-4700,https://clementlaw.com,"112 Madison Ave Ste 800, New York, NY 10016, United States","https://www.google.com/maps/place/The+Law+Offices+of+Daniel+Clement,+P.C.+-+Divorce+Lawyer+NYC/data=!4m7!3m6!1s0x89c259aafd98d719:0x3b48ac9172a022e6!8m2!3d40.7451629!4d-73.9851025!16s%2Fg%2F1vc_r8d0!19sChIJGdeY_apZwokR5iKgcpGsSDs",,,,,,,Daniel Clement,Founder / Principal Attorney,https://www.linkedin.com/in/newyorkdivorceattorney/,Daniel Clement,Daniel Clement,https://www.linkedin.com/in/newyorkdivorceattorney/
B,Albert Maimone,new york,"Albert Maimone & Associates, P.C.",Info@maimonepc.com,Info@maimonepc.com;info@maimonepc.com,+1 718-357-1216,https://maimonepc.com,"127-16 14th Ave, College Point, NY 11356, United States","https://www.google.com/maps/place/Albert+Maimone+%26+Associates,+P.C./data=!4m7!3m6!1s0x89c28a9508ba64ad:0xdbcbedcdf3609386!8m2!3d40.7852224!4d-73.8404675!16s%2Fg%2F1hc160wp7!19sChIJrWS6CJWKwokRhpNg883ty9s",,,https://www.linkedin.com/in/albert-maimone-0a6a6730,,,,Albert Maimone,Founding Partner,,Albert Maimone;Peter Vito Maimone,Albert Maimone,https://www.linkedin.com/in/albert-maimone-0a6a6730
B,William (Bill) Barillari,new york,"The Barillari Law Firm, P.C.",,,+1 718-966-8181,http://www.injurylawyerstatenisland.com,"3974 Amboy Rd #210, Staten Island, NY 10308, United States","https://www.google.com/maps/place/The+Barillari+Law+Firm,+P.C./data=!4m7!3m6!1s0x89c24b06162e933b:0x9099d015489bf456!8m2!3d40.550562!4d-74.15007!16s%2Fg%2F1v_w37zv!19sChIJO5MuFgZLwokRVvSbSBXQmZA",https://www.facebook.com/thebarillarilawfirm,https://www.instagram.com/thebarillarilawfirm,,,,,William (Bill) Barillari,Founder / Principal,https://www.linkedin.com/in/william-bill-barillari-69b37632/,William (Bill) Barillari,William (Bill) Barillari,https://www.linkedin.com/in/william-bill-barillari-69b37632/
B,Kyle Newman,new york,Uptown Injury Law PLLC,support@uptowninjury.com,support@uptowninjury.com,+1 917-540-8728,http://www.uptowninjury.com,"2417 3rd Ave Suite 505, Bronx, NY 10451, United States",https://www.google.com/maps/place/Uptown+Injury+Law+PLLC/data=!4m7!3m6!1s0x89c2f5e1b347e7c3:0xd4eac8d4b76641b8!8m2!3d40.8087216!4d-73.9308238!16s%2Fg%2F11shp4ndhv!19sChIJw-dHs-H1wokRuEFmt9TI6tQ,,,,,,,Kyle Newman,Founder / CEO / Senior Trial Lawyer,https://www.linkedin.com/in/kyle-newman-esq/,Kyle Newman,Kyle Newman,https://www.linkedin.com/in/kyle-newman-esq/
B,Edmond J. Pryor,new york,Pryor Law,info@pryorlaw.com,info@pryorlaw.com,+1 718-829-0222,http://www.pryorlaw.com,"292 City Island Ave, Bronx, NY 10464, United States",https://www.google.com/maps/place/Pryor+Law/data=!4m7!3m6!1s0x89c2f4a880091399:0x37b39bc84594ac43!8m2!3d40.8469946!4d-73.7860994!16s%2Fg%2F1tfzc398!19sChIJmRMJgKj0wokRQ6yURcibszc,,,,,,,Edmond J. Pryor,Founding Attorney / Owner,https://www.linkedin.com/in/edmond-pryor-48a48774/,Edmond J. Pryor,Edmond J. Pryor,https://www.linkedin.com/in/edmond-pryor-48a48774/
B,Anthony L. Verrelli,new york,"Anthony L. Verrelli & Associates, Attorneys at Law",,,+1 929-523-0869,https://www.verrellilaw.com?npcmp=dir%3Alocal%3A1062346%3A10469,"2565 Bronxwood Ave, Bronx, NY 10469, United States","https://www.google.com/maps/place/Anthony+L.+Verrelli+%26+Associates,+Attorneys+at+Law/data=!4m7!3m6!1s0x89c2f35cdd0749ab:0x5e08e6a496a878f7!8m2!3d40.8649963!4d-73.8619609!16s%2Fg%2F1tggpkq4!19sChIJq0kH3VzzwokR93iolqTmCF4",,,,,,,Anthony L. Verrelli,Founder / Principal Attorney,https://www.linkedin.com/in/anthony-verrelli-esq-7b55482/,Anthony L. Verrelli,Anthony L. Verrelli,https://www.linkedin.com/in/anthony-verrelli-esq-7b55482/
B,Dayrel S. Sewell,new york,"LAW FIRM OF DAYREL SEWELL, PLLC",,,+1 347-787-6824,https://sewellnylaw.com,"599 E 2nd St, Brooklyn, NY 11218, United States","https://www.google.com/maps/place/LAW+FIRM+OF+DAYREL+SEWELL,+PLLC/data=!4m7!3m6!1s0x89c25b2b5f833801:0xceccdd5e2131350b!8m2!3d40.6366393!4d-73.9767985!16s%2Fg%2F12cp5tws8!19sChIJATiDXytbwokRCzUxIV7dzM4",,,,,,,Dayrel S. Sewell,Founder / Managing Partner,https://www.linkedin.com/in/dayrel-sewell-jd-mph-0787631/,Dayrel S. Sewell;Min Jung Kim;Henry Park,Dayrel S. Sewell,https://www.linkedin.com/in/dayrel-sewell-jd-mph-0787631/
B,Glenn S. Kessler,new york,The Law Offices of Glenn S. Kessler,,,+1 718-488-9100,http://www.debtfreenyc.com,"32 Court St Suite 805, Brooklyn, NY 11201, United States",https://www.google.com/maps/place/The+Law+Offices+of+Glenn+S.+Kessler/data=!4m7!3m6!1s0x89c25a49249a280b:0xca9b41689b926c4c!8m2!3d40.6929538!4d-73.9910393!16s%2Fg%2F1vd9605y!19sChIJCyiaJElawokRTGySm2hBm8o,,,,,,,Glenn S. Kessler,Founder / Owner,https://www.linkedin.com/in/glenn-kessler-31683027/,Glenn S. Kessler,Glenn S. Kessler,https://www.linkedin.com/in/glenn-kessler-31683027/
B,Carmen Jack Giordano,new york,Giordano Law Offices Personal Injury & Employment Lawyers,,,+1 646-217-0749,https://www.gio-law.com,"226 Malcolm X Blvd, New York, NY 10027, United States",https://www.google.com/maps/place/Giordano+Law+Offices+Personal+Injury+%26+Employment+Lawyers/data=!4m7!3m6!1s0x89c2f60df2f1a067:0xdaff7af06a59e1c9!8m2!3d40.8052861!4d-73.946797!16s%2Fg%2F1hhk13r9g!19sChIJZ6Dx8g32wokRyeFZavB6_9o,,,,,,,Carmen Jack Giordano,Founder / Principal Attorney,https://www.linkedin.com/in/carmen-jack-giordano-45a21427/,Carmen Jack Giordano;Stefanie A. Behler;Saleem S. Rizvi,Carmen Jack Giordano,https://www.linkedin.com/in/carmen-jack-giordano-45a21427/
B,Geoffrey Schotter,new york,"Schotter Millican, LLP",,,+1 718-770-3708,http://lawforworkers.com/free-case-review,"300 Cadman Plz W 12th Floor, Suite 12137, Brooklyn, NY 11201, United States","https://www.google.com/maps/place/Schotter+Millican,+LLP/data=!4m7!3m6!1s0x89c25a49b0047f6b:0xbdcbede2292fe04b!8m2!3d40.6950851!4d-73.9912685!16s%2Fg%2F11mm_sx5p7!19sChIJa38EsElawokRS-AvKeLty70",https://www.facebook.com/Schotter-Millican-LLP-102431125631630/,,,,,,Geoffrey Schotter,Managing Partner,https://www.linkedin.com/in/geoffrey-schotter-74972497/,Geoffrey Schotter;Amy Millican;Sarah Hummell,Geoffrey Schotter,https://www.linkedin.com/in/geoffrey-schotter-74972497/
B,Jeffrey Benjamin,new york,"The Linden Law Group, P.C.",,,+1 212-537-6612,https://www.new-york-attorney.org,"230 Park Ave S 3rd floor, New York, NY 10169, United States","https://www.google.com/maps/place/The+Linden+Law+Group,+P.C./data=!4m7!3m6!1s0x89c260986a672265:0x6ef0d067281a5334!8m2!3d40.7377863!4d-73.9887671!16s%2Fg%2F1vgw9k1v!19sChIJZSJnaphgwokRNFMaKGfQ8G4",,,,,,,Jeffrey Benjamin,Attorney,https://www.linkedin.com/in/jeffrey-benjamin-130915152/,Jeffrey Benjamin,Jeffrey Benjamin,https://www.linkedin.com/in/jeffrey-benjamin-130915152/
B,Inna Fershteyn,new york,Elder Law Attorney,,,+1 718-333-2395,https://advanced-legal.com/manhattan-estate-planning-attorney,"626 1st Ave 31 -A, New York, NY 10016, United States",https://www.google.com/maps/place/Elder+Law+Attorney/data=!4m7!3m6!1s0x89c2599a314c66e7:0xc0e4a4bba2ac7bc!8m2!3d40.7445655!4d-73.9718951!16s%2Fg%2F11j0vsg27w!19sChIJ52ZMMZpZwokRvMcquktKDgw,,,https://www.linkedin.com/company/law-office-of-inna-fershteyn-and-associates-pc,,,,Inna Fershteyn,Founder / Estate Planning & Elder Law Attorney,https://www.linkedin.com/in/inna-fershteyn-7b827616/,Inna Fershteyn;NYC Trust,Inna Fershteyn,https://www.linkedin.com/in/inna-fershteyn-7b827616/
B,Mehdi Essmidi,new york,The Law Offices of Mehdi Essmidi P.L.L.C.,,,+1 917-905-2527,https://essmidilaw.com,"60 E 42nd St #4600, New York, NY 10165, United States",https://www.google.com/maps/place/The+Law+Offices+of+Mehdi+Essmidi+P.L.L.C./data=!4m7!3m6!1s0x89c25901a1b7bfd7:0x32309e946ead2102!8m2!3d40.7522038!4d-73.9786934!16s%2Fg%2F11tnwm5x2t!19sChIJ17-3oQFZwokRAiGtbpSeMDI,,,https://www.linkedin.com/in/mehdi-essmidi-210735137,,,,Mehdi Essmidi,"Founder / Owner, Criminal Defense Attorney",https://www.linkedin.com/in/mehdi-essmidi-210735137,Mehdi Essmidi,Mehdi Essmidi,https://www.linkedin.com/in/mehdi-essmidi-210735137
B,Francine Pickett Cohen,new york,"The Law Offices Of Francine Pickett Cohen, LLC",,,+1 347-943-8655,https://www.francinecohen.com,"1110 South Ave #3, Staten Island, NY 10314, United States","https://www.google.com/maps/place/The+Law+Offices+Of+Francine+Pickett+Cohen,+LLC/data=!4m7!3m6!1s0x89c24cf0a9c26d99:0xa378c70484a6a66!8m2!3d40.6139964!4d-74.1769329!16s%2Fg%2F1vfzg1t3!19sChIJmW3CqfBMwokRZmpKSHCMNwo",https://www.facebook.com/francinepickettcohen,,https://www.linkedin.com/in/francine-cohen-3a324026,,,,Francine Pickett Cohen,Founder / Partner (Family & Matrimonial Law),https://www.linkedin.com/in/francine-cohen-3a324026,Francine Pickett Cohen;Olga Zagika,Francine Pickett Cohen,https://www.linkedin.com/in/francine-cohen-3a324026
B,Andrea S. Ferrante,new york,"Andrea S. Ferrante, Esq., LL.M. - Criminal, Family, Guardianship and Appeals",info@andreaferrantelaw.com,info@andreaferrantelaw.com,+1 347-230-8449,https://andreaferrantelaw.com,"400 St Marks Pl, Staten Island, NY 10301, United States","https://www.google.com/maps/place/Andrea+S.+Ferrante,+Esq.,+LL.M.+-+Criminal,+Family,+Guardianship+and+Appeals/data=!4m7!3m6!1s0x89c24f6561d73d7b:0xab13c619de2d8eb0!8m2!3d40.6400178!4d-74.0777137!16s%2Fg%2F11v05k8nc_!19sChIJez3XYWVPwokRsI4t3hnGE6s",,,,,,,Andrea S. Ferrante,Founder / Owner,https://www.linkedin.com/in/andrea-ferrante-b47503199/,Andrea S. Ferrante,Andrea S. Ferrante,https://www.linkedin.com/in/andrea-ferrante-b47503199/
B,Matthew Lenza,new york,"Lenza Law Firm, PLLC",,,+1 347-273-1280,http://lenzalawfirm.com,"1110, 303 South Ave, Staten Island, NY 10314, United States","https://www.google.com/maps/place/Lenza+Law+Firm,+PLLC/data=!4m7!3m6!1s0x89c24cfa076b2beb:0xb2993df971a663bc!8m2!3d40.6139964!4d-74.1769329!16s%2Fg%2F11bx1yvmv7!19sChIJ6ytrB_pMwokRvGOmcfk9mbI",,,,,,,Matthew Lenza,Owner / Founder & Managing Attorney,https://www.linkedin.com/in/matthewlenza/,Matthew Lenza;Christina Pasaturo,Matthew Lenza,https://www.linkedin.com/in/matthewlenza/
B,Kirill Muchnik,new york,Muchnik Elder Law P.C.,office@muchnikelderlaw.com,office@muchnikelderlaw.com,+1 718-442-7004,http://www.muchnikelderlaw.com,"Executive Suites, 900 South Ave, Staten Island, NY 10314, United States",https://www.google.com/maps/place/Muchnik+Elder+Law+P.C./data=!4m7!3m6!1s0x89c24e81171eaa85:0x72c524cb68068dcd!8m2!3d40.6169861!4d-74.1727059!16s%2Fg%2F1vy7hh4j!19sChIJhaoeF4FOwokRzY0GaMskxXI,https://www.facebook.com/MuchnikElderLaw/,https://www.instagram.com/MuchnikElderLaw/,https://www.linkedin.com/company/johnson-langworthy-muchnik-p-c/,,,https://www.youtube.com/@muchnikelderlaw,Kirill Muchnik,Principal Attorney / Firm Leader,https://www.linkedin.com/in/kirill-muchnik-esq-145a068b/,Kirill Muchnik,Kirill Muchnik,https://www.linkedin.com/in/kirill-muchnik-esq-145a068b/
B,Mark Chalfin,new york,Mark Chalfin,,,+1 212-349-6290,https://www.chalfinpersonalinjurylawyer.com,"589 6th St, Brooklyn, NY 11215, United States",https://www.google.com/maps/place/Mark+Chalfin/data=!4m7!3m6!1s0x89c25afd63499bd9:0x1548012aaeefbee!8m2!3d40.6670433!4d-73.9763473!16s%2Fg%2F11dyzfg60_!19sChIJ2ZtJY_1awokR7vvuqhKAVAE,https://www.facebook.com/Mark-Chalfin-Personal-Injury-Lawyer-1679283529046375/,,https://www.linkedin.com/in/mark-chalfin-brooklyn-lawyer,,,,Mark Chalfin,Founding Attorney / Owner,https://www.linkedin.com/in/mark-chalfin-brooklyn-lawyer,Mark Chalfin,Mark Chalfin,https://www.linkedin.com/in/mark-chalfin-brooklyn-lawyer
B,Zachary J. Liszka,new york,"Zachary J. Liszka, Esq.",info@employeelawyer.nyc,info@employeelawyer.nyc,+1 347-762-5131,https://www.employeelawyer.nyc,"240 Kent Ave, Brooklyn, NY 11249, United States","https://www.google.com/maps/place/Zachary+J.+Liszka,+Esq./data=!4m7!3m6!1s0x89c258ff75a6bb87:0x24a9b93cd2a92230!8m2!3d40.7170066!4d-73.9656929!16s%2Fg%2F11b6gfdlqp!19sChIJh7umdf9YwokRMCKp0jy5qSQ",,,,,,,Zachary J. Liszka,Founding Attorney / Owner,https://www.linkedin.com/in/zachliszka/,Zachary J. Liszka,Zachary J. Liszka,https://www.linkedin.com/in/zachliszka/
B,Ronald D. Weiss,new york,"Ronald D. Weiss, P.C., Attorney at Law",,,+1 718-751-0226,https://www.ny-bankruptcy.com,"118-35 Queens Blvd #400, Forest Hills, NY 11375, United States","https://www.google.com/maps/place/Ronald+D.+Weiss,+P.C.,+Attorney+at+Law/data=!4m7!3m6!1s0x89c261ea3b4d003f:0xfeba8f68d0f8d9fb!8m2!3d40.7148274!4d-73.831194!16s%2Fg%2F11vcv6lprv!19sChIJPwBNO-phwokR-9n40GiPuv4",,,,,,,Ronald D. Weiss,Founder / Principal Attorney,https://www.linkedin.com/in/ronald-weiss-21ba1a80/,Ronald D. Weiss,Ronald D. Weiss,https://www.linkedin.com/in/ronald-weiss-21ba1a80/
B,Harold J. Otterbeck,new york,Otterbeck Law Firm,,,+1 718-967-3737,https://www.otterbecklaw.com,"939 Huguenot Ave, Staten Island, NY 10312, United States",https://www.google.com/maps/place/Otterbeck+Law+Firm/data=!4m7!3m6!1s0x89c24aebd24b01a7:0x795d1cf3a7b2b1a5!8m2!3d40.531509!4d-74.191132!16s%2Fg%2F1tp2856k!19sChIJpwFL0utKwokRpbGyp_McXXk,https://www.facebook.com/otterbecklaw/,,https://www.linkedin.com/in/otterbecklaw/,,,,Harold J. Otterbeck,Founder / Attorney,,Harold J. Otterbeck;Christopher H. Otterbeck,Harold J. Otterbeck,https://www.facebook.com/otterbecklaw/
B,Suzanne De Meyer,new york,Suzanne DeMeyer Esq.,,,+1 718-374-5453,https://statenislanddivorcelawyernyc.com,"456 Arlene St, Staten Island, NY 10314, United States",https://www.google.com/maps/place/Suzanne+DeMeyer+Esq./data=!4m7!3m6!1s0x89c24db05574fe6d:0xdd53e2632a72d20a!8m2!3d40.6065082!4d-74.1661039!16s%2Fg%2F11xggyrvqx!19sChIJbf50VbBNwokRCtJyKmPiU90,,,,,,,Suzanne De Meyer,Founder / Principal Attorney,https://www.linkedin.com/in/suzanne-demeyer-4bb076370,Suzanne De Meyer,Suzanne De Meyer,https://www.linkedin.com/in/suzanne-demeyer-4bb076370
B,Gerard Marrone,new york,Gerard Marrone Esq,,,+1 718-261-1711,https://gerardmarroneesq.com,"66-85 73rd Pl, Middle Village, NY 11379, United States",https://www.google.com/maps/place/Gerard+Marrone+Esq/data=!4m7!3m6!1s0x89c262412bd1ea69:0x84da370ffe60f4be!8m2!3d40.71307!4d-73.8793258!16s%2Fg%2F11_tk1_q6!19sChIJaerRK0FiwokRvvRg_g832oQ,,,,,,,Gerard Marrone,Owner / Attorney,https://www.linkedin.com/in/queenscriminalawyer/,Gerard Marrone,Gerard Marrone,https://www.linkedin.com/in/queenscriminalawyer/
B,Diana Y. Seo,new york,"Seo Law Group, PLLC",info@seolawgroup.com,info@seolawgroup.com,+1 718-500-3340,https://seolawgroup.com,"136-68 Roosevelt Ave Ste 726, Flushing, NY 11354, United States","https://www.google.com/maps/place/Seo+Law+Group,+PLLC/data=!4m7!3m6!1s0x89c2616663c515a7:0xbdd1ee22d56dd08d!8m2!3d40.75998!4d-73.827656!16s%2Fg%2F11td39djkd!19sChIJpxXFY2ZhwokRjdBt1SLu0b0",,https://www.instagram.com/seolawgroup/,https://www.linkedin.com/company/seo-law-group-pllc/about/?viewAsMember=true,,,,Diana Y. Seo,Founder / Principal Attorney,https://www.linkedin.com/in/diana-seo-0b163b342/,Diana Y. Seo;Joshua A. Scerbo;Ziyu Guo,Diana Y. Seo,https://www.linkedin.com/in/diana-seo-0b163b342/
B,Peter J. Schaffer,new york,"Peter J. Schaffer, Bronx Criminal Lawyer",schaffer1law@aol.com,schaffer1law@aol.com,+1 718-585-4444,http://www.fedcrimlaw.net,"888 Grand Concourse Ste 1-O, Bronx, NY 10451, United States","https://www.google.com/maps/place/Peter+J.+Schaffer,+Bronx+Criminal+Lawyer/data=!4m7!3m6!1s0x89c2f432de0f3791:0xcef995dbdfd53f38!8m2!3d40.8264786!4d-73.9222502!16s%2Fg%2F1td3gz60!19sChIJkTcP3jL0wokROD_V39uV-c4",,,,,,,Peter J. Schaffer,Owner / Principal Attorney,,Peter J. Schaffer,Peter J. Schaffer,
B,Stacey Richman,new york,Murray Richman Law Offices,,,+1 718-892-8588,https://www.richman-hill.com/about,"2027 Williamsbridge Rd #3, Bronx, NY 10461, United States",https://www.google.com/maps/place/Murray+Richman+Law+Offices/data=!4m7!3m6!1s0x89c2f4a78dadd0e5:0x1d41a9e53ffe1190!8m2!3d40.8548295!4d-73.8553682!16s%2Fg%2F1tj2cy92!19sChIJ5dCtjaf0wokRkBH-P-WpQR0,,,,,,,Stacey Richman,Name Partner / Criminal Defense Attorney,,Stacey Richman;Renee C. Hill;Murray Richman,Stacey Richman,
B,Richard M. Gabor,new york,Gabor Tax Law,,,+1 718-390-0555,http://www.gabortaxlaw.com,"1878 Victory Blvd, Staten Island, NY 10314, United States",https://www.google.com/maps/place/Gabor+Tax+Law/data=!4m7!3m6!1s0x89c24c2a2e5a35c9:0x687ff8b97b73a063!8m2!3d40.61261!4d-74.1264378!16s%2Fg%2F1tdym3cg!19sChIJyTVaLipMwokRY6Bze7n4f2g,,,,,,,Richard M. Gabor,Founding Partner / Tax Attorney and CPA,https://www.linkedin.com/in/richard-m-gabor-81b0a2a/,Richard M. Gabor,Richard M. Gabor,https://www.linkedin.com/in/richard-m-gabor-81b0a2a/
B,Frank M. Galchus,new york,Frank Galchus Law Firm,frankgalchus@gmail.com,frankgalchus@gmail.com,+1 718-229-2628,https://queensfamilycriminalattorney.com/about-us,"61-43 186th St #103, Fresh Meadows, NY 11365, United States",https://www.google.com/maps/place/Frank+Galchus+Law+Firm/data=!4m7!3m6!1s0x89c261b1988d33c5:0xf837c6dafab965af!8m2!3d40.7390782!4d-73.7876333!16s%2Fg%2F12606g4s2!19sChIJxTONmLFhwokRr2W5-trGN_g,,,,,,,Frank M. Galchus,Founder / Principal Attorney,,Frank M. Galchus,Frank M. Galchus,frankgalchus@gmail.com
B,Michael T. Mullen,new york,The Law Offices of Michael Mullen,,,+1 347-462-0338,https://www.criminaldefenselawyerbrooklyn.com,"44 Court St #1207, Brooklyn, NY 11201, United States",https://www.google.com/maps/place/The+Law+Offices+of+Michael+Mullen/data=!4m7!3m6!1s0x89c25a491680e325:0x4a0f66cef068940d!8m2!3d40.6927499!4d-73.9913059!16s%2Fg%2F12hpgrds1!19sChIJJeOAFklawokRDZRo8M5mD0o,,,,,,,Michael T. Mullen,Founder / Criminal Defense Attorney,https://www.linkedin.com/in/michael-thomas-mullen-5a165176/,Michael T. Mullen,Michael T. Mullen,https://www.linkedin.com/in/michael-thomas-mullen-5a165176/
B,Bryan J. Hutchinson,new york,"Law Office of Bryan J. Hutchinson, PLLC",,,+1 718-671-0900,http://bronxtriallawyer.com,"1443 E Gun Hill Rd Ste 2, Bronx, NY 10469, United States","https://www.google.com/maps/place/Law+Office+of+Bryan+J.+Hutchinson,+PLLC/data=!4m7!3m6!1s0x89c2f3606aca84a3:0x19c8b30185334f8a!8m2!3d40.8694227!4d-73.8436753!16s%2Fg%2F11j_952wn7!19sChIJo4TKamDzwokRik8zhQGzyBk",,,,,,,Bryan J. Hutchinson,Founding Attorney / Owner,https://www.linkedin.com/in/bryan-hutchinson-814222a/,Bryan J. Hutchinson,Bryan J. Hutchinson,https://www.linkedin.com/in/bryan-hutchinson-814222a/
B,Richard T. Harris,new york,Harris Firm LLC,,,+1 718-487-8669,http://workerscompensation.nyc,"903 Sheridan Ave 2nd floor, Bronx, NY 10451, United States",https://www.google.com/maps/place/Harris+Firm+LLC/data=!4m7!3m6!1s0x89c2f51338021ba5:0x8af6d12760a012b2!8m2!3d40.8270632!4d-73.9209254!16s%2Fg%2F11kzjg3wr2!19sChIJpRsCOBP1wokRshKgYCfR9oo,https://www.facebook.com/harrisfirmllc,https://www.instagram.com/harrisfirmllc/,https://www.linkedin.com/in/richard-harris-7740a0b,https://www.yelp.com/biz/harris-firm-queens-2,,,Richard T. Harris,Founding Attorney,https://www.linkedin.com/in/richard-harris-7740a0b,Richard T. Harris;Asher Labendz;Kristine Rosales,Richard T. Harris,https://www.linkedin.com/in/richard-harris-7740a0b
B,Robert Aronov,new york,Bankruptcy Lawyer Queens Aronov Law NY P.C.,info@consumerlaw.com,info@consumerlaw.com,+1 718-206-1035,https://www.aronovlawny.com/bankruptcy-attorney-nyc,"135-29 Kew Gardens Rd, Richmond Hill, NY 11418, United States",https://www.google.com/maps/place/Bankruptcy+Lawyer+Queens+Aronov+Law+NY+P.C./data=!4m7!3m6!1s0x89c26106e45c3a3d:0x812a2e7db31b3eaa!8m2!3d40.7036752!4d-73.8183894!16s%2Fg%2F11j2fxj8fn!19sChIJPTpc5AZhwokRqj4bs30uKoE,,,,,,,Robert Aronov,Founding / Managing Partner,https://www.linkedin.com/in/robert-aronov-47233b201,Robert Aronov,Robert Aronov,https://www.linkedin.com/in/robert-aronov-47233b201
B,,new york,Divorce Lawyer,shepelskylaw@gmail.com,shepelskylaw@gmail.com,+1 347-560-5998,http://divorcelawyerny.org,"162 Laconia Ave, Staten Island, NY 10305, United States",https://www.google.com/maps/place/Divorce+Lawyer/data=!4m7!3m6!1s0x89c24fabc12bef4f:0x1ca3248dc327a7a2!8m2!3d40.5911206!4d-74.0855471!16s%2Fg%2F11q8s3yw4w!19sChIJT-8rwatPwokRoqcnw40koxw,,,,,,,,,,,,
B,Craig A. Eaton,new york,Eaton & Torrenzano,,,+1 718-332-7766,https://eatonandtorrenzano.com,"40 New Dorp Ln, Staten Island, NY 10306, United States",https://www.google.com/maps/place/Eaton+%26+Torrenzano/data=!4m7!3m6!1s0x89c2494bb38cadd9:0x643295c09d83fefb!8m2!3d40.5750165!4d-74.1185655!16s%2Fg%2F11fswp9bfy!19sChIJ2a2Ms0tJwokR-_6DncCVMmQ,,,,,,,Craig A. Eaton,Founding Partner,https://www.linkedin.com/in/craig-eaton-a872255/,Craig A. Eaton;Jay J. Torrenzano,Craig A. Eaton,https://www.linkedin.com/in/craig-eaton-a872255/
B,Douglas Clemmons,new york,Clemmons Law Firm,,,+1 917-561-7763,http://www.clemmonslawfirm.com/%20,"295 Madison Ave 12th floor, New York, NY 10017, United States",https://www.google.com/maps/place/Clemmons+Law+Firm/data=!4m7!3m6!1s0x89c25bf3baeb4b4b:0xddea1dfea46d42e6!8m2!3d40.7518554!4d-73.9794676!16s%2Fg%2F11qn63ck40!19sChIJS0vruvNbwokR5kJtpP4d6t0,,,,,,,Douglas Clemmons,Founder / Principal Attorney,https://www.linkedin.com/in/dougclemmons/,Douglas Clemmons,Douglas Clemmons,https://www.linkedin.com/in/dougclemmons/
B,Albert Togut,new york,"Togut, Segal & Segal LLP",,,+1 212-594-5000,https://www.togutlawfirm.com,"One Pennsylvania Plaza Suite 3335, New York, NY 10119, United States","https://www.google.com/maps/place/Togut,+Segal+%26+Segal+LLP/data=!4m7!3m6!1s0x89c259dcc19d4269:0x49c3cbb1d82a9dcf!8m2!3d40.7511059!4d-73.9925135!16s%2Fg%2F11fv1qkf07!19sChIJaUKdwdxZwokRz50q2LHLw0k",,,,,,,Albert Togut,Founding Partner,https://www.linkedin.com/in/albert-togut-48799b7/,Albert Togut,Albert Togut,https://www.linkedin.com/in/albert-togut-48799b7/
B,Douglas J. Pick,new york,Pick & Zabicki LLP,,,+1 212-695-6000,http://picklaw.net,"369 Lexington Ave Ste 1200, New York, NY 10017, United States",https://www.google.com/maps/place/Pick+%26+Zabicki+LLP/data=!4m7!3m6!1s0x89c25903dd4209d7:0xb3999696acbb6b7f!8m2!3d40.7506364!4d-73.9764436!16s%2Fg%2F1wk6_pdr!19sChIJ1wlC3QNZwokRf2u7rJaWmbM,,,,,,,Douglas J. Pick,Partner / Co-Founder,https://www.linkedin.com/in/douglas-pick-36865711/,Douglas J. Pick;Eric C. Zabicki,Douglas J. Pick,https://www.linkedin.com/in/douglas-pick-36865711/
B,Domenic Romano,new york,Romano Law,,,+1 516-518-3439,https://www.romanolaw.com,"One Battery Park Plaza, Battery Pl 7th Floor, New York, NY 10004, United States",https://www.google.com/maps/place/Romano+Law/data=!4m7!3m6!1s0x89c25a16a2cfaec5:0xdcdc988edead8318!8m2!3d40.7033758!4d-74.0138065!16s%2Fg%2F1hhwh83h5!19sChIJxa7PohZawokRGIOt3o6Y3Nw,https://www.facebook.com/RomanoLaw,https://www.instagram.com/romanolaw/,https://www.linkedin.com/company/romano-law-pllc,https://www.yelp.com/writeareview/biz/LjA0DTU2PcWtCs7N-zshpg,https://www.tiktok.com/@romanolaw,https://www.youtube.com/RomanoLawNYC,Domenic Romano,Founder & Managing Partner,https://www.linkedin.com/in/domenicromano/,Domenic Romano;Shaliz Sadig Romano,Domenic Romano,https://www.linkedin.com/in/domenicromano/
B,Jacob Silver,new york,"Jacob Silver, Attorney at Law",silverbankruptcy@gmail.com,silverbankruptcy@gmail.com,+1 516-374-1452,http://www.lidebtlawyer.com,"1225 Franklin Ave, Garden City, NY 11530, United States","https://www.google.com/maps/place/Jacob+Silver,+Attorney+at+Law/data=!4m7!3m6!1s0x89c27d435cc57999:0xfd873d69f5fc9455!8m2!3d40.7337599!4d-73.6352982!16s%2Fg%2F1tks772d!19sChIJmXnFXEN9wokRVZT89Wk9h_0",,,,,,,Jacob Silver,Owner / Founder (Bankruptcy Attorney),,Jacob Silver,Jacob Silver,
B,Jeb Singer,new york,"J. Singer Law Group, PLLC",,,+1 866-330-0051,http://www.singerlawgroup.com,"1 Liberty St 23 floor Suite 2327, New York, NY 10006, United States","https://www.google.com/maps/place/J.+Singer+Law+Group,+PLLC/data=!4m7!3m6!1s0x89c25b76d3a5a391:0x7b76bf337b7cb458!8m2!3d40.7097216!4d-74.0108062!16s%2Fg%2F11spdmczdt!19sChIJkaOl03ZbwokRWLR8ezO_dns",,https://www.instagram.com/j_singer_law_group/,https://www.linkedin.com/company/j.-singer-law-group-pll;https://www.linkedin.com/in/jeb-singer-4849805/,,,https://www.youtube.com/@J.SingerLawGroupPLLC,Jeb Singer,Managing Partner,https://www.linkedin.com/in/jeb-singer-4849805/,Stephanie Meltzer;Jeb Singer,Jeb Singer,https://www.linkedin.com/in/jeb-singer-4849805/
B,Kenneth J. Katz,new york,Katz Melinger PLLC,,,,https://www.katzmelinger.com,"370 Lexington Ave rm 1512, New York, NY 10017, United States",https://www.google.com/maps/place/Katz+Melinger+PLLC/data=!4m7!3m6!1s0x89c25900e37a7e57:0x444b292f202fea5b!8m2!3d40.7506993!4d-73.976966!16s%2Fg%2F11b6hy74b1!19sChIJV3564wBZwokRW-ovIC8pS0Q,,,,,,,Kenneth J. Katz,Founding Member and Managing Partner,https://www.linkedin.com/in/kenneth-katz-5a4a471/,Kenneth J. Katz;Nicole D. Grunfeld,Kenneth J. Katz,https://www.linkedin.com/in/kenneth-katz-5a4a471/
B,Thomas P. Giuffra,new york,Rheingold Giuffra Ruffo Plotkin & Hellman LLP,,,+1 866-579-7294,https://www.rheingoldlaw.com,"551 5th Ave 29th floor, New York, NY 10017, United States",https://www.google.com/maps/place/Rheingold+Giuffra+Ruffo+Plotkin+%26+Hellman+LLP/data=!4m7!3m6!1s0x89c25906c50bebd5:0x50f21db60fd1c98c!8m2!3d40.755375!4d-73.978901!16s%2Fg%2F1tfjgfxc!19sChIJ1esLxQZZwokRjMnRD7Yd8lA,,,,,,,Thomas P. Giuffra,"Name Partner / Senior Trial Attorney, Rheingold Giuffra Ruffo Plotkin & Hellman LLP",https://www.linkedin.com/in/thomas-p-giuffra-529b4929/,Thomas P. Giuffra;David B. Rheingold;Edward A. Ruffo,Thomas P. Giuffra,https://www.linkedin.com/in/thomas-p-giuffra-529b4929/
B,Daniel H. Weberman,new york,"Daniel H. Weberman, Attorney at Law",,,+1 516-461-3142,https://www.dhweberman.com,"347 5th Ave #1402, New York, NY 10016, United States","https://www.google.com/maps/place/Daniel+H.+Weberman,+Attorney+at+Law/data=!4m7!3m6!1s0x89c25925f068a417:0x3f16a23cdecd6999!8m2!3d40.7479973!4d-73.9852659!16s%2Fg%2F11l2gz4pvh!19sChIJF6Ro8CVZwokRmWnN3jyiFj8",,,,,,,Daniel H. Weberman,Founder / Principal Attorney,https://www.linkedin.com/in/dweberman/,Daniel H. Weberman,Daniel H. Weberman,https://www.linkedin.com/in/dweberman/
B,Jack Weissman,new york,"Jack Weissman, Attorney at Law",jackweissman1@gmail.com,jackweissman1@gmail.com,+1 516-774-3231,http://www.weissmanelderlaw.com,"1222 E 12th St, Brooklyn, NY 11230, United States","https://www.google.com/maps/place/Jack+Weissman,+Attorney+at+Law/data=!4m7!3m6!1s0x89c244c6c5945c03:0x1588af21fdf2f6e4!8m2!3d40.61947!4d-73.96343!16s%2Fg%2F11bbrkyjj9!19sChIJA1yUxcZEwokR5Pby_SGviBU",,,,,,,Jack Weissman,Attorney / Owner,,Jack Weissman,Jack Weissman,
B,Richard M. Kenny,new york,The Law Office of Richard M. Kenny,,,+1 844-655-3332,https://www.rmkinjurylaw.com/bronx-personal-injury-lawyer,"151 E Tremont Ave, Bronx, NY 10453, United States",https://www.google.com/maps/place/The+Law+Office+of+Richard+M.+Kenny/data=!4m7!3m6!1s0x89c2f598caac562d:0xe428065c4fd23822!8m2!3d40.8502866!4d-73.9066168!16s%2Fg%2F11vk7w9n70!19sChIJLVasypj1wokRIjjST1wGKOQ,,,,,,,Richard M. Kenny,Founder / Principal Owner & Senior Partner,https://www.linkedin.com/in/richard-kenny-9231361b,Richard M. Kenny;James P. Lundy,Richard M. Kenny,https://www.linkedin.com/in/richard-kenny-9231361b
B,Jacob Uriel,new york,"Uriel Criminal Defense, P.C.",info@lawuriel.com,info@lawuriel.com,+1 866-449-9475,https://www.lawuriel.com,"540 Court St #4011, Brooklyn, NY 11231, United States","https://www.google.com/maps/place/Uriel+Criminal+Defense,+P.C./data=!4m7!3m6!1s0x89c25b54dbc1deef:0xfb7bcbdf7fd7c6c3!8m2!3d40.6754545!4d-73.999455!16s%2Fg%2F11k4s0j4c0!19sChIJ797B21RbwokRw8bXf9_Le_s",,,,,,,Jacob Uriel,"Founder / Owner, Uriel Criminal Defense, P.C.",https://www.linkedin.com/in/jacob-uriel-33a5536/,Jacob Uriel,Jacob Uriel,https://www.linkedin.com/in/jacob-uriel-33a5536/
B,Edward T. McIntyre,new york,"McIntyre, Donohue, Accardi, Salmonson, & Riordan",,,+1 866-557-7500,http://nycomplaw.com,"1578 Williamsbridge Rd, Bronx, NY 10461, United States","https://www.google.com/maps/place/McIntyre,+Donohue,+Accardi,+Salmonson,+%26+Riordan/data=!4m7!3m6!1s0x89c2f4ae7da50a1f:0xd081144e951fea68!8m2!3d40.8468147!4d-73.8483503!16s%2Fg%2F11bbw__v_t!19sChIJHwqlfa70wokRaOoflU4UgdA",,,,,,,Edward T. McIntyre,Partner / Name Partner,,Edward T. McIntyre;Scott Salmonson,Edward T. McIntyre,
B,Paul D'Emilia,new york,D'Emilia Law,,,+1 888-336-4542,http://demilialaw.com,"30 Wall St 12th Floor, New York, NY 10005, United States",https://www.google.com/maps/place/D%27Emilia+Law/data=!4m7!3m6!1s0x89c25a1702575a47:0x9946a632864ec7bc!8m2!3d40.7069144!4d-74.0101647!16s%2Fg%2F11fjbr02_k!19sChIJR1pXAhdawokRvMdOhjKmRpk,https://www.facebook.com/demilialaw,,https://www.linkedin.com/company/d-emilia-law/;https://www.linkedin.com/in/paul-d-emilia-b709b1b7/,,,,Paul D'Emilia,Founder / Attorney,https://www.linkedin.com/in/paul-d-emilia-b709b1b7/,Paul D'Emilia;Kendra Monte,Paul D'Emilia,https://www.linkedin.com/in/paul-d-emilia-b709b1b7/
B,Scott M. Thomas,new york,Thomas Law Firm PLLC,,,,https://thomaslawfirm.co,"175 Varick St, New York, NY 10014, United States",https://www.google.com/maps/place/Thomas+Law+Firm+PLLC/data=!4m7!3m6!1s0x89c2598d38090bc1:0x6c36a5be265ade84!8m2!3d40.727424!4d-74.005712!16s%2Fg%2F11yf_sbbq!19sChIJwQsJOI1ZwokRhN5aJr6lNmw,,,,,,,Scott M. Thomas,Founder / Owner,https://www.linkedin.com/in/scottthomasesq/,Scott M. Thomas,Scott M. Thomas,https://www.linkedin.com/in/scottthomasesq/
B,Taylor J. Crabill,new york,Crabill PLLC - Employment Lawyers,,,,https://crabilllawfirm.com,"71-01 Austin St, Forest Hills, NY 11375, United States",https://www.google.com/maps/place/Crabill+PLLC+-+Employment+Lawyers/data=!4m7!3m6!1s0x4661b1753b081d6b:0xfb9e4d05c34289f0!8m2!3d40.7202037!4d-73.8445418!16s%2Fg%2F11y571knvb!19sChIJax0IO3WxYUYR8IlCwwVNnvs,,,https://www.linkedin.com/in/taylor-crabill/,,,,Taylor J. Crabill,Founder / Attorney,https://www.linkedin.com/in/taylor-crabill/,Why You Should Choose Us;Taylor J. Crabill,Taylor J. Crabill,https://www.linkedin.com/in/taylor-crabill/
B,Vincent Miletti,new york,"The Law Office of Vincent Miletti, Esq.",,,+1 609-293-5928,https://milettilaw.com,"2139 E 3rd St, New York, NY 11223, United States","https://www.google.com/maps/place/The+Law+Office+of+Vincent+Miletti,+Esq./data=!4m7!3m6!1s0x89c245f01721cd55:0x1614ffa2d706698!8m2!3d40.7356266!4d-74.1733478!16s%2Fg%2F11mw7jlhpd!19sChIJVc0hF_BFwokRmGZwLfpPYQE",,,,,,,Vincent Miletti,Owner / Lead Partner,https://www.linkedin.com/in/vincent-miletti-esq-45a36514/,Vincent Miletti,Vincent Miletti,https://www.linkedin.com/in/vincent-miletti-esq-45a36514/
B,Oliver C. Minott,new york,The Law Offices of Oliver C. Minott,alysonminottlawfirm@gmail.com,alysonminottlawfirm@gmail.com,+1 866-683-4200,http://nyworkerscompattorney.com,"50 Court St #1000, Brooklyn, NY 11201, United States",https://www.google.com/maps/place/The+Law+Offices+of+Oliver+C.+Minott/data=!4m7!3m6!1s0x89c25a492eec5905:0x8f32b697724cbe00!8m2!3d40.6924204!4d-73.9913282!16s%2Fg%2F1264dwy48!19sChIJBVnsLklawokRAL5Mcpe2Mo8,,,,,,,Oliver C. Minott,Founder,,Oliver C. Minott;Alyson E. Minott;Earl Antonio Wilson,Oliver C. Minott,
B,Adam J. Stein,new york,The Stein Law Group,steinlawgroup@gmail.com,steinlawgroup@gmail.com,+1 516-689-1595,https://thesteinlawgroup.com/mott-haven-personal-injury-lawyer,"486 E 138th St, Bronx, NY 10454, United States",https://www.google.com/maps/place/The+Stein+Law+Group/data=!4m7!3m6!1s0x89c2f51edede5eff:0x9904e646c62383d!8m2!3d40.8078276!4d-73.9202582!16s%2Fg%2F11f6dr0y80!19sChIJ_17e3h71wokRPThibGROkAk,,,,,,,Adam J. Stein,Founder and Managing Director,,Adam J. Stein;Ryan Klein;Concourse Village,Adam J. Stein,steinlawgroup@gmail.com
B,Ronald D. Weiss,new york,Ronald D Weiss PC,,,+1 631-271-3737,http://www.ny-bankruptcy.com,"61-43 186th St, Fresh Meadows, NY 11365, United States",https://www.google.com/maps/place/Ronald+D+Weiss+PC/data=!4m7!3m6!1s0x89c2610e3d8eb4cb:0x1174e56bc9b45e57!8m2!3d40.7390782!4d-73.7876333!16s%2Fg%2F11qbk484z5!19sChIJy7SOPQ5hwokRV160yWvldBE,,,,,,,Ronald D. Weiss,Founder / Principal Attorney,https://www.linkedin.com/in/ronald-weiss-21ba1a80/,Ronald D. Weiss,Ronald D. Weiss,https://www.linkedin.com/in/ronald-weiss-21ba1a80/
C,Joseph A. Romano,new york,"Law Offices of Joseph A. Romano, P.C.",marketing@romanoatlaw.com,marketing@romanoatlaw.com;vtoribio@romanoatlaw.com,+1 855-965-1515,http://www.romanoatlaw.com,"1776 Eastchester Rd Suite 125, Bronx, NY 10461, United States","https://www.google.com/maps/place/Law+Offices+of+Joseph+A.+Romano,+P.C./data=!4m7!3m6!1s0x89c2f4ab45c5b9f3:0x63a784217def31d7!8m2!3d40.8494193!4d-73.8429704!16s%2Fg%2F11b6t433p1!19sChIJ87nFRav0wokR1zHvfSGEp2M",https://www.facebook.com/RomanoAtLaw;https://www.facebook.com/RomanoAtLaw/,https://www.instagram.com/romano_at_law/?hl=en,https://www.linkedin.com/company/the-law-offices-of-joseph-a-romano/,,,,Joseph A. Romano,Founder / Owner,,Joseph A. Romano;Christopher Romano,Joseph A. Romano,https://www.facebook.com/RomanoAtLaw/
C,Mikhail Yadgarov,new york,"Mikhail Yadgarov & Associates, P.C.",info@myadgarovlaw.com,info@myadgarovlaw.com;my-logo@2x-gold-320x72.png;my-logo@2x-gold.png,+1 718-333-0812,https://myadgarovlaw.com,"1111 Avenue U 2nd FL, Brooklyn, NY 11223, United States","https://www.google.com/maps/place/Mikhail+Yadgarov+%26+Associates,+P.C./data=!4m7!3m6!1s0x89c24506185c3501:0x5daed225240d1c53!8m2!3d40.5986347!4d-73.9607338!16s%2Fg%2F1z44b5z1j!19sChIJATVcGAZFwokRUxwNJCXSrl0",https://www.facebook.com/myadgarovlaw,,https://www.linkedin.com/company/76507777;https://www.linkedin.com/company/76507777/,,,,Mikhail Yadgarov,Founder / Managing Partner,,Mikhail Yadgarov;Top Medical;Top Personal,Mikhail Yadgarov,info@myadgarovlaw.com
C,Jonathan D'Agostino,new york,Jonathan D'Agostino & Associates,epavia@daglawteam.com,epavia@daglawteam.com;gdevora@daglawteam.com;gschwartz@daglawteam.com;jdagostino@daglawteam.com;jhowe@daglawteam.com;jrdagostino@daglawteam.com;tryan@daglawteam.com,+1 718-967-1600,https://daglawteam.com,"3309 Richmond Ave, Staten Island, NY 10312, United States",https://www.google.com/maps/place/Jonathan+D%27Agostino+%26+Associates/data=!4m7!3m6!1s0x89c24ba73070cf2b:0x62811e7fdc4210b!8m2!3d40.5568707!4d-74.1506003!16s%2Fg%2F1tm13j26!19sChIJK89wMKdLwokRCyHE_ecRKAY,https://www.facebook.com/dagostinolaw,,,,,https://www.youtube.com/channel/UCyODtLhtdC1EkfqZgwYAZXA,Jonathan D'Agostino,Founder / President,,Jonathan D'Agostino;Jon Ryan D'Agostino;Jenna D'Agostino,Jonathan D'Agostino,https://www.facebook.com/dagostinolaw/
C,,new york,Workers Compensation Board,wcbwebmaster@wcb.ny.gov,wcbwebmaster@wcb.ny.gov;advinjwkr@wcb.ny.gov;advocatebusiness@wcb.ny.gov;cms1500@wcb.ny.gov;disputedmedicalbills@wcb.ny.gov;eclaims@wcb.ny.gov;inspector.general@ig.ny.gov;languageaccesscoordinator@wcb.ny.gov;mdo@wcb.ny.gov;officeofgeneralcounsel@wcb.ny.gov;officeofsecretary@wcb.ny.gov;publicinfo@wcb.ny.gov;recordsaccess@wcb.ny.gov;socialworkers@wcb.ny.gov;vocrehab@wcb.ny.gov;wcbclaimsfiling@wcb.ny.gov;wcbtechnicalsupport@wcb.ny.gov,+1 877-632-4996,http://www.wcb.ny.gov,"60 Bay St #8, Staten Island, NY 10301, United States",https://www.google.com/maps/place/Workers+Compensation+Board/data=!4m7!3m6!1s0x89c24fd2bea778e7:0x406917cc8c0ea258!8m2!3d40.640468!4d-74.0759774!16s%2Fg%2F1tc_rx_j!19sChIJ53invtJPwokRWKIOjMwXaUA,https://www.facebook.com/NYSWCB/,https://www.instagram.com/nysworkerscompboard/,https://www.linkedin.com/company/new-york-state-workers-compensation-board/,,,https://www.youtube.com/c/newyorkstateworkerscompensationboard,,,,,,
C,Evan Rogers,new york,"Evan Rogers Law, P.C.",Evan@EvanRogersLaw.com,Evan@EvanRogersLaw.com;evan@evanrogerslaw.com,+1 718-994-1640,https://evanrogerslaw.com,"4419 White Plains Rd, Bronx, NY 10470, United States","https://www.google.com/maps/place/Evan+Rogers+Law,+P.C./data=!4m7!3m6!1s0x89c2f2d9fc868eb9:0x32a97c6054828725!8m2!3d40.899059!4d-73.854164!16s%2Fg%2F1thq1mz6!19sChIJuY6G_NnywokRJYeCVGB8qTI",https://www.facebook.com/EvanRogersLaw/,,https://www.linkedin.com/company/evanrogerslaw/,,,https://www.youtube.com/@evanrogerslaw;https://www.youtube.com/channel/UC2iiz4op1LzHGS4FLqfb58A,Evan Rogers,Owner / Founding Attorney,,Evan Rogers;Real Estate;Westchester NY,Evan Rogers,Evan@EvanRogersLaw.com
C,Yuriy Prakhin,new york,"Law Office Of Yuriy Prakhin, P.C.",yp@prakhinlaw.com,yp@prakhinlaw.com,+1 718-946-5099,http://www.prakhinlaw.com,"1883 86th St, Brooklyn, NY 11214, United States","https://www.google.com/maps/place/Law+Office+Of+Yuriy+Prakhin,+P.C./data=!4m7!3m6!1s0x89c245711b50e03b:0xb066a5edaf786bb1!8m2!3d40.6061372!4d-74.0004826!16s%2Fg%2F1tdfzmw7!19sChIJO-BQG3FFwokRsWt4r-2lZrA",https://www.facebook.com/lawofficeofyuriyprakhin/,https://www.instagram.com/prakhinlawsocial/,,,,,Yuriy Prakhin,Founder / Owner,,Gil Zohar;Yuriy Prakhin,Yuriy Prakhin,https://www.facebook.com/lawofficeofyuriyprakhin/
C,Mario Gallucci,new york,The Gallucci Law Firm,Mario@galluccilawfirm.com,Mario@galluccilawfirm.com;mario@galluccilawfirm.com,+1 888-369-0674,https://www.galluccilawfirm.com,"1110 South Ave #29, Staten Island, NY 10314, United States",https://www.google.com/maps/place/The+Gallucci+Law+Firm/data=!4m7!3m6!1s0x89c24c47fb2d5a67:0x3e2e0303dfae0d62!8m2!3d40.61396!4d-74.176957!16s%2Fg%2F1tgc0pgt!19sChIJZ1ot-0dMwokRYg2u3wMDLj4,https://www.facebook.com/GallucciLawFirm/;https://www.facebook.com/TheGallucciLawFirm/,https://www.instagram.com/galluccilawfirm/,https://www.linkedin.com/company/the-gallucci-law-firm/,,,,Mario Gallucci,Founder / Owner,,Criminal Defense;Mario Gallucci;Staten Island;Experience When,Mario Gallucci,Mario@galluccilawfirm.com
C,Richard S. Jaffe,new york,Law Office Of Cohen & Jaffe – Long Island Personal Injury Lawyers,Mask-Group-21@2x-scaled.jpg,Mask-Group-21@2x-scaled.jpg;Mask-Group-22@2x-scaled.jpg;mask-group-21@2x-scaled.jpg;mask-group-22@2x-scaled.jpg,+1 516-882-3538,https://www.cohenjaffe.com,"2001 Marcus Ave W295, New Hyde Park, NY 11042, United States",https://www.google.com/maps/place/Law+Office+Of+Cohen+%26+Jaffe+%E2%80%93+Long+Island+Personal+Injury+Lawyers/data=!4m7!3m6!1s0x89c28828d81f75af:0xee735fbd46b377!8m2!3d40.7555316!4d-73.689838!16s%2Fg%2F1tf329fb!19sChIJr3Uf2CiIwokRd7NGvV9z7gA,http://www.facebook.com/lcjlawfirm,https://www.instagram.com/cohenjaffe/,https://www.linkedin.com/company/law-office-of-cohen-&-jaffe-llp/,https://www.yelp.com/biz/law-office-of-cohen-and-jaffe-llp-new-hyde-park,https://www.tiktok.com/@richardsjjaffe,https://www.youtube.com/channel/UCpn-ymWt173grog83cb0RtQ,Richard S. Jaffe,Managing Partner,,Richard S. Jaffe;Stephen M. Cohen;Stephen B. Tiger,Richard S. Jaffe,https://www.linkedin.com/company/law-office-of-cohen-&-jaffe-llp/
C,Viktoria Beress,new york,Beress & Zalkind PLLC,info@bzlawgroup.com,info@bzlawgroup.com;kate@bzlawgroup.com,+1 718-513-3588,http://www.bzlawgroup.com,"2640 E 14th St # C1, Brooklyn, NY 11235, United States",https://www.google.com/maps/place/Beress+%26+Zalkind+PLLC/data=!4m7!3m6!1s0x89c2447900f7a4e7:0xf6e0fc6acbd40a2d!8m2!3d40.5868651!4d-73.9553842!16s%2Fg%2F11b8tfrhmk!19sChIJ56T3AHlEwokRLQrUy2r84PY,https://www.facebook.com/beresszalkind/;https://www.facebook.com/pg/beresszalkind/reviews/,,https://www.linkedin.com/company/beress-&-zalkind-pllc/,,,https://www.youtube.com/channel/UCSqhNtmQmJXsEDSTYf1vAMA,Viktoria Beress,Founding Partner,,Kathrine Boyko;Viktoria Beress;Ella Zalkind,Viktoria Beress,info@bzlawgroup.com
C,,new york,Samuel Law Firm,michael@thesamuellawfirm.com,michael@thesamuellawfirm.com,+1 516-957-2131,https://thesamuellawfirm.com,"38 W 32nd St #1110, New York, NY 10001, United States",https://www.google.com/maps/place/Samuel+Law+Firm/data=!4m7!3m6!1s0x89c259a8dd8ac6f1:0xd773a0c801ba6967!8m2!3d40.7474617!4d-73.9876476!16s%2Fg%2F1tcz9728!19sChIJ8caK3ahZwokRZ2m6Acigc9c,https://www.facebook.com/,,,,,,,,,,,
C,,new york,The Law Firm of Dmitriy Shakhnevich PLLC,ds@dshaklaw.com,ds@dshaklaw.com,+1 212-913-9703,http://www.dshaklaw.com,"305 Broadway #210, New York, NY 10007, United States",https://www.google.com/maps/place/The+Law+Firm+of+Dmitriy+Shakhnevich+PLLC/data=!4m7!3m6!1s0x89c2447900f7a4e7:0xcfb21a0cfa7f58ae!8m2!3d40.7155282!4d-74.0055765!16s%2Fg%2F11bbrh4t_y!19sChIJ56T3AHlEwokRrlh_-gwass8,https://www.facebook.com/dshaklaw,http://instagram.com/dshaklaw,http://www.linkedin.com/pub/dmitriy-shakhnevich/49/643/2ba,https://www.yelp.com/biz/the-law-firm-of-dmitriy-shakhnevich-new-york-4,https://www.tiktok.com/@dshaklaw?lang=en,https://www.youtube.com/channel/UCGmlC82kiQslgiUMljCx6Tw,,,,,,
C,Steven A. Serna,new york,Law Offices of Steven A Serna,law@sernaesq.com,law@sernaesq.com,+1 201-392-0303,http://www.sernalegal.com,"5300 Bergenline Ave #300, West New York, NJ 07093, United States",https://www.google.com/maps/place/Law+Offices+of+Steven+A+Serna/data=!4m7!3m6!1s0x89c25819f6f399db:0x6144075eff623268!8m2!3d40.784618!4d-74.019015!16s%2Fg%2F1w0p6jz6!19sChIJ25nz9hlYwokRaDJi_14HRGE,https://www.facebook.com/SernaLawFirm,,,,,http://www.youtube.com/SernaLawFirm,Steven A. Serna,Founder / Owner,,Steven A. Serna,Steven A. Serna,law@sernaesq.com
C,Jeffrey F.P. Borrell,new york,"Borrell & Riso, LLP",lawfirm@borrellandriso.com,lawfirm@borrellandriso.com,+1 718-667-8600,https://www.borrellandriso.com,"1500 Hylan Blvd, Staten Island, NY 10305, United States","https://www.google.com/maps/place/Borrell+%26+Riso,+LLP/data=!4m7!3m6!1s0x89c24edd5f0cf8cf:0x3c531a3a7f9eceb4!8m2!3d40.5915217!4d-74.0874978!16s%2Fg%2F1td1qsz_!19sChIJz_gMX91OwokRtM6efzoaUzw",https://www.facebook.com/share.php?u=http://borrellandriso.com/,,https://www.linkedin.com/shareArticle?mini=true&url=http%3A%2F%2Fborrellandriso%2Ecom%2F,,,,Jeffrey F.P. Borrell,Founder / Partner,,Jeffrey F.P. Borrell;John Riso;Jeffrey F.G. Borrell,Jeffrey F.P. Borrell,https://www.linkedin.com/shareArticle?mini=true&url=http%3A%2F%2Fborrellandriso%2Ecom%2F
C,Ross Cellino,new york,Cellino Law Injury Attorneys,lead@cellinolaw.com,lead@cellinolaw.com,+1 718-550-1692,https://www.cellinolaw.com/manhattan,"420 Lexington Ave #2001, New York, NY 10170, United States",https://www.google.com/maps/place/Cellino+Law+Injury+Attorneys/data=!4m7!3m6!1s0x89c259e9625c2a93:0x53a6a21b099b5d24!8m2!3d40.7527814!4d-73.9759322!16s%2Fg%2F11lrg8g196!19sChIJkypcYulZwokRJF2bCRuiplM,https://www.facebook.com/CellinoLaw/,https://www.instagram.com/cellinolaw/,https://www.linkedin.com/company/cellinolaw/,,https://www.tiktok.com/@officialcellinolaw,https://www.youtube.com/channel/UCfZ1_Xh6_ULid-LPvSlw4uw,Ross Cellino,Founding / Name Partner,,Ross Cellino;Timothy Cellino;Injury Victim,Ross Cellino,https://www.linkedin.com/company/cellinolaw/
C,Victor Knapp,new york,Law Offices of Victor Knapp,,,+1 718-263-9000,https://victorknapp.com,"125-10 Queens Blvd #323, Kew Gardens, NY 11415, United States",https://www.google.com/maps/place/Law+Offices+of+Victor+Knapp/data=!4m7!3m6!1s0x89c260bd9c0e92c7:0xfa2633ab9a3ac887!8m2!3d40.7121801!4d-73.8266963!16s%2Fg%2F1yfh_j4p4!19sChIJx5IOnL1gwokRh8g6mqszJvo,https://www.facebook.com/victorknappesq,,,,,,Victor Knapp,Founding Attorney / Owner,,Victor Knapp,Victor Knapp,NewClient@VictorKnapp.com
C,Paul D. Petrus Jr.,new york,"The Law Office of Paul D. Petrus, Jr.",paul@petruslaw.com,paul@petruslaw.com;sn_logo@500.webp,+1 212-564-2440,http://www.petruslaw.com,"420 Lexington Ave Suite 2450, New York, NY 10170, United States","https://www.google.com/maps/place/The+Law+Office+of+Paul+D.+Petrus,+Jr./data=!4m7!3m6!1s0x89c259a9aeac79c7:0x2bee11bc5e58cb2d!8m2!3d40.7527328!4d-73.9759172!16s%2Fg%2F1tj5m20q!19sChIJx3msrqlZwokRLctYXrwR7is",https://www.facebook.com/Paul-D-Petrus-Jr-Associates-PC-197668460290493/,,,,,https://www.youtube.com/channel/UC4XI3rXF_q4wjC8mIwxvqQg;https://www.youtube.com/watch?v=_KWeBoLbncI;https://www.youtube.com/watch?v=fXgDDw_plzs,Paul D. Petrus Jr.,Founder / Principal Attorney,,Paul D. Petrus Jr.,Paul D. Petrus Jr.,paul@petruslaw.com
C,William Wingate,new york,"Wingate, Russotti, Shapiro, Moses & Halperin, LLP",wrs@wrslaw.com,wrs@wrslaw.com,+1 212-986-7353,https://www.wrshlaw.com,"420 Lexington Ave #2700, New York, NY 10170, United States","https://www.google.com/maps/place/Wingate,+Russotti,+Shapiro,+Moses+%26+Halperin,+LLP/data=!4m7!3m6!1s0x89c2590246d9dfcd:0x3e03a417eb926d8a!8m2!3d40.7527814!4d-73.9759322!16s%2Fg%2F1tscpy8z!19sChIJzd_ZRgJZwokRim2S6xekAz4",https://www.facebook.com/NYInjuryLawyers,https://www.instagram.com/wrsmhlaw/,https://www.linkedin.com/company/wingate-russotti-shapiro-&-halperin-llp/,,,https://www.youtube.com/@WRSMHlawyers,William Wingate,Founding / Name Partner,,William Wingate;Philip A. Russotti;Kenneth J. Halperin,William Wingate,https://www.linkedin.com/company/wingate-russotti-shapiro-&-halperin-llp/
C,Noah H. Kushlefsky,new york,Kreindler & Kreindler LLP,,,+1 212-687-8181,https://www.kreindler.com,"485 Lexington Ave 28th Floor, New York, NY 10017, United States",https://www.google.com/maps/place/Kreindler+%26+Kreindler+LLP/data=!4m7!3m6!1s0x89c258fd608baed5:0xabf65543b23f6e33!8m2!3d40.7542087!4d-73.9735521!16s%2Fg%2F1tdfv19f!19sChIJ1a6LYP1YwokRM24_skNV9qs,https://www.facebook.com/kreindlerlaw,https://www.instagram.com/kreindlerlaw/,,,,,Noah H. Kushlefsky,Managing Partner,,Noah H. Kushlefsky;James P. Kreindler,Noah H. Kushlefsky,nkushlefsky@kreindler.com
C,Michael D. Ribowsky,new york,Ribowsky Law Queens Personal Injury & Accident Lawyer,michaelr@ribowsky.com,michaelr@ribowsky.com,+1 718-659-5333,https://www.mrinjurylawyerny.com,"109-12 Jamaica Ave, Richmond Hill, NY 11418, United States",https://www.google.com/maps/place/Ribowsky+Law+Queens+Personal+Injury+%26+Accident+Lawyer/data=!4m7!3m6!1s0x89c260ab3cab82af:0x2d5f814225b916ac!8m2!3d40.6959023!4d-73.8382866!16s%2Fg%2F1tdz5rbp!19sChIJr4KrPKtgwokRrBa5JUKBXy0,https://www.facebook.com/ribowskylawny,https://www.instagram.com/ribowsky_law,https://www.linkedin.com/company/ribowskylaw,,,https://www.youtube.com/channel/UC-RfyGxwv1oR6Ze5g-vivPQ,Michael D. Ribowsky,Founding Attorney / Principal,,Michael D. Ribowsky;Mark Ribowsky,Michael D. Ribowsky,Michaelr@ribowsky.com
C,Sanders L. Denis,new york,Law Offices of Sanders L. Denis,,,+1 718-766-9007,http://www.sandersdenis.com,"80-05 Roosevelt Ave #200, Jackson Heights, NY 11372, United States",https://www.google.com/maps/place/Law+Offices+of+Sanders+L.+Denis/data=!4m7!3m6!1s0x89c25fa8e95e8ee7:0xe28d9d4c28db3a4e!8m2!3d40.7476896!4d-73.8855408!16s%2Fg%2F1tsr43nl!19sChIJ545e6ahfwokRTjrbKEydjeI,,,,,,,Sanders L. Denis,Founding Attorney,,Sanders L. Denis,Sanders L. Denis,sanders@sandersdenis.com
C,Adam Yohanan,new york,Yohanan Law,info@yohananlaw.com,info@yohananlaw.com;ayohanan@yohananlaw.com,+1 212-859-5041,http://yohananlaw.com,"1027 Grand St Unit 325, Brooklyn, NY 11211, United States",https://www.google.com/maps/place/Yohanan+Law/data=!4m7!3m6!1s0x89c25fa9f852ecf1:0x9bee50ee9b1f3970!8m2!3d40.7136928!4d-73.93442!16s%2Fg%2F11twdk44gq!19sChIJ8exS-KlfwokRcDkfm-5Q7ps,,https://www.instagram.com/yohananlawyer/,https://www.linkedin.com/company/yohanan,,https://www.tiktok.com/@yohananlaw,https://www.youtube.com/channel/UClz6rO1fE0wqI3o5bK1ir1Q,Adam Yohanan,Founder,,Adam Yohanan;Jessica Blanton;Ethan King,Adam Yohanan,info@yohananlaw.com
C,Yana Feldman,new york,New York Legacy Lawyers by Yana Feldman & Associates PLLC | Estate Planning Attorney,yana@yanafeldmanlaw.com,yana@yanafeldmanlaw.com,+1 718-713-8080,https://yanafeldmanlaw.com,"132 32nd St #301, Brooklyn, NY 11232, United States",https://www.google.com/maps/place/New+York+Legacy+Lawyers+by+Yana+Feldman+%26+Associates+PLLC+%7C+Estate+Planning+Attorney/data=!4m7!3m6!1s0x89c25b14319649c3:0xe3b6ec268804cfb1!8m2!3d40.6565705!4d-74.0026065!16s%2Fg%2F11k3s415hc!19sChIJw0mWMRRbwokRsc8EiCbstuM,https://www.facebook.com/yanafeldmanlaw/,https://www.instagram.com/yanafeldmanlaw/,,,,https://www.youtube.com/channel/UCetB9szUsMAGH9QRj5l6YxA,Yana Feldman,Founding Attorney / Principal,,Yana Feldman,Yana Feldman,https://twitter.com/YanaFeldmanLaw
C,Karen B. Soren,new york,Divorce Lawyer - Soren Law Group,hello@mindsaw.com,hello@mindsaw.com,+1 718-815-4500,https://sorenlaw.com,"900 South Ave #204, Staten Island, NY 10314, United States",https://www.google.com/maps/place/Divorce+Lawyer+-+Soren+Law+Group/data=!4m7!3m6!1s0x89c24e4adb351977:0x986fd988a1c59173!8m2!3d40.6171306!4d-74.1724273!16s%2Fg%2F1tfrhp6h!19sChIJdxk120pOwokRc5HFoYjZb5g,,https://www.instagram.com/sorenlawgrouppllc/,,,,,Karen B. Soren,Founder / Principal Attorney,,My Blog;Karen B. Soren,Karen B. Soren,karen@sorenlaw.com
C,Gina M. Sgarlato,new york,Sgarlato & Sgarlato PLLC,info@sgarlatolaw.com,info@sgarlatolaw.com,+1 718-273-7900,https://sgarlatolaw.com,"1444 Clove Rd, Staten Island, NY 10301, United States",https://www.google.com/maps/place/Sgarlato+%26+Sgarlato+PLLC/data=!4m7!3m6!1s0x89c24ef54fa40001:0xf73a7746e797952!8m2!3d40.6125649!4d-74.099885!16s%2Fg%2F11tk8_9dgt!19sChIJAQCkT_VOwokRUnl5bnSncw8,https://www.facebook.com/sgarlatolaw,https://www.instagram.com/sgarlatolaw/,,,,,Gina M. Sgarlato,Managing Partner,,Gina M. Sgarlato;Michael D. Fitzgerald;Mahnoor Syed,Gina M. Sgarlato,gsgarlato@sgarlatolaw.com
C,Richard Geller,new york,Richard Geller Esq.,Richard@gellerlawnyc.com,Richard@gellerlawnyc.com;gk@gklawnyc.com;ichard@gellerlawnyc.com;richard@gellerlawnyc.com,+1 718-727-5628,https://www.gellerlawnyc.com,"1110 South Ave, Staten Island, NY 10314, United States",https://www.google.com/maps/place/Richard+Geller+Esq./data=!4m7!3m6!1s0x89c2447b00d7ff49:0x5b1727bdc62d94e7!8m2!3d40.61396!4d-74.176957!16s%2Fg%2F11b63d_35g!19sChIJSf_XAHtEwokR55Qtxr0nF1s,https://www.facebook.com/GKLawNYC?ref=bookmarks,http://instagram.com/gklawnyc,,,,,Richard Geller,Founder / Owner,,Richard Geller,Richard Geller,Richard@gellerlawnyc.com
C,Dennis P. Ryan,new york,"Law Office of Dennis P. Ryan, P.C.",dryan@ryaninjuryfirm.com,dryan@ryaninjuryfirm.com,+1 212-441-4352,https://ryaninjuryfirm.com,"80-02 Kew Gardens Rd Ste 201, Kew Gardens, NY 11415, United States","https://www.google.com/maps/place/Law+Office+of+Dennis+P.+Ryan,+P.C./data=!4m7!3m6!1s0x89c25bc289a6fef3:0x5e062d78aaf861ac!8m2!3d40.7134206!4d-73.8311542!16s%2Fg%2F11qpzlxplx!19sChIJ8_6micJbwokRrGH4qngtBl4",https://www.facebook.com/lawofficeofdennispryan/,https://www.instagram.com/lawofficeofdennispryan/,,,,https://www.youtube.com/channel/UCK1BX-0HMcTOzJMXWBgPn8g,Dennis P. Ryan,Founder / Owner,,Dennis P. Ryan;Patrick Griesbach,Dennis P. Ryan,dryan@ryaninjuryfirm.com
C,Raymond Ragues,new york,Ragues PLLC Lawyers,ray@ragueslaw.com,ray@ragueslaw.com,+1 212-766-1100,https://www.ragueslaw.com,"521 5th Ave 17th floor, New York, NY 10175, United States",https://www.google.com/maps/place/Ragues+PLLC+Lawyers/data=!4m7!3m6!1s0x89c25fa8f79d655b:0xd01282f77eaa565d!8m2!3d40.7541557!4d-73.9799115!16s%2Fg%2F1tdvl2q5!19sChIJW2Wd96hfwokRXVaqfveCEtA,,,,,,https://youtube.com/channel/UCb0LfmgF9hs4lV1M2T1Vbzg,Raymond Ragues,Owner / Founding Attorney,,Raymond Ragues,Raymond Ragues,https://twitter.com/RaguesPLLC
C,Michael J. Gaffney,new york,"Michael J. Gaffney, Attorney at Law",mgaffney@thegaffneylawfirm.com,mgaffney@thegaffneylawfirm.com,+1 347-286-1937,https://www.thegaffneylawfirm.com,"1164 Victory Blvd, Staten Island, NY 10301, United States","https://www.google.com/maps/place/Michael+J.+Gaffney,+Attorney+at+Law/data=!4m7!3m6!1s0x89c24e60fa45812f:0xf4a56bd08ff19ecf!8m2!3d40.6165484!4d-74.1027528!16s%2Fg%2F1tc_xhy7!19sChIJL4FF-mBOwokRz57xj9BrpfQ",https://www.facebook.com/profile.php?id=100063792303021,,,,,,Michael J. Gaffney,Founding Attorney / Solo Practitioner,,Michael J. Gaffney,Michael J. Gaffney,mgaffney@thegaffneylawfirm.com
C,Alexander Gutierrez,new york,"A. Gutierrez Law Firm, P.C.",alex@agnylaw.com,alex@agnylaw.com,+1 516-249-4900,http://agnylaw.com,"93-20A Roosevelt Ave #3c, Jackson Heights, NY 11372, United States","https://www.google.com/maps/place/A.+Gutierrez+Law+Firm,+P.C./data=!4m7!3m6!1s0x89c25f90218e4447:0xbede8da86a09d44c!8m2!3d40.7486378!4d-73.8729253!16s%2Fg%2F11wxv4c2vk!19sChIJR0SOIZBfwokRTNQJaqiN3r4",https://facebook.com/,https://instagram.com/,https://linkedin.com/,,,https://youtube.com/,Alexander Gutierrez,Attorney,,Alexander Gutierrez,Alexander Gutierrez,alex@agnylaw.com
C,Jeffrey N. Markowicz,new york,Law Offices of Jeffrey N. Markowicz,jeffrey@markowiczlaw.com,jeffrey@markowiczlaw.com,+1 917-618-4047,https://www.markowiczlaw.com,"1 Liberty St Ste 2327, New York, NY 10006, United States",https://www.google.com/maps/place/Law+Offices+of+Jeffrey+N.+Markowicz/data=!4m7!3m6!1s0x89c25a1702a2ceab:0xb9d56f3ad590ac1!8m2!3d40.7097933!4d-74.0104525!16s%2Fg%2F1pxw7zxlb!19sChIJq86iAhdawokRwQpZrfNWnQs,https://www.facebook.com/Law-Offices-of-Jeffrey-N-Markowicz-310696589357899/;https://www.facebook.com/pages/category/Lawyer---Law-Firm/Law-Offices-of-Jeffrey-N-Markowicz-310696589357899/,,,,,,Jeffrey N. Markowicz,Founder / Principal Attorney,,Jeffrey N. Markowicz,Jeffrey N. Markowicz,jeffrey@markowiczlaw.com
C,Benjamin Katz,new york,"Benjamin Katz, Esq. P.C.",ben@bkatzlaw.com,ben@bkatzlaw.com,+1 646-775-3455,https://www.benjaminkatzesq.com,"52 Duane St 7th floor, New York, NY 10007, United States","https://www.google.com/maps/place/Benjamin+Katz,+Esq.+P.C./data=!4m7!3m6!1s0x89c259a775f8f6bf:0x5fe2e66a6da3e85d!8m2!3d40.7142121!4d-74.0039554!16s%2Fg%2F11gr4718c4!19sChIJv_b4dadZwokRXeijbWrm4l8",https://www.facebook.com/bkatzesqpc,https://www.instagram.com/bkatzesq/,,,,,Benjamin Katz,Founder / Principal Attorney (Estate Planning),,Benjamin Katz,Benjamin Katz,https://www.facebook.com/bkatzesqpc
C,,new york,Legal hand Bronx,bronxconnect@innovatingjustice.org,bronxconnect@innovatingjustice.org;crownheightsconnect@innovatingjustice.org;jamaicaconnect@innovatingjustice.org;press@innovatingjustice.org,+1 718-618-2057,https://www.innovatingjustice.org/programs/community-justice-connect,"3213 3rd Ave, Bronx, NY 10451, United States",https://www.google.com/maps/place/Legal+hand+Bronx/data=!4m7!3m6!1s0x89c2f59b16c9f4c5:0x8ececc40ab2a628f!8m2!3d40.8234952!4d-73.9092492!16s%2Fg%2F11y5m1mf8y!19sChIJxfTJFpv1wokRj2Iqq0DMzo4,,https://instagram.com/innovatingjustice;https://www.instagram.com/CommunityJusticeConnect,https://www.linkedin.com/company/center-for-justice-innovation,,https://www.tiktok.com/@innovatingjustice,https://www.youtube.com/@innovjustice,,,,,,
C,Lowrance Fisher,new york,"Fisher Stone, P.C.",,,+1 347-580-5332,https://fisherstonelaw.com,"360 New Dorp Ln, Staten Island, NY 10306, United States","https://www.google.com/maps/place/Fisher+Stone,+P.C./data=!4m7!3m6!1s0x89c249dd4161508d:0xc95c4354846d1ef!8m2!3d40.5708163!4d-74.1106685!16s%2Fg%2F11q8tnbt3q!19sChIJjVBhQd1JwokR79FGSDXElQw",https://www.facebook.com/fisherstonelaw/,https://www.instagram.com/fisherstonelaw/,https://www.linkedin.com/company/fisher-stone-law/,,https://www.tiktok.com/@fisherstonelaw,https://www.youtube.com/channel/UCT2N5Ai4y55_91eMfs8ptiw,Lowrance Fisher,Founding Partner,,Lowrance Fisher;Gregory Stone;Jessica Yakubov,Lowrance Fisher,lowrance@fisherstonelaw.com
C,Robert M. Fox,new york,The Law Offices of Robert M. Fox,robert@rfoxlaw.com,robert@rfoxlaw.com,+1 212-867-9595,http://rfoxlaw.com,"720 E 151st St, Bronx, NY 10455, United States",https://www.google.com/maps/place/The+Law+Offices+of+Robert+M.+Fox/data=!4m7!3m6!1s0x89c2f50ebfc80263:0x8a24ab760b0ead96!8m2!3d40.8148865!4d-73.908127!16s%2Fg%2F11ny3z8sr3!19sChIJYwLIvw71wokRlq0OC3arJIo,https://www.facebook.com/RFoxLaw-147418278641631/,,,https://www.yelp.com/biz/the-law-offices-of-robert-m-fox-new-york,,https://www.youtube.com/channel/UC588FuVkmvVlYkdNuPXks4A,Robert M. Fox,Founder / Managing Attorney,,Robert M. Fox;Susan Adler;Top Bankruptcy,Robert M. Fox,https://www.facebook.com/RFoxLaw-147418278641631/
C,Sharon K. Covino,new york,The Law Office of Sharon K. Covino,sharon@covinolaw.com,sharon@covinolaw.com,+1 917-818-4806,http://www.covinolaw.com,"1110 South Ave, Staten Island, NY 10314, United States",https://www.google.com/maps/place/The+Law+Office+of+Sharon+K.+Covino/data=!4m7!3m6!1s0x89c24da265a0292f:0xd23e7ebea3886d2e!8m2!3d40.6139964!4d-74.1769329!16s%2Fg%2F11n0rpwt4d!19sChIJLymgZaJNwokRLm2Io75-PtI,https://www.facebook.com/covinolaw/,http://www.instagram.com/covino_law;https://www.instagram.com/p/CKG2PJgBzrx/;https://www.instagram.com/p/CKZdZ33BwpJ/;https://www.instagram.com/p/CKofcfOh7_p/;https://www.instagram.com/p/CLMm55EBWtB/;https://www.instagram.com/p/CLkZChzhAgN/;https://www.instagram.com/p/CLwyevIBXR8/;https://www.instagram.com/p/CMKe7pahLth/,,,,,Sharon K. Covino,Founder / Attorney (former prosecutor),,Sharon K. Covino;Top Criminal;Do You,Sharon K. Covino,sharon@covinolaw.com
C,Robert M. Fox,new york,Bankruptcy Lawyer Brooklyn,robert@rfoxlaw.com,robert@rfoxlaw.com,+1 646-980-3577,http://rfoxlaw.com,"345 Jay St, Brooklyn, NY 11201, United States",https://www.google.com/maps/place/Bankruptcy+Lawyer+Brooklyn/data=!4m7!3m6!1s0x89c25b4ef7c0ab35:0xad182dab6da60418!8m2!3d40.692869!4d-73.9870495!16s%2Fg%2F11ny3zst83!19sChIJNavA905bwokRGASmbastGK0,https://www.facebook.com/RFoxLaw-147418278641631/,,,https://www.yelp.com/biz/the-law-offices-of-robert-m-fox-new-york,,https://www.youtube.com/channel/UC588FuVkmvVlYkdNuPXks4A,Robert M. Fox,Founder / Principal Attorney,,Robert M. Fox;Susan Adler;Top Bankruptcy,Robert M. Fox,https://www.facebook.com/RFoxLaw-147418278641631/
C,Darren Aronow,new york,Aronow Law Princes Bay: Bankruptcy Attorney,dana@dalawpc.com,dana@dalawpc.com;darren@dalawpc.com;franklin@resourcerealtyny.com;jaime.r@aronowlaw.com;jessica.m@aronowlaw.com;kevin.r@aronowlaw.com;malini.s@aronowlaw.com;site.reports@pageauthority.com,+1 917-920-9306,https://aronowlaw.com,"117 Station Ave, Staten Island, NY 10309, United States",https://www.google.com/maps/place/Aronow+Law+Princes+Bay:+Bankruptcy+Attorney/data=!4m7!3m6!1s0x89c3b582d8a557cb:0xe68c191743b7c029!8m2!3d40.5230913!4d-74.220448!16s%2Fg%2F11zj89w36w!19sChIJy1el2IK1w4kRKcC3QxcZjOY,https://www.facebook.com/AronowLawPC/,,https://www.linkedin.com/company/aronow-law-p-c/,,,,Darren Aronow,Managing Attorney / Founder,,Darren Aronow;Dana Aronow,Darren Aronow,info@aronowlaw.com
C,Stuart Price,new york,Resolve Law Group | Price Law Group,stuart@resolvelawgroup.com,stuart@resolvelawgroup.com;info@resolvelawgroup.com,+1 800-884-6000,https://resolvelawgroup.com,"450 7th Ave, New York, NY 10123, United States",https://www.google.com/maps/place/Resolve+Law+Group+%7C+Price+Law+Group/data=!4m7!3m6!1s0x89c259ac2cc2fb49:0xaf90898c57b6e1c1!8m2!3d40.7514107!4d-73.9907315!16s%2Fg%2F1tgj9r31!19sChIJSfvCLKxZwokRweG2V4yJkK8,https://www.facebook.com/AmericaConsumerLawFirm,https://www.instagram.com/resolvelawgroup/,https://www.linkedin.com/company/resolvelawgroup/,,,,Stuart Price,Attorney / Firm Principal (Price Law Group),,Stuart Price,Stuart Price,info@resolvelawgroup.com
C,Juval O. Scott,new york,The Bronx Defenders,info@bronxdefenders.org,info@bronxdefenders.org;media@bronxdefenders.org,+1 718-838-7878,http://www.bronxdefenders.org,"360 E 161st St, Bronx, NY 10451, United States",https://www.google.com/maps/place/The+Bronx+Defenders/data=!4m7!3m6!1s0x89c2f5cad5e395cd:0x43a4068addd35845!8m2!3d40.8244365!4d-73.9152726!16s%2Fg%2F1tmxgh43!19sChIJzZXj1cr1wokRRVjT3YoGpEM,https://www.facebook.com/bronxdefenders,https://www.instagram.com/bronxdefenders/,https://www.linkedin.com/company/the-bronx-defenders/,,,https://www.youtube.com/bronxdefenders,Juval O. Scott,Executive Director,,Juval O. Scott;Wesley Caines;Amarah Sedreddine;Robyn Mar;Lijo Varghese,Juval O. Scott,https://www.linkedin.com/company/the-bronx-defenders/
C,Rick Kramer,new york,The Divorce Center,divorce911@thedivorcecenter.com,divorce911@thedivorcecenter.com,+1 800-762-3111,https://thedivorcecenter.com,"146 W 72nd St, New York, NY 10023, United States",https://www.google.com/maps/place/The+Divorce+Center/data=!4m7!3m6!1s0x89c2588a491397df:0x8b752269547d35d!8m2!3d40.7778955!4d-73.980581!16s%2Fg%2F1tf6n382!19sChIJ35cTSYpYwokRXdNHlSZStwg,https://www.facebook.com/thedivorcecenter/,,https://www.linkedin.com/company/divorce-center,,,,Rick Kramer,President,,Rick Kramer,Rick Kramer,divorce911@thedivorcecenter.com
C,Patrick J. Wynne,new york,The Law Office of Patrick J Wynne,,,+1 718-828-8270,http://www.patrickjwynne.com,"3453 E Tremont Ave, Bronx, NY 10465, United States",https://www.google.com/maps/place/The+Law+Office+of+Patrick+J+Wynne/data=!4m7!3m6!1s0x89c28b479d26ae75:0x238f021ac3e796c9!8m2!3d40.8322974!4d-73.8272348!16s%2Fg%2F11g3_3hkw9!19sChIJda4mnUeLwokRyZbnwxoCjyM,,,,,,,Patrick J. Wynne,Owner / Founder,,Patrick J. Wynne,Patrick J. Wynne,patrick@pwynnelaw.com
C,Jeffrey L. Weinstein,new york,The Law Office of Jeffrey L. Weinstein,j.weinstein@jlwlawoffices.com,j.weinstein@jlwlawoffices.com,+1 212-693-3737,https://www.jlwlawoffices.com,"225 Broadway Ste 3800, New York, NY 10007, United States",https://www.google.com/maps/place/The+Law+Office+of+Jeffrey+L.+Weinstein/data=!4m7!3m6!1s0x89c25a1858bf530b:0x564434cb17fd7c3d!8m2!3d40.7118568!4d-74.0085967!16s%2Fg%2F1tfjx60n!19sChIJC1O_WBhawokRPXz9F8s0RFY,,,,,,,Jeffrey L. Weinstein,Founder / Principal Attorney,,Jeffrey L. Weinstein;New York,Jeffrey L. Weinstein,
C,James Helm,new york,TopDog Law Personal Injury Lawyers,whiteglove@topdoglaw.com,whiteglove@topdoglaw.com,+1 516-788-8852,https://topdoglaw.com/locations/new-york-ny/personal-injury-lawyer,"305 E 204th St, Bronx, NY 10467, United States",https://www.google.com/maps/place/TopDog+Law+Personal+Injury+Lawyers/data=!4m7!3m6!1s0x89c2f3b0e0c57b2f:0x17b22280d1e0f0c8!8m2!3d40.8730352!4d-73.8783155!16s%2Fg%2F11vd60qc3b!19sChIJL3vF4LDzwokRyPDg0YAishc,https://www.facebook.com/TopDogLaw/,https://www.instagram.com/topdoglaw,https://www.linkedin.com/company/topdoglaw,,,,James Helm,Founder / Attorney,,James Helm;Blake Swan;Christopher Kellam,James Helm,https://www.linkedin.com/company/topdoglaw
C,Eli Babaev,new york,"The Law Office of Eli Babaev, P.C.",lawoffice@babaevlaw.com,lawoffice@babaevlaw.com,+1 718-205-4477,http://www.babaevlaw.com,"118-35 Queens Blvd Ste 1230 (12th Fl, Forest Hills, NY 11375, United States","https://www.google.com/maps/place/The+Law+Office+of+Eli+Babaev,+P.C./data=!4m7!3m6!1s0x89c25e306bae4417:0xa034ff4dbe08db31!8m2!3d40.7148579!4d-73.8311108!16s%2Fg%2F1ptzdm8_9!19sChIJF0SuazBewokRMdsIvk3_NKA",,,,,,,Eli Babaev,Founder / Principal Attorney,,Eli Babaev,Eli Babaev,lawoffice@babaevlaw.com
C,Leona S. Krasner,new york,"Krasner Law, PLLC",leona@lkrasner.com,leona@lkrasner.com,+1 917-589-6519,https://lkrasner.com/family-law-attorney-nyc,"99 Park Ave Rm 810, New York, NY 10016, United States","https://www.google.com/maps/place/Krasner+Law,+PLLC/data=!4m7!3m6!1s0x89c2595eb01f4539:0xba342f8f867920d3!8m2!3d40.7501421!4d-73.9782738!16s%2Fg%2F11l5v7wxlj!19sChIJOUUfsF5ZwokR0yB5ho8vNLo",https://www.facebook.com/krasnerlaw/,,https://www.linkedin.com/company/krasner-law-pllc,,,,Leona S. Krasner,Founder & Managing Partner,,Leona S. Krasner;Austin Nalaboff;Antony Anisman,Leona S. Krasner,Leona@Lkrasner.com
C,James Helm,new york,TopDog Law Personal Injury Lawyers,whiteglove@topdoglaw.com,whiteglove@topdoglaw.com,+1 718-814-9438,https://topdoglaw.com/locations/new-york-ny/personal-injury-lawyer,"251 E 5th St Unit 1 Suite 400-3, Brooklyn, NY 11218, United States",https://www.google.com/maps/place/TopDog+Law+Personal+Injury+Lawyers/data=!4m7!3m6!1s0x89c25bc2ebe71daf:0xd33df1aff00326f5!8m2!3d40.6464942!4d-73.9758271!16s%2Fg%2F11x872b8v8!19sChIJrx3n68JbwokR9SYD8K_xPdM,https://www.facebook.com/TopDogLaw/,https://www.instagram.com/topdoglaw,https://www.linkedin.com/company/topdoglaw,,,,James Helm,Founder & Attorney,,James Helm;Blake Swan;Christopher Kellam,James Helm,https://www.linkedin.com/company/topdoglaw
C,Rifat A. Harb,new york,Rifat A. Harb Law Offices,harblaw@harbesq.com,harblaw@harbesq.com,+1 718-726-6860,https://www.rifatharb.com,"25-69 Steinway St, Astoria, NY 11103, United States",https://www.google.com/maps/place/Rifat+A.+Harb+Law+Offices/data=!4m7!3m6!1s0x89c25f402240d8cd:0xc24b3cf649578f45!8m2!3d40.7661573!4d-73.9128945!16s%2Fg%2F1tfpkr8z!19sChIJzdhAIkBfwokRRY9XSfY8S8I,https://www.facebook.com/pages/Harb-Rifat-A/122137084509637,,,,,,Rifat A. Harb,Founder & Lead Attorney,,Rifat A. Harb,Rifat A. Harb,Harblaw@harbesq.com
C,Eric Richman,new york,The Law Offices of Eric Richman,cropped-Favicon@512px-32x32.png,cropped-Favicon@512px-32x32.png;cropped-Favicon@512px-192x192.png;cropped-Favicon@512px-180x180.png;cropped-Favicon@512px-270x270.png;cropped-favicon@512px-180x180.png;cropped-favicon@512px-192x192.png;cropped-favicon@512px-270x270.png;cropped-favicon@512px-32x32.png;info@richman-law.com,+1 212-688-3965,https://richman-law.com,"641 Lexington Ave 14th Floor, New York, NY 10022, United States",https://www.google.com/maps/place/The+Law+Offices+of+Eric+Richman/data=!4m7!3m6!1s0x89c258e8d6d7ff99:0xa5dac59c13151b74!8m2!3d40.7589869!4d-73.9697225!16s%2Fg%2F1tlgyw4n!19sChIJmf_X1uhYwokRdBsVE5zF2qU,,,,,,,Eric Richman,Founder / Owner,,Eric Richman;New York,Eric Richman,info@richman-law.com
C,Adam L. Shapiro,new york,"Adam L. Shapiro & Associates, P.C. – Personal Injury & Motorcycle Accident Lawyers in Queens & Forest Hills NYC",adam@shapirolawoffice.com,adam@shapirolawoffice.com,+1 718-261-8500,https://www.shapirolawoffice.com,"70-20 Austin St Apt 111, Forest Hills, NY 11375, United States","https://www.google.com/maps/place/Adam+L.+Shapiro+%26+Associates,+P.C.+%E2%80%93+Personal+Injury+%26+Motorcycle+Accident+Lawyers+in+Queens+%26+Forest+Hills+NYC/data=!4m7!3m6!1s0x89c25e214a193591:0x20a4049cf0e7436c!8m2!3d40.7206235!4d-73.8465457!16s%2Fg%2F1td_clzw!19sChIJkTUZSiFewokRbEPn8JwEpCA",,,,,,,Adam L. Shapiro,Founder & Principal Attorney,,Adam L. Shapiro,Adam L. Shapiro,adam@shapirolawoffice.com
C,,new york,Metro Injury Law,firm@metrolawpllc.com,firm@metrolawpllc.com,+1 718-799-2222,http://metrolawpllc.com,"99-02 Metropolitan Ave, Forest Hills, NY 11375, United States",https://www.google.com/maps/place/Metro+Injury+Law/data=!4m7!3m6!1s0x89c25f0258a7f1e5:0xaec18f5506f08d7f!8m2!3d40.710647!4d-73.853592!16s%2Fg%2F11vf6d2qfv!19sChIJ5fGnWAJfwokRf43wBlWPwa4,https://facebook.com/metro,,https://linkedin.com/metro,,,,,,,,,
C,Cheryl Eisberg Moin,new york,Hill & Moin LLP - Accident Attorneys,intake@hillmoin.com,intake@hillmoin.com;info@hillmoin.com,+1 212-668-6000,https://hillmoin.com,"111 Broadway #810, New York, NY 10006, United States",https://www.google.com/maps/place/Hill+%26+Moin+LLP+-+Accident+Attorneys/data=!4m7!3m6!1s0x89c25a17249b69af:0x63c56a562fe21ca0!8m2!3d40.7086264!4d-74.0114991!16s%2Fg%2F1vh_98x2!19sChIJr2mbJBdawokRoBziL1ZqxWM,,,https://www.linkedin.com/company/hill-&-moin-llp/,https://www.yelp.com/biz/hill-and-moin-llp-accident-attorneys-new-york,,http://www.youtube.com/@HillMoinLLPAccidentAttorneys,Cheryl Eisberg Moin,Founding Partner,,"Melisande Hill,  Cheryl Eisberg Moin;Cheryl Eisberg Moin;Melisande Hill;David Zwerin",Cheryl Eisberg Moin,https://www.linkedin.com/company/hill-&-moin-llp/
C,Steve Gitelis,new york,Gitelis Law Offices,info@gitelislaw.com,info@gitelislaw.com;sgitelis@gitelislaw.com,+1 347-462-1388,https://gitelislawoffices.com,"2004 Coney Island Ave, Brooklyn, NY 11223, United States",https://www.google.com/maps/place/Gitelis+Law+Offices/data=!4m7!3m6!1s0x89c244d256404e59:0x5abab288231f4efd!8m2!3d40.6083659!4d-73.962419!16s%2Fg%2F1tfvj388!19sChIJWU5AVtJEwokR_U4fI4iyulo,https://www.facebook.com/Gitelis-Law-Offices-113339818729450/,,,,,,Steve Gitelis,Founder / Owner,,Steve Gitelis,Steve Gitelis,info@gitelislaw.com
C,Jesse C. Rose,new york,"The Rose Law Group, PLLC",jrose@theroselawgroup.com,jrose@theroselawgroup.com,+1 718-989-1864,http://www.theroselawgroup.com,"32-72 Steinway St #503, Astoria, NY 11103, United States","https://www.google.com/maps/place/The+Rose+Law+Group,+PLLC/data=!4m7!3m6!1s0x89c25f4713d72cb7:0x5a073544bc9d2c6d!8m2!3d40.7572872!4d-73.9206232!16s%2Fg%2F11b6x8psth!19sChIJtyzXE0dfwokRbSydvEQ1B1o",,,,,,,Jesse C. Rose,Lead Attorney / Founder,,Jesse C. Rose,Jesse C. Rose,
C,Hui Zeng,new york,"Zeng Law Group, PLLC",2062d0a4929b45348643784b5cb39c36@sentry.wixpress.com,2062d0a4929b45348643784b5cb39c36@sentry.wixpress.com;79baaa8e09c746d2b7401643b99792e0@sentry.wixpress.com;info@zenglawgroup.com,+1 917-810-5388,http://www.zenglawgroup.com,"212 W 35th St 14th Floor, New York, NY 10123, United States","https://www.google.com/maps/place/Zeng+Law+Group,+PLLC/data=!4m7!3m6!1s0x89c25a1922c95861:0xf8d45ece3be3fad4!8m2!3d40.7517126!4d-73.9907907!16s%2Fg%2F11dxjwvyh6!19sChIJYVjJIhlawokR1PrjO85e1Pg",https://www.facebook.com/zenglawgrouppllc,,https://www.linkedin.com/company/zeng-law-group-pllc/,,,,Hui Zeng,Managing Partner / Founder,,Hui Zeng,Hui Zeng,info@zenglawgroup.com
C,Bill Hoefer,new york,"Bill Hoefer, Attorney at Law",bill@2canwin.com,bill@2canwin.com;bill@billhoeferlaw.com,+1 718-928-9968,https://billhoeferlaw.com,"1135A Morris Park Ave Ste 202, Bronx, NY 10461, United States","https://www.google.com/maps/place/Bill+Hoefer,+Attorney+at+Law/data=!4m7!3m6!1s0x89c2f4a8cee1b4b7:0xc992b3bfef564fb3!8m2!3d40.850335!4d-73.851727!16s%2Fg%2F11f4rcr7vs!19sChIJt7Thzqj0wokRs09W77-zksk",,,,,,,Bill Hoefer,Owner / Attorney,,Bill Hoefer,Bill Hoefer,bill@billhoeferlaw.com
C,Jesús J. Peña,new york,Pena & Kahn PLLC,8eb368c655b84e029ed79ad7a5c1718e@sentry.wixpress.com,8eb368c655b84e029ed79ad7a5c1718e@sentry.wixpress.com;c183baa23371454f99f417f6616b724d@sentry.wixpress.com;dd0a55ccb8124b9c9d938e3acf41f8aa@sentry.wixpress.com,+1 718-585-3202,http://www.penakahn.com,"557 Grand Concourse, Bronx, NY 10451, United States",https://www.google.com/maps/place/Pena+%26+Kahn+PLLC/data=!4m7!3m6!1s0x89c2f5d10123c241:0xfba60982dc9acac7!8m2!3d40.819164!4d-73.9272497!16s%2Fg%2F1td395bw!19sChIJQcIjAdH1wokRx8qa3IIJpvs,https://www.facebook.com/PenaKahnPLLC,https://www.instagram.com/penakahnpllc/?ref=badge,https://www.linkedin.com/company/pena-&-kahn-pllc/,,,,Jesús J. Peña,Founding Partner,,Jesús J. Peña;Steven Kahn;Jonathan O. Michaels,Jesús J. Peña,https://www.linkedin.com/company/pena-&-kahn-pllc/
C,Richard Beckerman,new york,"Beckerman & Granados, PLLC",brandon@bgmatlaw.com,brandon@bgmatlaw.com;info@bgmatlaw.com;richard@bgmatlaw.com,+1 718-374-5642,http://bgdivorcelawyersny.com,"118-35 Queens Blvd Ste 1240, Forest Hills, NY 11375, United States","https://www.google.com/maps/place/Beckerman+%26+Granados,+PLLC/data=!4m7!3m6!1s0x89c26098248f183f:0xd1274710bdfa1097!8m2!3d40.7152977!4d-73.8306618!16s%2Fg%2F11f2wp0bfc!19sChIJPxiPJJhgwokRlxD6vRBHJ9E",https://www.facebook.com/Beckerman-Granados-PLLC-1981655202052765,,https://www.linkedin.com/company/beckerman-granados-pllc,,,,Richard Beckerman,Name Partner,,Richard Beckerman;Brandon Granados;Bradley Kahen,Richard Beckerman,https://www.linkedin.com/company/beckerman-granados-pllc
C,John Kokolakis,new york,"The Kokolakis Law Firm, PLLC",csd@growwithalawyer.com,csd@growwithalawyer.com,+1 718-444-1000,http://www.kokolakislaw.com,"29-09 21st Ave, Astoria, NY 11105, United States","https://www.google.com/maps/place/The+Kokolakis+Law+Firm,+PLLC/data=!4m7!3m6!1s0x89c25f19f45bcc83:0x9a441574b98d70d8!8m2!3d40.7786169!4d-73.908945!16s%2Fg%2F11qmx8cw9f!19sChIJg8xb9BlfwokR2HCNuXQVRJo",https://facebook.com/kokolakislaw;https://facebook.com/kokolakislaw/,,,,,,John Kokolakis,Founding Partner / Owner,,John Kokolakis,John Kokolakis,https://facebook.com/kokolakislaw
C,Rolfi J. Adon,new york,"Adon & Associates, P.C.",radon@adonlaw.com,radon@adonlaw.com,+1 718-819-1728,http://www.adonlaw.com,"2387 Westchester Ave, Bronx, NY 10461, United States","https://www.google.com/maps/place/Adon+%26+Associates,+P.C./data=!4m7!3m6!1s0x89c2f57b12aa98d7:0x244a1461ea1f0756!8m2!3d40.8371056!4d-73.8466567!16s%2Fg%2F11fk1g_x1t!19sChIJ15iqEnv1wokRVgcf6mEUSiQ",,,,,,,Rolfi J. Adon,Founder / Managing Partner,,Rolfi J. Adon,Rolfi J. Adon,radon@adonlaw.com
C,Jonathan Rosenberg,new york,Rosenberg Law Firm,office@rosenbergpllc.com,office@rosenbergpllc.com,+1 646-941-7830,https://www.rosenbergpllc.com,"137 Court St Suite #2, Brooklyn, NY 11201, United States",https://www.google.com/maps/place/Rosenberg+Law+Firm/data=!4m7!3m6!1s0x89c25a4f276e53ad:0xee701eddddf7d692!8m2!3d40.6894609!4d-73.9922754!16s%2Fg%2F11hbgj562s!19sChIJrVNuJ09awokRktb33d0ecO4,,,,,,,Jonathan Rosenberg,Managing Partner / Founder,,Jonathan Rosenberg;Jonathan Fuentes;Hilary Chernin,Jonathan Rosenberg,
C,Phillip Mahony,new york,"Phillip Mahony, Esq | ¡Hablo Español!",,,+1 917-414-6795,https://www.mahonylaw.com,"21-83 Steinway St, Astoria, NY 11105, United States","https://www.google.com/maps/place/Phillip+Mahony,+Esq+%7C+%C2%A1Hablo+Espa%C3%B1ol!/data=!4m7!3m6!1s0x89c25f2f187a0d4f:0x8588dc5f25976f28!8m2!3d40.7728529!4d-73.9057668!16s%2Fg%2F11byxgpz9c!19sChIJTw16GC9fwokRKG-XJV_ciIU",,,,,,,Phillip Mahony,Founder / Attorney,,Phillip Mahony,Phillip Mahony,phill@mahonylaw.com
C,Scott L. Wiss,new york,"Levine And Wiss, PLLC",law@888gothurt.com,law@888gothurt.com,+1 718-964-9699,https://888gothurt.com/brooklyn/personal-injury-lawyer,"455 Utica Ave, Brooklyn, NY 11203, United States","https://www.google.com/maps/place/Levine+And+Wiss,+PLLC/data=!4m7!3m6!1s0x89c25c8394801977:0x9c2b0a3d96a74597!8m2!3d40.6623167!4d-73.9313253!16s%2Fg%2F1hhkv4j8k!19sChIJdxmAlINcwokRl0Wnlj0KK5w",https://www.facebook.com/LevineAndWiss/,https://www.instagram.com/levineandwiss/,https://www.linkedin.com/company/levine-and-wiss,,,,Scott L. Wiss,Founding Partner / Managing Attorney,,Scott L. Wiss;Joel L. Levine;West Hempstead,Scott L. Wiss,https://www.linkedin.com/company/levine-and-wiss
C,Jason D. Jones,new york,"Law Office of Jason D. Jones, P.C.",2062d0a4929b45348643784b5cb39c36@sentry.wixpress.com,2062d0a4929b45348643784b5cb39c36@sentry.wixpress.com;271e9fa3230b4eec94b02bf95780f5f2@sentry.wixpress.com;460ff4620fa44cba8df530afde949785@sentry.wixpress.com;5d1795a2db124a268f1e1bd88f503500@sentry.wixpress.com;78f7996315bc402f9dcb8a2f974b82d1@sentry.wixpress.com;9a65e97ebe8141fca0c4fd686f70996b@sentry.wixpress.com;c183baa23371454f99f417f6616b724d@sentry.wixpress.com;dd0a55ccb8124b9c9d938e3acf41f8aa@sentry.wixpress.com;ed436f5053144538958ad06a5005e99a@sentry.wixpress.com,+1 646-768-4248,https://www.jdjlaw.com,"745 5th Ave Ste 500, New York, NY 10151, United States","https://www.google.com/maps/place/Law+Office+of+Jason+D.+Jones,+P.C./data=!4m7!3m6!1s0x89c25904c6c15555:0x93896fbf771e6588!8m2!3d40.7633471!4d-73.9731713!16s%2Fg%2F11g0k1sn9z!19sChIJVVXBxgRZwokRiGUed79viZM",,,https://www.linkedin.com/jason-d-jones,,,,Jason D. Jones,Principal / Founder,,Jason D. Jones,Jason D. Jones,https://www.linkedin.com/jason-d-jones
C,Neil H. Kupferman,new york,"Neil H. Kupferman, Esq., PC | Real Estate Attorney and Business Lawyer",nhk@nhklaw.com,nhk@nhklaw.com;og@nhklaw.com,+1 718-768-3046,https://nhklaw.com,"459 6th Ave, Brooklyn, NY 11215, United States","https://www.google.com/maps/place/Neil+H.+Kupferman,+Esq.,+PC+%7C+Real+Estate+Attorney+and+Business+Lawyer/data=!4m7!3m6!1s0x89c25afd418b8889:0xdabbc79f4b619b7!8m2!3d40.667417!4d-73.984127!16s%2Fg%2F11b6hsshtg!19sChIJiYiLQf1awokRtxm29Hm8qw0",,,,,,,Neil H. Kupferman,Founding Partner,,Neil H. Kupferman;Oren Goldhaber,Neil H. Kupferman,
C,V. Diana Voicu-Marinescu,new york,Voicu & Nica Law Office - Estate Planning,dvoicu@voicunicalawcom.wpcomstaging.com,dvoicu@voicunicalawcom.wpcomstaging.com;office@voicunicalaw.com,+1 347-808-8816,https://voicunicalaw.com/sunnyside-ny,"48-23 Skillman Ave, Sunnyside, NY 11104, United States",https://www.google.com/maps/place/Voicu+%26+Nica+Law+Office+-+Estate+Planning/data=!4m7!3m6!1s0x89c25c280bbe3871:0xf0e79776b158c6ee!8m2!3d40.7464307!4d-73.9153779!16s%2Fg%2F1tfg3_y4!19sChIJcTi-CyhcwokR7sZYsXaX5_A,,,,,,,V. Diana Voicu-Marinescu,Partner / Principal Attorney,,V. Diana Voicu-Marinescu;Sunnyside NY,V. Diana Voicu-Marinescu,
C,Julian Cordero,new york,Cordero Law LLC,info@corderolawgroup.com,info@corderolawgroup.com;julian@corderolawgroup.com,+1 212-960-8890,https://www.corderolawgroup.com,"1330 6th Ave #23A, New York, NY 10019, United States",https://www.google.com/maps/place/Cordero+Law+LLC/data=!4m7!3m6!1s0x89c2598d3802c763:0xc6636511b12e6039!8m2!3d40.7619114!4d-73.9784542!16s%2Fg%2F11bwkh_tvr!19sChIJY8cCOI1ZwokROWAusRFlY8Y,,,,,,,Julian Cordero,Founder / Managing Attorney,,Julian Cordero,Julian Cordero,info@corderolawgroup.com
C,Nicholas Rose,new york,"Law Offices of Nicholas Rose, PLLC",nicholas@nroselaw.com,nicholas@nroselaw.com,+1 718-261-0546,http://nroselaw.com,"102-11 Metropolitan Ave, Forest Hills, NY 11375, United States","https://www.google.com/maps/place/Law+Offices+of+Nicholas+Rose,+PLLC/data=!4m7!3m6!1s0x89c25e1bced0d70b:0x54934f31ffc4179b!8m2!3d40.7105415!4d-73.8502519!16s%2Fg%2F1v9gky1g!19sChIJC9fQzhtewokRmxfE_zFPk1Q",,,,,,,Nicholas Rose,Founder / Managing Attorney,,Nicholas J. Rose;Nicholas Rose,Nicholas Rose,nicholas@nroselaw.com
C,Joseph I. Harrison,new york,Debt Help Office,lawyer@debtchamp.com,lawyer@debtchamp.com,+1 203-444-3551,http://www.debtchamp.com,"478 Albany Ave #34, Brooklyn, NY 11203, United States",https://www.google.com/maps/place/Debt+Help+Office/data=!4m7!3m6!1s0x89c25b800b3bb4c5:0x3a72be9c9ddb3853!8m2!3d40.6635853!4d-73.940155!16s%2Fg%2F11dxdjvwkm!19sChIJxbQ7C4BbwokRUzjbnZy-cjo,,,,,,,Joseph I. Harrison,Founder / Managing Attorney,,Joseph I. Harrison,Joseph I. Harrison,lawyer@debtchamp.com
C,David B. Lever,new york,"Lever & Ecker, PLLC",info@leverecker.com,info@leverecker.com;logo@2x-300x48.webp,+1 844-646-0884,https://www.leverecker.com,"1870 Grand Concourse Ste 2, Bronx, NY 10457, United States","https://www.google.com/maps/place/Lever+%26+Ecker,+PLLC/data=!4m7!3m6!1s0x89c2f5af319fff9d:0xe44d8547e7d9f54b!8m2!3d40.8486359!4d-73.9061979!16s%2Fg%2F11q400t503!19sChIJnf-fMa_1wokRS_XZ50eFTeQ",https://www.facebook.com/LeverEcker/,https://www.instagram.com/leverecker/,https://www.linkedin.com/company/leverecker,,,https://www.youtube.com/@leverecker,David B. Lever,Founding Partner,,David B. Lever;Daniel G. Ecker;Adam C. Weiss;Katherine A. Henderson,David B. Lever,info@leverecker.com
C,Gary Melamed,new york,"Gary Melamed, Esq. - Melamed Law Firm LLC",GM@MELAMEDLAW.COM,GM@MELAMEDLAW.COM;gm@melamedlaw.com,+1 718-975-4600,http://www.melamedlaw.com,"2753 Coney Island Ave #208, Brooklyn, NY 11235, United States","https://www.google.com/maps/place/Gary+Melamed,+Esq.+-+Melamed+Law+Firm+LLC/data=!4m7!3m6!1s0x89c2445e1ac7a96f:0x886b7846aea42b6f!8m2!3d40.58927!4d-73.960127!16s%2Fg%2F1hhw89nfk!19sChIJb6nHGl5EwokRbyukrkZ4a4g",,,,,,,Gary Melamed,Owner / Principal Attorney,,Gary Melamed,Gary Melamed,GM@melamedlaw.com
C,Rebecca F. Dahlen,new york,"Law Office of Rebecca F. Dahlen, PLLC",rebecca@dahlenlaw.com,rebecca@dahlenlaw.com,+1 718-710-5549,http://www.dahlenlaw.com,"118-35 Queens Blvd #400, Forest Hills, NY 11375, United States","https://www.google.com/maps/place/Law+Office+of+Rebecca+F.+Dahlen,+PLLC/data=!4m7!3m6!1s0x89c260981633ec75:0x762817d287df5b0a!8m2!3d40.7150054!4d-73.8309375!16s%2Fg%2F11c2kwk5hd!19sChIJdewzFphgwokRClvfh9IXKHY",,,,,,,Rebecca F. Dahlen,Founder / Lead Attorney,,Rebecca F. Dahlen,Rebecca F. Dahlen,rebecca@dahlenlaw.com
C,R. Ariel Poltielov,new york,"Poltielov Law Firm - Real Estate, Foreclosure & Litigation",avvo@2x-300x219.webp,avvo@2x-300x219.webp;nystla@2x-150x150.webp;nystla@2x-300x300.webp;top100@2x-150x150.webp;top100@2x-300x298.webp,+1 718-520-0085,https://fblawyersny.com,"118-21 Queens Blvd #603, Forest Hills, NY 11375, United States","https://www.google.com/maps/place/Poltielov+Law+Firm+-+Real+Estate,+Foreclosure+%26+Litigation/data=!4m7!3m6!1s0x89c260983f06355d:0xe475844d504003ad!8m2!3d40.7150909!4d-73.831523!16s%2Fg%2F11b8t66nmf!19sChIJXTUGP5hgwokRrQNAUE2EdeQ",,,,,,,R. Ariel Poltielov,Founder / Managing Attorney,,R. Ariel Poltielov,R. Ariel Poltielov,
C,Alfredo Conti,new york,"ALISHAHI, CONTI & GALLAGHER, P.C.",,,+1 718-984-5555,https://acglawgroup.com,"3925 Hylan Blvd, Staten Island, NY 10308, United States","https://www.google.com/maps/place/ALISHAHI,+CONTI+%26+GALLAGHER,+P.C./data=!4m7!3m6!1s0x89c24cf0a9c26d99:0xe5ab502d9e952c78!8m2!3d40.5439162!4d-74.144778!16s%2Fg%2F1tdkbzxr!19sChIJmW3CqfBMwokReCyVni1Qq-U",,,,,,,Alfredo Conti,Partner (name partner),,Alfredo Conti;Courtney Gallagher;Steven DeMizio,Alfredo Conti,alfredo@acglawgroup.com
C,Catrina Young,new york,The Law Office of Catrina Young,cyoung@cyounglawoffice.com,cyoung@cyounglawoffice.com,+1 347-377-2180,https://www.cyounglawoffice.com,"30-10 41st Ave #204, Long Island City, NY 11101, United States",https://www.google.com/maps/place/The+Law+Office+of+Catrina+Young/data=!4m7!3m6!1s0x89c25ff51b7f8071:0x58951e887731b462!8m2!3d40.7492738!4d-73.9357487!16s%2Fg%2F11y226jgc7!19sChIJcYB_G_VfwokRYrQxd4gelVg,,,,,,,Catrina Young,Owner / Principal Attorney,,Catrina Young,Catrina Young,cyoung@cyounglawoffice.com
C,John C. Castro,new york,"Castro Law, PLLC",info@castrofirm.com,info@castrofirm.com,+1 718-533-8090,http://www.castrofirm.com,"82-11 37th Ave Ste 603, Jackson Heights, NY 11372, United States","https://www.google.com/maps/place/Castro+Law,+PLLC/data=!4m7!3m6!1s0x89c25fa8b0f6aa1d:0xaf069471acbaee1f!8m2!3d40.7500058!4d-73.8838809!16s%2Fg%2F1thvhw1j!19sChIJHar2sKhfwokRH-66rHGUBq8",,,,,,,John C. Castro,Managing Attorney / Founder,,John C. Castro,John C. Castro,JC@CastroFirm.com
C,Eric R. Bernstein,new york,The Law Offices Of Eric R Bernstein,,,+1 212-683-1530,http://www.nylegaljustice.com,"260 Madison Ave, New York, NY 10016, United States",https://www.google.com/maps/place/The+Law+Offices+Of+Eric+R+Bernstein/data=!4m7!3m6!1s0x89c25900c6c04877:0xc7ea3bec9bdd51ad!8m2!3d40.7507653!4d-73.9812669!16s%2Fg%2F1tl_02qh!19sChIJd0jAxgBZwokRrVHdm-w76sc,,,,,,,Eric R. Bernstein,Owner / Principal Attorney,,Eric R. Bernstein,Eric R. Bernstein,ebernstein@nylegaljustice.com
C,Antoinette Osbourne,new york,Law Office of Antoinette Osbourne,,,+1 718-502-9137,http://www.osbournelaw.com,"4262A White Plains Rd, Bronx, NY 10466, United States",https://www.google.com/maps/place/Law+Office+of+Antoinette+Osbourne/data=!4m7!3m6!1s0x89c2f34052f3e7b3:0xc5e5d6a18fbb1dc2!8m2!3d40.8951435!4d-73.856229!16s%2Fg%2F11hfqv2lst!19sChIJs-fzUkDzwokRwh27j6HW5cU,,,,,,,Antoinette Osbourne,Owner / Solo Practitioner,,Antoinette Osbourne,Antoinette Osbourne,osbourne@osbournelaw.com
C,Frederick L. Sosinsky,new york,Sosinsky Law | NYC Federal Criminal Defense Lawyer,freds@newyork-criminaldefense.com,freds@newyork-criminaldefense.com,+1 212-285-2270,http://www.newyork-criminaldefense.com,"45 Broadway #3010, New York, NY 10006, United States",https://www.google.com/maps/place/Sosinsky+Law+%7C+NYC+Federal+Criminal+Defense+Lawyer/data=!4m7!3m6!1s0x89c25b05f9311727:0x235fbdabf3c0f9e4!8m2!3d40.7064215!4d-74.013087!16s%2Fg%2F11qqds6p81!19sChIJJxcx-QVbwokR5PnA86u9XyM,,,,,,,Frederick L. Sosinsky,Founder / Principal Attorney,,Frederick L. Sosinsky;New York,Frederick L. Sosinsky,freds@newyork-criminaldefense.com
C,Caner Demirayak,new york,"Law Office of Caner Demirayak, Esq., P.C.",caner@canerlawoffice.com,caner@canerlawoffice.com,+1 718-344-6048,http://www.cd-criminaldefense.com,"1500 Astor Ave 2ND FLOOR, Bronx, NY 10469, United States","https://www.google.com/maps/place/Law+Office+of+Caner+Demirayak,+Esq.,+P.C./data=!4m7!3m6!1s0x89c25baf5ec22cd7:0x9aa5eea7476c6638!8m2!3d40.8596627!4d-73.8424669!16s%2Fg%2F11s8_9mjzm!19sChIJ1yzCXq9bwokROGZsR6fupZo",,,,,,,Caner Demirayak,Founder / Principal Attorney,,Caner Demirayak,Caner Demirayak,caner@canerlawoffice.com
C,Robert E. Brown,new york,"Law Offices of Robert E. Brown, P.C.",admin@robertbrownlaw.com,admin@robertbrownlaw.com;generated.google-reviews@399x186.0fa5a4e9b6696f4f.webp,+1 718-979-9779,https://robertbrownlaw.com/staten-island-personal-injury-lawyer,"1200 South Ave Ste 201, Staten Island, NY 10314, United States","https://www.google.com/maps/place/Law+Offices+of+Robert+E.+Brown,+P.C./data=!4m7!3m6!1s0x89c24bf8fd3b17ff:0xc8e1ab9c9d0042c9!8m2!3d40.6099189!4d-74.179193!16s%2Fg%2F11f61g5tl4!19sChIJ_xc7_fhLwokRyUIAnZyr4cg",https://www.facebook.com/TheLawOfficesOfRobertEBrownPc/,,,https://www.yelp.com/biz/law-offices-of-robert-e-brown-pc-staten-island,,,Robert E. Brown,Founder / Managing Attorney,,Robert E. Brown;Michelle E. Roseto;Jacqueline Geloso,Robert E. Brown,admin@robertbrownlaw.com
C,David Roemerman,new york,"Roemerman Law, P.C.",david.roemerman@roemermanlaw.com,david.roemerman@roemermanlaw.com,+1 212-375-6614,https://www.roemermanlaw.com,"11 Broadway suite 615, New York, NY 10004, United States","https://www.google.com/maps/place/Roemerman+Law,+P.C./data=!4m7!3m6!1s0x89c25a1161b1d63d:0x83aaf2af3b39361b!8m2!3d40.7052778!4d-74.0140154!16s%2Fg%2F11fyxb0zmr!19sChIJPdaxYRFawokRGzY5O6_yqoM",https://www.facebook.com/Roemerman.Law,,https://www.linkedin.com/company/27000467/,,,,David Roemerman,Founding Attorney / Owner,,David Roemerman,David Roemerman,david.roemerman@roemermanlaw.com
C,Alex Davis,new york,Omni Law P.C.,,,+1 646-736-4184,https://omnilawpc.com?_medium=organic,"1740 Broadway 15th floor, New York, NY 10019, United States",https://www.google.com/maps/place/Omni+Law+P.C./data=!4m7!3m6!1s0x89c259c88f1d3e43:0xd0b2c28ba09af45c!8m2!3d40.7650359!4d-73.9818119!16s%2Fg%2F11v7456cdw!19sChIJQz4dj8hZwokRXPSaoIvCstA,,,,,,,Alex Davis,Founding Shareholder / Founding Member,,Alex Davis;Kathy Fox;Zachary Windham,Alex Davis,alex@omnilawpc.com
C,Jamie Minchew,new york,"Minchew & Santner, LLP",info@lawsiny.com,info@lawsiny.com;jamie@lawsiny.com;jim@lawsiny.com,+1 718-727-7700,https://lawsiny.com,"1110 South Ave, Staten Island, NY 10314, United States","https://www.google.com/maps/place/Minchew+%26+Santner,+LLP/data=!4m7!3m6!1s0x89c24dc8c87d2215:0x593f7de647f76bde!8m2!3d40.61396!4d-74.176957!16s%2Fg%2F11xkmjxnrv!19sChIJFSJ9yMhNwokR3mv3R-Z9P1k",,,,,,,Jamie Minchew,Co-Founder / Partner,,Minchew &amp; Santner;Jamie Minchew;James Santner,Jamie Minchew,jamie@lawsiny.com
C,Harry D. Lewis,new york,Law Office of Harry D. Lewis - New York City Bankruptcy Lawyer,,,+1 212-859-5067,https://www.quickjustice.law,"43 W 43rd St Ste 257, New York, NY 10036, United States",https://www.google.com/maps/place/Law+Office+of+Harry+D.+Lewis+-+New+York+City+Bankruptcy+Lawyer/data=!4m7!3m6!1s0x89c2591c4581980f:0x86eb0810e59bab03!8m2!3d40.7551989!4d-73.9823197!16s%2Fg%2F11mhn_w4tz!19sChIJD5iBRRxZwokRA6ub5RAI64Y,https://www.facebook.com/Harry-D-Lewis-102990434939132,,,,,,Harry D. Lewis,Founder / Principal Attorney,,Harry D. Lewis,Harry D. Lewis,https://www.facebook.com/Harry-D-Lewis-102990434939132
C,Michael Brook,new york,Michael Brook Attorney Referral,support@michaelbrook.com,support@michaelbrook.com;support@legalflow.com,+1 718-256-5610,https://michaelbrook.com,"2756 Gerritsen Ave, Brooklyn, NY 11229, United States",https://www.google.com/maps/place/Michael+Brook+Attorney+Referral/data=!4m7!3m6!1s0x89c243caaf64b693:0xcb06e66f9561b2b8!8m2!3d40.592191!4d-73.924742!16s%2Fg%2F11y4gw4zht!19sChIJk7Zkr8pDwokRuLJhlW_mBss,https://facebook.com/;https://www.facebook.com/michaelbrookenglish,https://www.instagram.com/;https://www.instagram.com/michaelbrooken/,https://www.linkedin.com/,,https://www.tiktok.com/@michaelbrooken,http://youtube.com/;https://www.youtube.com/@MichaelBrookEnglish,Michael Brook,"Owner / Founder (attorney referral service, not a litigator)",,Best Truck;Michael Brook,Michael Brook,support@michaelbrook.com
C,Seth Katz,new york,"Katz Lawyers, P.C.",,,+1 718-876-8105,https://www.katzlawyersnyc.com,"36 Richmond Ter #207, Staten Island, NY 10301, United States","https://www.google.com/maps/place/Katz+Lawyers,+P.C./data=!4m7!3m6!1s0x89c24fd3491daff3:0xd2a5e7a70708b8f4!8m2!3d40.6435515!4d-74.0765502!16s%2Fg%2F1tdwldz0!19sChIJ868dSdNPwokR9LgIB6fnpdI",,,,,,,Seth Katz,Principal Attorney,,Seth Katz,Seth Katz,https://www.instagram.com/katzlawyersny/
C,Allan R. Bloomfield,new york,Allan R Bloomfield Law Office,,,+1 718-544-0500,http://bankruptcyqueens.com,"118-21 Queens Blvd, Forest Hills, NY 11375, United States",https://www.google.com/maps/place/Allan+R+Bloomfield+Law+Office/data=!4m7!3m6!1s0x89c25e25b4e5182d:0xc3edf8b0e5e4e9b0!8m2!3d40.7150877!4d-73.8315038!16s%2Fg%2F1tf82jb0!19sChIJLRjltCVewokRsOnk5bD47cM,https://facebook.com/AllanBloomfieldLaw,,,,,,Allan R. Bloomfield,Owner / Founding Attorney,,Allan R. Bloomfield,Allan R. Bloomfield,https://facebook.com/AllanBloomfieldLaw
C,Akiva Ofshtein,new york,"Ofshtein Law Firm, P.C.",,,+1 718-455-5252,http://olf.nyc,"398 Kings Hwy, Brooklyn, NY 11223, United States","https://www.google.com/maps/place/Ofshtein+Law+Firm,+P.C./data=!4m7!3m6!1s0x89c244ecbf3b8729:0x8a6284f8dcf2c4b7!8m2!3d40.6042868!4d-73.9751975!16s%2Fg%2F11c2pzh12p!19sChIJKYc7v-xEwokRt8Ty3PiEYoo",,,,,,,Akiva Ofshtein,Founder,,Akiva Ofshtein;Aida Kuperman,Akiva Ofshtein,https://www.instagram.com/ofshteinlawfirm
C,Francisco A. Ugalde,new york,"Ugalde & Rzonca, LLP",info@hurtatworknyc.com,info@hurtatworknyc.com,+1 718-275-3660,http://hurtatworknyc.com,"97-77 Queens Blvd Ste 800, Rego Park, NY 11374, United States","https://www.google.com/maps/place/Ugalde+%26+Rzonca,+LLP/data=!4m7!3m6!1s0x89c2f4331cb6c6e7:0x93ea0c62e26e9b3a!8m2!3d40.7292451!4d-73.8582167!16s%2Fg%2F1q62c5gfk!19sChIJ58a2HDP0wokROptu4mIM6pM",https://www.facebook.com/hurtatworknyc/,,,,,,Francisco A. Ugalde,Founding Partner,,Francisco A. Ugalde;Tadeusz Rzonca,Francisco A. Ugalde,https://twitter.com/UgaldeRzonca
C,Edgar N. Romano,new york,Pasternack Tilker Ziegler Walsh Stanton & Romano L.L.P.,,,+1 347-584-8576,https://www.workerslaw.com/bronx-ny-lawyers,"1775 Grand Concourse Ste 701, Bronx, NY 10453, United States",https://www.google.com/maps/place/Pasternack+Tilker+Ziegler+Walsh+Stanton+%26+Romano+L.L.P./data=!4m7!3m6!1s0x89c2f5cf36e6e01d:0xacd2cc8fef4ce26d!8m2!3d40.8465237!4d-73.9103335!16s%2Fg%2F1v4708kl!19sChIJHeDmNs_1wokRbeJM74_M0qw,https://www.facebook.com/workerscompensationattorneys/,https://www.instagram.com/workerslaw/,https://www.linkedin.com/company/2051234?trk=tyah,,,https://www.youtube.com/channel/UCWmcULGqu5FiQUU6sVIcleA,Edgar N. Romano,Managing Partner,,Edgar N. Romano;Catherine M. Stanton,Edgar N. Romano,https://www.linkedin.com/company/2051234?trk=tyah
C,Edgar N. Romano,new york,Pasternack Tilker Ziegler Walsh Stanton & Romano L.L.P.,,,+1 347-926-7104,https://www.workerslaw.com/queens-ny-lawyers,"118-35 Queens Blvd Suite 1725, Forest Hills, NY 11375, United States",https://www.google.com/maps/place/Pasternack+Tilker+Ziegler+Walsh+Stanton+%26+Romano+L.L.P./data=!4m7!3m6!1s0x89c25e25b4f1f0cf:0xfac232a687e5f5bd!8m2!3d40.7148579!4d-73.8311108!16s%2Fg%2F12hm1jqbj!19sChIJz_DxtCVewokRvfXlh6Yywvo,https://www.facebook.com/workerscompensationattorneys/,https://www.instagram.com/workerslaw/,https://www.linkedin.com/company/2051234?trk=tyah,,,https://www.youtube.com/channel/UCWmcULGqu5FiQUU6sVIcleA,Edgar N. Romano,Managing Partner,,Edgar N. Romano;Catherine M. Stanton,Edgar N. Romano,https://www.linkedin.com/company/2051234?trk=tyah
C,Terri B. Kalker,new york,Terri B. Kalker,,,+1 718-793-1900,http://ticketdefendersny.com,"144-21 73rd Ave, Flushing, NY 11367, United States",https://www.google.com/maps/place/Terri+B.+Kalker/data=!4m7!3m6!1s0x89c2608ce78da04b:0xf96206435e2cda88!8m2!3d40.725128!4d-73.8199889!16s%2Fg%2F1q62g6c8h!19sChIJS6CN54xgwokRiNosXkMGYvk,,,,,,,Terri B. Kalker,Owner / Founding Attorney,,Terri B. Kalker,Terri B. Kalker,https://www.facebook.com/ticketdefendersny/
C,Martin A. Kron,new york,"Martin A. Kron & Associates, P.C.",,,+1 212-235-1525,https://www.nytrafficlawyer.com,"295 Madison Ave Fl 12, Suite 1208, New York, NY 10017, United States","https://www.google.com/maps/place/Martin+A.+Kron+%26+Associates,+P.C./data=!4m7!3m6!1s0x89c2590105c607cb:0x14651c46d5af142!8m2!3d40.7517644!4d-73.9791294!16s%2Fg%2F1tfk5bq1!19sChIJywfGBQFZwokRQvFabcRRRgE",https://www.facebook.com/NYTrafficLawyer,,,,,,Martin A. Kron,Founding Attorney,,Martin A. Kron,Martin A. Kron,https://twitter.com/traffictix
C,Seni Popat,new york,"Law Office of Seni Popat, P.C. – Queens Personal Injury & Car Accident Lawyers",,,+1 718-340-3385,https://www.splawpc.com,"206-15 Hillside Ave., Queens Village, NY 11427, United States","https://www.google.com/maps/place/Law+Office+of+Seni+Popat,+P.C.+%E2%80%93+Queens+Personal+Injury+%26+Car+Accident+Lawyers/data=!4m7!3m6!1s0x89c262673b66e863:0x1385ba8c8735d258!8m2!3d40.7215986!4d-73.7591582!16s%2Fg%2F11g7cwvykg!19sChIJY-hmO2diwokRWNI1h4y6hRM",https://www.facebook.com/lawofficeofsenipopat/,https://www.instagram.com/newyork.attorney/?hl=en,,https://www.yelp.com/biz/law-office-of-seni-popat-pc-queens-village,,,Seni Popat,Founder / Lead Litigation Attorney,,Seni Popat,Seni Popat,https://twitter.com/Senilaw
C,Arthur M. Luxenberg,new york,Weitz & Luxenberg NYC,,,+1 917-529-9377,https://www.weitzlux.com/locations/new-york-ny,"700 Broadway, New York, NY 10003, United States",https://www.google.com/maps/place/Weitz+%26+Luxenberg+NYC/data=!4m7!3m6!1s0x89c25b45cb767ac9:0xf191a99e16690546!8m2!3d40.7284098!4d-73.9937922!16s%2Fg%2F11g22zwcj0!19sChIJyXp2y0VbwokRRgVpFp6pkfE,https://www.facebook.com/WeitzLuxenberg,https://www.instagram.com/weitzandluxenberg/,https://www.linkedin.com/company/weitz&luxenberg;https://www.linkedin.com/company/weitz&luxenberg/jobs/,,https://www.tiktok.com/@weitzluxenberg,https://www.youtube.com/c/WeitzLuxenbergLaw,Arthur M. Luxenberg,Co-Founding Member / Managing Partner,,Arthur M. Luxenberg;Perry Weitz;Gary R. Klein,Arthur M. Luxenberg,https://www.linkedin.com/company/weitz&luxenberg
C,Brian J. Zimmet,new york,Zimmet Law Group P.C.,,,+1 212-922-1330,http://zimmetlaw.com,"477 Madison Ave 2nd floor, New York, NY 10022, United States",https://www.google.com/maps/place/Zimmet+Law+Group+P.C./data=!4m7!3m6!1s0x89c258fc43b01c77:0xf0b0b3e76dd764fc!8m2!3d40.7586303!4d-73.9748286!16s%2Fg%2F1wbg09xx!19sChIJdxywQ_xYwokR_GTXbeezsPA,https://www.facebook.com/zimmetlaw/,,https://www.linkedin.com/company/zimmet-law-group-p.c./,,,https://www.youtube.com/channel/UCx5fH83Yt8me3d5Q6Ma0zYA,Brian J. Zimmet,Managing Partner,,Brian J. Zimmet;Michelle M. Geng;Richard A. Schioppo,Brian J. Zimmet,https://www.linkedin.com/company/zimmet-law-group-p.c./
C,Elliot Ifraimoff,new york,"Elliot Ifraimoff & Associates, PC",,,+1 718-205-1010,https://888askelliot.com,"118-35 Queens Blvd #1400, Forest Hills, NY 11375, United States","https://www.google.com/maps/place/Elliot+Ifraimoff+%26+Associates,+PC/data=!4m7!3m6!1s0x89c25e25b4e57fd1:0x2a2832ad703e0639!8m2!3d40.7147939!4d-73.8311815!16s%2Fg%2F1262qfzyg!19sChIJ0X_ltCVewokROQY-cK0yKCo",https://www.facebook.com/888askelliotlaw/,https://www.instagram.com/askelliotlaw/,https://www.linkedin.com/company/askelliotlaw/,,,,Elliot Ifraimoff,Founding Attorney / Owner,,PERSONAL INJURY;Elliot Ifraimoff;Dmitriy Shulman;Stephen Z. Williamson;Team Member,Elliot Ifraimoff,https://www.linkedin.com/company/askelliotlaw/
C,Donald Mastrodomenico,new york,"Law Offices of Donald Mastrodomenico, P.C.",,,+1 718-268-8111,https://www.mastrodomenicolaw.com,"107-19 71st Ave, Forest Hills, NY 11375, United States","https://www.google.com/maps/place/Law+Offices+of+Donald+Mastrodomenico,+P.C./data=!4m7!3m6!1s0x89c25e272a140389:0x5b1d59cbc7699c6e!8m2!3d40.7208627!4d-73.8448906!16s%2Fg%2F1th648x8!19sChIJiQMUKidewokRbpxpx8tZHVs",https://www.facebook.com/DonMastroLaw/,,,,,,Donald Mastrodomenico,Founder / Senior Attorney / Owner,,Donald Mastrodomenico;Paul B. Guttenberg;Kim Cardalena;Avvo Featured,Donald Mastrodomenico,https://www.facebook.com/DonMastroLaw/
C,David J. Babel,new york,"David J. Babel, Esq., P.C.",,,+1 347-315-4529,https://www.bronxwestchesterbankruptcylawyer.com,"2525 Eastchester Rd, Bronx, NY 10469, United States","https://www.google.com/maps/place/David+J.+Babel,+Esq.,+P.C./data=!4m7!3m6!1s0x89c2f34d61f56d05:0xf755b34e9e08fe1!8m2!3d40.8636163!4d-73.8437667!16s%2Fg%2F1tcvcv0q!19sChIJBW31YU3zwokR4Y_g6TRbdQ8",http://www.facebook.com/pages/David-J-Babel-Esq-PC/24964336932,,,,,https://www.youtube.com/channel/UCLg8ko_DF-HlovKXtLrfxfg,David J. Babel,Principal / Founding Attorney,,David J. Babel,David J. Babel,http://www.facebook.com/pages/David-J-Babel-Esq-PC/24964336932
C,,new york,New York Traffic Ticket Lawyers,info@nytrafficticketlawyers.com,info@nytrafficticketlawyers.com,+1 646-785-4086,https://nytrafficticketlawyers.com,"74-09 37th Ave, Jackson Heights, NY 11372, United States",https://www.google.com/maps/place/New+York+Traffic+Ticket+Lawyers/data=!4m7!3m6!1s0x89c25fdb64de8437:0x6f674b480f8a0f30!8m2!3d40.7492219!4d-73.8914168!16s%2Fg%2F11jp06201p!19sChIJN4TeZNtfwokRMA-KD0hLZ28,https://www.facebook.com/New-York-Traffic-Ticket-Lawyers-101933098077763,https://www.instagram.com/nytrafficlawyers/,,,,https://www.youtube.com/channel/UCoYOwxbDsdRknEklQHKqkdw/about,,,,,,
C,John Morgan,new york,Morgan & Morgan,,,+1 212-845-2800,https://www.forthepeople.com/office-locations/new-york-state/queens,"118-35 Queens Blvd #400, Forest Hills, NY 11375, United States",https://www.google.com/maps/place/Morgan+%26+Morgan/data=!4m7!3m6!1s0x89c261e69797ad95:0x8e8d072024ac47f0!8m2!3d40.7148274!4d-73.831194!16s%2Fg%2F11vr6k1w8b!19sChIJla2Xl-ZhwokR8EesJCAHjY4,https://www.facebook.com/MMForthePeople,https://www.instagram.com/forthepeople/,https://www.linkedin.com/company/morgan-&-morgan-llc,,,https://www.youtube.com/user/mmforthepeople,John Morgan,Founder,,John Morgan,John Morgan,https://www.linkedin.com/company/morgan-&-morgan-llc
C,Stephen Santucci,new york,"Law Offices of Stephen Santucci, PC - Immigration Law Practice",info@libertyportlaw.com,info@libertyportlaw.com,+1 718-448-4200,http://www.libertyportlaw.com,"1200 South Ave Ste 201, Staten Island, NY 10314, United States","https://www.google.com/maps/place/Law+Offices+of+Stephen+Santucci,+PC+-+Immigration+Law+Practice/data=!4m7!3m6!1s0x89c24cf3e10214a5:0xe1cb9c90c267977c!8m2!3d40.6099189!4d-74.179193!16s%2Fg%2F1vlqr39g!19sChIJpRQC4fNMwokRfJdnwpCcy-E",https://web.facebook.com/people/Law-Offices-of-Stephen-Santucci-Immigration-Law-Practice/61583698770536/?_rdc=1&_rdr#,https://www.instagram.com/lawofficesofstephensantucci/,https://www.linkedin.com/company/law-offices-of-stephen-santucci-p-c/?viewAsMember=true,,,,Stephen Santucci,Founder / Attorney at Law,,Stephen Santucci,Stephen Santucci,info@libertyportlaw.com
C,Richard M. Kenny,new york,The Law Office of Richard M. Kenny,,,+1 844-955-4338,https://www.rmkinjurylaw.com,"363 7th Ave 16th Floor, New York, NY 10001, United States",https://www.google.com/maps/place/The+Law+Office+of+Richard+M.+Kenny/data=!4m7!3m6!1s0x89c259af2c39895d:0x66a37069fbab00ed!8m2!3d40.7484743!4d-73.9920519!16s%2Fg%2F1td1wc4v!19sChIJXYk5LK9ZwokR7QCr-2lwo2Y,,,,,,,Richard M. Kenny,Founder / Trial Attorney,,Richard M. Kenny;James P. Lundy,Richard M. Kenny,https://www.facebook.com/RMKLaw/
C,Rajiv Syed,new york,"Rajiv Syed, Esq. - Residential and Commercial Best Landlord Tenant Lawyer in Queens, Jamaica, Flushing, Astoria",,,+1 718-570-9009,https://www.rajivsyedlaw.com,"61-43 186th St, Fresh Meadows, NY 11365, United States","https://www.google.com/maps/place/Rajiv+Syed,+Esq.+-+Residential+and+Commercial+Best+Landlord+Tenant+Lawyer+in+Queens,+Jamaica,+Flushing,+Astoria/data=!4m7!3m6!1s0x89c261b1988d33c5:0xa5b5027c66eb3902!8m2!3d40.739096!4d-73.787589!16s%2Fg%2F1q62g6cyv!19sChIJxTONmLFhwokRAjnrZnwCtaU",https://www.facebook.com/pages/Law-Offices-of-Rajiv-Syed/236083033145006,https://www.instagram.com/rajivsyedlawfirm/,,,,,Rajiv Syed,Founder / Principal Attorney,,Rajiv Syed;Civil Litigation,Rajiv Syed,https://www.instagram.com/rajivsyedlawfirm/
C,Lina Stillman,new york,Stillman Legal. P.C.,Info@StillmanLegalPC.com,Info@StillmanLegalPC.com;info@stillmanlegalpc.com,+1 212-832-1000,https://stillmanlegalpc.com,"42 Broadway 12th floor, New York, NY 10004, United States",https://www.google.com/maps/place/Stillman+Legal.+P.C./data=!4m7!3m6!1s0x89c25bc5261af9c7:0x71cdc370640b26f7!8m2!3d40.705974!4d-74.0126146!16s%2Fg%2F11h3pq8tvn!19sChIJx_kaJsVbwokR9yYLZHDDzXE,https://www.facebook.com/LuchaPorTusDerechosCom/,https://instagram.com/LuchaXTusDerechos,,,,https://www.youtube.com/channel/UCBJYgsE7wXuku58DOlE22tw,Lina Stillman,Founder / Attorney,,Lina Stillman,Lina Stillman,Info@StillmanLegalPC.com
C,Martin Mohr,new york,New York Family Law Group,help@newyorkfamilylawgroup.com,help@newyorkfamilylawgroup.com,+1 929-416-6832,https://www.newyorkfamilylawgroup.com,"932 Sheridan Ave, Bronx, NY 10451, United States",https://www.google.com/maps/place/New+York+Family+Law+Group/data=!4m7!3m6!1s0x89c2f4331d753d51:0xc34b7bbbec875fbe!8m2!3d40.8277543!4d-73.9202576!16s%2Fg%2F11cks907_6!19sChIJUT11HTP0wokRvl-H7Lt7S8M,https://www.facebook.com/NYFLG,https://www.instagram.com/nyfamilylawgroup/,https://www.linkedin.com/company/newyorkfamilylawgroup/,,,,,,,Martin Mohr;Ethan Steward,Martin Mohr,https://www.linkedin.com/company/newyorkfamilylawgroup/
C,,new york,"Kimmel & Silverman, P.C., New York Lemon Law Firm",,,+1 800-536-6652,https://www.lemonlaw.com/new-york,"1001 6th Ave 12th floor, New York, NY 10018, United States","https://www.google.com/maps/place/Kimmel+%26+Silverman,+P.C.,+New+York+Lemon+Law+Firm/data=!4m7!3m6!1s0x89c259abb7eb69e1:0x3305a95b07fd037c!8m2!3d40.7519978!4d-73.9865363!16s%2Fg%2F11f1kfgty1!19sChIJ4Wnrt6tZwokRfAP9B1upBTM",https://www.facebook.com/1800LemonLaw,,,,,https://www.youtube.com/user/1800lemonlaw,,,,,,
C,NYC Divorce,new york,"Cedeño Law Group, PLLC",,,+1 212-235-1382,https://www.nyc-divorces.com,"111 Broadway Ste 811, New York, NY 10006, United States","https://www.google.com/maps/place/Cede%C3%B1o+Law+Group,+PLLC/data=!4m7!3m6!1s0x89c25a17472f9cf5:0x80da6dd9d84a66cb!8m2!3d40.7085202!4d-74.0112133!16s%2Fg%2F11b5yrlm8x!19sChIJ9ZwvRxdawokRy2ZK2Nlt2oA",https://www.facebook.com/Peter-L-Cede%C3%B1o-Associates-PC-713362002089828/,,https://www.linkedin.com/company/perez-&-cede-o-p-c-/,,,,,,,NYC Divorce,NYC Divorce,https://www.linkedin.com/company/perez-&-cede-o-p-c-/
C,,new york,"Queens Personal Injury Attorney at Law, Brandon J. Broderick",,,+1 877-640-5611,https://www.brandonjbroderick.com/new-york/personal-injury-lawyer-queens,"110-20 Jamaica Ave #2h, Jamaica, NY 11418, United States","https://www.google.com/maps/place/Queens+Personal+Injury+Attorney+at+Law,+Brandon+J.+Broderick/data=!4m7!3m6!1s0x89c2597fdae8a725:0x4f0122cab3742db3!8m2!3d40.6964298!4d-73.8372958!16s%2Fg%2F11h2n8r4t8!19sChIJJafo2n9ZwokRsy10s8oiAU8",https://www.facebook.com/BrandonJBroderick,https://www.instagram.com/brandonjbroderick/,,,,https://www.youtube.com/channel/UCY-8Vsul9WFmV98Obh5CxRQ,,,,,,
C,David Beck,new york,"Beck, P.C.",info@becklawny.com,info@becklawny.com,+1 516-388-7785,https://becklawny.com,"71-19 80th St Suite 8-206, Glendale, NY 11385, United States","https://www.google.com/maps/place/Beck,+P.C./data=!4m7!3m6!1s0x89c25fa3e9e83257:0x7631659a52e515a2!8m2!3d40.7075293!4d-73.8687375!16s%2Fg%2F11h3l33klg!19sChIJVzLo6aNfwokRohXlUpplMXY",https://www.facebook.com/Becklawny/,https://www.instagram.com/becklawyers/;https://www.instagram.com/p/DaRU85ss6s7/;https://www.instagram.com/reel/DV88D2WkSn7/;https://www.instagram.com/reel/DZc8VTaN7sD/;https://www.instagram.com/reel/DZm--e8vc7U/;https://www.instagram.com/reel/DZsPV--vnwH/;https://www.instagram.com/reel/DanYMzNN3pJ/,,,https://www.tiktok.com/@beck_law?_t=ZP-90Yc7bmFHsU&_r=1,,David Beck,Founder and Managing Attorney,,Brooklyn Ceiling;David Beck;Boris Pinto,David Beck,Info@Becklawny.com
C,Brandon J. Broderick,new york,"Bronx Personal Injury Attorney at Law, Brandon J. Broderick",,,+1 877-329-1762,https://www.brandonjbroderick.com/new-york/personal-injury-lawyer-bronx,"2451 White Plains Rd #1, Bronx, NY 10467, United States","https://www.google.com/maps/place/Bronx+Personal+Injury+Attorney+at+Law,+Brandon+J.+Broderick/data=!4m7!3m6!1s0x89c2f52b987dd3ed:0x4f1e95d2bf554de3!8m2!3d40.8630265!4d-73.8677028!16s%2Fg%2F11rmrq89r3!19sChIJ7dN9mCv1wokR401Vv9KVHk8",https://www.facebook.com/BrandonJBroderick,https://www.instagram.com/brandonjbroderick/,,,,https://www.youtube.com/channel/UCY-8Vsul9WFmV98Obh5CxRQ,Brandon J. Broderick,Founder / Principal Attorney,,Brandon J. Broderick,Brandon J. Broderick,https://twitter.com/bjbroderick
C,Evan W. Kohn,new york,Law Office Of Evan W. Kohn,info@bronxlawfirm.net,info@bronxlawfirm.net,+1 718-550-2130,https://bronxlawfirm.net,"2000 White Plains Rd, Bronx, NY 10462, United States",https://www.google.com/maps/place/Law+Office+Of+Evan+W.+Kohn/data=!4m7!3m6!1s0x89c2f498f046456d:0x85af5211574434b7!8m2!3d40.8501113!4d-73.8675578!16s%2Fg%2F1tcws1v0!19sChIJbUVG8Jj0wokRtzREVxFSr4U,https://www.facebook.com/profile.php?id=100063831072658,,,,,https://www.youtube.com/@LawOfficesofEvanWKohn,Evan W. Kohn,Founder / Owner (Personal Injury Attorney),,Evan W. Kohn;New Jersey;National Academy;Birdeye Best,Evan W. Kohn,https://www.facebook.com/profile.php?id=100063831072658
C,Simon Goldenberg,new york,"Law Office of Simon Goldenberg, PLLC",,,+1 347-640-4357,http://www.goldenbergfirm.com,"258 Highlawn Ave 1st Floor, Brooklyn, NY 11223, United States","https://www.google.com/maps/place/Law+Office+of+Simon+Goldenberg,+PLLC/data=!4m7!3m6!1s0x89c25a54cd569013:0x60d8c06a8fe6995f!8m2!3d40.6035241!4d-73.9762306!16s%2Fg%2F1tgfr0_l!19sChIJE5BWzVRawokRX5nmj2rA2GA",https://www.facebook.com/debtlawyers,,https://www.linkedin.com/pub/simon-goldenberg/34/b6a/2b4,,,https://www.youtube.com/channel/UCNO9OMku9jcE28635O6toLg?feature=watch,Simon Goldenberg,Founder / Owner (Debt Relief & Bankruptcy Attorney),,Simon Goldenberg,Simon Goldenberg,https://twitter.com/SGoldenbergPLLC
C,Joseph A. Fitapelli,new york,"Fitapelli & Schaffer, LLP NYC Employment Lawyers",,,+1 212-300-0375,http://www.fslawfirm.com,"28 Liberty St, New York, NY 10005, United States","https://www.google.com/maps/place/Fitapelli+%26+Schaffer,+LLP+NYC+Employment+Lawyers/data=!4m7!3m6!1s0x89c25907e549e255:0x5d2587930a8490e1!8m2!3d40.7078315!4d-74.0087358!16s%2Fg%2F1tdwfvkj!19sChIJVeJJ5QdZwokR4ZCECpOHJV0",https://www.facebook.com/FSLawFirm,https://www.instagram.com/fitapelliandschaffer/,https://www.linkedin.com/company/fitapelli-and-schaffer-llp,,,,Joseph A. Fitapelli,Partner / Co-Founder,,Joseph A. Fitapelli;Brian S. Schaffer,Joseph A. Fitapelli,https://www.linkedin.com/company/fitapelli-and-schaffer-llp
C,David I. Pankin,new york,"David I. Pankin, P.C.",,,+1 718-243-2444,https://www.debtlawyer.com/our-locations/brooklyn-bankruptcy-foreclosure-attorneys,"48 Willoughby St 2nd floor, Brooklyn, NY 11201, United States","https://www.google.com/maps/place/David+I.+Pankin,+P.C./data=!4m7!3m6!1s0x89c25a4b91bc5fb7:0x6f81879f2e7cd3e0!8m2!3d40.6920098!4d-73.986913!16s%2Fg%2F1tgnbjl3!19sChIJt1-8kUtawokR4NN8Lp-HgW8",https://www.facebook.com/pg/davidipankinpc/videos/,,https://www.linkedin.com/company/david-i-pankin-p-c-/,,,,David I. Pankin,Founder / Principal Attorney,,David I. Pankin,David I. Pankin,https://www.linkedin.com/company/david-i-pankin-p-c-/
C,Arkady Frekhtman,new york,Frekhtman & Associates,,,+1 718-331-7700,https://866attylaw.com/brooklyn,"60 Bay 26th St, Brooklyn, NY 11214, United States",https://www.google.com/maps/place/Frekhtman+%26+Associates/data=!4m7!3m6!1s0x89c2450918816abd:0x4c780b8748b80ddc!8m2!3d40.602691!4d-73.9982161!16s%2Fg%2F1tdcx_jr!19sChIJvWqBGAlFwokR3A24SIcLeEw,https://www.facebook.com/866attylawBronx/,https://www.instagram.com/attorneyarkady/,,,,https://www.youtube.com/channel/UCrLIT4CfYQqZnGhI1B2R5wQ?sub_confirmation=1,Arkady Frekhtman,Founding Partner / Attorney,,,Arkady Frekhtman,https://www.facebook.com/866attylawBronx/
C,Peter Rosenberg,new york,"Rosenberg, Minc, Falkoff & Wolff, LLP",info@rmfwlaw.com,info@rmfwlaw.com,+1 212-697-9280,https://rmfwlaw.com,"122 E 42nd St #3800, New York, NY 10168, United States","https://www.google.com/maps/place/Rosenberg,+Minc,+Falkoff+%26+Wolff,+LLP/data=!4m7!3m6!1s0x89c25903ce155677:0x2ce5ce922c6abb29!8m2!3d40.7511977!4d-73.976591!16s%2Fg%2F1tcwxn18!19sChIJd1YVzgNZwokRKbtqLJLO5Sw",https://www.facebook.com/NYCAccident,https://www.instagram.com/nycpersonalinjurylaw/,,https://www.yelp.com/biz/rosenberg-minc-falkoff-and-wolff-new-york-8,,https://www.youtube.com/channel/UCHeALI8jEoOyG2nhKD-PEWQ,Peter Rosenberg,Partner,,Peter Rosenberg;Daniel C. Minc;Steven C. Falkoff;Robert H. Wolff;Gary A. Silverstein,Peter Rosenberg,https://www.facebook.com/NYCAccident
C,Morris J. Newman,new york,"The Newman Firm, LLP",,,+1 718-896-2700,https://www.nyaccidentcase.com,"95-25 Queens Blvd 11th FL, Rego Park, NY 11374, United States","https://www.google.com/maps/place/The+Newman+Firm,+LLP/data=!4m7!3m6!1s0x89c25e364e925c6b:0xce689cfdfdca4a99!8m2!3d40.730836!4d-73.863133!16s%2Fg%2F1thtqj0d!19sChIJa1ySTjZewokRmUrK_f2caM4",https://www.facebook.com/NANLawFirm,,https://www.linkedin.com/authwall?trk=bf&trkInfo=AQFn38XHAp0SAQAAAZJ-NaGozEPTKbhIfR0uUF6SB7hKrj-hE6MT6CO55Goel2loswyVKi9fU_kYGB1_xg8EOow9p21bBpE_efrbvz4aA0ufzMmCIPitFSgsnLuij8FYDgx1JNE=&original_referer=&sessionRedirect=https%3A%2F%2Fwww.linkedin.com%2Fcompany%2Fnewman-anzalone-%26-newman-llp%2Fabout,https://www.yelp.com/biz/newman-anzalone-and-newman-queens-2,,,Morris J. Newman,Principal Attorney / Partner,,Morris J. Newman;Gregory S. Newman,Morris J. Newman,https://x.com/NANLawFirm
C,Frank Bruno Jr.,new york,"Law Office of Frank Bruno, Jr.",,,+1 718-418-5000,https://www.frankbrunolaw.com,"69-09 Myrtle Ave, Glendale, NY 11385, United States","https://www.google.com/maps/place/Law+Office+of+Frank+Bruno,+Jr./data=!4m7!3m6!1s0x89c25f1dce2ac855:0xf6246f3ddbb4b7ea!8m2!3d40.7019424!4d-73.8824781!16s%2Fg%2F11h51c_h0_!19sChIJVcgqzh1fwokR6re02z1vJPY",,,,,,,Frank Bruno Jr.,Founder / Owner,,Frank Bruno Jr.;K. Sebastian Karczmarczyk,Frank Bruno Jr.,https://twitter.com/_frankbrunolaw
C,Albert Y. Dayan,new york,DAYAN LAW LLP,,,+1 718-268-9400,http://dayanlaw.co,"80-02 Kew Gardens Rd #902, Kew Gardens, NY 11415, United States",https://www.google.com/maps/place/DAYAN+LAW+LLP/data=!4m7!3m6!1s0x89c2609807c9ddc7:0x662394d636b51041!8m2!3d40.7136382!4d-73.8312384!16s%2Fg%2F1tht2ckl!19sChIJx93JB5hgwokRQRC1NtaUI2Y,,,,,,,Albert Y. Dayan,Attorney at Law / Owner,,Albert Y. Dayan,Albert Y. Dayan,https://www.instagram.com/dayanlaw.co/
C,Joseph H. Nivin,new york,"The Law Offices of Joseph H. Nivin, P.C.",,,+1 347-657-6271,https://www.nivinlaw.com,"118-35 Queens Blvd Ste 1220A, Forest Hills, NY 11375, United States","https://www.google.com/maps/place/The+Law+Offices+of+Joseph+H.+Nivin,+P.C./data=!4m7!3m6!1s0x89c259017551b6d5:0xf15adaa3ffdb3c16!8m2!3d40.7147939!4d-73.8311815!16s%2Fg%2F11b5qs9p06!19sChIJ1bZRdQFZwokRFjzb_6PaWvE",https://www.facebook.com/people/The-Law-Offices-of-Joseph-H-Nivin-PC/100063562871915/,https://www.instagram.com/nivinfamilylaw?igsh=MXRqbmRrNWJmb2VyYg==,,,https://www.tiktok.com/@nivinlaw,https://www.youtube.com/@JosephHNivin;https://www.youtube.com/channel/UC7OP6TCzT-jEyIAAZQNs21w/videos,Joseph H. Nivin,Principal / Founding Attorney,,Joseph H. Nivin;John Teufel,Joseph H. Nivin,https://twitter.com/nivinlaw
C,Jeffrey Stillman,new york,Stillman & Stillman PC,,,+1 718-828-1400,https://www.stillmanstillmanlaw.com,"2622 E Tremont Ave, Bronx, NY 10461, United States",https://www.google.com/maps/place/Stillman+%26+Stillman+PC/data=!4m7!3m6!1s0x89c2f4b23e5fb801:0x77ddd4810e07d2d5!8m2!3d40.8429342!4d-73.846521!16s%2Fg%2F1tf_ts_f!19sChIJAbhfPrL0wokR1dIHDoHU3Xc,https://www.facebook.com/p/Stillman-Stillman-100083635749080,https://www.instagram.com/stillmanandstillman/,https://www.linkedin.com/,,,https://www.youtube.com/@stillmanandstillmanlaw,Jeffrey Stillman,Owner and Principal Attorney,,Jeffrey Stillman;Stillman & Stillman P.C.;Robert Birnbaum,Jeffrey Stillman,https://www.linkedin.com/
C,William J. Golding,new york,The Law Offices Of William J Golding Pc,INFO@WJGESQ.COM,INFO@WJGESQ.COM;info@wjgesq.com,+1 718-227-5260,http://wjgesq.com,"74 Lincoln Ave, Staten Island, NY 10306, United States",https://www.google.com/maps/place/The+Law+Offices+Of+William+J+Golding+Pc/data=!4m7!3m6!1s0x89c24eb2264cf9bb:0xfc3c1553c1d297f6!8m2!3d40.579916!4d-74.110172!16s%2Fg%2F11b8v752d2!19sChIJu_lMJrJOwokR9pfSwVMVPPw,https://www.facebook.com/njnyrealestateattorney/,https://www.instagram.com/wjgesqnynj/,https://www.linkedin.com/company/the-law-offices-of-william-j.-golding-p.c./about/,,,,William J. Golding,Founding Attorney / Owner,,William J. Golding,William J. Golding,info@wjgesq.com
C,Seni Popat,new york,"Law Office of Seni Popat, P.C. – Queens Personal Injury & Car Accident Lawyers",,,+1 718-395-5671,https://www.splawpc.com/jamaica-ny,"134-02 Liberty Ave Ste 2BF, South Richmond Hill, NY 11419, United States","https://www.google.com/maps/place/Law+Office+of+Seni+Popat,+P.C.+%E2%80%93+Queens+Personal+Injury+%26+Car+Accident+Lawyers/data=!4m7!3m6!1s0x89c2671ea3ebdf2f:0x6c55f5dc6693217e!8m2!3d40.691162!4d-73.812405!16s%2Fg%2F11r2rjy1vx!19sChIJL9_rox5nwokRfiGTZtz1VWw",https://www.facebook.com/lawofficeofsenipopat/,https://www.instagram.com/newyork.attorney/?hl=en,,https://www.yelp.com/biz/law-office-of-seni-popat-pc-queens-village,,,Seni Popat,Founder / Lead Litigation Attorney,,Seni Popat;Michael Gulotta,Seni Popat,https://twitter.com/Senilaw
C,Ruben Davidoff,new york,Davidoff Law Personal Injury Lawyers - Queens NY,,,+1 718-737-7657,https://www.lawfirmdavidoff.com,"75-60 188th St, Flushing, NY 11366, United States",https://www.google.com/maps/place/Davidoff+Law+Personal+Injury+Lawyers+-+Queens+NY/data=!4m7!3m6!1s0x89c261880e7b0739:0x527cc748075aaf45!8m2!3d40.729575!4d-73.7816704!16s%2Fg%2F11xcgh7pfg!19sChIJOQd7DohhwokRRa9aB0jHfFI,https://www.facebook.com/DavidoffLawFirm/;https://www.facebook.com/profile.php?id=61565608134526,https://www.instagram.com/davidofflaw/,https://www.linkedin.com/company/the-law-firm-of-davidoff-&-associates/,,https://www.tiktok.com/@davidofflaw,,Ruben Davidoff,Founder and Managing Attorney,,Ruben Davidoff;Pryanka Arora;Mark Getzoni,Ruben Davidoff,https://www.instagram.com/davidofflaw/
C,Steven J. Colon,new york,Colon & Villaplana LLP,info@cvbllp.com,info@cvbllp.com,+1 646-556-6620,https://www.colonvillaplana.com,"2861 Bruckner Blvd Ste 2, Bronx, NY 10465, United States",https://www.google.com/maps/place/Colon+%26+Villaplana+LLP/data=!4m7!3m6!1s0x89c28b4e37ce17e7:0x55b61445a0df93ab!8m2!3d40.8327586!4d-73.8297001!16s%2Fg%2F1pw3wwc16!19sChIJ5xfON06LwokRq5PfoEUUtlU,https://www.facebook.com/cvllp/,https://www.instagram.com/colon_villaplana_llp/,,,,https://www.youtube.com/channel/UCBHOv4aN4YR5JxBMQI81MCA,Steven J. Colon,Partner,,Steven J. Colon;Jessica Villaplana,Steven J. Colon,info@cvbllp.com
C,Muhammad Usman Malik,new york,AM Law Group LLP,info@amgroupllp.com,info@amgroupllp.com,+1 718-569-9000,https://amgroupllp.com,"189-10 Hillside Ave. Fl 2, Hollis, NY 11423, United States",https://www.google.com/maps/place/AM+Law+Group+LLP/data=!4m7!3m6!1s0x89c2611ed15fb253:0x2ea82e079dd83d8a!8m2!3d40.715354!4d-73.7722485!16s%2Fg%2F11ttbdqtct!19sChIJU7Jf0R5hwokRij3YnQcuqC4,https://www.facebook.com/amgroupllp/,https://www.instagram.com/amgroupllp/,,,,,Muhammad Usman Malik,Principal Attorney,,Muhammad Usman Malik,Muhammad Usman Malik,https://www.facebook.com/amgroupllp/
C,Pauline Yeung-Ha,new york,"Grimaldi Yeung Law Group, LLP",info@gylawny.com,info@gylawny.com,+1 718-238-6960,http://www.gylawny.com,"652 4th Ave, Brooklyn, NY 11232, United States","https://www.google.com/maps/place/Grimaldi+Yeung+Law+Group,+LLP/data=!4m7!3m6!1s0x89c24f89fe749bcb:0xce9ceb906012c9f4!8m2!3d40.6640762!4d-73.9946874!16s%2Fg%2F1tj5rn62!19sChIJy5t0_olPwokR9MkSYJDrnM4",https://www.facebook.com/GYLawNY/,,https://www.linkedin.com/company/grimaldi-&-yeung/,,,https://www.youtube.com/channel/UCOLQepVCUXMlhuGvFtajJ6Q,Pauline Yeung-Ha,Partner / Name Partner,,Pauline Yeung-Ha;Judith D. Grimaldi;David I. Kronenberg,Pauline Yeung-Ha,https://www.linkedin.com/company/grimaldi-&-yeung/
C,Mariya Aminov,new york,"Aminov Law Group, P.C.",info@aminovlawgroup.com,info@aminovlawgroup.com,+1 718-874-6465,https://aminovlawgroup.com,"70-20 Austin St Apt 117, Forest Hills, NY 11375, United States","https://www.google.com/maps/place/Aminov+Law+Group,+P.C./data=!4m7!3m6!1s0x89c25f4937a9bbb3:0x2cb5c089d0302c34!8m2!3d40.7206235!4d-73.8465457!16s%2Fg%2F11nx2xm2l4!19sChIJs7upN0lfwokRNCww0InAtSw",https://www.facebook.com/,,,,,,Mariya Aminov,Founder / Principal Attorney,,Mariya Aminov,Mariya Aminov,info@aminovlawgroup.com
C,Natalie Markfeld,new york,Natalie Markfeld Law,,,+1 718-569-8618,https://www.markfeldlaw.com,"61-43 186th St, Fresh Meadows, NY 11365, United States",https://www.google.com/maps/place/Natalie+Markfeld+Law/data=!4m7!3m6!1s0x89c261156de65a81:0x1ef1a2d9353356cc!8m2!3d40.7390913!4d-73.7876356!16s%2Fg%2F11jkwtg6y7!19sChIJgVrmbRVhwokRzFYzNdmi8R4,https://www.facebook.com/Markfeld-Law-109556627508948/,,,,,,Natalie Markfeld,Founding Partner,,Natalie Markfeld,Natalie Markfeld,https://www.facebook.com/Markfeld-Law-109556627508948/
C,Ruben Davidoff,new york,Davidoff Law Personal Injury Lawyers - Manhattan New York Office,,,+1 929-499-2533,https://www.lawfirmdavidoff.com/new-york-city-personal-injury-lawyer,"60 E 42nd St Suite 1720, New York, NY 10165, United States",https://www.google.com/maps/place/Davidoff+Law+Personal+Injury+Lawyers+-+Manhattan+New+York+Office/data=!4m7!3m6!1s0x89c25913f2253135:0x7e4d9f0c9707b895!8m2!3d40.7523715!4d-73.9786454!16s%2Fg%2F11vwn_7nhz!19sChIJNTEl8hNZwokRlbgHlwyfTX4,https://www.facebook.com/DavidoffLawFirm/;https://www.facebook.com/profile.php?id=61565608134526,https://www.instagram.com/davidofflaw/,https://www.linkedin.com/company/the-law-firm-of-davidoff-&-associates/,,https://www.tiktok.com/@davidofflaw,,Ruben Davidoff,Founder and Managing Attorney,,Ruben Davidoff;Pryanka Arora;Mark Getzoni,Ruben Davidoff,https://www.instagram.com/davidofflaw/
C,Lowrance Fisher,new york,"Fisher Stone, P.C.",,,+1 718-550-5910,https://fisherstonelaw.com,"88 Suydam St Ste A, Brooklyn, NY 11221, United States","https://www.google.com/maps/place/Fisher+Stone,+P.C./data=!4m7!3m6!1s0x89c25c0f4fd3ffbf:0xdcbda34981e3809c!8m2!3d40.697437!4d-73.92953!16s%2Fg%2F11f57n390l!19sChIJv__TTw9cwokRnIDjgUmjvdw",https://www.facebook.com/fisherstonelaw/,https://www.instagram.com/fisherstonelaw/,https://www.linkedin.com/company/fisher-stone-law/,,https://www.tiktok.com/@fisherstonelaw,https://www.youtube.com/channel/UCT2N5Ai4y55_91eMfs8ptiw,Lowrance Fisher,Founding Partner,,Lowrance Fisher;Gregory Stone;Jessica Yakubov,Lowrance Fisher,https://www.linkedin.com/company/fisher-stone-law/
C,Alex Shulman,new york,Shulman & Hill - Queens Personal Injury Lawyer,,,+1 917-688-3226,https://shulman-hill.com/queens/personal-injury-lawyer,"92-03 Jamaica Ave, Woodhaven, NY 11421, United States",https://www.google.com/maps/place/Shulman+%26+Hill+-+Queens+Personal+Injury+Lawyer/data=!4m7!3m6!1s0x89c25d415b876f1f:0x36b9f17ac912c35a!8m2!3d40.6935212!4d-73.8530452!16s%2Fg%2F11qpc_hjbz!19sChIJH2-HW0FdwokRWsMSyXrxuTY,https://www.facebook.com/ShulmanHillNYLegal,https://www.instagram.com/shulmanhill_law/,https://www.linkedin.com/company/shulman-&-hill/,,,https://www.youtube.com/@ShulmanHillLaw,Alex Shulman,Founding Partner & General Counsel,,Alex Shulman;JJ Hill;David Schleider,Alex Shulman,https://www.linkedin.com/company/shulman-&-hill/
C,James Newman,new york,James Newman P.C.,,,+1 718-823-3122,https://www.jamesnewmanlaw.com,"2815 Waterbury Ave, Bronx, NY 10461, United States",https://www.google.com/maps/place/James+Newman+P.C./data=!4m7!3m6!1s0x89c28b492946ff19:0x1862b2ffbbac044b!8m2!3d40.8370183!4d-73.8333897!16s%2Fg%2F1tgnsl8n!19sChIJGf9GKUmLwokRSwSsu_-yYhg,https://www.facebook.com/JamesNewmanlaw/,,https://www.linkedin.com/company/james-newman-pc/about/,,,,James Newman,Founding Partner,,James Newman;Devin Newman,James Newman,https://www.linkedin.com/company/james-newman-pc/about/
C,Matthew S. Porges,new york,"Law Office of Matthew S. Porges, Esq.",,,+1 718-673-2578,http://www.mspesq.com,"32 Court Street Suite 904, Brooklyn, NY 11201, United States","https://www.google.com/maps/place/Law+Office+of+Matthew+S.+Porges,+Esq./data=!4m7!3m6!1s0x89c25a33c8ef7855:0x33be9cecc3a5b30e!8m2!3d40.6766091!4d-73.9805925!16s%2Fg%2F1th4b9lc!19sChIJVXjvyDNawokRDrOlw-ycvjM",,,,,,,Matthew S. Porges,Owner / Founding Attorney,,Matthew S. Porges,Matthew S. Porges,https://www.facebook.com/mspesq/
C,Arkady Frekhtman,new york,Frekhtman & Associates,,,+1 212-222-1111,https://866attylaw.com/brooklyn,"1791 Fulton St, Brooklyn, NY 11233, United States",https://www.google.com/maps/place/Frekhtman+%26+Associates/data=!4m7!3m6!1s0x89c25c70f4591053:0xb2884b175493b74d!8m2!3d40.6793543!4d-73.9274184!16s%2Fg%2F11g8_36h21!19sChIJUxBZ9HBcwokRTbeTVBdLiLI,https://www.facebook.com/866attylawBronx/,https://www.instagram.com/attorneyarkady/,,,,https://www.youtube.com/channel/UCrLIT4CfYQqZnGhI1B2R5wQ?sub_confirmation=1,Arkady Frekhtman,Owner / Founding Partner,,,Arkady Frekhtman,https://www.facebook.com/866attylawBronx/
C,Eliot M. Wolf,new york,Wolf & Fuhrman LLP,,,+1 718-293-0980,https://www.wolfandfuhrman.com,"1453 Webster Ave, Bronx, NY 10456, United States",https://www.google.com/maps/place/Wolf+%26+Fuhrman+LLP/data=!4m7!3m6!1s0x89c2f44400648569:0xba9f47c26367183f!8m2!3d40.8377713!4d-73.9066911!16s%2Fg%2F1tdbxpp5!19sChIJaYVkAET0wokRPxhnY8JHn7o,https://www.facebook.com/wolfandfuhrmanlaw,,https://www.linkedin.com/company/wolf-&-fuhrman-llp/about/,,,,Eliot M. Wolf,Co-founding Partner / Attorney,,Eliot M. Wolf;Marvin D. Fuhrman;Carole M. Moskowitz,Eliot M. Wolf,https://twitter.com/wolffuhrmanlaw
C,Alfred Polizzotto III,new york,"The Law Offices of Polizzotto & Polizzotto, LLC",,,+1 718-304-5416,https://www.polizzotto.com,"6911 18th Ave, Brooklyn, NY 11204, United States","https://www.google.com/maps/place/The+Law+Offices+of+Polizzotto+%26+Polizzotto,+LLC/data=!4m7!3m6!1s0x89c2451843157917:0x1e2129c9e36a534e!8m2!3d40.6164269!4d-73.9925227!16s%2Fg%2F1tgd7flr!19sChIJF3kVQxhFwokRTlNq48kpIR4",https://www.facebook.com/polizzottolaw/,https://www.instagram.com/polizzottolaw/,https://www.linkedin.com/company/polizzotto-&-polizzotto,,,,Alfred Polizzotto III,Founder / Attorney,,Alfred Polizzotto III;Jensen L. Polizzotto,Alfred Polizzotto III,https://www.linkedin.com/company/polizzotto-&-polizzotto
C,Arthur H. Forman,new york,Arthur Forman Attorney,,,+1 718-268-2616,http://www.queenslaborlawyer.com,"98-20 Metropolitan Ave, Forest Hills, NY 11375, United States",https://www.google.com/maps/place/Arthur+Forman+Attorney/data=!4m7!3m6!1s0x89c25e10a108852f:0x1e4187cd42345b29!8m2!3d40.7108046!4d-73.8540195!16s%2Fg%2F1td1qtcf!19sChIJL4UIoRBewokRKVs0Qs2HQR4,,,,,,,Arthur H. Forman,Managing Partner / Owner,,Arthur H. Forman,Arthur H. Forman,mail@ahforman.com
C,Elliot Green,new york,Elliot Green Custody Lawyers,,,+1 718-260-8668,https://www.elliotgreenlaw.com,"32 Court St #404, Brooklyn, NY 11201, United States",https://www.google.com/maps/place/Elliot+Green+Custody+Lawyers/data=!4m7!3m6!1s0x89c25a49249a280b:0x7c256c49959b755!8m2!3d40.6929654!4d-73.991082!16s%2Fg%2F1thtqhy7!19sChIJCyiaJElawokRVbdZmcRWwgc,https://www.facebook.com/pages/Elliot-Green-Law-Offices/509168345817927,,http://www.linkedin.com/profile/view?id=276766024&trk=nav_responsive_tab_profile,,,https://www.youtube.com/channel/UCjFiaES5DuF1Z75n0rHi2CA,Elliot Green,Founder / Attorney,,Elliot Green,Elliot Green,https://twitter.com/Brooklyn_Lawyer
C,Laurie Berke-Weiss,new york,Berke-Weiss Law PLLC,info@berkeweisslaw.com,info@berkeweisslaw.com,+1 212-888-2680,http://www.berkeweisslaw.com,"150 E 52nd St Suite 21002, New York, NY 10022, United States",https://www.google.com/maps/place/Berke-Weiss+Law+PLLC/data=!4m7!3m6!1s0x89c259ab32378fb3:0xb91a7362c8553f9b!8m2!3d40.7572285!4d-73.9707207!16s%2Fg%2F11b6x4rhdn!19sChIJs483MqtZwokRmz9VyGJzGrk,https://www.facebook.com/BerkeWeissLaw/,https://www.instagram.com/pregnancyprojectny/?hl=en,https://www.linkedin.com/company/berkeweisslaw,,,,Laurie Berke-Weiss,Founder / Principal Attorney,,Laurie Berke-Weiss;Rosa Aliberti;Alexandra T. Berke,Laurie Berke-Weiss,info@berkeweisslaw.com
C,ABout TRAFFIC,new york,New York Traffic ticket lawyers,info@trafficlawyersbronx.com,info@trafficlawyersbronx.com,+1 646-388-4871,https://trafficlawyersbronx.com,"1 Fordham Plaza #502, Bronx, NY 10458, United States",https://www.google.com/maps/place/New+York+Traffic+ticket+lawyers/data=!4m7!3m6!1s0x80c32bcfd3c9d545:0x32b73870c8cde4bc!8m2!3d40.8607248!4d-73.8901571!16s%2Fg%2F11ssk3cl10!19sChIJRdXJ088rw4ARvOTNyHA4tzI,https://www.facebook.com/New-York-Traffic-Ticket-Lawyers-101933098077763,https://www.instagram.com/nytrafficlawyers/,,,,https://www.youtube.com/channel/UCoYOwxbDsdRknEklQHKqkdw/about,ABout TRAFFIC,,,,ABout TRAFFIC,https://www.facebook.com/New-York-Traffic-Ticket-Lawyers-101933098077763
C,Gary S. Basso,new york,"Gary S. Basso, Esq.",info@bassolawny.com,info@bassolawny.com,+1 718-931-1220,https://nyprobate.com,"1937 Williamsbridge Rd, Bronx, NY 10461, United States","https://www.google.com/maps/place/Gary+S.+Basso,+Esq./data=!4m7!3m6!1s0x89c2f4a7d5b62f0f:0xa2b5ed74bf39007!8m2!3d40.852938!4d-73.8537617!16s%2Fg%2F1tr7k9z5!19sChIJDy-21af0wokRB5DzS9deKwo",https://www.facebook.com/Velella-Basso-102264201498605,,https://www.linkedin.com/company/velella-&-basso/,,,,Gary S. Basso,Founding Attorney,,Gary S. Basso;Gregory D. Basso;Michael L. Mangini,Gary S. Basso,info@bassolawny.com
C,Mark Gadeloff,new york,Vio-Correct,Contact@viocorrect.com,Contact@viocorrect.com;contact@viocorrect.com,+1 347-856-7218,http://www.viocorrect.com,"1525 E 10th St, Brooklyn, NY 11230, United States",https://www.google.com/maps/place/Vio-Correct/data=!4m7!3m6!1s0x89c245bc75dbece3:0x3b25deeeedaae37b!8m2!3d40.611803!4d-73.96342!16s%2Fg%2F11s_x_96d9!19sChIJ4-zbdbxFwokRe-Oq7e7eJTs,,https://www.instagram.com/therealviolationexperts/,https://www.linkedin.com/company/80564978/,,,https://www.youtube.com/channel/UC7yqeiIndHsNQUO8S48szxw,Mark Gadeloff,NYC Property Violation Specialist / Owner,,Mark Gadeloff,Mark Gadeloff,Contact@viocorrect.com
C,John S. Park,new york,Park & Nguyen Attorney At Law,,,+1 718-514-7886,https://www.bankruptcylawyerbronx.com,"1809 Paulding Ave Fl 2, Bronx, NY 10462, United States",https://www.google.com/maps/place/Park+%26+Nguyen+Attorney+At+Law/data=!4m7!3m6!1s0x89c2f4a5b00c8725:0xd8f63e8d9834d13d!8m2!3d40.8486468!4d-73.8557885!16s%2Fg%2F1td7v39q!19sChIJJYcMsKX0wokRPdE0mI0-9tg,,,,,,,John S. Park,Founding Partner / Principal,,John S. Park;Peter T. Nguyen,John S. Park,
C,Juliet Cohen,new york,"Law Offices of Juliet Cohen, P. C.",,,+1 718-544-5500,http://nyestateplan.com,"105-19 Metropolitan Ave, Forest Hills, NY 11375, United States","https://www.google.com/maps/place/Law+Offices+of+Juliet+Cohen,+P.+C./data=!4m7!3m6!1s0x89c25e1c0a25ae57:0x29428ad0b09f431f!8m2!3d40.710143!4d-73.847659!16s%2Fg%2F11bw7dgfgq!19sChIJV64lChxewokRH0OfsNCKQik",https://www.facebook.com/JulietCohenEsq/,https://www.instagram.com/nyestateplan/,,,,,Juliet Cohen,Founding Partner / Owner,,Juliet Cohen;Anmei Gomez;Kheshendra Harkishun,Juliet Cohen,https://www.facebook.com/JulietCohenEsq/
C,Russell L. Low,new york,Low & Low Lawyers,info@lowbankruptcy.com,info@lowbankruptcy.com,+1 201-343-4040,http://www.lowbankruptcy.com,"440 56th St, West New York, NJ 07093, United States",https://www.google.com/maps/place/Low+%26+Low+Lawyers/data=!4m7!3m6!1s0x89c258109976e6ad:0x9069cf1f8e0acc50!8m2!3d40.7863467!4d-74.0176357!16s%2Fg%2F1tj46ttw!19sChIJreZ2mRBYwokRUMwKjh_PaZA,https://www.facebook.com/Low-Low-Bankruptcy-Lawyers-128314757225748/,,,,,https://www.youtube.com/channel/UCahINcibtZKw-7sbJAVoSRA;https://www.youtube.com/watch?v=lbhrKNBaTLc&rel=0,Russell L. Low,Attorney / Partner (Low & Low),,Russell L. Low,Russell L. Low,info@lowbankruptcy.com
C,Jay S. Knispel,new york,Law Offices of Jay S. Knispel Personal Injury Lawyers - New York City,info@jknylaw.com,info@jknylaw.com,+1 516-715-5944,https://jknylaw.com,"450 7th Ave Suite 1605, New York, NY 10123, United States",https://www.google.com/maps/place/Law+Offices+of+Jay+S.+Knispel+Personal+Injury+Lawyers+-+New+York+City/data=!4m7!3m6!1s0x89c259ac20927379:0xaa3acd8da496ab2e!8m2!3d40.7513609!4d-73.9905976!16s%2Fg%2F1td1fb56!19sChIJeXOSIKxZwokRLquWpI3NOqo,https://www.facebook.com/jayknispelpersonalinjury,,,,,,Jay S. Knispel,Founding Partner,,Jay S. Knispel;AV Preemium,Jay S. Knispel,https://www.facebook.com/jayknispelpersonalinjury
C,David I. Pankin,new york,"David I. Pankin, P.C.",,,+1 212-465-0860,https://www.debtlawyer.com/our-locations/nyc-bankruptcy-foreclosure-attorneys,"49 W 37th St 7th Floor, New York, NY 10018, United States","https://www.google.com/maps/place/David+I.+Pankin,+P.C./data=!4m7!3m6!1s0x89c25900d007b02b:0x37970e747e8a389a!8m2!3d40.751512!4d-73.9854861!16s%2Fg%2F11tsp8nty3!19sChIJK7AH0ABZwokRmjiKfnQOlzc",https://www.facebook.com/pg/davidipankinpc/videos/,,https://www.linkedin.com/company/david-i-pankin-p-c-/,,,,David I. Pankin,Founder / Owner,,David I. Pankin;Robert L. Reich;Matthew Zimmelman,David I. Pankin,https://www.linkedin.com/company/david-i-pankin-p-c-/
C,James F. Ross,new york,Ross & Hill,,,+1 646-368-9996,https://www.rossandhill.com,"16 Court St 35th floor, Brooklyn, NY 11241, United States",https://www.google.com/maps/place/Ross+%26+Hill/data=!4m7!3m6!1s0x89c25a49110acb89:0x428665b4439de908!8m2!3d40.693612!4d-73.9908555!16s%2Fg%2F1tfnty5p!19sChIJicsKEUlawokRCOmdQ7RlhkI,https://www.facebook.com/rossandhill/,,https://www.linkedin.com/company/ross-&-hill-esqs.,https://www.yelp.com/biz/ross-and-hill-brooklyn-3,,,James F. Ross,Managing Partner / Name Partner,,James F. Ross;Arthur Hill,James F. Ross,https://www.linkedin.com/company/ross-&-hill-esqs.
C,Mark Anderson,new york,Anderson Bowman PLLC,,,+1 929-590-5053,https://www.andersonbowman.com,"80-02 Kew Gardens Rd #600, Kew Gardens, NY 11415, United States",https://www.google.com/maps/place/Anderson+Bowman+PLLC/data=!4m7!3m6!1s0x89c260bd9c0e5b85:0x49affdf77a14a4d7!8m2!3d40.7136461!4d-73.8312349!16s%2Fg%2F119whhq7b!19sChIJhVsOnL1gwokR16QUevf9r0k,https://www.facebook.com/ABWPLLC/,https://www.instagram.com/abwpllc/,http://linkedin.com/company/anderson-bowman-&-zalewski-pllc/about/,,,,Mark Anderson,Managing Partner,,Mark Anderson;Dustin Bowman,Mark Anderson,http://linkedin.com/company/anderson-bowman-&-zalewski-pllc/about/
C,Kaliopi Vasiliou,new york,Vasiliou Law,,,+1 347-967-6141,https://www.svlawpartners.com,"30-97 Steinway St Ste. 301-A, Astoria, NY 11103, United States",https://www.google.com/maps/place/Vasiliou+Law/data=!4m7!3m6!1s0x89c25f2ef7b10951:0x3fbc6bd4241eb802!8m2!3d40.7613619!4d-73.916647!16s%2Fg%2F11s5npyqln!19sChIJUQmx9y5fwokRArgeJNRrvD8,https://www.facebook.com/people/Vasiliou-Law/100092492464746/,https://www.instagram.com/vasilioulaw/,https://www.linkedin.com/company/vasiliou-law-ny/,https://www.yelp.com/biz/vasiliou-law-astoria,https://www.tiktok.com/@vasilioulaw,https://www.youtube.com/@VASILIOULAW,Kaliopi Vasiliou,Founder / Managing Attorney,,Kaliopi Vasiliou;Anastasios Sarikas,Kaliopi Vasiliou,https://www.linkedin.com/company/vasiliou-law-ny/
C,Steven Goldman,new york,The Law Offices of Goldman & Associates,,,+1 914-400-7427,https://www.goldmancriminaldefense.com,"190 E 161st St Ste 100, Bronx, NY 10451, United States",https://www.google.com/maps/place/The+Law+Offices+of+Goldman+%26+Associates/data=!4m7!3m6!1s0x89c2f432de490259:0x1487ccd4b317769!8m2!3d40.8262777!4d-73.9214957!16s%2Fg%2F1tgf444j!19sChIJWQJJ3jL0wokRaXcxS818SAE,,,,,,,Steven Goldman,Founder / Managing Attorney,,Steven Goldman,Steven Goldman,https://www.facebook.com/The-Law-Offices-of-Steven-H-Goldman-122340121136906/
C,Fredric S. Masure,new york,Law Offices Of Fredric S. Masure,,,+1 718-942-7777,https://www.masureaccidentlaw.com,"1932 Ralph Ave, Brooklyn, NY 11234, United States",https://www.google.com/maps/place/Law+Offices+Of+Fredric+S.+Masure/data=!4m7!3m6!1s0x89c25cb481e2d3b5:0xd57db33de17237d2!8m2!3d40.6303824!4d-73.9190222!16s%2Fg%2F1263kr2dd!19sChIJtdPigbRcwokR0jdy4T2zfdU,https://www.facebook.com/Law-Offices-of-Fredric-Masure-1182062118578711,,,,,,Fredric S. Masure,Founder / Managing Partner,,Fredric S. Masure,Fredric S. Masure,https://twitter.com/fredricmasure
C,Brandon J. Broderick,new york,"Staten Island Personal Injury Attorney at Law, Brandon J. Broderick",,,+1 877-670-6514,https://www.brandonjbroderick.com/new-york/personal-injury-lawyer-staten-island,"2071 Clove Rd #202, Staten Island, NY 10304, United States","https://www.google.com/maps/place/Staten+Island+Personal+Injury+Attorney+at+Law,+Brandon+J.+Broderick/data=!4m7!3m6!1s0x89c24d545b08297b:0xed173f04acbcb6d2!8m2!3d40.6049455!4d-74.0830215!16s%2Fg%2F11k3sfgxy0!19sChIJeykIW1RNwokR0ra8rAQ_F-0",https://www.facebook.com/BrandonJBroderick,https://www.instagram.com/brandonjbroderick/,,,,https://www.youtube.com/channel/UCY-8Vsul9WFmV98Obh5CxRQ,Brandon J. Broderick,Founder / Owner,,Brandon J. Broderick,Brandon J. Broderick,https://twitter.com/bjbroderick
C,Seni Popat,new york,"Law Office of Seni Popat, P.C. - Bronx Personal Injury & Car Accident Lawyers",,,+1 718-340-3385,https://www.splawpc.com/bronx,"3548 E Tremont Ave 2nd Floor, Bronx, NY 10465, United States","https://www.google.com/maps/place/Law+Office+of+Seni+Popat,+P.C.+-+Bronx+Personal+Injury+%26+Car+Accident+Lawyers/data=!4m7!3m6!1s0x89c28b826acaa2b5:0x8f76c7b0115d730c!8m2!3d40.8300289!4d-73.8258844!16s%2Fg%2F11p76vgcm3!19sChIJtaLKaoKLwokRDHNdEbDHdo8",https://www.facebook.com/lawofficeofsenipopat/,https://www.instagram.com/newyork.attorney/?hl=en,,https://www.yelp.com/biz/law-office-of-seni-popat-pc-queens-village,,,Seni Popat,Founder / Managing Attorney,,Seni Popat,Seni Popat,https://twitter.com/Senilaw
C,Joseph Miklos,new york,"Silberstein & Miklos, P.C.",,,+1 718-204-8000,https://ask4sam.net/brooklyn,"300 Cadman Plz W, Brooklyn, NY 11201, United States","https://www.google.com/maps/place/Silberstein+%26+Miklos,+P.C./data=!4m7!3m6!1s0x89c25bdf254131db:0xe18bd93d564996ec!8m2!3d40.6951041!4d-73.9911169!16s%2Fg%2F11h27wrt5d!19sChIJ2zFBJd9bwokR7JZJVj3Zi-E",https://www.facebook.com/Ask4Sam.net,,https://www.linkedin.com/company/silberstein-awad-&-miklos-p-c-/,,,,Joseph Miklos,Partner,,Joseph Miklos;Robert A. Miklos;Daniel P. Miklos,Joseph Miklos,https://www.linkedin.com/company/silberstein-awad-&-miklos-p-c-/
C,Rachel Kugel,new york,The Kugel Law Firm,admin@thekugellawfirm.com,admin@thekugellawfirm.com,+1 212-372-7218,https://thekugellawfirm.com/new-york-dwi-lawyer,"111 E 125th St 2nd Fl, New York, NY 10035, United States",https://www.google.com/maps/place/The+Kugel+Law+Firm/data=!4m7!3m6!1s0x89c2f7ea38df5ff7:0xee8d2084e2787070!8m2!3d40.8049757!4d-73.9381176!16s%2Fg%2F11ww0p84kd!19sChIJ91_fOOr3wokRcHB44oQgje4,https://www.facebook.com/thekugellawfirm/,https://www.instagram.com/racheldefendsyou/,,,,https://www.youtube.com/user/kugellaw/featured,Rachel Kugel,Owner,,Rachel Kugel,Rachel Kugel,admin@thekugellawfirm.com
C,Daniel M. Silvershein,new york,Daniel Silvershein,,,+1 212-387-7880,http://www.dmsilverlaw.com,"262 W 38th St, New York, NY 10018, United States",https://www.google.com/maps/place/Daniel+Silvershein/data=!4m7!3m6!1s0x89c259acf081c83d:0x66ecc336d77c4d80!8m2!3d40.7542948!4d-73.9911355!16s%2Fg%2F1tgfxjy5!19sChIJPciB8KxZwokRgE181zbD7GY,http://www.facebook.com/pages/Law-Offices-of-Daniel-M-Silvershein/254700854573191,,http://www.linkedin.com/pub/daniel-silvershein/12/181/6b4,,,,Daniel M. Silvershein,Founding Attorney,http://www.linkedin.com/pub/daniel-silvershein/12/181/6b4,Daniel M. Silvershein,Daniel M. Silvershein,http://www.linkedin.com/pub/daniel-silvershein/12/181/6b4
C,Vincent C. Loiodice,new york,Law Office of Vincent C. Loiodice,info@accidentrep.com,info@accidentrep.com,+1 212-888-2686,http://accidentrep.com,"34 Oak Ln Ste 100, Staten Island, NY 10312, United States",https://www.google.com/maps/place/Law+Office+of+Vincent+C.+Loiodice/data=!4m7!3m6!1s0x89c24befa1bf110b:0x964c2433a87daa87!8m2!3d40.5597485!4d-74.1815216!16s%2Fg%2F11ll7s3wwy!19sChIJCxG_oe9LwokRh6p9qDMkTJY,https://m.facebook.com/AccidentRep/;https://www.facebook.com/AccidentRep/,https://www.instagram.com/AccidentRep_/;https://www.instagram.com/accidentrep_/;https://www.instagram.com/accidentrep_/?hl=en,,,,,Vincent C. Loiodice,Founder / Principal Attorney,,Vincent C. Loiodice,Vincent C. Loiodice,https://twitter.com/AccidentRep
C,George Poulos,new york,"George Poulos, Esq.",,,+1 718-255-9276,http://www.attorneygeorgepoulos.com,"3040 E Tremont Ave Ste. 208, Bronx, NY 10461, United States","https://www.google.com/maps/place/George+Poulos,+Esq./data=!4m7!3m6!1s0x89c28b4c3eb01859:0x772293180302ddbd!8m2!3d40.839435!4d-73.8371738!16s%2Fg%2F11css7ms9g!19sChIJWRiwPkyLwokRvd0CAxiTInc",https://www.facebook.com/Law-Offices-Of-George-Poulos-Esq-64014733833/;https://www.facebook.com/Law-Offices-Of-George-Poulos-Esq-64014733833/reviews/,,,https://www.yelp.com/writeareview/biz/_qBXrlKO6iKlDcZp_BSDZQ?return_url=%2Fbiz%2F_qBXrlKO6iKlDcZp_BSDZQ,,https://www.youtube.com/channel/UCbYdccDKI3Z-bcMJu4yVSlA,George Poulos,Founding & Managing Partner,,George Poulos;Subrata Sengupta,George Poulos,https://twitter.com/georgepouloslaw
C,SCOTT LANIN,new york,Lanin Law P.C,,,+1 212-764-7250 ext. 1,http://www.laninlaw.com,"330 W 38th St Ste 506, New York, NY 10018, United States",https://www.google.com/maps/place/Lanin+Law+P.C/data=!4m7!3m6!1s0x89c259adb939b037:0x5d90c1e21c31a337!8m2!3d40.75536!4d-73.993521!16s%2Fg%2F1hc3pw66v!19sChIJN7A5ua1ZwokRN6MxHOLBkF0,https://www.facebook.com/298815673474723/reviews;https://www.facebook.com/Lanin-Law-PC-298815673474723/,,https://www.linkedin.com/pub/scott-lanin-esq/5/6a9/853,,,https://www.youtube.com/channel/UCxGVpW78o5tPE0tqAJMMoOg,SCOTT LANIN,Founder / Principal Attorney,https://www.linkedin.com/pub/scott-lanin-esq/5/6a9/853,Prashanthi Reddy;SCOTT LANIN,SCOTT LANIN,https://www.linkedin.com/pub/scott-lanin-esq/5/6a9/853
C,Arkady Frekhtman,new york,Frekhtman & Associates,,,+1 718-331-3330,https://866attylaw.com/queens,"100-09 Metropolitan Ave, Forest Hills, NY 11375, United States",https://www.google.com/maps/place/Frekhtman+%26+Associates/data=!4m7!3m6!1s0x89c25e1a11a59b39:0xa4837c4285876e27!8m2!3d40.710979!4d-73.8528155!16s%2Fg%2F1hm1wchkl!19sChIJOZulERpewokRJ26HhUJ8g6Q,https://www.facebook.com/866attylawBronx/,https://www.instagram.com/attorneyarkady/,,,,https://www.youtube.com/channel/UCrLIT4CfYQqZnGhI1B2R5wQ?sub_confirmation=1,Arkady Frekhtman,Founding Partner / Attorney,,,Arkady Frekhtman,https://www.facebook.com/866attylawBronx/
C,Alex Shulman,new york,Shulman & Hill - Staten Island Personal Injury Lawyer,,,+1 516-990-1780,https://shulman-hill.com/staten-island/personal-injury-lawyer,"11 Ralph Pl Ste 217B, Staten Island, NY 10304, United States",https://www.google.com/maps/place/Shulman+%26+Hill+-+Staten+Island+Personal+Injury+Lawyer/data=!4m7!3m6!1s0x89c24f56b4b86345:0x22d5ba5674425283!8m2!3d40.6053093!4d-74.0916485!16s%2Fg%2F11vrlcqsmf!19sChIJRWO4tFZPwokRg1JCdFa61SI,https://www.facebook.com/ShulmanHillNYLegal,https://www.instagram.com/shulmanhill_law/,https://www.linkedin.com/company/shulman-&-hill/,,,https://www.youtube.com/@ShulmanHillLaw,Alex Shulman,Founding Partner and General Counsel,,Alex Shulman;JJ Hill;David Schleider,Alex Shulman,https://www.linkedin.com/company/shulman-&-hill/
C,Anthony A. Ferrante,new york,"Ferrante & Koenig, Brooklyn Injury Attorneys",,,+1 646-450-4110,https://fkfirm.com,"425 Saratoga Ave, Brooklyn, NY 11233, United States","https://www.google.com/maps/place/Ferrante+%26+Koenig,+Brooklyn+Injury+Attorneys/data=!4m7!3m6!1s0x89c25c8394801977:0x751c79c52c92b3!8m2!3d40.6712325!4d-73.9167747!16s%2Fg%2F1q2w36c1y!19sChIJdxmAlINcwokRs5IsxXkcdQA",https://www.facebook.com/Ferrante-Koenig-PLLC-100064221365055/,,https://www.linkedin.com/company/ferrante-koenig-construction-accident-attorneys,,,,Anthony A. Ferrante,Founding Partner / Personal Injury Attorney,,Anthony A. Ferrante;Jeffrey Koenig,Anthony A. Ferrante,https://www.facebook.com/Ferrante-Koenig-PLLC-100064221365055/
C,Albert Hakimi,new york,The Hakimi Law Firm,info@hakimilawfirm.com,info@hakimilawfirm.com,+1 516-847-5152,http://www.hakimilawfirm.com,"95-20 63rd Rd Ste O, Rego Park, NY 11374, United States",https://www.google.com/maps/place/The+Hakimi+Law+Firm/data=!4m7!3m6!1s0x897f7ff6746d5831:0x878b3c45293f360f!8m2!3d40.7304538!4d-73.861552!16s%2Fg%2F11yrxr7kl3!19sChIJMVhtdPZ_f4kRDzY_KUU8i4c,https://www.facebook.com/,https://www.instagram.com/thehakimilawfirm/,,,,,Albert Hakimi,Founder / Attorney,,Albert Hakimi,Albert Hakimi,info@hakimilawfirm.com
C,Steven M. Coren,new york,Coren Law Group P.C.,,,+1 212-371-5800,https://corenlawgroup.com,"225 Union St, Brooklyn, NY 11231, United States",https://www.google.com/maps/place/Coren+Law+Group+P.C./data=!4m7!3m6!1s0x89c25bbede251959:0xfea4c4b1a9c4a350!8m2!3d40.6834619!4d-73.9988466!16s%2Fg%2F11f8jwj8cb!19sChIJWRkl3r5bwokRUKPEqbHEpP4,https://www.facebook.com/profile.php?id=100094423781748,,,https://www.yelp.com/biz/coren-law-group-brooklyn,,,Steven M. Coren,Founding/Managing Partner,,Steven M. Coren,Steven M. Coren,https://www.facebook.com/profile.php?id=100094423781748
C,Robert J. Scamardella,new york,"Scamardella, Gervasi & Kasegrande, P.C.",,,+1 718-442-0900,https://www.statenlaw.com,"1010 Forest Ave, Staten Island, NY 10310, United States","https://www.google.com/maps/place/Scamardella,+Gervasi+%26+Kasegrande,+P.C./data=!4m7!3m6!1s0x89c24e77faec4eed:0x9fab5f01ff0b1818!8m2!3d40.6270463!4d-74.1233695!16s%2Fg%2F1tctygd4!19sChIJ7U7s-ndOwokRGBgL_wFfq58",,,,,,,Robert J. Scamardella,Managing Partner,,Robert J. Scamardella;Michael V. Gervasi;Leslie B. Kasegrande,Robert J. Scamardella,https://www.facebook.com/SGKfirm/
C,Arkady Frekhtman,new york,Frekhtman & Associates,,,+1 718-733-9300,https://866attylaw.com/bronx,"20 E 205th St, Bronx, NY 10468, United States",https://www.google.com/maps/place/Frekhtman+%26+Associates/data=!4m7!3m6!1s0x89c2f481733d92e3:0xbaeeb76ad01f4aa1!8m2!3d40.8755221!4d-73.8871218!16s%2Fg%2F12hsb3xbh!19sChIJ45I9c4H0wokRoUof0Gq37ro,https://www.facebook.com/866attylawBronx/,https://www.instagram.com/attorneyarkady/,,,,https://www.youtube.com/channel/UCrLIT4CfYQqZnGhI1B2R5wQ?sub_confirmation=1,Arkady Frekhtman,Founding Partner / Attorney,,,Arkady Frekhtman,https://www.facebook.com/866attylawBronx/
C,Brandon J. Broderick,new york,"Brandon J Broderick, Personal Injury Attorney at Law",,,+1 866-993-6457,https://www.brandonjbroderick.com/new-york/personal-injury-lawyer-flushing?utm_gmb_flushing=,"90-25 Elmhurst Ave c 1500, Flushing, NY 11372, United States","https://www.google.com/maps/place/Brandon+J+Broderick,+Personal+Injury+Attorney+at+Law/data=!4m7!3m6!1s0x89c25f35b934c061:0x74a86562ae2913b8!8m2!3d40.7492284!4d-73.8760043!16s%2Fg%2F11xg55xfvs!19sChIJYcA0uTVfwokRuBMprmJlqHQ",https://www.facebook.com/BrandonJBroderick,https://www.instagram.com/brandonjbroderick/,,,,https://www.youtube.com/channel/UCY-8Vsul9WFmV98Obh5CxRQ,Brandon J. Broderick,Founding Partner / Owner,,Brandon J. Broderick,Brandon J. Broderick,https://twitter.com/bjbroderick
C,Martin D. Kane,new york,The Law Office of Martin D. Kane,,,+1 718-793-5700,https://www.martinkanelaw.com,"125-10 Queens Blvd #7, Kew Gardens, NY 11415, United States",https://www.google.com/maps/place/The+Law+Office+of+Martin+D.+Kane/data=!4m7!3m6!1s0x89c260bd9c0e5b85:0xcfcc64011e112d4f!8m2!3d40.7121461!4d-73.8264014!16s%2Fg%2F1v6l8drt!19sChIJhVsOnL1gwokRTy0RHgFkzM8,https://www.facebook.com/profile.php?id=100082163844447,,,,,,Martin D. Kane,Founder / Lead Attorney,,Martin D. Kane,Martin D. Kane,https://www.facebook.com/profile.php?id=100082163844447
C,David I. Pankin,new york,"David I. Pankin, P.C.",,,+1 718-855-1200,https://www.debtlawyer.com/our-locations/queens-bankruptcy-foreclosure-attorneys,"120-32 Queens Blvd #2, Kew Gardens, NY 11415, United States","https://www.google.com/maps/place/David+I.+Pankin,+P.C./data=!4m7!3m6!1s0x89c2616a376b253b:0xcdca170a359118fc!8m2!3d40.7132957!4d-73.8294742!16s%2Fg%2F11v_b4bnxw!19sChIJOyVrN2phwokR_BiRNQoXys0",https://www.facebook.com/pg/davidipankinpc/videos/,,https://www.linkedin.com/company/david-i-pankin-p-c-/,,,,David I. Pankin,Founder / Principal Attorney,,David I. Pankin,David I. Pankin,https://twitter.com/Debt_Lawyer
C,Daphne Bartal,new york,Bartal Law Life & Legacy Planning,support@bartallaw.com,support@bartallaw.com,+1 718-475-2115,https://bartallaw.com,"61-43 186th St Ste 465, Fresh Meadows, NY 11365, United States",https://www.google.com/maps/place/Bartal+Law+Life+%26+Legacy+Planning/data=!4m7!3m6!1s0x89c261292bffdecd:0xec3fb3a0a2c1d66b!8m2!3d40.7390782!4d-73.7876333!16s%2Fg%2F11ks6lss2h!19sChIJzd7_KylhwokRa9bBoqCzP-w,,,,,,,Daphne Bartal,Founder / Wills & Trusts Attorney,,Daphne Bartal,Daphne Bartal,support@bartallaw.com
C,Juan Hyong Son Hong,new york,Law Office of Juan H. Hong,,,+1 718-533-1111,https://calendly.com/JUANHONG,"82-17 Roosevelt Ave 2nd floor, Jackson Heights, NY 11372, United States",https://www.google.com/maps/place/Law+Office+of+Juan+H.+Hong/data=!4m7!3m6!1s0x89c25f00a55e4b51:0xe7054d39b0d5b31a!8m2!3d40.747874!4d-73.8832394!16s%2Fg%2F1wfvnkv4!19sChIJUUtepQBfwokRGrPVsDlNBec,,,,,,,Juan Hyong Son Hong,Attorney / Owner,,Juan Hyong Son Hong,Juan Hyong Son Hong,https://www.facebook.com/hyongson.hong/
C,Thomas A. Lucarelli,new york,"Lucarelli & Castaldi, LLP",,,+1 718-556-1800,http://lucarelliandcastaldi.com,"260 Christopher Ln Ste 201, Staten Island, NY 10314, United States","https://www.google.com/maps/place/Lucarelli+%26+Castaldi,+LLP/data=!4m7!3m6!1s0x89c24ebff95e9ac7:0x9cb3b55556c406c7!8m2!3d40.6128481!4d-74.1569546!16s%2Fg%2F1tf6y7z1!19sChIJx5pe-b9OwokRxwbEVlW1s5w",https://www.facebook.com/lucarelliandcastaldi/,,,,,https://www.youtube.com/embed/HxGbUV1neHo;https://www.youtube.com/embed/MFFsSUwgj3Y;https://www.youtube.com/embed/ViaT3Y2ckqM;https://www.youtube.com/results?search_query=Lucarelli%20%26%20Castaldi&search=Search&sa=X&oi=spell&resnum=0&spell=1,Thomas A. Lucarelli,Founding Partner,,Thomas A. Lucarelli;Philip S. Castaldi,Thomas A. Lucarelli,https://www.facebook.com/lucarelliandcastaldi/
C,Louis P. Lepore,new york,The Law Offices of Louis P. Lepore,,,+1 718-354-8646,https://leporelaw.com,"885 Huguenot Ave, Staten Island, NY 10312, United States",https://www.google.com/maps/place/The+Law+Offices+of+Louis+P.+Lepore/data=!4m7!3m6!1s0x89c24cf0afafe48f:0xe56a335dde80cc52!8m2!3d40.5328899!4d-74.1919946!16s%2Fg%2F11h1pgv13!19sChIJj-Svr_BMwokRUsyA3l0zauU,,,,,,,Louis P. Lepore,Owner / Principal Attorney,,Louis P. Lepore,Louis P. Lepore,https://www.facebook.com/leporelaw/
C,Michael Brook,new york,Michael Brook Attorney Referral,support@michaelbrook.com,support@michaelbrook.com;support@legalflow.com,+1 800-669-0060,https://michaelbrook.com,"2566 86th St, Brooklyn, NY 11214, United States",https://www.google.com/maps/place/Michael+Brook+Attorney+Referral/data=!4m7!3m6!1s0x89c258e49a855555:0xc22b9601edd2a528!8m2!3d40.596777!4d-73.985759!16s%2Fg%2F11f8jwd_b7!19sChIJVVWFmuRYwokRKKXS7QGWK8I,https://facebook.com/;https://www.facebook.com/michaelbrookenglish,https://www.instagram.com/;https://www.instagram.com/michaelbrooken/,https://www.linkedin.com/,,https://www.tiktok.com/@michaelbrooken,http://youtube.com/;https://www.youtube.com/@MichaelBrookEnglish,Michael Brook,Founder / Operator (attorney referral service),,Best Truck;Michael Brook,Michael Brook,support@michaelbrook.com
C,Elliot S. Kay,new york,The Law Offices of Elliot S. Kay,,,+1 212-939-7251,https://www.kaydefense.com,"888 Grand Concourse #1H, Bronx, NY 10451, United States",https://www.google.com/maps/place/The+Law+Offices+of+Elliot+S.+Kay/data=!4m7!3m6!1s0x89c2f432c4bbe61d:0x4e0a87cf87bb43d8!8m2!3d40.8264752!4d-73.9223875!16s%2Fg%2F1hm6c332y!19sChIJHea7xDL0wokR2EO7h8-HCk4,https://www.facebook.com/The-Law-Offices-of-Elliot-S-Kay-408625659227247/,,,,,,Elliot S. Kay,Founder / Criminal Defense Attorney,,Elliot S. Kay,Elliot S. Kay,https://twitter.com/ElliotSKayLaw
C,Norma E. Ortiz,new york,"Ortiz & Ortiz, LLP",,,+1 917-920-6437,https://ortizandortiz.com,"287 Park Ave S Ste. 337, New York, NY 10010, United States","https://www.google.com/maps/place/Ortiz+%26+Ortiz,+LLP/data=!4m7!3m6!1s0x89c2597b12ab48af:0x1e2acca7fc341c07!8m2!3d40.7396629!4d-73.986547!16s%2Fg%2F11pd2ztz3q!19sChIJr0irEntZwokRBxw0_KfMKh4",https://www.facebook.com/OrtizandOrtizLLP,https://www.instagram.com/ortizandortizlaw/,https://www.linkedin.com/company/ortiz-and-ortiz-llp/,,,,Norma E. Ortiz,Founding Partner / Attorney,,Norma E. Ortiz,Norma E. Ortiz,https://x.com/OrtizOrtizLLP
C,Tony Crighton,new york,Small Business Attorney NYC,info@smallbusinessattorneynyc.com,info@smallbusinessattorneynyc.com,+1 347-630-9199,https://www.smallbusinessattorneynyc.com,"1451 West Ave Ste 7034, Bronx, NY 10462, United States",https://www.google.com/maps/place/Small+Business+Attorney+NYC/data=!4m7!3m6!1s0x89c2f4bf7cc76b61:0x7b57de7c283af565!8m2!3d40.836759!4d-73.861816!16s%2Fg%2F11f__5lxwz!19sChIJYWvHfL_0wokRZfU6KHzeV3s,https://www.facebook.com/small-Business-Attorney-NYC/,,,,,,Tony Crighton,Business Attorney,,Tony Crighton,Tony Crighton,https://www.facebook.com/small-Business-Attorney-NYC/
C,Todd A. Spodek,new york,Spodek Law Group P.C. Queens Criminal Attorneys at Law,info@spodeklawgroup.com,info@spodeklawgroup.com,+1 888-981-9127,https://www.nyccriminalattorneys.com/new-york/queens-criminal-lawyers,"35-37 36th St 2nd floor, Astoria, NY 11106, United States",https://www.google.com/maps/place/Spodek+Law+Group+P.C.+Queens+Criminal+Attorneys+at+Law/data=!4m7!3m6!1s0x89c25f2c2e875867:0x622dfa2769211127!8m2!3d40.755157!4d-73.9251008!16s%2Fg%2F1jkz6czxz!19sChIJZ1iHLixfwokRJxEhaSf6LWI,,,,,,https://www.youtube.com/@SpodekLawnyc;https://www.youtube.com/watch?v=2O1KxasoSOI;https://www.youtube.com/watch?v=65xa8TG2G8o;https://www.youtube.com/watch?v=Cj3M4k1Aw9g;https://www.youtube.com/watch?v=Ein35muWle4;https://www.youtube.com/watch?v=Qo6CuGjrhrQ;https://www.youtube.com/watch?v=YTGvT93SurE;https://www.youtube.com/watch?v=gZoMNxEiUbE;https://www.youtube.com/watch?v=hRv71xJqLaw;https://www.youtube.com/watch?v=q9-nA93Bnbs;https://www.youtube.com/watch?v=uiwhRmdqZLo;https://www.youtube.com/watch?v=zOKoBVKCTcY,Todd A. Spodek,Managing Partner / Founder,,"Ralph P. Franco, Jr.",Todd A. Spodek,
C,Brendan Tracy,new york,The Law Office of Tracy & Tracy,,,+1 929-492-1619,http://www.tracy-legal.com,"42 Richmond Ter #301, Staten Island, NY 10301, United States",https://www.google.com/maps/place/The+Law+Office+of+Tracy+%26+Tracy/data=!4m7!3m6!1s0x89c24ff37b39ff27:0x41cfed556f46ffb6!8m2!3d40.6439079!4d-74.0767019!16s%2Fg%2F11t9_smfbr!19sChIJJ_85e_NPwokRtv9Gb1Xtz0E,https://www.facebook.com/tracyandtracylaw,https://www.instagram.com/tracyandtracylaw/,https://www.linkedin.com/company/brendantracylaw/,,,,Brendan Tracy,Partner / Attorney (Co-Founder),,Brendan Tracy;Victoria Tracy,Brendan Tracy,https://www.instagram.com/tracyandtracylaw/
C,Michael L. Mangini,new york,Empire Estate Lawyers,help@empirelawny.com,help@empirelawny.com,+1 646-776-2283,http://www.empirelawny.com,"18 W 33rd St Ste 430, New York, NY 10001, United States",https://www.google.com/maps/place/Empire+Estate+Lawyers/data=!4m7!3m6!1s0x47548df79ace2daf:0x625898f0daec3dfb!8m2!3d40.7480631!4d-73.9863316!16s%2Fg%2F11rq3p1k2k!19sChIJry3OmveNVEcR-z3s2vCYWGI,https://www.facebook.com/empirelawny,https://www.instagram.com/empirelawny,https://www.linkedin.com/company/empirelawny;https://www.linkedin.com/company/empirelawny/,,https://www.tiktok.com/@empirelawny,,Michael L. Mangini,Founder / Managing Partner,,Michael L. Mangini;Dumb Trusts,Michael L. Mangini,help@empirelawny.com
C,Gus Michael Farinella,new york,Law Offices of Gus Michael Farinella PC,,,+1 212-675-6161,http://www.lawgmf.com,"215 E 96th St, New York, NY 10128, United States",https://www.google.com/maps/place/Law+Offices+of+Gus+Michael+Farinella+PC/data=!4m7!3m6!1s0x89c2590707e29deb:0xc07c40604d74a03!8m2!3d40.7850141!4d-73.9481639!16s%2Fg%2F1261lwc9f!19sChIJ653iBwdZwokRA0rXBAbEBww,,,,,,,Gus Michael Farinella,Founder / Managing Attorney,,Gus Michael Farinella;Ryan Gentile;Supreet K. Parmar,Gus Michael Farinella,help@lawgmf.com
C,Herbert Ellis,new york,"Ellis Law, P.C",,,+1 732-696-4811,https://www.herbertellis.com,"159 New Dorp Plaza, Staten Island, NY 10306, United States","https://www.google.com/maps/place/Ellis+Law,+P.C/data=!4m7!3m6!1s0x89c2495796c8d743:0x48ba5603cc18a637!8m2!3d40.571776!4d-74.120195!16s%2Fg%2F11rx4hgbsl!19sChIJQ9fIlldJwokRN6YYzANWukg",https://www.facebook.com/pages/Herbert-Ellis-Law/110956765658181,https://www.instagram.com/herbellislaw/,https://www.linkedin.com/company/law-offices-of-herbert-i-ellis,,https://www.tiktok.com/@ellislaw,https://www.youtube.com/channel/UCiA4hGiHqGR_UggYa0LRxqA,Herbert Ellis,Founder / Managing Attorney,,Herbert Ellis;Jonathan A. Ellis;Amy Buchansky-Francesco,Herbert Ellis,https://twitter.com/herbellislaw
C,Peter Rosenberg,new york,"Rosenberg, Minc, Falkoff & Wolff, LLP",info@rmfwlaw.com,info@rmfwlaw.com,+1 718-399-3100,https://rmfwlaw.com,"220-226 E 161st St, Bronx, NY 10451, United States","https://www.google.com/maps/place/Rosenberg,+Minc,+Falkoff+%26+Wolff,+LLP/data=!4m7!3m6!1s0x89c2f5410362dff3:0x98063483e1e991ce!8m2!3d40.8245559!4d-73.9202524!16s%2Fg%2F11h9kqd253!19sChIJ899iA0H1wokRzpHp4YM0Bpg",https://www.facebook.com/NYCAccident,https://www.instagram.com/nycpersonalinjurylaw/,,https://www.yelp.com/biz/rosenberg-minc-falkoff-and-wolff-new-york-8,,https://www.youtube.com/channel/UCHeALI8jEoOyG2nhKD-PEWQ,Peter Rosenberg,Partner,,Peter Rosenberg;Daniel C. Minc;Steven C. Falkoff;Robert H. Wolff;Gary A. Silverstein,Peter Rosenberg,https://www.facebook.com/NYCAccident
C,,new york,"Uncontested Divorce NY: Brooklyn, Queens, Bronx, Westchester, Manhattan, Long Island",info@servicedbypros.com,info@servicedbypros.com,+1 718-304-5064,https://www.servicedbypros.com/uncontesteddivorce.html,"to, 4819A Church Avenue Corner of Church and E 49th Street - Close, Utica Ave, Brooklyn, NY 11203, United States","https://www.google.com/maps/place/Uncontested+Divorce+NY:+Brooklyn,+Queens,+Bronx,+Westchester,+Manhattan,+Long+Island/data=!4m7!3m6!1s0x89c25bf4e4f99cbd:0xe5b05c18bcc5886c!8m2!3d40.6518705!4d-73.9316996!16s%2Fg%2F11wy467q83!19sChIJvZz55PRbwokRbIjFvBhcsOU",https://facebook.com/servicedbypros;https://www.facebook.com/Serviced-by-Pros-Clerical-and-Paralegal-Services-215895369145005/,https://instagram.com/servicedbypros,,,,,,,,,,
C,Wendy Hernandez,new york,NY Family Law Firm,support@nyfamilylawfirm.com,support@nyfamilylawfirm.com,+1 718-502-9744,https://www.nyfamilylawfirm.com,"147 Prince St, Brooklyn, NY 11201, United States",https://www.google.com/maps/place/NY+Family+Law+Firm/data=!4m7!3m6!1s0x89c25bf057f82c79:0xf6593cedcbc1a1f2!8m2!3d40.6926539!4d-73.9823926!16s%2Fg%2F11mdzcb1t4!19sChIJeSz4V_BbwokR8qHBy-08WfY,https://www.facebook.com/profile.php?id=61578706929377,,https://www.linkedin.com/company/ny-family-law-firm/,,https://tiktok.com/@nyfamilylawfirm,,Wendy Hernandez,Principal Attorney & Founder,,Wendy Hernandez;Michael S. Paulonis,Wendy Hernandez,support@nyfamilylawfirm.com
C,Mike Gursoy,new york,Abogado De Bancarrota Bronx,info@gursoylaw.com,info@gursoylaw.com,,http://abogadoinmigracionnyc.com,"903 Sheridan Ave Ste 205, Bronx, NY 10451, United States",https://www.google.com/maps/place/Abogado+De+Bancarrota+Bronx/data=!4m7!3m6!1s0x89c2f580509a3469:0x4a4f47c8b9783516!8m2!3d40.8270632!4d-73.9209254!16s%2Fg%2F11hmxc7f5n!19sChIJaTSaUID1wokRFjV4uchHT0o,,https://instagram.com/gursoylawfirm,,,,,Mike Gursoy,Founding Attorney,,Mike Gursoy;Stuart Goldberg;Sebastian Blanco,Mike Gursoy,https://www.instagram.com/gursoylawfirm
C,Norma E. Ortiz,new york,"Ortiz & Ortiz, LLP",,,+1 917-540-9772,https://ortizandortiz.com/jackson-heights,"40-41 81st St, Elmhurst, NY 11373, United States","https://www.google.com/maps/place/Ortiz+%26+Ortiz,+LLP/data=!4m7!3m6!1s0x89c25f575d5aa11f:0x8f42467fd6c84230!8m2!3d40.7463449!4d-73.8845216!16s%2Fg%2F11mvpdhx6w!19sChIJH6FaXVdfwokRMELI1n9GQo8",https://www.facebook.com/OrtizandOrtizLLP,https://www.instagram.com/ortizandortizlaw/,https://www.linkedin.com/company/ortiz-and-ortiz-llp/,,,,Norma E. Ortiz,Founding Partner,,Norma E. Ortiz,Norma E. Ortiz,https://www.linkedin.com/company/ortiz-and-ortiz-llp/
C,Adrienne Woods,new york,"The Law Offices of Adrienne Woods, P.C.",,,+1 917-447-4321,http://www.woodslawpc.com,"105 W 86th St #314, New York, NY 10024, United States","https://www.google.com/maps/place/The+Law+Offices+of+Adrienne+Woods,+P.C./data=!4m7!3m6!1s0x89c25983c0045c8f:0x622ba420832dabbc!8m2!3d40.7867896!4d-73.9724125!16s%2Fg%2F11nfvs4vbn!19sChIJj1wEwINZwokRvKstgyCkK2I",,,,,,,Adrienne Woods,Founder / Owner,,Adrienne Woods,Adrienne Woods,https://www.facebook.com/AdrienneWoodsLaw/
C,Joseph Lassen,new york,The Law Firm of Joseph Lassen P.C.,,,+1 718-504-2170,https://filingbankruptcyinnewyork.com,"18 Hervey St, Staten Island, NY 10309, United States",https://www.google.com/maps/place/The+Law+Firm+of+Joseph+Lassen+P.C./data=!4m7!3m6!1s0x89c24b2b242dd153:0xbf2bcfc7e823b51e!8m2!3d40.5532701!4d-74.2170308!16s%2Fg%2F1vzv4krf!19sChIJU9EtJCtLwokRHrUj6MfPK78,,,,,,,Joseph Lassen,Founder / Attorney at Law,,Joseph Lassen,Joseph Lassen,https://twitter.com/lawlassen
C,"Carmen ""Jack"" Giordano",new york,Giordano Law Offices Personal Injury & Employment Lawyers,Info@Gio-Law.com,Info@Gio-Law.com,+1 212-406-9466,https://gio-law.com,"2375 Southern Blvd Ste 7G, Bronx, NY 10460, United States",https://www.google.com/maps/place/Giordano+Law+Offices+Personal+Injury+%26+Employment+Lawyers/data=!4m7!3m6!1s0x89c2f5433fa7853b:0xefe6aca84c4f1c67!8m2!3d40.8533357!4d-73.8823738!16s%2Fg%2F11rvjwv8wf!19sChIJO4WnP0P1wokRZxxPTKis5u8,,,,,,,"Carmen ""Jack"" Giordano",Founding Attorney / Senior Trial Specialist,,"Carmen ""Jack"" Giordano;Stefanie Behler Soriano;Brian T. Robinson","Carmen ""Jack"" Giordano",info@gio-law.com
D,Anthony Sharnov,new york,"The Law Office of Anthony Sharnov, PC",info@sharnovlaw.com,info@sharnovlaw.com,+1 718-521-4909,http://sharnovlaw.com,"2973 Ocean Pkwy 1ST FLOOR, Brooklyn, NY 11235, United States","https://www.google.com/maps/place/The+Law+Office+of+Anthony+Sharnov,+PC/data=!4m7!3m6!1s0x89c24496442f76cf:0xe6f48c8cdb94e682!8m2!3d40.5787152!4d-73.9675277!16s%2Fg%2F1ptxj20k8!19sChIJz3YvRJZEwokRguaU24yM9OY",,,,,,,Anthony Sharnov,Principal Attorney,,Anthony Sharnov,Anthony Sharnov,info@sharnovlaw.com
D,,new york,GoFastNY - Traffic Tickets Defense LAW,support@gofastny.com,support@gofastny.com,+1 718-300-5922,http://www.gofastny.com,"1829 E 13th St Basement unit, Brooklyn, NY 11229, United States",https://www.google.com/maps/place/GoFastNY+-+Traffic+Tickets+Defense+LAW/data=!4m7!3m6!1s0x89c2445e4a032bdb:0x9eb7cc56f748ae9b!8m2!3d40.6047606!4d-73.9591948!16s%2Fg%2F11bxc82qrh!19sChIJ2ysDSl5EwokRm65I91bMt54,,,,,,,,,,,,
D,Bryan Barenbaum,new york,Law Offices of Bryan Barenbaum,info@brooklynjustice.com,info@brooklynjustice.com,+1 718-421-1111,http://www.brooklynjustice.com,"2060 Eastern Pkwy, Brooklyn, NY 11207, United States",https://www.google.com/maps/place/Law+Offices+of+Bryan+Barenbaum/data=!4m7!3m6!1s0x89c25c4692930c17:0x342bcf49a8069de1!8m2!3d40.6807553!4d-73.9044947!16s%2Fg%2F1tjcqc76!19sChIJFwyTkkZcwokR4Z0GqEnPKzQ,,,,,,,Bryan Barenbaum,Founding Attorney / Owner,,Bryan Barenbaum,Bryan Barenbaum,info@brooklynjustice.com
D,James Birch,new york,James Birch Attorney At Law,,,+1 718-442-1295,https://www.jameshbirchesq.com,"1189 Forest Ave, Staten Island, NY 10310, United States",https://www.google.com/maps/place/James+Birch+Attorney+At+Law/data=!4m7!3m6!1s0x89c24dd74da1b221:0xef9bc617bce029ce!8m2!3d40.6266885!4d-74.1297308!16s%2Fg%2F1tdw4cw3!19sChIJIbKhTddNwokRzingvBfGm-8,,,,,,,James Birch,Attorney / Owner,,James Birch,James Birch,info@jameshbirchesq.com
D,,new york,NY INJURY LAWYERS PLLC,billing@fvst.io,billing@fvst.io,+1 646-360-0765,https://www.nyinjurypllc.com,"99-00 Metropolitan Ave, Forest Hills, NY 11375, United States",https://www.google.com/maps/place/NY+INJURY+LAWYERS+PLLC/data=!4m7!3m6!1s0x89c25f90874d3b43:0xd397201e695326c1!8m2!3d40.7107033!4d-73.8536079!16s%2Fg%2F11k99xp3h5!19sChIJQztNh5BfwokRwSZTaR4gl9M,,,,,,,,,,,,
D,Gabriel Katzner,new york,"Katzner Law Group, PC",contact@katznerlawgroup.com,contact@katznerlawgroup.com,+1 646-718-4456,https://www.katznerlawgroup.com,"360 Lexington Ave 15th Floor 15th Floor, New York, NY 10017, United States","https://www.google.com/maps/place/Katzner+Law+Group,+PC/data=!4m7!3m6!1s0x89c259aaf867604d:0x4bc6aea2e0f59b61!8m2!3d40.7505138!4d-73.9769729!16s%2Fg%2F1tj53j35!19sChIJTWBn-KpZwokRYZv14KKuxks",https://www.facebook.com/katznerlawgroup,,,https://www.yelp.com/biz/katzner-law-group-new-york,,,Gabriel Katzner,Founding Partner,,Gabriel Katzner,Gabriel Katzner,https://www.facebook.com/katznerlawgroup
D,Jerrold S. Parker,new york,Parker Waichman LLP - Personal Injury Accident Attorneys,General_Info@yourlawyer.com,General_Info@yourlawyer.com;general_info@yourlawyer.com,+1 718-663-7509,https://www.yourlawyer.com/queens-personal-injury,"118-35 Queens Blvd Suite 400, Forest Hills, NY 11375, United States",https://www.google.com/maps/place/Parker+Waichman+LLP+-+Personal+Injury+Accident+Attorneys/data=!4m7!3m6!1s0x89c2616ce0cd707b:0x827a8ac7fb69ba39!8m2!3d40.7148274!4d-73.831194!16s%2Fg%2F11y4xps6hp!19sChIJe3DN4GxhwokRObpp-8eKeoI,https://www.facebook.com/ParkerWaichmanLLP,https://www.instagram.com/parkerwaichman/,https://www.linkedin.com/company/parker-waichman-llp/,,,https://www.youtube.com/@parkerwaichman,Jerrold S. Parker,Founding Partner,,Jerrold S. Parker;Raymond C. Silverman;Craig H. Snyder,Jerrold S. Parker,https://www.linkedin.com/company/parker-waichman-llp/
D,"Daniel J. Byrnes, Esq.",new york,Daniel J. Byrnes Attorney,info@dbyrneslaw.com,info@dbyrneslaw.com,+1 718-967-5000,http://www.dbyrneslaw.com,"4459 Amboy Rd #1, Staten Island, NY 10312, United States",https://www.google.com/maps/place/Daniel+J.+Byrnes+Attorney/data=!4m7!3m6!1s0x89c24bace69611b5:0xb2db7b6ca4b4c61e!8m2!3d40.5446364!4d-74.1629575!16s%2Fg%2F1tgdv135!19sChIJtRGW5qxLwokRHsa0pGx727I,,,,,,,"Daniel J. Byrnes, Esq.",Owner / Solo Practitioner,,"Daniel J. Byrnes, Esq.","Daniel J. Byrnes, Esq.",info@dbyrneslaw.com
D,Keith Matthew Sullivan,new york,"Sullivan & Galleshaw, LLP",contact@sullivangalleshaw.com,contact@sullivangalleshaw.com;info@sullivangalleshaw.com,+1 718-843-0300,https://www.sullivangalleshaw.com/queens-personal-injury-lawyers,"108-15 Cross Bay Blvd, Ozone Park, NY 11417, United States","https://www.google.com/maps/place/Sullivan+%26+Galleshaw,+LLP/data=!4m7!3m6!1s0x89c25df5124bf033:0xa3b6d90fe48117f6!8m2!3d40.6776366!4d-73.8436347!16s%2Fg%2F1tfvj3mj!19sChIJM_BLEvVdwokR9heB5A_ZtqM",,,,,,,Keith Matthew Sullivan,Partner / Name Partner (Founder),,Keith M. Sullivan;Keith Matthew Sullivan;James Joseph Galleshaw;Jomarie Licata,Keith Matthew Sullivan,
D,Joseph Cammarata,new york,Cammarata Law P.C.,info@cammaratalawpc.com,info@cammaratalawpc.com,+1 718-477-0020,http://www.cammaratalawpc.com,"1110 South Ave Ste 33, Staten Island, NY 10314, United States",https://www.google.com/maps/place/Cammarata+Law+P.C./data=!4m7!3m6!1s0x89c24cfa0172a32d:0x20b7220bbf928c53!8m2!3d40.6139964!4d-74.1769329!16s%2Fg%2F11b69vd7y3!19sChIJLaNyAfpMwokRU4ySvwsityA,,,,,,,Joseph Cammarata,Founding Attorney,,Joseph Cammarata,Joseph Cammarata,info@cammaratalawpc.com
D,Caelyn T. Canace,new york,"Law Firm of Caelyn T. Canace, PLLC",info@canacelawfirm.com,info@canacelawfirm.com,+1 646-455-1011,https://canacelawfirm.com,"1599 E 15th St 5th Fl, Brooklyn, NY 11230, United States","https://www.google.com/maps/place/Law+Firm+of+Caelyn+T.+Canace,+PLLC/data=!4m7!3m6!1s0x89c2458e3eaf00a3:0x7eb558e439101229!8m2!3d40.6106462!4d-73.9584576!16s%2Fg%2F11fv4swq85!19sChIJowCvPo5FwokRKRIQOeRYtX4",,,,,,,Caelyn T. Canace,Founder / Attorney,,Caelyn T. Canace,Caelyn T. Canace,info@canacelawfirm.com
D,Mohamed Mewafy,new york,Mewafy Law Firm,info@MewafyLawFirm.com,info@MewafyLawFirm.com;contact@mewafylaw.com;info@mewafylawfirm.com,+1 718-726-1800,http://mewafylaw.com,"35-01 30th Ave. Ste 401, Astoria, NY 11103, United States",https://www.google.com/maps/place/Mewafy+Law+Firm/data=!4m7!3m6!1s0x89c25f7805430b9d:0x89ce80009ddb9f1d!8m2!3d40.7654543!4d-73.9177493!16s%2Fg%2F11tgb5k8x9!19sChIJnQtDBXhfwokRHZ_bnQCAzok,,,,,,,Mohamed Mewafy,Founder / Managing Attorney,,Mohamed Mewafy,Mohamed Mewafy,contact@MewafyLaw.com
D,Bryan Gordon,new york,"Gordon Law, P.C. -",info@gordondivorcelaw.com,info@gordondivorcelaw.com;info@gordondivorcelawfirm.com,+1 347-670-2007,https://gordondivorcelawfirm.com,"161-10 Jamaica Ave #205, Jamaica, NY 11432, United States","https://www.google.com/maps/place/Gordon+Law,+P.C.+-/data=!4m7!3m6!1s0x89c26137718eb4a9:0xecaf01450cc5cc52!8m2!3d40.7034301!4d-73.7970733!16s%2Fg%2F11gv0sn74f!19sChIJqbSOcTdhwokRUszFDEUBr-w",,,,,,,Bryan Gordon,Founding Attorney,,Bryan Gordon;Steven Gildin;Michael Rayburn,Bryan Gordon,
D,Jane Croft,new york,"Legal Matters, LLC",info@nyclegalmatters.com,info@nyclegalmatters.com,+1 929-509-8205,http://nyclegalmatters.com,,"https://www.google.com/maps/place/Legal+Matters,+LLC/data=!4m7!3m6!1s0x234bf63846c73b1d:0x114feb905517e215!8m2!3d40.6971415!4d-73.9719214!16s%2Fg%2F11kqn8918d!19sChIJHTvHRjj2SyMRFeIXVZDrTxE",,,,,,,Jane Croft,Firm principal (inferred from client reviews),,Jane Croft,Jane Croft,
D,Bryan Gordon,new york,"Gordon Law, P.C.",info@nylawyersteam.com,info@nylawyersteam.com,+1 347-378-9090,https://www.nylawyersteam.com/family-law-attorney/locations/brooklyn,"32 Court St #404, Brooklyn, NY 11201, United States","https://www.google.com/maps/place/Gordon+Law,+P.C./data=!4m7!3m6!1s0x89c25b4e54d41237:0x4de8d630917c9a28!8m2!3d40.6929484!4d-73.9910376!16s%2Fg%2F11g0mgrm6x!19sChIJNxLUVE5bwokRKJp8kTDW6E0",,,,,,,Bryan Gordon,Founding Attorney,,Bryan Gordon,Bryan Gordon,info@gordondivorcelawfirm.com
D,Bryan Gordon,new york,"Gordon Law, P.C. - Bronx Family and Divorce Lawyer",info@nylawyersteam.com,info@nylawyersteam.com,+1 929-358-7117,https://www.nylawyersteam.com/family-law-attorney/locations/bronx,"2825 3rd Ave, Bronx, NY 10455, United States","https://www.google.com/maps/place/Gordon+Law,+P.C.+-+Bronx+Family+and+Divorce+Lawyer/data=!4m7!3m6!1s0x89c2f587e8b3d553:0x2a60c0cbd62d4e8!8m2!3d40.8157928!4d-73.9186679!16s%2Fg%2F11v02y4ln8!19sChIJU9Wz6If1wokR6NRivQwMpgI",,,,,,,Bryan Gordon,Founding Attorney,,Bryan Gordon,Bryan Gordon,info@gordondivorcelawfirm.com
D,Irene Sinayskaya Kahn,new york,Kahn Yuniver Law (KYPCL),,,+1 718-402-2240,http://www.kypcl.com,"710 Avenue U, Brooklyn, NY 11223, United States",https://www.google.com/maps/place/Kahn+Yuniver+Law+%28KYPCL%29/data=!4m7!3m6!1s0x89c2445fb873a2df:0x7956edae7f6ffda0!8m2!3d40.5977888!4d-73.9637068!16s%2Fg%2F11bwh5s5ct!19sChIJ36JzuF9EwokRoP1vf67tVnk,,,,,,,Irene Sinayskaya Kahn,Managing Partner,,Irene Sinayskaya Kahn;Steven Yuniver;Nicholas Trotta,Irene Sinayskaya Kahn,Office@Kypcl.com
D,Bryan Gordon,new york,"Gordon Law, P.C.",info@nylawyersteam.com,info@nylawyersteam.com,+1 917-768-3130,https://www.nylawyersteam.com/family-law-attorney/locations/manhattan-nyc,"600 3rd Ave 2nd floor, New York, NY 10016, United States","https://www.google.com/maps/place/Gordon+Law,+P.C./data=!4m7!3m6!1s0x89c25903f44c0001:0x3d83f8a5e4fe0f15!8m2!3d40.749299!4d-73.9757505!16s%2Fg%2F11h5q853y1!19sChIJAQBM9ANZwokRFQ_-5KX4gz0",,,,,,,Bryan Gordon,Founding Attorney,,Bryan Gordon,Bryan Gordon,info@gordondivorcelawfirm.com
D,Ron L. Meyers,new york,Ron L. Meyers & Associates PLLC,info@ronmeyerslaw.com,info@ronmeyerslaw.com,+1 212-644-8787,https://ronmeyerslaw.com,"475 Park Ave S #2100, New York, NY 10016, United States",https://www.google.com/maps/place/Ron+L.+Meyers+%26+Associates+PLLC/data=!4m7!3m6!1s0x89c258fb7691603f:0x4821750e0a8c9e6d!8m2!3d40.7454596!4d-73.9821739!16s%2Fg%2F1tf6y82p!19sChIJP2CRdvtYwokRbZ6MCg51IUg,,,,,,,Ron L. Meyers,Founder / Attorney,,Ron L. Meyers,Ron L. Meyers,
D,Amel Spahija,new york,SPAHIJA LAW - Brooklyn Criminal Defense Lawyer,info@spahijalaw.com,info@spahijalaw.com,+1 646-453-4001,https://www.spahijalaw.com,"147 Prince St Suite 238, Brooklyn, NY 11201, United States",https://www.google.com/maps/place/SPAHIJA+LAW+-+Brooklyn+Criminal+Defense+Lawyer/data=!4m7!3m6!1s0x89c25b6eb65dc719:0xcbd038ce1e2f7a84!8m2!3d40.6926539!4d-73.9823926!16s%2Fg%2F11xzmx5cty!19sChIJGcddtm5bwokRhHovHs440Ms,,https://www.instagram.com/spahijalaw/,https://www.linkedin.com/company/spahija-law/,,,https://www.youtube.com/@SpahijaLaw,Amel Spahija,Founder / Criminal Defense Attorney,,Amel Spahija;Former Prosecutor,Amel Spahija,info@spahijalaw.com
D,Robert Aronov,new york,"Divorce Lawyer Queens Aronov Family Law NY, P.C.",info@consumerlaw.com,info@consumerlaw.com,+1 718-206-1555,https://www.aronovlawny.com/divorce-attorney-nyc,"98-14 Queens Blvd, Rego Park, NY 11374, United States","https://www.google.com/maps/place/Divorce+Lawyer+Queens+Aronov+Family+Law+NY,+P.C./data=!4m7!3m6!1s0x89c25fad2cc30ad1:0xc641032efd0b2496!8m2!3d40.727994!4d-73.857777!16s%2Fg%2F11jsrds4s1!19sChIJ0QrDLK1fwokRliQL_S4DQcY",,,,,,,Robert Aronov,Managing Partner / Founding Attorney,,Robert Aronov,Robert Aronov,
D,"Jason ""Jay"" Browne",new york,Attorney Jay Browne,contact@attorneyjaybrowne.com,contact@attorneyjaybrowne.com,+1 347-669-3256,https://www.attorneyjaybrowne.com,"592 Pacific St 1st Floor, Brooklyn, NY 11217, United States",https://www.google.com/maps/place/Attorney+Jay+Browne/data=!4m7!3m6!1s0x89c25b2c0cbefb0f:0xa35d5259f0b2717b!8m2!3d40.6831006!4d-73.9773275!16s%2Fg%2F11wbyrffyp!19sChIJD_u-DCxbwokRe3Gy8FlSXaM,,,,,,,"Jason ""Jay"" Browne",Founding Attorney / Owner,,"Jason Browne;Jason ""Jay"" Browne","Jason ""Jay"" Browne",
D,George Vomvolakis,new york,Law Offices of George Vomvolakis,info@vomlaw.com,info@vomlaw.com,+1 212-682-0700,https://newyorkdefenselaw.com,"275 Madison Ave 35th floor, New York, NY 10016, United States",https://www.google.com/maps/place/Law+Offices+of+George+Vomvolakis/data=!4m7!3m6!1s0x89c259011e131cb9:0x538b5892c8a7bf60!8m2!3d40.7512254!4d-73.9799862!16s%2Fg%2F1tgyxmmf!19sChIJuRwTHgFZwokRYL-nyJJYi1M,,,http://linkedin.com/shareArticle?mini=true&title=About%20The%20Firm&url=https://newyorkdefenselaw.com/about/,,,,George Vomvolakis,Founder / Attorney,,George Vomvolakis;NYC Criminal,George Vomvolakis,info@vomlaw.com
D,Surajudeen Agbaje,new york,Surajudeen Agbaje Law Office,info@agbajelawpc.com,info@agbajelawpc.com,+1 718-231-1353,https://www.agbajelawpc.com,"3550 White Plains Rd #2, Bronx, NY 10467, United States",https://www.google.com/maps/place/Surajudeen+Agbaje+Law+Office/data=!4m7!3m6!1s0x89c2f315640eba1b:0xd88c22e65d49063!8m2!3d40.8782241!4d-73.8654755!16s%2Fg%2F1td4_syr!19sChIJG7oOZBXzwokRY5DUZS7CiA0,,,,,,,Surajudeen Agbaje,Founder / Immigration Attorney,,Surajudeen Agbaje,Surajudeen Agbaje,info@agbajelawpc.com
D,Contact Uncontested,new york,Uncontested Divorce Lawyers,info@atlantaautolaw.com,info@atlantaautolaw.com;info@uncontesteddivorcelawyersnyc.com;info@uncontesteddivorceny.com;info@uncontesteddivorcestatenislandrichmondcountydivorce.com,+1 929-635-7550,https://uncontesteddivorcelawyersnyc.com/location/uncontested-divorce-lawyer-staten-island-ny,"597 Manor Rd 2nd floor, Staten Island, NY 10314, United States",https://www.google.com/maps/place/Uncontested+Divorce+Lawyers/data=!4m7!3m6!1s0x89c24f005c6d1f9b:0x3108a16928d8722f!8m2!3d40.6128567!4d-74.1223214!16s%2Fg%2F11yskhpg37!19sChIJmx9tXABPwokRL3LYKGmhCDE,,,,,,,Contact Uncontested,,,,Contact Uncontested,
D,David A. Alishaev,new york,Alishaev Law Group,info@wecloseny.com,info@wecloseny.com,+1 718-459-2030,http://www.wecloseny.com,"100-15 Queens Blvd #203, Forest Hills, NY 11375, United States",https://www.google.com/maps/place/Alishaev+Law+Group/data=!4m7!3m6!1s0x89c25e31f677aeb7:0x746f81b8f467e243!8m2!3d40.7271329!4d-73.8529975!16s%2Fg%2F11b7fm5j8p!19sChIJt6539jFewokRQ-Jn9LiBb3Q,,,,,,,David A. Alishaev,Principal Attorney / Managing Partner (Founder),,David A. Alishaev,David A. Alishaev,info@wecloseny.com
D,Timothy M. O'Donovan,new york,Law Office Of Timothy M. O'Donovan,,,+1 718-980-7300,http://www.timothyodonovanesq.com,"1860 Clove Rd, Staten Island, NY 10304, United States",https://www.google.com/maps/place/Law+Office+Of+Timothy+M.+O%27Donovan/data=!4m7!3m6!1s0x89c24f8d41c59a2b:0x9fdccce015680b45!8m2!3d40.6070857!4d-74.0887346!16s%2Fg%2F125_v7jsz!19sChIJK5rFQY1PwokRRQtoFeDM3J8,,,,,,,Timothy M. O'Donovan,Founding Attorney / Owner,,Timothy M. O'Donovan,Timothy M. O'Donovan,info@timothyodonovanesq.com
D,,new york,Law Offices of DUI & Defence,,,+1 718-492-6837,https://lawofficesoflyndadeesvs.com,"605 E 132nd St #166, Bronx, NY 10454, United States",https://www.google.com/maps/place/Law+Offices+of+DUI+%26+Defence/data=!4m7!3m6!1s0x89c2f51b6f29831f:0x99d478027e925b10!8m2!3d40.8025845!4d-73.9188177!16s%2Fg%2F11yswlw4rl!19sChIJH4Mpbxv1wokREFuSfgJ41Jk,,,,,,,,,,,,
D,,new york,Steven Zalewski & Associates,,,+1 718-521-6041,,"888 Grand Concourse, Bronx, NY 10451, United States",https://www.google.com/maps/place/Steven+Zalewski+%26+Associates/data=!4m7!3m6!1s0x89c2f5cfd1252c0b:0xeba69a989bc14519!8m2!3d40.8263628!4d-73.9224151!16s%2Fg%2F11bbt366vq!19sChIJCywl0c_1wokRGUXBm5iapus,,,,,,,,,,,,
D,,new york,Law Office Of Edward Delli Paoli,,,+1 718-668-0600,,"129 New Dorp Plaza, Staten Island, NY 10306, United States",https://www.google.com/maps/place/Law+Office+Of+Edward+Delli+Paoli/data=!4m7!3m6!1s0x89c2495929664ef3:0x680ae20a5e53cdfc!8m2!3d40.5724548!4d-74.119431!16s%2Fg%2F11j9lh3x89!19sChIJ805mKVlJwokR_M1TXgriCmg,,,,,,,,,,,,
D,,new york,Law Offices of Michael Grinblat,,,+1 347-796-0712,,"10 E 39th St 12th floor, New York, NY 10016, United States",https://www.google.com/maps/place/Law+Offices+of+Michael+Grinblat/data=!4m7!3m6!1s0x89c259990e829f2f:0x5361e72804a008b!8m2!3d40.7510694!4d-73.9815945!16s%2Fg%2F12jf4jj5g!19sChIJL5-CDplZwokRiwBKgHIeNgU,,,,,,,,,,,,
D,,new york,Macey Bankruptcy Law - Manhattan Bankruptcy,,,+1 646-862-3167,,"420 Lexington Ave #2132, New York, NY 10170, United States",https://www.google.com/maps/place/Macey+Bankruptcy+Law+-+Manhattan+Bankruptcy/data=!4m7!3m6!1s0x89c2590246d9dfcd:0xc58f13e0ecae9188!8m2!3d40.7526842!4d-73.9759022!16s%2Fg%2F1tctygj_!19sChIJzd_ZRgJZwokRiJGu7OATj8U,,,,,,,,,,,,
D,Mark S. Cossuto,new york,Cossuto DWI Defense,,,+1 646-844-4188,https://queensdwiattorneys.com,"36-36 Prince St, Flushing, NY 11354, United States",https://www.google.com/maps/place/Cossuto+DWI+Defense/data=!4m7!3m6!1s0x89c2600f00900c35:0x26298f23e0ce82b1!8m2!3d40.7610753!4d-73.8331325!16s%2Fg%2F11kc8mwwp8!19sChIJNQyQAA9gwokRsYLO4COPKSY,,,,,,,Mark S. Cossuto,Owner / DWI Defense Attorney,,Mark S. Cossuto,Mark S. Cossuto,
D,James L. Lutfy,new york,"Lutfy and Santora, Attorneys at Law",,,+1 718-442-2272,http://landslaw.net,"1405 Clove Rd, Staten Island, NY 10301, United States","https://www.google.com/maps/place/Lutfy+and+Santora,+Attorneys+at+Law/data=!4m7!3m6!1s0x89c24ef550ba8f77:0x8c3df5aedbdc7a4c!8m2!3d40.6131436!4d-74.0995646!16s%2Fg%2F11gtzqk74_!19sChIJd4-6UPVOwokRTHrc2671PYw",,,,,,,James L. Lutfy,Co-Founder / Name Partner,,James L. Lutfy;Joseph Santora,James L. Lutfy,
D,,new york,Staten Island Criminal Court,,,+1 646-386-4500,http://www.courts.state.ny.us/courts/nyc/criminal/generalinfo.shtml,"26 Central Ave, Staten Island, NY 10301, United States",https://www.google.com/maps/place/Staten+Island+Criminal+Court/data=!4m7!3m6!1s0x89c24e4eaa04bdcb:0xa0036e83d575ed41!8m2!3d40.640865!4d-74.0772303!16s%2Fg%2F11bxb9z6d5!19sChIJy70Eqk5OwokRQe111YNuA6A,,,,,,,,,,,,
D,,new york,"Jonathan H. Poznansky, Attorney at Law",,,+1 718-442-1550,,"1688 Victory Blvd #200, Staten Island, NY 10314, United States","https://www.google.com/maps/place/Jonathan+H.+Poznansky,+Attorney+at+Law/data=!4m7!3m6!1s0x89c24e81171eaa85:0xee9f29078923be3a!8m2!3d40.6124078!4d-74.128905!16s%2Fg%2F1tdx0g34!19sChIJhaoeF4FOwokROr4jiQcpn-4",,,,,,,,,,,,
D,,new york,Law Offices of Joseph C. Perez,,,+1 718-918-0327,,"216 Pennyfield Ave, Bronx, NY 10465, United States",https://www.google.com/maps/place/Law+Offices+of+Joseph+C.+Perez/data=!4m7!3m6!1s0x89c28b0352dfd509:0xb45d928ec420ed62!8m2!3d40.8133784!4d-73.8065912!16s%2Fg%2F1td_zjg8!19sChIJCdXfUgOLwokRYu0gxI6SXbQ,,,,,,,,,,,,
D,,new york,Gellman Jay,,,+1 718-793-5033,,"118-35 Queens Blvd, Forest Hills, NY 11375, United States",https://www.google.com/maps/place/Gellman+Jay/data=!4m7!3m6!1s0x89c26098166991e3:0x3e839a099740e561!8m2!3d40.715319!4d-73.8305627!16s%2Fg%2F11bbrhhw0j!19sChIJ45FpFphgwokRYeVAlwmagz4,,,,,,,,,,,,
D,Michael Bush,new york,"Chelli & Bush, Attorneys at Law",,,+1 718-987-8444,https://www.chelliandbush.com,"149 New Dorp Ln, Staten Island, NY 10306, United States","https://www.google.com/maps/place/Chelli+%26+Bush,+Attorneys+at+Law/data=!4m7!3m6!1s0x89c2495301125d81:0xa78696d26b700071!8m2!3d40.5736882!4d-74.1152558!16s%2Fg%2F1hbpwshkc!19sChIJgV0SAVNJwokRcQBwa9KWhqc",,,,,,,Michael Bush,Principal,,Michael Bush;Victor Barbosa;Joseph D'Agostino,Michael Bush,
D,,new york,"Law Offices of Mandeep Kaur, P.C.",,,+1 347-691-3630,,"3548 E Tremont Ave, Bronx, NY 10465, United States","https://www.google.com/maps/place/Law+Offices+of+Mandeep+Kaur,+P.C./data=!4m7!3m6!1s0x89c28b38eba5f16b:0x737493066603ad4!8m2!3d40.8299846!4d-73.8259641!16s%2Fg%2F11g9qg8fh3!19sChIJa_Gl6ziLwokR1DpgZjBJNwc",,,,,,,,,,,,
D,Anthony M. Vassallo,new york,Law Office of Anthony M. Vassallo,,,+1 347-464-8277,http://www.amvasslaw.com,"276 5th Ave, New York, NY 10001, United States",https://www.google.com/maps/place/Law+Office+of+Anthony+M.+Vassallo/data=!4m7!3m6!1s0x89c25a5572271bc5:0x27ad137137ecc60c!8m2!3d40.7459698!4d-73.9869095!16s%2Fg%2F11by_p6pnk!19sChIJxRsnclVawokRDMbsN3ETrSc,,,,,,,Anthony M. Vassallo,Founder / Owner (bankruptcy attorney),,Anthony M. Vassallo,Anthony M. Vassallo,
D,,new york,"Jack L. Glasser, P.C.",,,+1 718-526-8100,,"89-10 Sutphin Blvd, Jamaica, NY 11435, United States","https://www.google.com/maps/place/Jack+L.+Glasser,+P.C./data=!4m7!3m6!1s0x89c260c4f2450a85:0x18d1767e20bcdc0e!8m2!3d40.7034723!4d-73.80879!16s%2Fg%2F1tfgq9q8!19sChIJhQpF8sRgwokRDty8IH520Rg",,,,,,,,,,,,
D,Janice G. Roven,new york,"Roven Law Group, P.C.",,,+1 212-262-3280,https://rovenlawgroup.com,"3 Park Ave Ste 2700, New York, NY 10016, United States","https://www.google.com/maps/place/Roven+Law+Group,+P.C./data=!4m7!3m6!1s0x89c25901992d3679:0xaa42ac0f83fc44d2!8m2!3d40.746748!4d-73.9812892!16s%2Fg%2F1tg5_k5k!19sChIJeTYtmQFZwokR0kT8gw-sQqo",,,,,,,Janice G. Roven,Founding Attorney,,Janice G. Roven;Diana Imbert,Janice G. Roven,
D,John M. Murphy Jr.,new york,John M. Murphy Jr Attorney At Law,,,+1 718-442-4052,https://www.johnmmurphyjresq.com,"60 Bay St, Staten Island, NY 10301, United States",https://www.google.com/maps/place/John+M.+Murphy+Jr+Attorney+At+Law/data=!4m7!3m6!1s0x89c24fd2bbae7691:0xfe5b49dfb1eee934!8m2!3d40.6404885!4d-74.0760463!16s%2Fg%2F1tjz48kn!19sChIJkXauu9JPwokRNOnusd9JW_4,,,,,,,John M. Murphy Jr.,Owner / Attorney at Law,,John M. Murphy Jr.,John M. Murphy Jr.,
D,,new york,Law offices of Dolly Z Hassan,,,+1 718-847-3757,,"135-20 Liberty Ave, South Richmond Hill, NY 11419, United States",https://www.google.com/maps/place/Law+offices+of+Dolly+Z+Hassan/data=!4m7!3m6!1s0x89c260b0c4bd758f:0xa61bcf9c1d3dcfe3!8m2!3d40.6915892!4d-73.810985!16s%2Fg%2F1v2jdv50!19sChIJj3W9xLBgwokR4889HZzPG6Y,,,,,,,,,,,,
D,Clover M. Barrett,new york,Clover Barrett & Associates P.C.,,,+1 718-625-8568,http://cloverbarrett.com,"338 Atlantic Ave, Brooklyn, NY 11201, United States",https://www.google.com/maps/place/Clover+Barrett+%26+Associates+P.C./data=!4m7!3m6!1s0x89c25a4dea5ea1e7:0xd752f5c70606955!8m2!3d40.687696!4d-73.987616!16s%2Fg%2F1tlwgkhb!19sChIJ56Fe6k1awokRVWlgcFwvdQ0,,,,,,,Clover M. Barrett,Principal / Founder,,Clover M. Barrett,Clover M. Barrett,
D,Howard Greenberg,new york,Greenberg Law Firm,,,+1 718-797-1800,https://www.howardgreenberglaw.com,"139 Court St, Brooklyn, NY 11201, United States",https://www.google.com/maps/place/Greenberg+Law+Firm/data=!4m7!3m6!1s0x89c25a4f2714f675:0x2301d08b16c795d0!8m2!3d40.6893925!4d-73.9922548!16s%2Fg%2F1tfcjpdx!19sChIJdfYUJ09awokR0JXHFovQASM,,,,,,,Howard Greenberg,Founding Attorney / Owner,,Howard Greenberg,Howard Greenberg,
D,Pasquale E. DiVernieri,new york,DiVernieri DiVernieri & Cotter,,,+1 718-667-1301,http://www.ddclawfirm.com,"361 Edison St, Staten Island, NY 10306, United States",https://www.google.com/maps/place/DiVernieri+DiVernieri+%26+Cotter/data=!4m7!3m6!1s0x89c24952631c917b:0x14c45aeee14f4efc!8m2!3d40.573042!4d-74.113408!16s%2Fg%2F125__8nwn!19sChIJe5EcY1JJwokR_E5P4e5axBQ,,,,,,,Pasquale E. DiVernieri,Founding Partner,,Pasquale E. DiVernieri,Pasquale E. DiVernieri,
D,Samuel L. Hagan,new york,"Hagan, Coury & Associates",,,+1 718-777-5985,http://www.nyclitigationlawyers.com,"908 4th Ave, Brooklyn, NY 11232, United States","https://www.google.com/maps/place/Hagan,+Coury+%26+Associates/data=!4m7!3m6!1s0x89c25ac11b091f03:0xe585fb4df8722b50!8m2!3d40.6559035!4d-74.0032108!16s%2Fg%2F1tltn8ys!19sChIJAx8JG8FawokRUCty-E37heU",,,,,,,Samuel L. Hagan,Managing Partner,,Samuel L. Hagan;William J. Coury,Samuel L. Hagan,
D,Jessica Rose,new york,Brooklyn Legal Services Corporation A,,,+1 718-487-2300,http://www.bka.org,"260 Broadway #2, Brooklyn, NY 11211, United States",https://www.google.com/maps/place/Brooklyn+Legal+Services+Corporation+A/data=!4m7!3m6!1s0x89c25bde20b482a5:0x36fd0598b23b568d!8m2!3d40.7088146!4d-73.9595084!16s%2Fg%2F1tks76z3!19sChIJpYK0IN5bwokRjVY7spgF_TY,,,,,,,Jessica Rose,Executive Director,,Jessica Rose;Ndukwe Agwu;Jennifer Flores,Jessica Rose,
D,,new york,Law Office of Andrew Fistel,,,+1 718-793-6400,,"118-35 Queens Blvd #1205, Forest Hills, NY 11375, United States",https://www.google.com/maps/place/Law+Office+of+Andrew+Fistel/data=!4m7!3m6!1s0x89c26160cc988023:0xa285db0ee706b311!8m2!3d40.714841!4d-73.8310802!16s%2Fg%2F11shwxg932!19sChIJI4CYzGBhwokREbMG5w7bhaI,,,,,,,,,,,,
D,Thomas A. Ricotta,new york,"Ricotta & Marks, P.C.",,,+1 917-540-8565,https://www.queensemploymentattorney.com,"30-30 Northern Blvd Ste 401, Long Island City, NY 11101, United States","https://www.google.com/maps/place/Ricotta+%26+Marks,+P.C./data=!4m7!3m6!1s0x89c25faf802b0f99:0x9aab9da4160d2d27!8m2!3d40.7512153!4d-73.9336657!16s%2Fg%2F1thk9ny4!19sChIJmQ8rgK9fwokRJy0NFqSdq5o",https://www.facebook.com/RicottaMarks/,,https://www.linkedin.com/company/ricotta-marks-p-c/,,,,Thomas A. Ricotta,Founding Partner,,Thomas A. Ricotta;Matthew I. Marks,Thomas A. Ricotta,https://twitter.com/ricottamarks
D,Dmitry Levitsky,new york,LEVITSKY LAW FIRM,,,+1 347-462-1660,http://www.levitskylawfirm.com,"3163 Coney Island Ave 2nd Floor, Brooklyn, NY 11235, United States",https://www.google.com/maps/place/LEVITSKY+LAW+FIRM/data=!4m7!3m6!1s0x89c245a7d604426f:0x471700ce59a40868!8m2!3d40.5789116!4d-73.959488!16s%2Fg%2F11b69zv9k6!19sChIJb0IE1qdFwokRaAikWc4AF0c,,,,,,,Dmitry Levitsky,Founder / Managing Attorney,,Dmitry Levitsky;Yuriy Yaroslavskiy;Dean G. Delianites,Dmitry Levitsky,https://www.facebook.com/Levitsky-Law-Firm-787825134640969/
D,Olga J. Rodriguez,new york,"Olga J. Rodriguez, Attorney at Law",,,+1 718-793-5385,https://www.olgajrodriguezpc.com,"118-21 Queens Blvd Ste 619, Forest Hills, NY 11375, United States","https://www.google.com/maps/place/Olga+J.+Rodriguez,+Attorney+at+Law/data=!4m7!3m6!1s0x89c260983f063561:0x1a44a9c7529b19a7!8m2!3d40.7151047!4d-73.8314967!16s%2Fg%2F11cspxkn2q!19sChIJYTUGP5hgwokRpxmbUsepRBo",,,,,,,Olga J. Rodriguez,Founding Attorney,,Olga J. Rodriguez,Olga J. Rodriguez,
D,Phil Napolitano,new york,Napolitano Law PLLC,,,+1 718-414-6175,https://www.philnaplaw.com?npcmp=dir%3Alocal%3A2457935%3A10462,"788 Morris Park Ave, Bronx, NY 10462, United States",https://www.google.com/maps/place/Napolitano+Law+PLLC/data=!4m7!3m6!1s0x89c2f4bd233ea9ef:0x2500126564f90cfe!8m2!3d40.8457378!4d-73.8627439!16s%2Fg%2F12hkv5kb2!19sChIJ76k-I730wokR_gz5ZGUSACU,,,,,,,Phil Napolitano,Owner / Founding Attorney,,Phil Napolitano,Phil Napolitano,
D,Mark S. Cossuto,new york,Brooklyn DWI Lawyer Mark Cossuto,,,+1 718-852-8047,https://brooklyndwi.com,"26 Court St Suite 314, Brooklyn, NY 11242, United States",https://www.google.com/maps/place/Brooklyn+DWI+Lawyer+Mark+Cossuto/data=!4m7!3m6!1s0x89c25a49249a280b:0xb1323cd2606a83f7!8m2!3d40.6933297!4d-73.9909485!16s%2Fg%2F1thxrkd7!19sChIJCyiaJElawokR94NqYNI8MrE,,,,,,,Mark S. Cossuto,Principal Attorney / Founder,,Mark S. Cossuto;DWI Defense,Mark S. Cossuto,https://brooklyndwi.com/
D,David Brodman,new york,Law Offices of David Brodman,,,+1 718-239-7110,https://www.getridofcreditors.com,"633 Lydig Ave, Bronx, NY 10462, United States",https://www.google.com/maps/place/Law+Offices+of+David+Brodman/data=!4m7!3m6!1s0x89c2f49f002f10f1:0xea18e853fc50afaa!8m2!3d40.8545616!4d-73.8683172!16s%2Fg%2F1tj2jt_f!19sChIJ8RAvAJ_0wokRqq9Q_FPoGOo,,,,,,,David Brodman,Founding Attorney / Owner,,David Brodman,David Brodman,https://www.facebook.com/p/Law-Offices-of-David-Brodman-100070152463264/
D,Ramonita Cordero,new york,The Law Office of Ramonita Cordero,,,+1 646-440-4943,https://www.corderofamilylaw.com,"171 E 163rd St, Bronx, NY 10451, United States",https://www.google.com/maps/place/The+Law+Office+of+Ramonita+Cordero/data=!4m7!3m6!1s0x89c259a8b9c77997:0x80cc705ebc09e9e0!8m2!3d40.8283657!4d-73.9208558!16s%2Fg%2F11ckw6b334!19sChIJl3nHuahZwokR4OkJvF5wzIA,,,,,,,Ramonita Cordero,Owner / Founding Attorney,,Ramonita Cordero,Ramonita Cordero,
D,Joseph Wohlgemuth,new york,NYC Car & Truck Accident Injury Lawyer - Law Office of Joseph Wohlgemuth,,,+1 718-474-9100,https://accidentlawny.com,"1377 E 4th St 4th Floor, Brooklyn, NY 11230, United States",https://www.google.com/maps/place/NYC+Car+%26+Truck+Accident+Injury+Lawyer+-+Law+Office+of+Joseph+Wohlgemuth/data=!4m7!3m6!1s0x89c245b0cd3971af:0x599a699ac70e8593!8m2!3d40.6171284!4d-73.9712258!16s%2Fg%2F11j1z5jfs0!19sChIJr3E5zbBFwokRk4UOx5ppmlk,,,,,,,Joseph Wohlgemuth,Founding Member / Attorney,,Joseph Wohlgemuth,Joseph Wohlgemuth,
D,Alan Fuchsberg,new york,Jacob D. Fuchsberg Law Firm,,,+1 212-869-3500,https://www.fuchsberg.com,"3 Park Ave 37th Floor, New York, NY 10016, United States",https://www.google.com/maps/place/Jacob+D.+Fuchsberg+Law+Firm/data=!4m7!3m6!1s0x89c25900307de965:0x50c7e7061a0d5df3!8m2!3d40.7465167!4d-73.9812217!16s%2Fg%2F1thmlxlc!19sChIJZel9MABZwokR810NGgbnx1A,https://www.facebook.com/fuchsberglaw/,https://www.instagram.com/fuchsberglawfirm/,https://www.linkedin.com/company/jacob-fuchsberg-law-firm/,https://www.yelp.com/biz/jacob-fuchsberg-law-firm-new-york,,,Alan Fuchsberg,Managing Partner,,Alan Fuchsberg;Bradley Zimmerman;Eli Fuchsberg,Alan Fuchsberg,https://www.linkedin.com/company/jacob-fuchsberg-law-firm/
D,Elias Malikouzakis,new york,Malikouzakis Law,,,+1 718-606-0170,http://malikouzakislaw.com,"23-90 24th St, Astoria, NY 11105, United States",https://www.google.com/maps/place/Malikouzakis+Law/data=!4m7!3m6!1s0x89c25f44b52ee86b:0x3eb3fee9a7149c4e!8m2!3d40.7756963!4d-73.9196598!16s%2Fg%2F11c31734cd!19sChIJa-gutURfwokRTpwUp-n-sz4,,,,,,,Elias Malikouzakis,Principal / Attorney,,Elias Malikouzakis,Elias Malikouzakis,
D,"Julius Rivera Jr., Esq.",new york,Julius Rivera Law Office,,,+1 718-828-2318,http://juliusriveralaw.info,"957 Morris Park Ave, Bronx, NY 10462, United States",https://www.google.com/maps/place/Julius+Rivera+Law+Office/data=!4m7!3m6!1s0x89c2f592ba0354cd:0x9ab44f9cc9fb2f3e!8m2!3d40.8477629!4d-73.8577008!16s%2Fg%2F11gxf_x_jv!19sChIJzVQDupL1wokRPi_7yZxPtJo,,,,,,,"Julius Rivera Jr., Esq.",Owner / Founding Attorney,,"Julius Rivera Jr., Esq.","Julius Rivera Jr., Esq.",
D,Steven Gildin,new york,The Law Offices of Gildin & Chapman,,,+1 347-952-7179,https://nys-lawyer.com,"61-43 186th St, Fresh Meadows, NY 11365, United States",https://www.google.com/maps/place/The+Law+Offices+of+Gildin+%26+Chapman/data=!4m7!3m6!1s0x89c261b1988d33c5:0x9d1827bb874a0475!8m2!3d40.739075!4d-73.787622!16s%2Fg%2F1vtzj3r4!19sChIJxTONmLFhwokRdQRKh7snGJ0,,,,,,,Steven Gildin,Name Partner / Attorney,,Steven Gildin;Brent Chapman,Steven Gildin,
D,Curt Arnel,new york,Arnel Law Firm,,,+1 718-550-3024,https://www.nycdivorceatty.com,"81 Court St 5th Floor, Brooklyn, NY 11201, United States",https://www.google.com/maps/place/Arnel+Law+Firm/data=!4m7!3m6!1s0x89c25a49110acb89:0xd71d4e3822c4e3b7!8m2!3d40.6914205!4d-73.9913217!16s%2Fg%2F1tj1s_tl!19sChIJicsKEUlawokRt-PEIjhOHdc,https://www.facebook.com/ArnelLawFirm,,https://www.linkedin.com/company/curt-arnel-&-associates,https://www.yelp.com/biz/arnel-law-firm-brooklyn?osq=Cpa,,,Curt Arnel,Founding Partner,,Curt Arnel;Lauren Arnel;Rated Divorce,Curt Arnel,https://www.linkedin.com/company/curt-arnel-&-associates
D,Charles C. DeStefano,new york,The Law Office of Charles C. DeStefano,,,+1 718-390-0580,http://www.charlesdestefanolaw.com,"1082 Victory Blvd, Staten Island, NY 10301, United States",https://www.google.com/maps/place/The+Law+Office+of+Charles+C.+DeStefano/data=!4m7!3m6!1s0x89c24e60aeefefeb:0x6cd5e200409f818c!8m2!3d40.6180081!4d-74.1010059!16s%2Fg%2F1td666x6!19sChIJ6-_vrmBOwokRjIGfQADi1Ww,,,,,,,Charles C. DeStefano,Founder / Principal Attorney,,Charles C. DeStefano;Lisa Kraut,Charles C. DeStefano,
D,Daniel J. Savino Jr.,new york,Savino & Smollar,,,+1 718-448-8121,https://www.savinosmollar.com,"1110 South Ave #100, Staten Island, NY 10314, United States",https://www.google.com/maps/place/Savino+%26+Smollar/data=!4m7!3m6!1s0x89c24fa4b0978195:0xd5dc60818f769f7e!8m2!3d40.6140144!4d-74.1769556!16s%2Fg%2F11j5cbx967!19sChIJlYGXsKRPwokRfp92j4Fg3NU,,,,,,,Daniel J. Savino Jr.,Managing Partner,,Daniel J. Savino Jr.;Jason Smollar,Daniel J. Savino Jr.,
D,Paul M. Hollender,new york,"Corash & Hollender, P.C.",,,+1 718-442-4424,https://www.silawfirm.com,"1200 South Ave Ste 201, Staten Island, NY 10314, United States","https://www.google.com/maps/place/Corash+%26+Hollender,+P.C./data=!4m7!3m6!1s0x89c24cf3e10214a5:0xdba0d38af8559ca!8m2!3d40.6101423!4d-74.1790161!16s%2Fg%2F1w8wbygj!19sChIJpRQC4fNMwokRylmFrzgNug0",,,,,,,Paul M. Hollender,Partner (Name Partner),,Paul M. Hollender;Richard Corash,Paul M. Hollender,
D,,new york,"Jacobs Law, P.C.",,,+1 929-394-0391,,"80-15 188th St Ste 201, Jamaica, NY 11423, United States","https://www.google.com/maps/place/Jacobs+Law,+P.C./data=!4m7!3m6!1s0x89c26108494dcd81:0x54e5aaa2cdd18f57!8m2!3d40.7288607!4d-73.7806273!16s%2Fg%2F11tfgf2ww4!19sChIJgc1NSQhhwokRV4_RzaKq5VQ",,,,,,,,,,,,
D,Val Kleyman,new york,Kleyman Law Firm,,,+1 212-401-1977,http://nyc-divorcelawyer.com,"445 Park Ave Fl. 9, New York, NY 10022, United States",https://www.google.com/maps/place/Kleyman+Law+Firm/data=!4m7!3m6!1s0x89c2591f66da4fe1:0xe512695a07f7a96d!8m2!3d40.7611216!4d-73.9706451!16s%2Fg%2F11n16pnn6l!19sChIJ4U_aZh9ZwokRban3B1ppEuU,,,,,,,Val Kleyman,Founder / Owner,,Val Kleyman,Val Kleyman,
D,,new york,Watson Kevin,,,+1 718-794-5907,,"2116 Williamsbridge Rd, Bronx, NY 10461, United States",https://www.google.com/maps/place/Watson+Kevin/data=!4m7!3m6!1s0x89c2f3587193ae95:0xb86083eebfd8874c!8m2!3d40.8559576!4d-73.8554131!16s%2Fg%2F1tql5q8l!19sChIJla6TcVjzwokRTIfYv-6DYLg,,,,,,,,,,,,
D,,new york,Mahandra Persaud PC,,,+1 718-231-6737,,"4200 White Plains Rd, Bronx, NY 10466, United States",https://www.google.com/maps/place/Mahandra+Persaud+PC/data=!4m7!3m6!1s0x89c2f3270c7676e7:0x32ac971b01410f01!8m2!3d40.893541!4d-73.856984!16s%2Fg%2F1v9gwddx!19sChIJ53Z2DCfzwokRAQ9BARuXrDI,,,,,,,,,,,,
D,Adam Kalish,new york,The Law Firm of Adam Kalish,,,+1 646-568-9313,http://www.kalishlawnyc.com,"182A 26th St, Brooklyn, NY 11232, United States",https://www.google.com/maps/place/The+Law+Firm+of+Adam+Kalish/data=!4m7!3m6!1s0x89c25cc309429c8d:0xdd60593c4a59b08!8m2!3d40.6600804!4d-73.9990564!16s%2Fg%2F1hc13y3r4!19sChIJjZxCCcNcwokRCJulxJMF1g0,,,,,,,Adam Kalish,Founder / Owner,,Adam Kalish,Adam Kalish,https://www.facebook.com/TheLawFirmOfAdamKalish/
D,,new york,Howard M File Law Office: File Howard M,,,+1 718-494-8800,,"260 Christopher Ln, Staten Island, NY 10314, United States",https://www.google.com/maps/place/Howard+M+File+Law+Office:+File+Howard+M/data=!4m7!3m6!1s0x89c24c4fa72a17c3:0xd8065d1e0ff0c5d7!8m2!3d40.6128165!4d-74.1570291!16s%2Fg%2F1tggbwt0!19sChIJwxcqp09MwokR18XwDx5dBtg,,,,,,,,,,,,
D,Thomas M. Denaro,new york,"Thomas M. Denaro, Esquire",,,+1 718-863-6000,http://www.thomasdenarobankruptcylaw.com,"1726 Edison Ave, Bronx, NY 10461, United States","https://www.google.com/maps/place/Thomas+M.+Denaro,+Esquire/data=!4m7!3m6!1s0x89c28b50c355c479:0x925370924d2d0fa9!8m2!3d40.846168!4d-73.83233!16s%2Fg%2F1tjjq938!19sChIJecRVw1CLwokRqQ8tTZJwU5I",,,,,,,Thomas M. Denaro,Owner / Solo Bankruptcy Attorney,,Thomas M. Denaro,Thomas M. Denaro,
D,Nadezhda (Nadia) Ursulova,new york,"Ursulova Law Offices, P.C.",,,+1 718-336-7000,http://www.ursulovalaw.com,"2801 Emmons Ave Ste 112, Brooklyn, NY 11235, United States","https://www.google.com/maps/place/Ursulova+Law+Offices,+P.C./data=!4m7!3m6!1s0x89c24469f9a21661:0xd85590b789b22cc!8m2!3d40.5842753!4d-73.9403845!16s%2Fg%2F1txnqc6k!19sChIJYRai-WlEwokRzCKbeAtZhQ0",,,,,,,Nadezhda (Nadia) Ursulova,Founding Member / Principal Attorney,,Nadezhda (Nadia) Ursulova,Nadezhda (Nadia) Ursulova,
D,Frank V. Savona,new york,The Law Office of Frank V. Savona Esq,,,+1 718-966-2700,https://www.savonalaw.com,"1110 South Ave #100, Staten Island, NY 10314, United States",https://www.google.com/maps/place/The+Law+Office+of+Frank+V.+Savona+Esq/data=!4m7!3m6!1s0x89c24bace69611b5:0x30e503c27001c50a!8m2!3d40.6140144!4d-74.1769556!16s%2Fg%2F1tmqh347!19sChIJtRGW5qxLwokRCsUBcMID5TA,,,,,,,Frank V. Savona,Owner / Attorney,,Frank V. Savona,Frank V. Savona,
D,Patrick V. Parrotta,new york,Law Office of Patrick V. Parrotta,,,+1 718-556-9800,https://patrickparrottalaw.com,"1492 Victory Blvd 3rd Floor, Staten Island, NY 10301, United States",https://www.google.com/maps/place/Law+Office+of+Patrick+V.+Parrotta/data=!4m7!3m6!1s0x89c24f3c63e34243:0x2babf99e1ad8800b!8m2!3d40.6136308!4d-74.1129618!16s%2Fg%2F11n_wlg1c5!19sChIJQ0LjYzxPwokRC4DYGp75qys,,,,,,,Patrick V. Parrotta,Founding Partner / Criminal Defense Attorney,,Patrick V. Parrotta,Patrick V. Parrotta,
D,,new york,"Law Office of Svetlana Kaplun, P.C.",,,+1 718-444-1115,,"2020 Jerome Ave # 1b, Brooklyn, NY 11235, United States","https://www.google.com/maps/place/Law+Office+of+Svetlana+Kaplun,+P.C./data=!4m7!3m6!1s0x89c244851a0e0ecd:0xbd840239a5d720db!8m2!3d40.5879503!4d-73.9485879!16s%2Fg%2F119vdv9jj!19sChIJzQ4OGoVEwokR2yDXpTkChL0",,,,,,,,,,,,
D,Samantha Chorny,new york,SMC Law Firm,,,+1 718-970-1960,https://www.smclawnyc.com?npcmp=dir%3Alocal%3A5309758%3A10013,"113-25 Queens Blvd #102, Forest Hills, NY 11375, United States",https://www.google.com/maps/place/SMC+Law+Firm/data=!4m7!3m6!1s0x89c2597f0319597d:0x78148b87358bc591!8m2!3d40.7176781!4d-73.8349868!16s%2Fg%2F11v02fn00s!19sChIJfVkZA39ZwokRkcWLNYeLFHg,,,,,,,Samantha Chorny,Founder / Managing Partner,,Samantha Chorny,Samantha Chorny,https://www.instagram.com/smc_lawfirm/
D,,new york,"Arevalo Law, PLLC",,,+1 347-509-0013,,"206 E 163rd St, Bronx, NY 10451, United States","https://www.google.com/maps/place/Arevalo+Law,+PLLC/data=!4m7!3m6!1s0x89c2f43252e9b03f:0x6f112bfa02920cd7!8m2!3d40.8279253!4d-73.919987!16s%2Fg%2F11gcf34hgx!19sChIJP7DpUjL0wokR1wySAvorEW8",,,,,,,,,,,,
D,Andreas Vasilatos,new york,Law Offices of Andreas Vasilatos,,,+1 929-416-2565,https://www.vasilaw.com,"36-51 Bell Blvd #202, Bayside, NY 11361, United States",https://www.google.com/maps/place/Law+Offices+of+Andreas+Vasilatos/data=!4m7!3m6!1s0x89c25f3c0ec14923:0xc1a4b19d22d93a8c!8m2!3d40.7667114!4d-73.7724469!16s%2Fg%2F1tdfjm3g!19sChIJI0nBDjxfwokRjDrZIp2xpME,,,,,,,Andreas Vasilatos,Founder / Partner,,Andreas Vasilatos;Alex Thomas,Andreas Vasilatos,
D,Lance Fletcher,new york,The Law Office of Lance Fletcher,info@lawfletcher.com,info@lawfletcher.com,,http://www.lawfletcher.com,"52 Duane St 7th floor, New York, NY 10007, United States",https://www.google.com/maps/place/The+Law+Office+of+Lance+Fletcher/data=!4m7!3m6!1s0x89c25a1858bf530b:0xce8db0cb759489dc!8m2!3d40.7142121!4d-74.0039554!16s%2Fg%2F1tf4fz1q!19sChIJC1O_WBhawokR3ImUdcuwjc4,,,,,,,Lance Fletcher,Owner / Principal Attorney,,Lance Fletcher,Lance Fletcher,info@lawfletcher.com
D,,new york,"Nathan Erlich, P.C.",,,+1 718-793-2553,,"108-18 Queens Blvd, Forest Hills, NY 11375, United States","https://www.google.com/maps/place/Nathan+Erlich,+P.C./data=!4m7!3m6!1s0x89c260992e41626b:0xd74fe7731c2b9d4!8m2!3d40.720903!4d-73.8438311!16s%2Fg%2F1thnpprw!19sChIJa2JBLplgwokR1LnCMXf-dA0",,,,,,,,,,,,
D,Joseph A. O'Shea,new york,The Law Firm Of Joseph A O'Shea,,,+1 718-816-1110,https://www.oshealegal.com,"260 Christopher Ln Ste 201, Staten Island, NY 10314, United States",https://www.google.com/maps/place/The+Law+Firm+Of+Joseph+A+O%27Shea/data=!4m7!3m6!1s0x89c24e71e3008159:0x9b462f16b8115bee!8m2!3d40.6128133!4d-74.1570536!16s%2Fg%2F1tgc0ph4!19sChIJWYEA43FOwokR7lsRuBYvRps,,,,,,,Joseph A. O'Shea,Founder / Principal Attorney,,Joseph A. O'Shea,Joseph A. O'Shea,
D,Michael E. Duffy,new york,"Duffy & Duffy, PLLC",,,+1 347-657-9665,https://www.duffyduffylaw.com/the-bronx-injury/medical-malpractice-lawyer,"388 Canal Pl Studio #404, Bronx, NY 10451, United States","https://www.google.com/maps/place/Duffy+%26+Duffy,+PLLC/data=!4m7!3m6!1s0x89c2f5586f5d8325:0xfff81dc676a0fe16!8m2!3d40.8152923!4d-73.9259596!16s%2Fg%2F11xlts9j5c!19sChIJJYNdb1j1wokRFv6gdsYd-P8",,,,,,,Michael E. Duffy,Managing Partner / General Counsel,,Michael E. Duffy;James R. Duffy;Cliff Argintar,Michael E. Duffy,
D,Bruce Feinstein,new york,Feinstein Bankruptcy Law,,,+1 718-570-8034,http://feinsteinbankruptcylaw.com,"86-66 110th St Ste B, Richmond Hill, NY 11418, United States",https://www.google.com/maps/place/Feinstein+Bankruptcy+Law/data=!4m7!3m6!1s0x89c260ab1af36889:0x2e72adaee2655bca!8m2!3d40.6966617!4d-73.8382796!16s%2Fg%2F1thtf17y!19sChIJiWjzGqtgwokRyltl4q6tci4,,,,,,,Bruce Feinstein,Founder / Principal Attorney,,Bruce Feinstein,Bruce Feinstein,https://www.facebook.com/feinsteinbankruptcylaw/
D,,new york,STRATFORD LAW GROUP PLLC,,,+1 718-715-1600,https://lawstratford.com,"69 Stratford Rd Ste 1B, Brooklyn, NY 11218, United States",https://www.google.com/maps/place/STRATFORD+LAW+GROUP+PLLC/data=!4m7!3m6!1s0x89c25bed289303c5:0x566b00dec216088a!8m2!3d40.6472775!4d-73.9692055!16s%2Fg%2F11vyyk26t8!19sChIJxQOTKO1bwokRiggWwt4Aa1Y,,,,,,,,,,,,
D,Ella Royzman,new york,"Ella Royzman, PLLC",,,+1 718-645-6030,http://www.ellaroyzman.com,"1022 Avenue P, Brooklyn, NY 11223, United States","https://www.google.com/maps/place/Ella+Royzman,+PLLC/data=!4m7!3m6!1s0x89c244f4a012b70b:0x3a6f51f9022b969f!8m2!3d40.6097682!4d-73.962821!16s%2Fg%2F1tf9p512!19sChIJC7cSoPREwokRn5YrAvlRbzo",,,,,,,Ella Royzman,Founder / Principal Attorney,,Ella Royzman,Ella Royzman,
D,William Cafaro,new york,Law Offices of William Cafaro,,,+1 212-583-7400,https://www.cafaroverdicts.com,"108 W 39th St #602, New York, NY 10018, United States",https://www.google.com/maps/place/Law+Offices+of+William+Cafaro/data=!4m7!3m6!1s0x89c258ffdbaecc0d:0x54372aaca0b6099!8m2!3d40.7530243!4d-73.9861723!16s%2Fg%2F1tf8v027!19sChIJDcyu2_9YwokRmWALyqpyQwU,,,,,,,William Cafaro,Founder / Principal Attorney,,William Cafaro;Andrew Buzin,William Cafaro,
D,Andrew G. Finkelstein,new york,"Jacoby & Meyers, LLP",,,+1 929-470-2891,https://www.jmlawyer.com/staten-island-personal-injury-lawyer,"26 Watchogue Rd Ste 1, Staten Island, NY 10314, United States","https://www.google.com/maps/place/Jacoby+%26+Meyers,+LLP/data=!4m7!3m6!1s0x89c24dda276d1fff:0x460670b1df28c46c!8m2!3d40.6128622!4d-74.1320017!16s%2Fg%2F11j2g21lkd!19sChIJ_x9tJ9pNwokRbMQo37FwBkY",,,,,,,Andrew G. Finkelstein,Managing Partner,,Andrew G. Finkelstein,Andrew G. Finkelstein,
D,Jay Meyers,new york,Law Office of Jay Meyers,,,+1 718-273-2525,http://lawofficeofjaymeyers.com,"1688 Victory Blvd, Staten Island, NY 10314, United States",https://www.google.com/maps/place/Law+Office+of+Jay+Meyers/data=!4m7!3m6!1s0x89c24e81171eaa85:0x7d16511348d3b8a6!8m2!3d40.613026!4d-74.120022!16s%2Fg%2F1tfv1gh8!19sChIJhaoeF4FOwokRprjTSBNRFn0,,,,,,,Jay Meyers,Owner / Managing Attorney,,Jay Meyers,Jay Meyers,
D,Barbie Dawn Lieber,new york,"Lieber & Lieber, LLP",,,+1 212-949-5586,https://www.avvo.com/attorneys/10165-ny-barbie-lieber-882846.html,"60 E 42nd St #4600, New York, NY 10165, United States","https://www.google.com/maps/place/Lieber+%26+Lieber,+LLP/data=!4m7!3m6!1s0x89c25901992d3679:0x5f586b3cf5c3c1d8!8m2!3d40.7521961!4d-73.9787133!16s%2Fg%2F1tk8phrr!19sChIJeTYtmQFZwokR2MHD9TxrWF8",,,,,,,Barbie Dawn Lieber,"Partner (name partner, Lieber & Lieber LLP)",,Barbie Dawn Lieber;Bruce J. Lieber,Barbie Dawn Lieber,
D,Arthur Gabriel,new york,Law Office of Gabriel Grajales & Moroff PLLC,,,+1 212-888-4878,https://jobsinjury.com,"1136 Castle Hill Ave, Bronx, NY 10462, United States",https://www.google.com/maps/place/Law+Office+of+Gabriel+Grajales+%26+Moroff+PLLC/data=!4m7!3m6!1s0x89c2f50846abe7cb:0x73582137270a57c!8m2!3d40.8307876!4d-73.8505365!16s%2Fg%2F11vrdrqbbh!19sChIJy-erRgj1wokRfKVwchOCNQc,,,,,,,Arthur Gabriel,Founding Partner,,Arthur Gabriel;Jason Moroff;Jose M. Grajales,Arthur Gabriel,
D,,new york,The Meyers Law Firm,,,+1 212-252-1212,,"30 Vesey St 4th Floor, New York, NY 10007, United States",https://www.google.com/maps/place/The+Meyers+Law+Firm/data=!4m7!3m6!1s0x89c25b808a6c8cd7:0x277fd288b1ef0506!8m2!3d40.7121226!4d-74.0098538!16s%2Fg%2F11j5b6zlsw!19sChIJ14xsioBbwokRBgXvsYjSfyc,,,,,,,,,,,,
D,Robert A. Sgarlato,new york,"Slater, Sgarlato & Cappello, P.C.",,,+1 718-448-6400,http://www.sscpclaw.com,"1298 Victory Blvd, Staten Island, NY 10301, United States","https://www.google.com/maps/place/Slater,+Sgarlato+%26+Cappello,+P.C./data=!4m7!3m6!1s0x89c24e621d24379b:0x46fce474ae8af01d!8m2!3d40.614925!4d-74.106533!16s%2Fg%2F1thx4zgb!19sChIJmzckHWJOwokRHfCKrnTk_EY",,,,,,,Robert A. Sgarlato,Name Partner,,Robert A. Sgarlato;Thomas J. Cappello,Robert A. Sgarlato,
D,Christopher Graham,new york,Law Office of Christopher Graham,,,+1 646-216-8240,http://www.cgrahamlaw.com/contact-us,"157 Columbus Ave 4th floor, New York, NY 10023, United States",https://www.google.com/maps/place/Law+Office+of+Christopher+Graham/data=!4m7!3m6!1s0x89c258f52dcdd9b7:0x529739108f55c981!8m2!3d40.7743146!4d-73.9807967!16s%2Fg%2F11g6_0y7jl!19sChIJt9nNLfVYwokRgclVjxA5l1I,,,,,,,Christopher Graham,Founding Attorney,,Christopher Graham,Christopher Graham,
D,Robert J. Musso,new york,Rosenberg Musso & Weiner L.L.P,,,+1 718-855-6840,https://nybankruptcy.net/main,"26 Court St #2211, Brooklyn, NY 11242, United States",https://www.google.com/maps/place/Rosenberg+Musso+%26+Weiner+L.L.P/data=!4m7!3m6!1s0x89c25a4916262c47:0x8f8a4b8db4f2ed3d!8m2!3d40.69333!4d-73.990949!16s%2Fg%2F1tdn0f8_!19sChIJRywmFklawokRPe3ytI1Lio8,,,,,,,Robert J. Musso,Partner (name partner),,Robert J. Musso;Bruce L. Weiner;Robert Nadel,Robert J. Musso,
D,,new york,Jaime M. Bello - Attorney at Law,,,+1 917-480-6247,,"1-25 16Queens Blvd #12, Kew Gardens, NY 11415, United States",https://www.google.com/maps/place/Jaime+M.+Bello+-+Attorney+at+Law/data=!4m7!3m6!1s0x89c260bd998fdd77:0x38244bf144e531b9!8m2!3d40.7120573!4d-73.8265996!16s%2Fg%2F11bxfzjk24!19sChIJd92Pmb1gwokRuTHlRPFLJDg,,,,,,,,,,,,
D,Andrew M. Friedman,new york,"Friedman Sanchez, LLP",,,+1 929-367-4330,https://www.friedmansanchez.com,"16 Court St #2600, Brooklyn, NY 11241, United States","https://www.google.com/maps/place/Friedman+Sanchez,+LLP/data=!4m7!3m6!1s0x89c25a49110acb89:0x9d599fd04f180dea!8m2!3d40.6934886!4d-73.9907397!16s%2Fg%2F1thw7nb_!19sChIJicsKEUlawokR6g0YT9CfWZ0",,,,,,,Andrew M. Friedman,Founding Partner,,Andrew M. Friedman;Emil J. Sanchez,Andrew M. Friedman,
D,,new york,Leo V Duval Attorney At Law,,,+1 917-691-2022,,"885 Annadale Rd, Staten Island, NY 10312, United States",https://www.google.com/maps/place/Leo+V+Duval+Attorney+At+Law/data=!4m7!3m6!1s0x89c24afeaa5f1a3f:0xde0428677e9aa26b!8m2!3d40.5399799!4d-74.1770017!16s%2Fg%2F1v1kqs5b!19sChIJPxpfqv5KwokRa6KafmcoBN4,,,,,,,,,,,,
D,Richard L. Giampa,new york,Giampa Law,,,+1 718-665-7700,https://www.rlgfirm.com,"860 Grand Concourse Suite 1H, Bronx, NY 10451, United States",https://www.google.com/maps/place/Giampa+Law/data=!4m7!3m6!1s0x89c2f432b730b94d:0x9c4aa5e7d76bda8f!8m2!3d40.8262121!4d-73.9227218!16s%2Fg%2F1trtw7p3!19sChIJTbkwtzL0wokRj9pr1-elSpw,https://www.facebook.com/GiampaLaw/,https://www.instagram.com/giampalaw/,,,,,Richard L. Giampa,Founding Attorney/Partner,,Richard L. Giampa;Zachary K. Giampa,Richard L. Giampa,https://twitter.com/giampalaw
D,Stacey Richman,new york,"Law Offices of Richman Hill & Associates, PLLC.",,,+1 929-730-7698,https://www.richman-hill.com?npcmp=dir%3Alocal%3A4684757%3A10461,"2027 Williamsbridge Rd, Bronx, NY 10461, United States","https://www.google.com/maps/place/Law+Offices+of+Richman+Hill+%26+Associates,+PLLC./data=!4m7!3m6!1s0x89c2f4a78dadd0e5:0xf27523af53d60600!8m2!3d40.8548699!4d-73.8553486!16s%2Fg%2F1tdyx8_d!19sChIJ5dCtjaf0wokRAAbWU68jdfI",,,,,,,Stacey Richman,Founding Partner,,Stacey Richman;Renee C. Hill,Stacey Richman,
D,,new york,"Troy A. Smith, PC",,,+1 718-709-7091,https://www.ny-criminal-defense-lawyer.com,"190 E 161st St, Bronx, NY 10451, United States","https://www.google.com/maps/place/Troy+A.+Smith,+PC/data=!4m7!3m6!1s0x89c2f43272df620d:0x404ba6f4064e2516!8m2!3d40.8262777!4d-73.9214957!16s%2Fg%2F11b7kjtym9!19sChIJDWLfcjL0wokRFiVOBvSmS0A",,,,,,,,,,,,
D,Paul A. Sarcona,new york,"The Law Firm of Paul A. Sarcona, PC",,,+1 718-608-2150,http://www.sarconalaw.com,"5926 Amboy Rd, Staten Island, NY 10309, United States","https://www.google.com/maps/place/The+Law+Firm+of+Paul+A.+Sarcona,+PC/data=!4m7!3m6!1s0x89c24ab9c0d6e9dd:0x2472f078bf9b7dd8!8m2!3d40.5253952!4d-74.204892!16s%2Fg%2F1tqp_4kx!19sChIJ3enWwLlKwokR2H2bv3jwciQ",,,,,,,Paul A. Sarcona,Founding Attorney / Owner,,Paul A. Sarcona,Paul A. Sarcona,
D,Abel L. Pierre,new york,"Law Office of Abel L. Pierre, Attorney at Law, P.C.",,,+1 212-766-3323,https://www.apierrelaw.com,"140 Broadway 46th floor, New York, NY 10005, United States","https://www.google.com/maps/place/Law+Office+of+Abel+L.+Pierre,+Attorney+at+Law,+P.C./data=!4m7!3m6!1s0x89c25a1858bf530b:0x8548d48e28d22dea!8m2!3d40.7086001!4d-74.0100116!16s%2Fg%2F1tczww0c!19sChIJC1O_WBhawokR6i3SKI7USIU",https://www.facebook.com/Law-Office-of-Abel-L-Pierre-Attorney-at-Law-PC-183928901732047/,,,https://www.yelp.com/biz/law-office-of-abel-l-pierre-attorney-at-law-pc-new-york,,,Abel L. Pierre,Founding Attorney / Owner,,Abel L. Pierre,Abel L. Pierre,https://www.facebook.com/Law-Office-of-Abel-L-Pierre-Attorney-at-Law-PC-183928901732047/
D,Gregory M. Messer,new york,Law Office of Gregory Messer,,,+1 347-943-8475,https://www.messer-law.com?npcmp=dir%3Alocal%3A1798317%3A11242,"26 Court St #2400, Brooklyn, NY 11242, United States",https://www.google.com/maps/place/Law+Office+of+Gregory+Messer/data=!4m7!3m6!1s0x89c25a4916262c47:0xb87342c02fbd83c4!8m2!3d40.6933449!4d-73.9909707!16s%2Fg%2F1tctmqcy!19sChIJRywmFklawokRxIO9L8BCc7g,,,,,,,Gregory M. Messer,Principal / Founder,,Gregory M. Messer,Gregory M. Messer,
D,Alexander Golant,new york,Golant Legal Group PC,,,+1 718-540-5425,https://www.golantlegal.com,"68 35th St Ste c360, Brooklyn, NY 11232, United States",https://www.google.com/maps/place/Golant+Legal+Group+PC/data=!4m7!3m6!1s0x89c25be8fc55bf47:0x3d9e071fc3cbedb5!8m2!3d40.6565724!4d-74.0070025!16s%2Fg%2F11n4s4msgg!19sChIJR79V_OhbwokRte3Lwx8Hnj0,,,,,,,Alexander Golant,Founder / Attorney,,Alexander Golant;Speak With,Alexander Golant,
D,,new york,"Law Office of Douglas G. Rankin, P.C.",,,+1 718-858-3000,,"26 Court St #714, Brooklyn, NY 11242, United States","https://www.google.com/maps/place/Law+Office+of+Douglas+G.+Rankin,+P.C./data=!4m7!3m6!1s0x89c25a4916262c47:0x97e3bb1f5ed5cb9d!8m2!3d40.693321!4d-73.990968!16s%2Fg%2F1tfbzcxx!19sChIJRywmFklawokRncvVXh-745c",,,,,,,,,,,,
D,,new york,"Christopher Dai, Esq.",,,+1 718-447-0400,,"262 Nelson Ave, Staten Island, NY 10308, United States","https://www.google.com/maps/place/Christopher+Dai,+Esq./data=!4m7!3m6!1s0x89c24fcd4353a2ab:0x84f6d33c659048fd!8m2!3d40.5430995!4d-74.1471749!16s%2Fg%2F1tdn4_x5!19sChIJq6JTQ81PwokR_UiQZTzT9oQ",,,,,,,,,,,,
D,,new york,Charmaine Miles Law Office,,,+1 718-324-2715,,"1757 Edenwald Ave, Bronx, NY 10466, United States",https://www.google.com/maps/place/Charmaine+Miles+Law+Office/data=!4m7!3m6!1s0x89c2f329a41f9c0f:0x68b4feeebe41e704!8m2!3d40.891795!4d-73.849713!16s%2Fg%2F1tfryds7!19sChIJD5wfpCnzwokRBOdBvu7-tGg,,,,,,,,,,,,
D,,new york,Rios Law Firm P.C.,,,+1 347-346-8700,,"2560 Matthews Ave, Bronx, NY 10467, United States",https://www.google.com/maps/place/Rios+Law+Firm+P.C./data=!4m7!3m6!1s0x89c2f35d272f163f:0x42ba37d60870eabf!8m2!3d40.8649777!4d-73.8623332!16s%2Fg%2F11c752nlz_!19sChIJPxYvJ13zwokRv-pwCNY3ukI,,,,,,,,,,,,
D,,new york,Klapper & Klapper PC,,,+1 718-447-2536,,"888 Forest Ave, Staten Island, NY 10310, United States",https://www.google.com/maps/place/Klapper+%26+Klapper+PC/data=!4m7!3m6!1s0x89c24e76d8f5e349:0xea350323447c30e0!8m2!3d40.6284915!4d-74.1190489!16s%2Fg%2F1tfscrth!19sChIJSeP12HZOwokR4DB8RCMDNeo,,,,,,,,,,,,
D,Alexander Shiryak,new york,Shiryak & Habib LLP,,,+1 718-261-3400,https://www.shlawny.com,"115-01 Atlantic Ave, Richmond Hill, NY 11418, United States",https://www.google.com/maps/place/Shiryak+%26+Habib+LLP/data=!4m7!3m6!1s0x89c260bd9c0e92c7:0x96810dcd2dc4d0e6!8m2!3d40.6933312!4d-73.8312753!16s%2Fg%2F12qf5xz0z!19sChIJx5IOnL1gwokR5tDELc0NgZY,,,,,,,Alexander Shiryak,Founding Partner,,Alexander Shiryak;Ehsanul Habib,Alexander Shiryak,
D,,new york,"Guy S. Regev, MD JD",,,+1 718-407-0767,,"186 Joralemon St Ste 1010, Brooklyn, NY 11201, United States","https://www.google.com/maps/place/Guy+S.+Regev,+MD+JD/data=!4m7!3m6!1s0x89c25ae209ca926f:0xa5c00d6ff62c4026!8m2!3d40.6924219!4d-73.9918488!16s%2Fg%2F11cm6gnrv_!19sChIJb5LKCeJawokRJkAs9m8NwKU",,,,,,,,,,,,
D,Yan Katsnelson,new york,Law Office Of Yan Katsnelson,,,+1 347-470-8306,http://www.katsnelsonlaw.com,"2550 Victory Blvd Ste 304, Staten Island, NY 10314, United States",https://www.google.com/maps/place/Law+Office+Of+Yan+Katsnelson/data=!4m7!3m6!1s0x89c2456dfe842e8f:0x99f1ede61c423633!8m2!3d40.6095905!4d-74.1485397!16s%2Fg%2F11gzbmczf!19sChIJjy6E_m1FwokRMzZCHObt8Zk,,,,,,,Yan Katsnelson,Managing Attorney / Owner,,Yan Katsnelson,Yan Katsnelson,https://www.facebook.com/p/The-Law-Office-of-Yan-Katsnelson-PC-100064058174087/
D,,new york,"Law Offices of Hyung Seok Kim, LLC",,,+1 718-939-0700,,"61-43 186th St #310, Fresh Meadows, NY 11365, United States","https://www.google.com/maps/place/Law+Offices+of+Hyung+Seok+Kim,+LLC/data=!4m7!3m6!1s0x89c2614d251a3655:0x25944681dbbb993!8m2!3d40.7390782!4d-73.7876333!16s%2Fg%2F11g2v_msp5!19sChIJVTYaJU1hwokRk7m7HWhEWQI",,,,,,,,,,,,
D,,new york,Law Offices Of Regina Alberty,,,+1 718-261-7200,,"118-21 Queens Blvd #600, Forest Hills, NY 11375, United States",https://www.google.com/maps/place/Law+Offices+Of+Regina+Alberty/data=!4m7!3m6!1s0x89c260983fe5a06f:0x70da1dc7b94f01f4!8m2!3d40.7151185!4d-73.8314706!16s%2Fg%2F1tgq7kzy!19sChIJb6DlP5hgwokR9AFPuccd2nA,,,,,,,,,,,,
D,Michael A. Cervini,new york,Law Offices of Michael A. Cervini,,,+1 718-779-8910,http://www.cervinilaw.com,"33-12 86th St, Jackson Heights, NY 11372, United States",https://www.google.com/maps/place/Law+Offices+of+Michael+A.+Cervini/data=!4m7!3m6!1s0x89c25fab5790a3b7:0x51a451e2c7b98c57!8m2!3d40.7554633!4d-73.8818165!16s%2Fg%2F1263hfvpt!19sChIJt6OQV6tfwokRV4y5x-JRpFE,https://www.facebook.com/Law-Offices-of-Michael-A-Cervini-134511656558878/,,,,,,Michael A. Cervini,Founding Attorney / Owner,,Michael A. Cervini,Michael A. Cervini,https://www.facebook.com/Law-Offices-of-Michael-A-Cervini-134511656558878/
D,,new york,US Bankruptcy Court East District,,,+1 347-394-1700,http://www.nyeb.uscourts.gov,"271-C Cadman Plaza E #1595, Brooklyn, NY 11201, United States",https://www.google.com/maps/place/US+Bankruptcy+Court+East+District/data=!4m7!3m6!1s0x89c25a49e8da46bd:0xf334ce28df3506a6!8m2!3d40.6953697!4d-73.9897613!16s%2Fg%2F1tgn5npl!19sChIJvUba6ElawokRpgY13yjONPM,,,,,,,,,,,,
D,Ronald D. Weiss,new york,"Ronald D. Weiss, P.C., Attorney at Law",,,+1 347-508-9316,https://www.ny-bankruptcy.com,"26 Court St Ste 2206, Brooklyn, NY 11242, United States","https://www.google.com/maps/place/Ronald+D.+Weiss,+P.C.,+Attorney+at+Law/data=!4m7!3m6!1s0x89c25bc694284687:0x7cc981f54a7ddb34!8m2!3d40.6933254!4d-73.9909517!16s%2Fg%2F11v57_t8j9!19sChIJh0YolMZbwokRNNt9SvWByXw",,,,,,,Ronald D. Weiss,Founder / Principal Attorney,,Ronald D. Weiss,Ronald D. Weiss,https://www.facebook.com/RonaldDWeissPC/
D,Michael W. Goldstein,new york,Law Offices of Michael W. Goldstein,,,+1 212-571-6848,https://www.atty1.com,"100 Church St #800, New York, NY 10007, United States",https://www.google.com/maps/place/Law+Offices+of+Michael+W.+Goldstein/data=!4m7!3m6!1s0x89c25a21dd71e303:0xa1e2e90c33173724!8m2!3d40.7131971!4d-74.0099527!16s%2Fg%2F1tvq50v5!19sChIJA-Nx3SFawokRJDcXMwzp4qE,,,,,,,Michael W. Goldstein,Founder / Owner,,Michael W. Goldstein,Michael W. Goldstein,https://www.facebook.com/LawOfficesOfMichaelWGoldstein/
D,Julie Rendelman,new york,"Law Offices of Julie Rendelman, LLC",,,+1 929-382-5074,https://www.rendelmanlaw.com/brooklyn,"32 Court St Suite 408A, Brooklyn, NY 11201, United States","https://www.google.com/maps/place/Law+Offices+of+Julie+Rendelman,+LLC/data=!4m7!3m6!1s0x89c25b443e42a36f:0xcb4e242f9b9c8c89!8m2!3d40.6929538!4d-73.9910393!16s%2Fg%2F11hyvz8ngg!19sChIJb6NCPkRbwokRiYycmy8kTss",,,,,,,Julie Rendelman,Founder / Owner,,Julie Rendelman;Jenn Peters,Julie Rendelman,https://twitter.com/julie_rendelman
D,Wayne Crowe Jr.,new york,The Franklin Law Firm,,,+1 347-378-1170,https://www.bronxdivorcelawfirm.com,"910 Sheridan Ave Office C, Bronx, NY 10451, United States",https://www.google.com/maps/place/The+Franklin+Law+Firm/data=!4m7!3m6!1s0x89c2f58b4a5e3dd7:0xc47365833dc77afe!8m2!3d40.8272827!4d-73.9203213!16s%2Fg%2F11w8rj3nrt!19sChIJ1z1eSov1wokR_nrHPYNlc8Q,,,,https://www.yelp.com/biz/the-king-law-firm-bronx,,,Wayne Crowe Jr.,Attorney,,Wayne Crowe Jr.;Seamus Marley,Wayne Crowe Jr.,
D,Kurt T. Richards,new york,"Kurt T. Richards, P.C. Attorney at Law",,,+1 718-720-1000,https://www.kurtrichardslaw.com,"1200 South Ave Ste 201, Staten Island, NY 10314, United States","https://www.google.com/maps/place/Kurt+T.+Richards,+P.C.+Attorney+at+Law/data=!4m7!3m6!1s0x89c24cf3e10214a5:0x5cafa58476ade40!8m2!3d40.6098582!4d-74.179327!16s%2Fg%2F1tnl29h5!19sChIJpRQC4fNMwokRQN5qR1j6ygU",,,,,,,Kurt T. Richards,Founder / Attorney at Law,,Kurt T. Richards,Kurt T. Richards,
D,,new york,"JCKLAW | Bankruptcy Lawyer in Flushing, Queens | 김철준 변호사 사무실 | 뉴욕 파산 변호사, 뉴욕 부동산 변호사, 뉴욕 이혼 변호사",,,+1 718-539-1100,,"163-10 Northern Blvd Ste 201, Flushing, NY 11358, United States","https://www.google.com/maps/place/JCKLAW+%7C+Bankruptcy+Lawyer+in+Flushing,+Queens+%7C+%EA%B9%80%EC%B2%A0%EC%A4%80+%EB%B3%80%ED%98%B8%EC%82%AC+%EC%82%AC%EB%AC%B4%EC%8B%A4+%7C+%EB%89%B4%EC%9A%95+%ED%8C%8C%EC%82%B0+%EB%B3%80%ED%98%B8%EC%82%AC,+%EB%89%B4%EC%9A%95+%EB%B6%80%EB%8F%99%EC%82%B0+%EB%B3%80%ED%98%B8%EC%82%AC,+%EB%89%B4%EC%9A%95+%EC%9D%B4%ED%98%BC+%EB%B3%80%ED%98%B8%EC%82%AC/data=!4m7!3m6!1s0x89c2602e43e4d2a1:0x968421ff450e482c!8m2!3d40.7606008!4d-73.8025969!16s%2Fg%2F11c6fcx88f!19sChIJodLkQy5gwokRLEgORf8hhJY",,,,,,,,,,,,
D,Inna Fershteyn,new york,Trust and Estate Planning Law Office,,,+1 718-333-2395,http://advanced-legal.com/trust-estate-planning-wills,"310 E 2nd St Ste 9A, New York, NY 10009, United States",https://www.google.com/maps/place/Trust+and+Estate+Planning+Law+Office/data=!4m7!3m6!1s0x89c24506264b062d:0x38068c067d0d94b2!8m2!3d40.7202534!4d-73.9789503!16s%2Fg%2F11b63dml7_!19sChIJLQZLJgZFwokRspQNfQaMBjg,,,https://www.linkedin.com/company/law-office-of-inna-fershteyn-and-associates-pc,,,,Inna Fershteyn,Founder and Principal Attorney,,Inna Fershteyn;NYC Trust,Inna Fershteyn,https://www.linkedin.com/company/law-office-of-inna-fershteyn-and-associates-pc
D,Mark J. Fonte,new york,Mark J. Fonte,,,+1 718-720-4949,https://markjfonteesq.com,"2550 Victory Blvd, Staten Island, NY 10314, United States",https://www.google.com/maps/place/Mark+J.+Fonte/data=!4m7!3m6!1s0x89c24fd2bea778e7:0xbfbf6d445142d241!8m2!3d40.6095905!4d-74.1485397!16s%2Fg%2F1tf491k4!19sChIJ53invtJPwokRQdJCUURtv78,,,,,,,Mark J. Fonte,Founder / Solo Attorney,,Mark J. Fonte,Mark J. Fonte,https://www.instagram.com/markjfonteattorneyatlaw/
D,Michael John Ganci,new york,Ganci Law Group P.C.,,,+1 347-808-5133,https://www.gancidivorcelaw.com,"124-08 Metropolitan Ave Suite FL, Kew Gardens, NY 11415, United States",https://www.google.com/maps/place/Ganci+Law+Group+P.C./data=!4m7!3m6!1s0x89c261d9a1c7f99d:0x7e41c0c92d4b741c!8m2!3d40.7048872!4d-73.8277162!16s%2Fg%2F11ryqhl16x!19sChIJnfnHodlhwokRHHRLLcnAQX4,,,,,,,Michael John Ganci,Founder / Attorney,,Michael John Ganci,Michael John Ganci,
D,,new york,Chaudhry Law Group,,,+1 718-577-0002,,"117-24 Myrtle Ave, Richmond Hill, NY 11418, United States",https://www.google.com/maps/place/Chaudhry+Law+Group/data=!4m7!3m6!1s0x89c26174878717ed:0xdaa587cf501d1744!8m2!3d40.699928!4d-73.8319392!16s%2Fg%2F11ylmcvbcx!19sChIJ7ReHh3RhwokRRBcdUM-Hpdo,,,,,,,,,,,,
D,Mark E. Cohen,new york,"Mark E. Cohen, Esq.",,,+1 718-258-1500,https://www.nyconsumerbankruptcy.com,"108-18 Queens Blvd 4th Floor #3, Forest Hills, NY 11375, United States","https://www.google.com/maps/place/Mark+E.+Cohen,+Esq./data=!4m7!3m6!1s0x89c25e27311cca6d:0x4a94d1bb2c061292!8m2!3d40.7209783!4d-73.8438805!16s%2Fg%2F1tgnsl48!19sChIJbcocMSdewokRkhIGLLvRlEo",,,,,,,Mark E. Cohen,Owner / Bankruptcy Attorney,,Mark E. Cohen,Mark E. Cohen,
D,,new york,"The Law Office of John C. Kim, P.C.",,,+1 718-210-4794,,"50 Court St #708, Brooklyn, NY 11201, United States","https://www.google.com/maps/place/The+Law+Office+of+John+C.+Kim,+P.C./data=!4m7!3m6!1s0x89c25a4929233c31:0x3cb0c4e5c417b9be!8m2!3d40.6924204!4d-73.9913282!16s%2Fg%2F1thn6fck!19sChIJMTwjKUlawokRvrkXxOXEsDw",,,,,,,,,,,,
D,,new york,"Gotlib & Byk, PLLC",,,+1 718-360-4777,,"1713 Sheepshead Bay Rd, Brooklyn, NY 11235, United States","https://www.google.com/maps/place/Gotlib+%26+Byk,+PLLC/data=!4m7!3m6!1s0x89c2445e253435a3:0x6920ed5148acf788!8m2!3d40.5856335!4d-73.9513862!16s%2Fg%2F1pty6htbp!19sChIJozU0JV5EwokRiPesSFHtIGk",,,,,,,,,,,,
D,,new york,The Law Office Neil Wollerstein,,,+1 718-588-1300,,"895 Sheridan Ave, Bronx, NY 10451, United States",https://www.google.com/maps/place/The+Law+Office+Neil+Wollerstein/data=!4m7!3m6!1s0x89c2f432e6c59963:0xe1774cf6146c12f2!8m2!3d40.8268187!4d-73.9210545!16s%2Fg%2F11b7hr8n9g!19sChIJY5nF5jL0wokR8hJsFPZMd-E,,,,,,,,,,,,
D,Jordan I. LoCascio,new york,"The LoCascio Law Firm, PLLC",,,+1 212-444-2989,http://www.hurtinthecity.com,"1682 Victory Blvd Ste 1, Staten Island, NY 10314, United States","https://www.google.com/maps/place/The+LoCascio+Law+Firm,+PLLC/data=!4m7!3m6!1s0x89c259080c75bc05:0xb0011d08f34484ee!8m2!3d40.6130494!4d-74.1196044!16s%2Fg%2F11k9bqm0sq!19sChIJBbx1DAhZwokR7oRE8wgdAbA",,,,,,,Jordan I. LoCascio,Founding Attorney,,Jordan I. LoCascio,Jordan I. LoCascio,
D,,new york,Brooklyn Injury Attorney,,,+1 347-980-7405,https://brooklynautoinjurylawer.com,"999 Flatbush Ave, Brooklyn, NY 11226, United States",https://www.google.com/maps/place/Brooklyn+Injury+Attorney/data=!4m7!3m6!1s0x89c25bd6862fe06d:0x2ccf3e27bfa8db36!8m2!3d40.6470443!4d-73.9579423!16s%2Fg%2F11y3l92jqt!19sChIJbeAvhtZbwokRNtuovyc-zyw,,,,,,,,,,,,
D,Marguerite Fiore,new york,"Fiore Law Firm, P.C.",,,+1 718-351-3000,https://fiorelawfirm.com,"623 N Railroad Ave, Staten Island, NY 10304, United States","https://www.google.com/maps/place/Fiore+Law+Firm,+P.C./data=!4m7!3m6!1s0x89c24ec16c0f2b1f:0xa6500cf4b1348d50!8m2!3d40.5895672!4d-74.0957692!16s%2Fg%2F1tl8lmfy!19sChIJHysPbMFOwokRUI00sfQMUKY",,,https://www.linkedin.com/company/fiore-law-firm/,https://www.yelp.com/biz/fiore-law-firm-p-c-staten-island,,,Marguerite Fiore,Founder / Owner Attorney,,Marguerite Fiore,Marguerite Fiore,https://www.linkedin.com/company/fiore-law-firm/
D,,new york,Law Office-Maria R Guastella,,,+1 718-876-7400,,"88 New Dorp Plaza, Staten Island, NY 10306, United States",https://www.google.com/maps/place/Law+Office-Maria+R+Guastella/data=!4m7!3m6!1s0x89c249538e850e03:0xbfa8f34629fd67dc!8m2!3d40.5727896!4d-74.1174597!16s%2Fg%2F1xgzcpn_!19sChIJAw6FjlNJwokR3Gf9KUbzqL8,,,,,,,,,,,,
D,Barbie Dawn Lieber,new york,"Lieber & Lieber, LLP",,,+1 917-414-1190,https://www.avvo.com/attorneys/10165-ny-barbie-lieber-882846.html,"61-43 186th St, Fresh Meadows, NY 11365, United States","https://www.google.com/maps/place/Lieber+%26+Lieber,+LLP/data=!4m7!3m6!1s0x89c261b1988d33c5:0x71c39fd437cfc35c!8m2!3d40.7390782!4d-73.7876333!16s%2Fg%2F113k04ph4!19sChIJxTONmLFhwokRXMPPN9Sfw3E",,,,,,,Barbie Dawn Lieber,Partner,,Barbie Dawn Lieber;Bruce J. Lieber,Barbie Dawn Lieber,
D,Joseph A. Romagnolo,new york,Law Offices of Joseph A Romagnolo,,,+1 718-720-3300,http://www.siaccidentlaw.com,"4864 Arthur Kill Rd Ste 3A, Staten Island, NY 10309, United States",https://www.google.com/maps/place/Law+Offices+of+Joseph+A+Romagnolo/data=!4m7!3m6!1s0x89c24e2d581882c5:0x689c885310e5721c!8m2!3d40.5235759!4d-74.2385326!16s%2Fg%2F1t_wq7_t!19sChIJxYIYWC1OwokRHHLlEFOInGg,,,,,,,Joseph A. Romagnolo,Founder / Principal Attorney,,Joseph A. Romagnolo,Joseph A. Romagnolo,
D,David S. Waltzer,new york,Waltzer Law Group,,,+1 212-868-0880,https://www.waltzerlawgroup.com,"450 7th Ave #2710, New York, NY 10123, United States",https://www.google.com/maps/place/Waltzer+Law+Group/data=!4m7!3m6!1s0x89c259ac20927379:0x769945ac680c4b4a!8m2!3d40.7514416!4d-73.9906755!16s%2Fg%2F1tg_x_nm!19sChIJeXOSIKxZwokRSksMaKxFmXY,,,,,,,David S. Waltzer,Founder / Principal Attorney,,David S. Waltzer;Steven Alpert,David S. Waltzer,
D,,new york,Hughes Mathews Legal Group,,,+1 646-760-8458,https://hughesmathews.com/staten-island-ny-personal-injury-car-accident-workers-comp-lawyers,"56 Bay St Ste 3, Staten Island, NY 10301, United States",https://www.google.com/maps/place/Hughes+Mathews+Legal+Group/data=!4m7!3m6!1s0x89c24fab358acfc3:0x96b9a6dfed3425a7!8m2!3d40.6407076!4d-74.0759545!16s%2Fg%2F11ffv_2hk5!19sChIJw8-KNatPwokRpyU07d-muZY,,,,,,,,,,,,
D,,new york,"Pierce McCoy, PLLC",,,+1 718-682-7331,,"31 W 34th St. #8065, New York, NY 10001, United States","https://www.google.com/maps/place/Pierce+McCoy,+PLLC/data=!4m7!3m6!1s0x89c25b5726205a2d:0xf67f5b1f478a08ab!8m2!3d40.7497371!4d-73.9864606!16s%2Fg%2F11k61jl0w0!19sChIJLVogJldbwokRqwiKRx9bf_Y",,,,,,,,,,,,
D,,new york,"Wagner & Wagner, LLP",,,+1 718-667-7400,,"2508 Amboy Rd, Staten Island, NY 10306, United States","https://www.google.com/maps/place/Wagner+%26+Wagner,+LLP/data=!4m7!3m6!1s0x89c249eada2d1c7d:0x90f6e3c9338a64c0!8m2!3d40.5747912!4d-74.1214497!16s%2Fg%2F11r8y4v7t_!19sChIJfRwt2upJwokRwGSKM8nj9pA",,,,,,,,,,,,
D,Ronald A. Gregg,new york,Gregg & Associates P.C.,,,+1 347-528-0300,https://www.accusemenot.com,"900 South Ave 3rd Floor, Staten Island, NY 10314, United States",https://www.google.com/maps/place/Gregg+%26+Associates+P.C./data=!4m7!3m6!1s0x89c24cf893cd3e79:0xc44862bb653cc5f3!8m2!3d40.616968!4d-74.172667!16s%2Fg%2F1tdmlc_3!19sChIJeT7Nk_hMwokR88U8ZbtiSMQ,,,,,,,Ronald A. Gregg,Senior Partner (retired Administrative Judge),,Ronald A. Gregg;Jonathan Goldin,Ronald A. Gregg,
D,Magdalena Zalewski,new york,The Law Office of Magdalena Zalewski PLLC,,,+1 646-891-4864,https://www.magdalenazalewski.com,"1250 Broadway 36th floor, New York, NY 10001, United States",https://www.google.com/maps/place/The+Law+Office+of+Magdalena+Zalewski+PLLC/data=!4m7!3m6!1s0x89c2592b3ad96337:0x20ccc77ad8f0a29!8m2!3d40.7476996!4d-73.9878436!16s%2Fg%2F11j9cwm60g!19sChIJN2PZOitZwokRKQqPrXfMDAI,,,https://www.linkedin.com/company/the-law-office-of-magdalena-zalewski-pllc,,,,Magdalena Zalewski,Founding / Principal Attorney,,Magdalena Zalewski,Magdalena Zalewski,https://www.linkedin.com/company/the-law-office-of-magdalena-zalewski-pllc
D,Anthony Ameduri,new york,Ameduri Galante & Friscia,,,+1 718-442-9000,https://www.sipersonalinjury.com,"471 Bement Ave, Staten Island, NY 10310, United States",https://www.google.com/maps/place/Ameduri+Galante+%26+Friscia/data=!4m7!3m6!1s0x89c24e6de5e3bf77:0x9308c5a28067ba15!8m2!3d40.6302834!4d-74.1111265!16s%2Fg%2F113js_5n9!19sChIJd7_j5W1OwokRFbpngKLFCJM,,,,,,,Anthony Ameduri,Co-Founding Partner,,Anthony Ameduri;Anthony L. Galante;John Scott Friscia,Anthony Ameduri,
D,,new york,Michael Adler Esq.,,,+1 718-356-6300,,"4060 Amboy Rd, Staten Island, NY 10308, United States",https://www.google.com/maps/place/Michael+Adler+Esq./data=!4m7!3m6!1s0x89c24bb7232003cf:0x9fd71c98fed885f9!8m2!3d40.5492261!4d-74.15208!16s%2Fg%2F1v_nddvj!19sChIJzwMgI7dLwokR-YXY_pgc158,,,,,,,,,,,,
D,,new york,Brooklyn Bankruptcy Center,,,+1 347-450-6212,,"16 Court St Ste 2901, Brooklyn, NY 11241, United States",https://www.google.com/maps/place/Brooklyn+Bankruptcy+Center/data=!4m7!3m6!1s0x89c25b4f9c9e9cb7:0x87e8611eec142ab3!8m2!3d40.6935591!4d-73.9907905!16s%2Fg%2F11jvlnhp_8!19sChIJt5yenE9bwokRsyoU7B5h6Ic,,,,,,,,,,,,
D,Sean A. McNicholas,new york,"The Law Office of Sean A. McNicholas, P.C.",,,+1 917-885-3167,https://www.seanlawoffice.com,"125-16 Queens Blvd, Kew Gardens, NY 11415, United States","https://www.google.com/maps/place/The+Law+Office+of+Sean+A.+McNicholas,+P.C./data=!4m7!3m6!1s0x89c260bd9c0e5b85:0xc18c858049745000!8m2!3d40.7120573!4d-73.8265996!16s%2Fg%2F1w15_c52!19sChIJhVsOnL1gwokRAFB0SYCFjME",,,,,,,Sean A. McNicholas,Founder / Criminal Defense Attorney (former Queens County ADA),,Sean A. McNicholas,Sean A. McNicholas,
D,,new york,Law Offices of Mark Bernstein,,,+1 917-200-7270,,"26 Court St #2500, Brooklyn, NY 11242, United States",https://www.google.com/maps/place/Law+Offices+of+Mark+Bernstein/data=!4m7!3m6!1s0x89c25a4916262c47:0x1c42aebe53d8094e!8m2!3d40.6933255!4d-73.9909515!16s%2Fg%2F1thxrkd5!19sChIJRywmFklawokRTgnYU76uQhw,,,,,,,,,,,,
D,,new york,"The Rylo Firm, P.C.",,,+1 718-709-7107,,"1809 Coney Island Ave, Brooklyn, NY 11230, United States","https://www.google.com/maps/place/The+Rylo+Firm,+P.C./data=!4m7!3m6!1s0x89c244ea7c4aed87:0x761ab8d8dabc11f7!8m2!3d40.613331!4d-73.962716!16s%2Fg%2F1hc3lh4_s!19sChIJh-1KfOpEwokR9xG82ti4GnY",,,,,,,,,,,,
D,,new york,Uncontested Divorce Lawyer Brooklyn,,,+1 917-475-0006,,"333-339 Adams St #2703, Brooklyn, NY 11201, United States",https://www.google.com/maps/place/Uncontested+Divorce+Lawyer+Brooklyn/data=!4m7!3m6!1s0x89c250d5d3fdc88b:0xdc8dcc6298ecaef9!8m2!3d40.6939613!4d-73.9880585!16s%2Fg%2F1tdjs160!19sChIJi8j909VQwokR-a7smGLMjdw,,,,,,,,,,,,
D,,new york,Uncontested Divorce Lawyer of Staten Island,,,+1 917-475-0083,,"358 St Marks Pl #2070, Staten Island, NY 10301, United States",https://www.google.com/maps/place/Uncontested+Divorce+Lawyer+of+Staten+Island/data=!4m7!3m6!1s0x89c24f66cfdc8b93:0x7f34817840966235!8m2!3d40.6410092!4d-74.0780427!16s%2Fg%2F11kk64nhq1!19sChIJk4vcz2ZPwokRNWKWQHiBNH8,,,,,,,,,,,,
D,David S. Waltzer,new york,Waltzer Law Group,,,+1 718-307-5118,https://www.waltzerlawgroup.com,"7 Hugh J. Grant Cir, Bronx, NY 10462, United States",https://www.google.com/maps/place/Waltzer+Law+Group/data=!4m7!3m6!1s0x89c2f4c0e46d01c1:0x3d9a7d3262fbfe96!8m2!3d40.8343772!4d-73.8614772!16s%2Fg%2F11bw2ggdj3!19sChIJwQFt5MD0wokRlv77YjJ9mj0,,,,,,,David S. Waltzer,Founder / Lead Attorney (Owner),,David S. Waltzer;Steven Alpert,David S. Waltzer,
D,,new york,"Maxim Maximov, LLP Attorneys at Law.",,,+1 718-395-3459,,"1701 Avenue P, Brooklyn, NY 11229, United States","https://www.google.com/maps/place/Maxim+Maximov,+LLP+Attorneys+at+Law./data=!4m7!3m6!1s0x89c25b7f7aa4a251:0x1cede4f00c86b35f!8m2!3d40.6108635!4d-73.9565322!16s%2Fg%2F1tycxkw0!19sChIJUaKken9bwokRX7OGDPDk7Rw",,,,,,,,,,,,
D,Robert A. Solomon,new york,"Robert A. Solomon, P.C.",,,+1 800-469-6476,https://www.metrolaw.com,"3309 Richmond Ave, Staten Island, NY 10312, United States","https://www.google.com/maps/place/Robert+A.+Solomon,+P.C./data=!4m7!3m6!1s0x89c24ba73070cf2b:0xaee0df59f0629b7e!8m2!3d40.5580296!4d-74.1689298!16s%2Fg%2F1tdc1k6g!19sChIJK89wMKdLwokRfpti8Fnf4K4",,,,,,,Robert A. Solomon,Founding Partner / Name Partner,,Richard C. Weinbaum;Mark C. Lewandowski;Robert A. Solomon,Robert A. Solomon,
D,,new york,Garae Doo's Recair Bronx LLC,,,,,"413 E 158th St Ste 1a, Bronx, NY 10451, United States",https://www.google.com/maps/place/Garae+Doo%27s+Recair+Bronx+LLC/data=!4m7!3m6!1s0x89c2f562f5c338df:0xcc95f2bef6cf8cdd!8m2!3d40.8222363!4d-73.9141199!16s%2Fg%2F11wtjp1kxs!19sChIJ3zjD9WL1wokR3YzP9r7ylcw,,,,,,,,,,,,
D,,new york,The Law Office of Ava G. Gutfriend,,,+1 888-448-2068,,"206 E 163rd St, Bronx, NY 10451, United States",https://www.google.com/maps/place/The+Law+Office+of+Ava+G.+Gutfriend/data=!4m7!3m6!1s0x89c2f432dfb5fdcd:0xa6fc863c10fe304b!8m2!3d40.8279253!4d-73.919987!16s%2Fg%2F1pp2wxkjy!19sChIJzf213zL0wokRSzD-EDyG_KY,,,,,,,,,,,,
D,David Centeno,new york,"David Centeno Law, PC",,,+1 866-830-2064,https://nyuncontesteddivorceattorney.com,"111 Broadway #706, New York, NY 10006, United States","https://www.google.com/maps/place/David+Centeno+Law,+PC/data=!4m7!3m6!1s0x89c25a19c3260e6b:0xf8485d5287ca2a66!8m2!3d40.7086441!4d-74.0108018!16s%2Fg%2F1tfsnxs8!19sChIJaw4mwxlawokRZirKh1JdSPg",https://www.facebook.com/davidcentenolaw,,http://www.linkedin.com/company/david-centeno-law-pc,,,,David Centeno,Founder / Managing Attorney,,David Centeno;New York,David Centeno,https://x.com/DavidCentenoLaw
D,Brian D. Jedwab,new york,CLEAN SLATE BK GROUP P.C.,,,+1 888-780-5043,http://www.csbk.com,"7 Pennsylvania Plaza Ste 601, New York, NY 10001, United States",https://www.google.com/maps/place/CLEAN+SLATE+BK+GROUP+P.C./data=!4m7!3m6!1s0x89c2593e1e6f5f6d:0x5900e56c501718ee!8m2!3d40.748882!4d-73.9924742!16s%2Fg%2F11xm6rtnms!19sChIJbV9vHj5ZwokR7hgXUGzlAFk,,,,,,,Brian D. Jedwab,Founder & Managing Partner,,Brian D. Jedwab;Anthony Rothman;Bradley Brook,Brian D. Jedwab,
D,Jonathan Kaye,new york,Law Offices of Jonathan Kaye,,,+1 516-790-6618,http://www.nydwi-lawyer.com,"35-16 Bell Blvd Ste 201, Bayside, NY 11361, United States",https://www.google.com/maps/place/Law+Offices+of+Jonathan+Kaye/data=!4m7!3m6!1s0x89c28a748ce8e58f:0x4104c9e250edbe!8m2!3d40.768409!4d-73.773811!16s%2Fg%2F1tlgywl6!19sChIJj-XojHSKwokRvu1Q4skEQQA,,,,,,,Jonathan Kaye,Owner / DWI Defense Attorney,,Jonathan Kaye,Jonathan Kaye,
D,Barbara Wilkanowski,new york,Barbara Wilkanowski Attorney At Law,,,+1 866-308-7620,http://www.bwilkanowskilaw.com,"189-27 39th Ave, Flushing, NY 11358, United States",https://www.google.com/maps/place/Barbara+Wilkanowski+Attorney+At+Law/data=!4m7!3m6!1s0x89c261d36e2fd1dd:0xdd983cd5e9238590!8m2!3d40.7618103!4d-73.7922329!16s%2Fg%2F12hm4gdf0!19sChIJ3dEvbtNhwokRkIUj6dU8mN0,,,,,,,Barbara Wilkanowski,Founder / Attorney at Law,,Barbara Wilkanowski,Barbara Wilkanowski,
D,,new york,"Ola M. Azeez, P.C. Attorneys At Law",,,,,"3908 White Plains Rd, Bronx, NY 10466, United States","https://www.google.com/maps/place/Ola+M.+Azeez,+P.C.+Attorneys+At+Law/data=!4m7!3m6!1s0x89c2f32333c2f98f:0x3356d089d043a371!8m2!3d40.8859406!4d-73.8610949!16s%2Fg%2F11sg999xn8!19sChIJj_nCMyPzwokRcaND0InQVjM",,,,,,,,,,,,
D,,new york,Divorce Center,,,,,"E 182nd St, Bronx, NY 10457, United States",https://www.google.com/maps/place/Divorce+Center/data=!4m7!3m6!1s0x89c2f47bc0a9c49b:0x4808c488fedde705!8m2!3d40.8551361!4d-73.8966899!16s%2Fg%2F11s0z9nsc2!19sChIJm8SpwHv0wokRBefd_ojECEg,,,,,,,,,,,,
